tau,noise_tau,seed,checkpoint,frequency,forcing_phases,gain_ratio_percent,native_amplitude,weak_amplitude,amplitude_change,native_fit_residual_rms,weak_fit_residual_rms,native_clip_fraction,weak_clip_fraction,phase_difference_deg,phase_valid_fraction,baseline_valid_fraction
0.05,0.01,11,epoch_025,0.5,2,11.845101078654318,0.0021373957003849283,0.0023905723815461463,0.00025317668116121806,2.2046500875107732e-05,2.1801267042993892e-05,0.0,0.0,-0.37106486707567216,1.0,1.0
0.05,0.01,11,epoch_025,1.0,2,11.386714325069914,0.0028535711616808034,0.0031784991579238953,0.0003249279962430922,3.5466309039101e-05,3.561484908696073e-05,0.0,0.0,-0.7414235409829616,1.0,1.0
0.05,0.01,11,epoch_025,2.0,2,10.709810842701806,0.005038049429054956,0.005577614993067947,0.0005395655640129922,5.3247771177598045e-05,5.5078225217395945e-05,0.0,0.0,-0.944073582271248,1.0,1.0
0.05,0.01,11,epoch_025,4.0,2,9.1295053730438,0.013563538773663418,0.01480182276750644,0.0012382839938430224,9.783911302938998e-05,0.00011475014713895572,0.0,0.0,-1.6005996953311685,1.0,1.0
0.05,0.01,11,epoch_025,8.0,2,5.930947305317957,0.026136217299946696,0.0276863425742574,0.0015501252743107072,6.124843980661618e-05,8.995171979217562e-05,0.0,0.0,-0.7832699619963852,1.0,1.0
0.05,0.01,11,initial,0.5,2,8.20194025808162,0.0036686725150034487,0.003969574842948756,0.0003009023279453068,7.010867109952078e-05,6.94100270945561e-05,0.0,0.0,-0.42040710300904677,1.0,1.0
0.05,0.01,11,initial,1.0,2,7.585534448801667,0.0048443448971762,0.005211814348170244,0.00036746945099404337,5.165132507672331e-05,5.056085411191816e-05,0.0,0.0,0.3434750914819457,1.0,1.0
0.05,0.01,11,initial,2.0,2,8.789288249640592,0.007587122177101554,0.008253976215099875,0.0006668540379983216,4.940453921953028e-05,5.1446567313416095e-05,0.0,0.0,0.8699390763882346,1.0,1.0
0.05,0.01,11,initial,4.0,2,9.42223120741571,0.015864549646276718,0.017359344211830677,0.0014947945655539585,0.00039445074451016095,0.0003920248505332299,0.0,0.0,0.8959465096274507,1.0,1.0
0.05,0.01,11,initial,8.0,2,8.568319147560409,0.007882583570836182,0.008557988276459497,0.0006754047056233134,0.0007333287407803552,0.0007265818158632458,0.0,0.0,0.7739319371407613,1.0,1.0
0.05,0.01,11,selected,0.5,2,7.846834807909708,0.0020348905107500925,0.002194565007650557,0.0001596744969004642,1.4030390724690886e-05,1.707042824573131e-05,0.0,0.0,1.2699571866230142,1.0,1.0
0.05,0.01,11,selected,1.0,2,9.881610045574597,0.0026237106965714655,0.002882975556330729,0.0002592648597592635,2.2968780615282606e-05,2.6955703968418398e-05,0.0,0.0,0.6206520471752256,1.0,1.0
0.05,0.01,11,selected,2.0,2,10.122087144366365,0.004627162855897602,0.005095528312482752,0.00046836545658515,3.409659024004135e-05,4.111428108929485e-05,0.0,0.0,-0.41263209880375,1.0,1.0
0.05,0.01,11,selected,4.0,2,8.643179500519805,0.013305642161642426,0.0144556726934475,0.0011500305318050729,7.007898351154834e-05,9.01090866970997e-05,0.0,0.0,-1.8890068108551883,1.0,1.0
0.05,0.01,11,selected,8.0,2,2.9031707946918894,0.02480189759875489,0.02552193905894932,0.000720041460194434,4.946920474336442e-05,3.802345368759121e-05,0.0,0.0,-1.6513815302412584,1.0,1.0
0.05,0.01,22,epoch_025,0.5,2,14.345637833513468,0.0018211619135528592,0.002082419206033384,0.0002612572924805247,4.188320917695021e-05,4.718429802332704e-05,0.0,0.0,-2.1898352802059446,1.0,1.0
0.05,0.01,22,epoch_025,1.0,2,10.943602901881299,0.0025944498054373934,0.002878376089633288,0.00028392628419589435,4.0028161547295123e-05,4.545817492703277e-05,0.0,0.0,-2.656580112397432,1.0,1.0
0.05,0.01,22,epoch_025,2.0,2,8.384031764978971,0.005094101702814121,0.0055211928077186214,0.0004270911049045001,3.891434736041909e-05,4.475204508301045e-05,0.0,0.0,-2.0111271624939113,1.0,1.0
0.05,0.01,22,epoch_025,4.0,2,6.145426335512438,0.013518702385331725,0.014349484268276546,0.0008307818829448206,8.181224750172792e-05,8.411870013383987e-05,0.0,0.0,-1.4948107058196736,1.0,1.0
0.05,0.01,22,epoch_025,8.0,2,6.211273964704322,0.024436965326290777,0.02595481222065994,0.00151784689436916,0.00012869476554931442,0.00016505948052891392,0.0,0.0,0.1564216153391902,1.0,1.0
0.05,0.01,22,initial,0.5,2,19.756045474286132,0.00043869886395161333,0.0005253684110082756,8.66695470566623e-05,1.0307200442474374e-05,1.061308471357858e-05,0.0,0.0,-1.6652569500880772,1.0,1.0
0.05,0.01,22,initial,1.0,2,5.20858185737093,0.00013785758314733879,0.00014503800821259836,7.180425065259557e-06,1.1862279547620145e-05,1.2234494795767674e-05,0.0,0.0,-7.865270624289402,1.0,1.0
0.05,0.01,22,initial,2.0,2,22.444170707242392,0.000473083926176058,0.00057926369009734,0.00010617976392128195,1.3952199175083061e-05,1.3952990820339679e-05,0.0,0.0,3.68574491717717,1.0,1.0
0.05,0.01,22,initial,4.0,2,18.43450226118737,0.0029897404106371266,0.003540884171346512,0.0005511437607093851,4.1581979871412614e-05,4.5622311178569516e-05,0.0,0.0,0.7204906695702906,1.0,1.0
0.05,0.01,22,initial,8.0,2,14.03240259898303,0.009641838110275414,0.010994819677687468,0.0013529815674120545,0.00024694686542644985,0.00024638654253880714,0.0,0.0,0.2733523991037043,1.0,1.0
0.05,0.01,22,selected,0.5,2,21.34160866917164,0.0017320859288113555,0.002101740929551899,0.00036965500074054346,3.3406503224337626e-05,4.158695422620282e-05,0.0,0.0,-1.6361204794049449,1.0,1.0
0.05,0.01,22,selected,1.0,2,18.515635469998347,0.00234361883936141,0.0027775547604639867,0.0004339359211025771,3.180739219477621e-05,4.0018095543831875e-05,0.0,0.0,-3.9016794459763786,1.0,1.0
0.05,0.01,22,selected,2.0,2,12.126066499724164,0.004821789894014203,0.005406483343040678,0.0005846934490264747,2.8491718948735973e-05,3.9541587218682784e-05,0.0,0.0,-3.9427281426852483,1.0,1.0
0.05,0.01,22,selected,4.0,2,7.1163623633764495,0.013464044831880137,0.014422195050121201,0.0009581502182410629,6.549418971421774e-05,8.39925315968684e-05,0.0,0.0,-3.307417130726658,1.0,1.0
0.05,0.01,22,selected,8.0,2,5.819073759185267,0.024599764237490968,0.026031242758215615,0.001431478520724649,7.020557396684294e-05,0.00010371790090375291,0.0,0.0,-0.11639334634782993,1.0,1.0
0.05,0.01,33,epoch_025,0.5,2,18.86342383673999,0.0018821554645173392,0.002237194427055579,0.0003550389625382399,3.331714949752945e-05,3.3524227804482404e-05,0.0,0.0,2.148650701888203,1.0,1.0
0.05,0.01,33,epoch_025,1.0,2,21.888244340343743,0.002605925695153475,0.0031763170786360444,0.0005703913834825692,3.548694060167708e-05,3.770750865227779e-05,0.0,0.0,-0.06963683353965108,1.0,1.0
0.05,0.01,33,epoch_025,2.0,2,20.14673192097286,0.004821287314699286,0.0057926191451272875,0.0009713318304280017,4.3531950503270195e-05,5.157874445706052e-05,0.0,0.0,-1.8163314911612332,1.0,1.0
0.05,0.01,33,epoch_025,4.0,2,15.644945575905256,0.013539705554342625,0.01565798512064537,0.0021182795663027467,9.470883047735574e-05,0.00012293977273620908,0.0,0.0,-4.193206784668738,1.0,1.0
0.05,0.01,33,epoch_025,8.0,2,5.860336780925168,0.025025380262581734,0.02649195182907228,0.001466571566490547,5.345220408400068e-05,4.5306331167134815e-05,0.0,0.0,-2.512101663915405,1.0,1.0
0.05,0.01,33,initial,0.5,2,6.144031699632224,0.0014679002356734194,0.0015580884914721093,9.01882557986899e-05,2.689251160735489e-05,2.834741603103167e-05,0.0,0.0,3.4980397927793785,1.0,1.0
0.05,0.01,33,initial,1.0,2,13.015699269776427,0.0006862416783749535,0.0007755608314961145,8.931915312116096e-05,2.15362504214639e-05,2.4192939915311223e-05,0.0,0.0,10.51386382460617,1.0,1.0
0.05,0.01,33,initial,2.0,2,29.836542272935738,0.0008874252877113633,0.0011522023088202577,0.00026477702110889437,4.2529033848382267e-05,4.6579780894155155e-05,0.0,0.0,-0.3329877195655644,1.0,1.0
0.05,0.01,33,initial,4.0,2,21.030161290655926,0.003496944669583212,0.0042323577707565965,0.0007354131011733851,0.00014347141064513212,0.00016439492447525714,0.0,0.0,-4.814764073520481,1.0,1.0
0.05,0.01,33,initial,8.0,2,21.434015856749376,0.005871596244243315,0.00713011512383268,0.0012585188795893646,0.0002543819176833037,0.0002763829909402004,0.0,0.0,-3.797629089146987,1.0,1.0
0.05,0.01,33,selected,0.5,2,15.095309060037753,0.0017972416295826388,0.0020685408081232413,0.00027129917854060246,2.6688005092832168e-05,2.6853144785109386e-05,0.0,0.0,3.2229879537277695,1.0,1.0
0.05,0.01,33,selected,1.0,2,19.69116871317013,0.002466967105957037,0.0029527417608893173,0.0004857746549322805,2.9792180250805163e-05,3.159369139713932e-05,0.0,0.0,0.7825794678847898,1.0,1.0
0.05,0.01,33,selected,2.0,2,18.16412614057328,0.004652073661713474,0.005497082189779562,0.0008450085280660886,3.559437589090238e-05,4.174643596634782e-05,0.0,0.0,-1.5101667582184224,1.0,1.0
0.05,0.01,33,selected,4.0,2,13.890742189376448,0.013589143845806631,0.015476776783791758,0.0018876329379851264,5.430866247847267e-05,8.294067823677611e-05,0.0,0.0,-3.7218663212692933,1.0,1.0
0.05,0.01,33,selected,8.0,2,4.80318474974607,0.02450448579584074,0.025681481512697085,0.001176995716856347,3.857302830812872e-05,3.9606389334645374e-05,0.0,0.0,-2.503696555749776,1.0,1.0
0.05,0.05,11,epoch_025,0.5,2,13.690942998017075,0.0018239637450660024,0.002073681581707524,0.0002497178366415218,9.98469609668446e-06,9.826069217973239e-06,0.0,0.0,-1.3916431074137416,1.0,1.0
0.05,0.05,11,epoch_025,1.0,2,11.5587429949358,0.0024458906694024576,0.002728604885815003,0.0002827142164125453,1.8132380796483493e-05,1.749899944567613e-05,0.0,0.0,-1.9824489546407065,1.0,1.0
0.05,0.05,11,epoch_025,2.0,2,9.356767172932889,0.004585035311938463,0.005014046390876376,0.00042901107893791217,2.6497809428076994e-05,2.465899775112187e-05,0.0,0.0,-1.7566694298569225,1.0,1.0
0.05,0.05,11,epoch_025,4.0,2,7.1414418779919835,0.013351799006549859,0.01430530996807534,0.0009535109615254828,4.7590567086023597e-05,5.52531895466849e-05,0.0,0.0,-1.4988173132312759,1.0,1.0
0.05,0.05,11,epoch_025,8.0,2,6.2419692186866165,0.025066884462481627,0.02663155167403016,0.0015646672115485344,0.00011123527842817547,0.00017468097357826402,0.0,0.0,-0.18724001324276454,1.0,1.0
0.05,0.05,11,initial,0.5,2,8.20194025808162,0.0036686725150034487,0.003969574842948756,0.0003009023279453068,7.010867109952078e-05,6.94100270945561e-05,0.0,0.0,-0.42040710300904677,1.0,1.0
0.05,0.05,11,initial,1.0,2,7.585534448801667,0.0048443448971762,0.005211814348170244,0.00036746945099404337,5.165132507672331e-05,5.056085411191816e-05,0.0,0.0,0.3434750914819457,1.0,1.0
0.05,0.05,11,initial,2.0,2,8.789288249640592,0.007587122177101554,0.008253976215099875,0.0006668540379983216,4.940453921953028e-05,5.1446567313416095e-05,0.0,0.0,0.8699390763882346,1.0,1.0
0.05,0.05,11,initial,4.0,2,9.42223120741571,0.015864549646276718,0.017359344211830677,0.0014947945655539585,0.00039445074451016095,0.0003920248505332299,0.0,0.0,0.8959465096274507,1.0,1.0
0.05,0.05,11,initial,8.0,2,8.568319147560409,0.007882583570836182,0.008557988276459497,0.0006754047056233134,0.0007333287407803552,0.0007265818158632458,0.0,0.0,0.7739319371407613,1.0,1.0
0.05,0.05,11,selected,0.5,2,13.831508610153476,0.0018680962164005581,0.0021264821054182426,0.00025838588901768464,8.624636193369225e-06,8.544351015717596e-06,0.0,0.0,-1.5374650795939804,1.0,1.0
0.05,0.05,11,selected,1.0,2,11.479375761426603,0.002494977107302673,0.0027813849046115047,0.0002864077973088316,1.4894487086585045e-05,1.4958520013619655e-05,0.0,0.0,-2.143324763256347,1.0,1.0
0.05,0.05,11,selected,2.0,2,9.029434160161887,0.00470903579434789,0.005134235080977831,0.0004251992866299418,2.12513945239492e-05,2.0914073888204145e-05,0.0,0.0,-1.9127728998487588,1.0,1.0
0.05,0.05,11,selected,4.0,2,6.618131455532017,0.013863882612417468,0.01478141258952761,0.0009175299771101405,4.8319723694979244e-05,6.055665463424382e-05,0.0,0.0,-1.398698490323648,1.0,1.0
0.05,0.05,11,selected,8.0,2,6.62416145316892,0.025211407726830545,0.026881452079765895,0.0016700443529353466,4.004065432510804e-05,6.318314752139245e-05,0.0,0.0,0.10039469408764506,1.0,1.0
0.05,0.05,22,epoch_025,0.5,2,28.29485131627142,0.0019333435417698132,0.002480380222345085,0.0005470366805752719,2.9769762964218736e-05,4.097834485484294e-05,0.0,0.0,-3.9606559158335353,1.0,1.0
0.05,0.05,22,epoch_025,1.0,2,21.908386744214692,0.0025739404415332495,0.003137849268029574,0.0005639088264963246,2.6743590732003236e-05,3.801435987473787e-05,0.0,0.0,-6.070265774390946,1.0,1.0
0.05,0.05,22,epoch_025,2.0,2,13.340162110296683,0.005021895084039279,0.005691824029258351,0.0006699289452190716,3.710464838912405e-05,4.8779643497494794e-05,0.0,0.0,-5.839641798954185,1.0,1.0
0.05,0.05,22,epoch_025,4.0,2,5.461976772690901,0.013691020890038815,0.01443882126819954,0.0007478003781607231,8.923986660322686e-05,0.00010468179688526862,0.0,0.0,-4.093199293173137,1.0,1.0
0.05,0.05,22,epoch_025,8.0,2,7.908782027805361,0.024667612283058537,0.026618520346594378,0.0019509080635358427,0.00013778973103157255,0.0001868919749430144,0.0,0.0,1.1137311994713324,1.0,1.0
0.05,0.05,22,initial,0.5,2,19.756045474286132,0.00043869886395161333,0.0005253684110082756,8.66695470566623e-05,1.0307200442474374e-05,1.061308471357858e-05,0.0,0.0,-1.6652569500880772,1.0,1.0
0.05,0.05,22,initial,1.0,2,5.20858185737093,0.00013785758314733879,0.00014503800821259836,7.180425065259557e-06,1.1862279547620145e-05,1.2234494795767674e-05,0.0,0.0,-7.865270624289402,1.0,1.0
0.05,0.05,22,initial,2.0,2,22.444170707242392,0.000473083926176058,0.00057926369009734,0.00010617976392128195,1.3952199175083061e-05,1.3952990820339679e-05,0.0,0.0,3.68574491717717,1.0,1.0
0.05,0.05,22,initial,4.0,2,18.43450226118737,0.0029897404106371266,0.003540884171346512,0.0005511437607093851,4.1581979871412614e-05,4.5622311178569516e-05,0.0,0.0,0.7204906695702906,1.0,1.0
0.05,0.05,22,initial,8.0,2,14.03240259898303,0.009641838110275414,0.010994819677687468,0.0013529815674120545,0.00024694686542644985,0.00024638654253880714,0.0,0.0,0.2733523991037043,1.0,1.0
0.05,0.05,22,selected,0.5,2,12.18047592810918,0.0017837230893472116,0.0020009890508694735,0.000217265961522262,1.9585437360345697e-05,2.1871175973666673e-05,0.0,0.0,0.5041630395161261,1.0,1.0
0.05,0.05,22,selected,1.0,2,12.824388753930771,0.0023757206800369313,0.0026803923357524057,0.0003046716557154744,1.663491618030447e-05,1.884762964796699e-05,0.0,0.0,-1.9744074786690464,1.0,1.0
0.05,0.05,22,selected,2.0,2,7.457301607300304,0.0047760732401609125,0.005132239426665553,0.00035616618650464007,2.4851858252316455e-05,2.5272127110745765e-05,0.0,0.0,-2.856843044369938,1.0,1.0
0.05,0.05,22,selected,4.0,2,3.206809920419651,0.01370381161794234,0.014143266805733946,0.00043945518779160784,7.400914304846075e-05,6.937652673381624e-05,0.0,0.0,-1.8486996982951547,1.0,1.0
0.05,0.05,22,selected,8.0,2,4.985215307417579,0.024616910382530548,0.025844116479553404,0.001227206097022853,0.00010502514554428999,0.00011672110949711067,0.0,0.0,0.7448860066637382,1.0,1.0
0.05,0.05,33,epoch_025,0.5,2,20.638314468814933,0.0018235752834882275,0.002199930485069953,0.0003763552015817258,1.5415331992998245e-05,1.4883218656619672e-05,0.0,0.0,3.412723161682023,1.0,1.0
0.05,0.05,33,epoch_025,1.0,2,26.254615698632477,0.002383153212942738,0.0030088409305104626,0.0006256877175677248,1.6951900443341262e-05,1.7623146756533816e-05,0.0,0.0,0.20342659420231057,1.0,1.0
0.05,0.05,33,epoch_025,2.0,2,22.78606639722561,0.004644926686559445,0.005703322765457687,0.0010583960788982417,2.7132164861085562e-05,3.065207426225071e-05,0.0,0.0,-2.3573439077047897,1.0,1.0
0.05,0.05,33,epoch_025,4.0,2,16.939042227380774,0.013413580246851471,0.015685712268920092,0.00227213202206862,7.496134790035034e-05,8.875983351938133e-05,0.0,0.0,-4.638966503531134,1.0,1.0
0.05,0.05,33,epoch_025,8.0,2,7.018701028380359,0.0241791446964034,0.02587620657840324,0.0016970618819998392,6.656849853802295e-05,5.326700089915234e-05,0.0,0.0,-2.389985668997225,1.0,1.0
0.05,0.05,33,initial,0.5,2,6.144031699632224,0.0014679002356734194,0.0015580884914721093,9.01882557986899e-05,2.689251160735489e-05,2.834741603103167e-05,0.0,0.0,3.4980397927793785,1.0,1.0
0.05,0.05,33,initial,1.0,2,13.015699269776427,0.0006862416783749535,0.0007755608314961145,8.931915312116096e-05,2.15362504214639e-05,2.4192939915311223e-05,0.0,0.0,10.51386382460617,1.0,1.0
0.05,0.05,33,initial,2.0,2,29.836542272935738,0.0008874252877113633,0.0011522023088202577,0.00026477702110889437,4.2529033848382267e-05,4.6579780894155155e-05,0.0,0.0,-0.3329877195655644,1.0,1.0
0.05,0.05,33,initial,4.0,2,21.030161290655926,0.003496944669583212,0.0042323577707565965,0.0007354131011733851,0.00014347141064513212,0.00016439492447525714,0.0,0.0,-4.814764073520481,1.0,1.0
0.05,0.05,33,initial,8.0,2,21.434015856749376,0.005871596244243315,0.00713011512383268,0.0012585188795893646,0.0002543819176833037,0.0002763829909402004,0.0,0.0,-3.797629089146987,1.0,1.0
0.05,0.05,33,selected,0.5,2,18.134607033440474,0.001753783107328178,0.0020718247820614094,0.000318041674733231,8.173148655709e-06,7.151424162587377e-06,0.0,0.0,3.5657073592439765,1.0,1.0
0.05,0.05,33,selected,1.0,2,23.556431679331148,0.0023602936479929478,0.002916294608613209,0.0005560009606202614,9.350463805405867e-06,9.046300935600876e-06,0.0,0.0,0.5945323027809833,1.0,1.0
0.05,0.05,33,selected,2.0,2,20.87387865622641,0.00455022483659827,0.005500033247574242,0.0009498084109759723,1.5882817508351102e-05,1.7472463572777812e-05,0.0,0.0,-2.0655094458070065,1.0,1.0
0.05,0.05,33,selected,4.0,2,15.532991525096485,0.013446153877562792,0.01553474381984147,0.002088589942278676,5.1485646793442616e-05,6.622939026124292e-05,0.0,0.0,-4.228193272715911,1.0,1.0
0.05,0.05,33,selected,8.0,2,6.037530973210837,0.024164065560368063,0.02562297848898121,0.0014589129286131496,4.8576097043653526e-05,4.887559128003341e-05,0.0,0.0,-2.467957661712518,1.0,1.0
0.05,0.2,11,epoch_025,0.5,2,7.457861741502136,0.001959769201902015,0.0021059260794324564,0.00014615687753044104,1.0931899872705703e-05,1.2105761194981686e-05,0.0,0.0,0.0021186911296948367,1.0,1.0
0.05,0.2,11,epoch_025,1.0,2,7.389412791943628,0.002757002095049108,0.0029607283605349814,0.0002037262654858735,2.289176260737553e-05,2.5254476376553302e-05,0.0,0.0,-0.390436089117779,1.0,1.0
0.05,0.2,11,epoch_025,2.0,2,6.933345701565063,0.005199578517789063,0.005560083271450978,0.00036050475366191477,3.93172619167438e-05,4.28580651834987e-05,0.0,0.0,-0.46286031476573464,1.0,1.0
0.05,0.2,11,epoch_025,4.0,2,6.5211343471783145,0.01375307176338474,0.014649928048212624,0.0008968562848278858,2.878719646335512e-05,4.05282733341527e-05,0.0,0.0,-1.1146739763529434,1.0,1.0
0.05,0.2,11,epoch_025,8.0,2,2.98653563903174,0.02617203420328261,0.026953671320762124,0.0007816371174795105,0.00012833275916403862,0.00012416591967466878,0.0,0.0,-1.0018827755605566,1.0,1.0
0.05,0.2,11,initial,0.5,2,8.20194025808162,0.0036686725150034487,0.003969574842948756,0.0003009023279453068,7.010867109952078e-05,6.94100270945561e-05,0.0,0.0,-0.42040710300904677,1.0,1.0
0.05,0.2,11,initial,1.0,2,7.585534448801667,0.0048443448971762,0.005211814348170244,0.00036746945099404337,5.165132507672331e-05,5.056085411191816e-05,0.0,0.0,0.3434750914819457,1.0,1.0
0.05,0.2,11,initial,2.0,2,8.789288249640592,0.007587122177101554,0.008253976215099875,0.0006668540379983216,4.940453921953028e-05,5.1446567313416095e-05,0.0,0.0,0.8699390763882346,1.0,1.0
0.05,0.2,11,initial,4.0,2,9.42223120741571,0.015864549646276718,0.017359344211830677,0.0014947945655539585,0.00039445074451016095,0.0003920248505332299,0.0,0.0,0.8959465096274507,1.0,1.0
0.05,0.2,11,initial,8.0,2,8.568319147560409,0.007882583570836182,0.008557988276459497,0.0006754047056233134,0.0007333287407803552,0.0007265818158632458,0.0,0.0,0.7739319371407613,1.0,1.0
0.05,0.2,11,selected,0.5,2,8.376872678264101,0.0018977152701833858,0.0020566844621628657,0.00015896919197947975,7.58420965279137e-06,8.684001087113984e-06,0.0,0.0,-0.14579602530116859,1.0,1.0
0.05,0.2,11,selected,1.0,2,8.081268666567354,0.00263845274122995,0.002851673195889016,0.00021322045465906546,1.535466516300049e-05,1.720980356836806e-05,0.0,0.0,-0.7003739389303865,1.0,1.0
0.05,0.2,11,selected,2.0,2,7.124598642135727,0.004998125632190558,0.005354222023115057,0.0003560963909245004,2.5881168650308052e-05,2.8135626554968618e-05,0.0,0.0,-0.8098476069758913,1.0,1.0
0.05,0.2,11,selected,4.0,2,6.129821921656764,0.013755278695596885,0.014598452784655016,0.0008431740890581328,2.671821527914443e-05,2.3571032763735615e-05,0.0,0.0,-1.194668901306972,1.0,1.0
0.05,0.2,11,selected,8.0,2,3.485867575108259,0.02504073725499882,0.025913624190433776,0.000872886935434955,9.935740070394762e-05,0.00010098512913567056,0.0,0.0,-0.7630418532419391,1.0,1.0
0.05,0.2,22,epoch_025,0.5,2,26.446163940516243,0.0018107076752098225,0.002289570395479637,0.0004788627202698144,1.8046853182102204e-05,2.6759087106327447e-05,0.0,0.0,-3.682080044292614,1.0,1.0
0.05,0.2,22,epoch_025,1.0,2,20.254407574765043,0.0025922725946132376,0.00311732205137516,0.0005250494567619222,1.6576847270119344e-05,2.560379181172569e-05,0.0,0.0,-5.278071560487794,1.0,1.0
0.05,0.2,22,epoch_025,2.0,2,13.647000592044433,0.005172982218393393,0.005878939132363288,0.0007059569139698943,2.738725669608013e-05,3.665069061795106e-05,0.0,0.0,-4.883091306352545,1.0,1.0
0.05,0.2,22,epoch_025,4.0,2,6.826295417950368,0.014067560239366651,0.01502785345238724,0.0009602932130205882,6.753678948718202e-05,8.75516669653606e-05,0.0,0.0,-3.523700213621357,1.0,1.0
0.05,0.2,22,epoch_025,8.0,2,8.703220273349332,0.024651131856749425,0.02679657529362109,0.0021454434368716625,0.00022248958422958558,0.00030683938567142963,0.0,0.0,0.9753196012331118,1.0,1.0
0.05,0.2,22,initial,0.5,2,19.756045474286132,0.00043869886395161333,0.0005253684110082756,8.66695470566623e-05,1.0307200442474374e-05,1.061308471357858e-05,0.0,0.0,-1.6652569500880772,1.0,1.0
0.05,0.2,22,initial,1.0,2,5.20858185737093,0.00013785758314733879,0.00014503800821259836,7.180425065259557e-06,1.1862279547620145e-05,1.2234494795767674e-05,0.0,0.0,-7.865270624289402,1.0,1.0
0.05,0.2,22,initial,2.0,2,22.444170707242392,0.000473083926176058,0.00057926369009734,0.00010617976392128195,1.3952199175083061e-05,1.3952990820339679e-05,0.0,0.0,3.68574491717717,1.0,1.0
0.05,0.2,22,initial,4.0,2,18.43450226118737,0.0029897404106371266,0.003540884171346512,0.0005511437607093851,4.1581979871412614e-05,4.5622311178569516e-05,0.0,0.0,0.7204906695702906,1.0,1.0
0.05,0.2,22,initial,8.0,2,14.03240259898303,0.009641838110275414,0.010994819677687468,0.0013529815674120545,0.00024694686542644985,0.00024638654253880714,0.0,0.0,0.2733523991037043,1.0,1.0
0.05,0.2,22,selected,0.5,2,22.614218226538476,0.0017717657926757172,0.002172436775494459,0.00040067098281874164,8.541891825600387e-06,1.4176000378229753e-05,0.0,0.0,-3.256959634610019,1.0,1.0
0.05,0.2,22,selected,1.0,2,17.68531523472513,0.0024659903937829576,0.002902108568581534,0.00043611817479857653,9.731284074953707e-06,1.3954673402103908e-05,0.0,0.0,-4.647851259294144,1.0,1.0
0.05,0.2,22,selected,2.0,2,11.585244876168243,0.0048946520818264035,0.005461709511339601,0.0005670574295131977,3.445808642550574e-05,3.713254393338628e-05,0.0,0.0,-4.590090847699275,1.0,1.0
0.05,0.2,22,selected,4.0,2,5.2851622913018375,0.013771979752409354,0.01449985122572553,0.0007278714733161759,9.764328363766998e-05,9.684148712412428e-05,0.0,0.0,-3.2445580180530404,1.0,1.0
0.05,0.2,22,selected,8.0,2,6.958938636914025,0.024738637111216245,0.026460184157215433,0.0017215470459991875,0.00010262474583459252,0.00015224268120000154,0.0,0.0,0.8184114446839938,1.0,1.0
0.05,0.2,33,epoch_025,0.5,2,23.214390529703977,0.0019062732738520565,0.0023488029962071763,0.00044252972235511994,1.291559403750031e-05,1.0474166448273257e-05,0.0,0.0,1.816087484111655,1.0,1.0
0.05,0.2,33,epoch_025,1.0,2,25.868852132239915,0.0025948544061892252,0.003266113455573154,0.000671259049383929,1.5944675779862186e-05,1.5883734999628428e-05,0.0,0.0,-0.8444789179191734,1.0,1.0
0.05,0.2,33,epoch_025,2.0,2,22.818014061925695,0.004907361665317531,0.006027124140178629,0.0011197624748610982,2.5677098696503056e-05,2.977605367696728e-05,0.0,0.0,-2.4813182882959994,1.0,1.0
0.05,0.2,33,epoch_025,4.0,2,17.35951626212303,0.013355121100747875,0.015673505517732104,0.002318384416984228,5.550537799249388e-05,7.587581669632571e-05,0.0,0.0,-4.9759879984160245,1.0,1.0
0.05,0.2,33,epoch_025,8.0,2,6.8720810709335005,0.024383396268876846,0.026059043099708277,0.0016756468308314308,3.599942641013505e-05,9.171052741474995e-05,0.0,0.0,-2.4627824598924404,1.0,1.0
0.05,0.2,33,initial,0.5,2,6.144031699632224,0.0014679002356734194,0.0015580884914721093,9.01882557986899e-05,2.689251160735489e-05,2.834741603103167e-05,0.0,0.0,3.4980397927793785,1.0,1.0
0.05,0.2,33,initial,1.0,2,13.015699269776427,0.0006862416783749535,0.0007755608314961145,8.931915312116096e-05,2.15362504214639e-05,2.4192939915311223e-05,0.0,0.0,10.51386382460617,1.0,1.0
0.05,0.2,33,initial,2.0,2,29.836542272935738,0.0008874252877113633,0.0011522023088202577,0.00026477702110889437,4.2529033848382267e-05,4.6579780894155155e-05,0.0,0.0,-0.3329877195655644,1.0,1.0
0.05,0.2,33,initial,4.0,2,21.030161290655926,0.003496944669583212,0.0042323577707565965,0.0007354131011733851,0.00014347141064513212,0.00016439492447525714,0.0,0.0,-4.814764073520481,1.0,1.0
0.05,0.2,33,initial,8.0,2,21.434015856749376,0.005871596244243315,0.00713011512383268,0.0012585188795893646,0.0002543819176833037,0.0002763829909402004,0.0,0.0,-3.797629089146987,1.0,1.0
0.05,0.2,33,selected,0.5,2,16.81659409315153,0.0018061479127416359,0.0021098804759490776,0.0003037325632074421,6.288849050424211e-06,4.314976182742267e-06,0.0,0.0,2.8635616859178694,1.0,1.0
0.05,0.2,33,selected,1.0,2,21.073484482327576,0.002490339279298511,0.003015140540878354,0.0005248012615798432,9.15390179913659e-06,8.675446858142334e-06,0.0,0.0,0.5113035393983084,1.0,1.0
0.05,0.2,33,selected,2.0,2,19.37816415275655,0.004793524248855578,0.005722421246496526,0.0009288969976409484,1.9008345794255638e-05,2.1233053827519703e-05,0.0,0.0,-1.6552114142513443,1.0,1.0
0.05,0.2,33,selected,4.0,2,14.992052782613808,0.01368303654319784,0.015734404603855636,0.0020513680606577952,4.686455487321976e-05,4.906799437463123e-05,0.0,0.0,-3.9350495927896327,1.0,1.0
0.05,0.2,33,selected,8.0,2,5.669302332564651,0.02480936190593331,0.026215879670488287,0.0014065177645549778,9.964265961238573e-05,5.9403300230333914e-05,0.0,0.0,-2.3267288106644295,1.0,1.0
0.05,1.0,11,epoch_025,0.5,2,6.377198817458362,0.0018043379011117465,0.0019194041164045596,0.00011506621529281302,1.153500798613943e-05,1.182960416701816e-05,0.0,0.0,1.0425753691396635,1.0,1.0
0.05,1.0,11,epoch_025,1.0,2,7.838728130316264,0.002578953587380954,0.0027811107477027286,0.00020215716032177442,2.1838161440073905e-05,2.275022373214987e-05,0.0,0.0,0.6889601970405996,1.0,1.0
0.05,1.0,11,epoch_025,2.0,2,8.284650981675167,0.004953782027664124,0.005364185579047833,0.0004104035513837088,3.11575909326179e-05,3.156115726919096e-05,0.0,0.0,0.17626334090254608,1.0,1.0
0.05,1.0,11,epoch_025,4.0,2,8.393344029204574,0.013553055315043437,0.014690609856559244,0.0011375545415158068,4.448779135858925e-05,6.167954826993877e-05,0.0,0.0,-0.9693056057202927,1.0,1.0
0.05,1.0,11,epoch_025,8.0,2,3.6967518057199333,0.024948358730129672,0.025870637568039985,0.0009222788379103144,0.0002891769575936703,0.00028977533876395106,0.0,0.0,-1.4342129148126836,1.0,1.0
0.05,1.0,11,initial,0.5,2,8.20194025808162,0.0036686725150034487,0.003969574842948756,0.0003009023279453068,7.010867109952078e-05,6.94100270945561e-05,0.0,0.0,-0.42040710300904677,1.0,1.0
0.05,1.0,11,initial,1.0,2,7.585534448801667,0.0048443448971762,0.005211814348170244,0.00036746945099404337,5.165132507672331e-05,5.056085411191816e-05,0.0,0.0,0.3434750914819457,1.0,1.0
0.05,1.0,11,initial,2.0,2,8.789288249640592,0.007587122177101554,0.008253976215099875,0.0006668540379983216,4.940453921953028e-05,5.1446567313416095e-05,0.0,0.0,0.8699390763882346,1.0,1.0
0.05,1.0,11,initial,4.0,2,9.42223120741571,0.015864549646276718,0.017359344211830677,0.0014947945655539585,0.00039445074451016095,0.0003920248505332299,0.0,0.0,0.8959465096274507,1.0,1.0
0.05,1.0,11,initial,8.0,2,8.568319147560409,0.007882583570836182,0.008557988276459497,0.0006754047056233134,0.0007333287407803552,0.0007265818158632458,0.0,0.0,0.7739319371407613,1.0,1.0
0.05,1.0,11,selected,0.5,2,7.7073679479075725,0.0017655528342866915,0.0019016304875399915,0.00013607765325329994,9.437721356651773e-06,1.0754084463400686e-05,0.0,0.0,0.5060328059930673,1.0,1.0
0.05,1.0,11,selected,1.0,2,8.464635120042207,0.0024636440716563693,0.002672182552978343,0.0002085384813219739,1.703809407989327e-05,1.8998602600917973e-05,0.0,0.0,0.05785855022693648,1.0,1.0
0.05,1.0,11,selected,2.0,2,8.197978912163562,0.004785441107352716,0.00517775056018695,0.00039230945283423406,2.097032520840141e-05,2.3586725919271153e-05,0.0,0.0,-0.3176538762055339,1.0,1.0
0.05,1.0,11,selected,4.0,2,7.7026715540505215,0.013659005839733045,0.014711114195076305,0.0010521083553432587,7.559762861152739e-05,9.962485020636777e-05,0.0,0.0,-1.097980381947509,1.0,1.0
0.05,1.0,11,selected,8.0,2,3.9975683872481405,0.02445145429153775,0.025428917863618707,0.0009774635720809551,0.0001852214969774907,0.00018322434218409563,0.0,0.0,-1.1819468489022393,1.0,1.0
0.05,1.0,22,epoch_025,0.5,2,24.596691656053103,0.0017980156400591897,0.002240268002972339,0.00044225236291314926,1.2512600761917616e-05,1.9817994458105643e-05,0.0,0.0,-2.8225301551547477,1.0,1.0
0.05,1.0,22,epoch_025,1.0,2,20.221107936686977,0.0024998098206335294,0.0030052990626757694,0.00050548924204224,1.2333039744667174e-05,2.063187147785002e-05,0.0,0.0,-4.413016112996165,1.0,1.0
0.05,1.0,22,epoch_025,2.0,2,14.101158684338522,0.004725432317333113,0.005391773026918585,0.0006663407095854729,1.4014360735512593e-05,2.5991992148621386e-05,0.0,0.0,-4.763264991361023,1.0,1.0
0.05,1.0,22,epoch_025,4.0,2,6.384417209537041,0.013127839657699283,0.013965975703615848,0.0008381360459165672,3.088643521283897e-05,7.633654378576014e-05,0.0,0.0,-3.343324059967803,1.0,1.0
0.05,1.0,22,epoch_025,8.0,2,9.369427666019714,0.024404506037793053,0.026691071746777206,0.0022865657089841535,0.00043396262273580696,0.0005690448489022329,0.0,0.0,1.220145207534954,1.0,1.0
0.05,1.0,22,initial,0.5,2,19.756045474286132,0.00043869886395161333,0.0005253684110082756,8.66695470566623e-05,1.0307200442474374e-05,1.061308471357858e-05,0.0,0.0,-1.6652569500880772,1.0,1.0
0.05,1.0,22,initial,1.0,2,5.20858185737093,0.00013785758314733879,0.00014503800821259836,7.180425065259557e-06,1.1862279547620145e-05,1.2234494795767674e-05,0.0,0.0,-7.865270624289402,1.0,1.0
0.05,1.0,22,initial,2.0,2,22.444170707242392,0.000473083926176058,0.00057926369009734,0.00010617976392128195,1.3952199175083061e-05,1.3952990820339679e-05,0.0,0.0,3.68574491717717,1.0,1.0
0.05,1.0,22,initial,4.0,2,18.43450226118737,0.0029897404106371266,0.003540884171346512,0.0005511437607093851,4.1581979871412614e-05,4.5622311178569516e-05,0.0,0.0,0.7204906695702906,1.0,1.0
0.05,1.0,22,initial,8.0,2,14.03240259898303,0.009641838110275414,0.010994819677687468,0.0013529815674120545,0.00024694686542644985,0.00024638654253880714,0.0,0.0,0.2733523991037043,1.0,1.0
0.05,1.0,22,selected,0.5,2,17.42073299883512,0.001704095900701834,0.002000961897607577,0.0002968659969057432,8.02955396554527e-06,1.2449045839857786e-05,0.0,0.0,-0.3647981444975696,1.0,1.0
0.05,1.0,22,selected,1.0,2,17.06716379308828,0.002476114532846619,0.002898717055871987,0.00042260252302536824,9.82213603462175e-06,1.383618350296539e-05,0.0,0.0,-1.6788738160372974,1.0,1.0
0.05,1.0,22,selected,2.0,2,13.938840481619973,0.004873639281180611,0.00555296808622958,0.0006793288050489692,2.9919261985373292e-05,3.4467725346116904e-05,0.0,0.0,-2.627682432927262,1.0,1.0
0.05,1.0,22,selected,4.0,2,9.239864679705745,0.013838765904201633,0.015117449145851409,0.0012786832416497758,5.991039645916843e-05,5.996529573263754e-05,0.0,0.0,-2.744864654413619,1.0,1.0
0.05,1.0,22,selected,8.0,2,7.548230646175435,0.02403204720191878,0.025846042646703673,0.00181399544478489,0.0002516891474223192,0.0003234632938271749,0.0,0.0,-0.12729718976571225,1.0,1.0
0.05,1.0,33,epoch_025,0.5,2,23.580282946504603,0.0018406451689334876,0.0022746745078091038,0.0004340293388756161,2.0806803954379947e-05,1.9107696621416475e-05,0.0,0.0,1.4238860697121518,1.0,1.0
0.05,1.0,33,epoch_025,1.0,2,25.22700529889844,0.0026125856973877575,0.003271662829706081,0.0006590771323183237,2.5300317991726116e-05,2.652299814559168e-05,0.0,0.0,-0.850106448963537,1.0,1.0
0.05,1.0,33,epoch_025,2.0,2,23.463439314115885,0.004647244571700019,0.005737647981555828,0.00109040340985581,4.515686226822752e-05,5.46087640918361e-05,0.0,0.0,-2.2404574415226333,1.0,1.0
0.05,1.0,33,epoch_025,4.0,2,17.397799592190054,0.012513493094029082,0.014690565543111938,0.0021770724490828564,0.00016377977670518229,0.00022389505390741165,0.0,0.0,-5.139505887295795,1.0,1.0
0.05,1.0,33,epoch_025,8.0,2,7.638349729778005,0.023556150509667622,0.02535545183550899,0.0017993013258413675,9.812913508623539e-05,6.302286396102087e-05,0.0,0.0,-2.3504862828486064,1.0,1.0
0.05,1.0,33,initial,0.5,2,6.144031699632224,0.0014679002356734194,0.0015580884914721093,9.01882557986899e-05,2.689251160735489e-05,2.834741603103167e-05,0.0,0.0,3.4980397927793785,1.0,1.0
0.05,1.0,33,initial,1.0,2,13.015699269776427,0.0006862416783749535,0.0007755608314961145,8.931915312116096e-05,2.15362504214639e-05,2.4192939915311223e-05,0.0,0.0,10.51386382460617,1.0,1.0
0.05,1.0,33,initial,2.0,2,29.836542272935738,0.0008874252877113633,0.0011522023088202577,0.00026477702110889437,4.2529033848382267e-05,4.6579780894155155e-05,0.0,0.0,-0.3329877195655644,1.0,1.0
0.05,1.0,33,initial,4.0,2,21.030161290655926,0.003496944669583212,0.0042323577707565965,0.0007354131011733851,0.00014347141064513212,0.00016439492447525714,0.0,0.0,-4.814764073520481,1.0,1.0
0.05,1.0,33,initial,8.0,2,21.434015856749376,0.005871596244243315,0.00713011512383268,0.0012585188795893646,0.0002543819176833037,0.0002763829909402004,0.0,0.0,-3.797629089146987,1.0,1.0
0.05,1.0,33,selected,0.5,2,19.892616021989262,0.001730599876192458,0.0020748614644405996,0.0003442615882481414,8.532502271767073e-06,5.869605485763463e-06,0.0,0.0,3.2117310281561,1.0,1.0
0.05,1.0,33,selected,1.0,2,24.49931510749652,0.0024065991564081604,0.0029961994671108927,0.000589600310702732,1.232742757096816e-05,1.1718998459888074e-05,0.0,0.0,0.29007100758750765,1.0,1.0
0.05,1.0,33,selected,2.0,2,22.38503804097207,0.004601787360120275,0.005631899211240039,0.001030111851119763,2.9530627928848678e-05,3.460187809831749e-05,0.0,0.0,-1.8687143095489862,1.0,1.0
0.05,1.0,33,selected,4.0,2,16.760238090556456,0.012931041430999261,0.015098314760096704,0.002167273329097442,0.0001303572961961785,0.00017104758337874697,0.0,0.0,-4.535322294371721,1.0,1.0
0.05,1.0,33,selected,8.0,2,7.389435834000535,0.023612316144236124,0.02535713318816621,0.0017448170439300845,7.088048480161222e-05,4.2562328588071245e-05,0.0,0.0,-2.271923297688303,1.0,1.0
0.1,0.01,11,epoch_025,0.5,2,2.3324811711893934,0.004622722043489664,0.004730546164750465,0.00010782412126080073,2.380390942747009e-05,2.9085840553666062e-05,0.0,0.0,3.1255578391621444,1.0,1.0
0.1,0.01,11,epoch_025,1.0,2,7.4458977997794555,0.005987046517205779,0.006432835882102174,0.0004457893648963946,4.9568118001846166e-05,5.94494086098851e-05,0.0,0.0,3.349669278811374,1.0,1.0
0.1,0.01,11,epoch_025,2.0,2,10.53218595283708,0.012664015191183804,0.013997812820214457,0.0013337976290306525,7.626677787048671e-05,0.00011219110793821591,0.0,0.0,1.026236427155518,1.0,1.0
0.1,0.01,11,epoch_025,4.0,2,8.877905256619266,0.015428277269834648,0.016797985108525034,0.001369707838690385,9.95654881223746e-05,9.993665935524967e-05,0.0,0.0,-0.9812895500443738,1.0,1.0
0.1,0.01,11,epoch_025,8.0,2,6.0484919030522,0.0048542772122304265,0.00514788777636419,0.0002936105641337637,1.415463245133769e-05,8.473770789256508e-06,0.0,0.0,-0.1376131704632651,1.0,1.0
0.1,0.01,11,initial,0.5,2,11.667695334747208,0.006452744902549145,0.007205631518507009,0.0007528866159578649,0.00010093860769869821,0.00010838244550748682,0.0,0.0,0.7680533100057295,1.0,1.0
0.1,0.01,11,initial,1.0,2,12.817745536606818,0.007377251850885713,0.008322849220726847,0.0009455973698411337,8.90151263180638e-05,0.00010502438518899588,0.0,0.0,1.4991109526785247,1.0,1.0
0.1,0.01,11,initial,2.0,2,14.90081097998689,0.013517466005662643,0.015531678064449954,0.0020142120587873106,0.00039790684226489163,0.00044433723084261987,0.0,0.0,1.5401061098758175,1.0,1.0
0.1,0.01,11,initial,4.0,2,16.63860136233093,0.011264933800613306,0.013139261231194438,0.0018743274305811327,0.000431070922999794,0.00045208578808822003,0.0,0.0,1.9590638446929807,1.0,1.0
0.1,0.01,11,initial,8.0,2,-9.221724767558975,0.0007184010296328587,0.0006521520639527025,-6.624896568015615e-05,2.027449648325895e-05,2.030581583809292e-05,0.0,0.0,12.44303031635473,1.0,1.0
0.1,0.01,11,selected,0.5,2,6.808206404975992,0.004886011844903006,0.005218661616275577,0.0003326497713725717,2.9104979843395967e-05,3.369752582029856e-05,0.0,0.0,1.1934553502228475,1.0,1.0
0.1,0.01,11,selected,1.0,2,8.945146559173834,0.006259080553162192,0.006818964481899302,0.0005598839287371108,5.325434368635222e-05,6.346455385821685e-05,0.0,0.0,1.5721142280410743,1.0,1.0
0.1,0.01,11,selected,2.0,2,10.668930941950084,0.012922526337159075,0.014301221748025889,0.0013786954108668129,7.598645117027815e-05,0.00012108089238472421,0.0,0.0,0.5770600028680961,1.0,1.0
0.1,0.01,11,selected,4.0,2,9.835948833581021,0.015492950365848173,0.01701682903753126,0.001523878671683086,6.5051749578196e-05,8.473493234435576e-05,0.0,0.0,-0.31442222450411256,1.0,1.0
0.1,0.01,11,selected,8.0,2,9.971854798792624,0.004859278645270794,0.005343838856050467,0.00048456021077967256,1.4193999996426083e-05,1.3580214190806315e-05,0.0,0.0,0.528802172371466,1.0,1.0
0.1,0.01,22,epoch_025,0.5,2,4.616319466013364,0.004847022296611573,0.00507077633041206,0.00022375403380048677,1.8063873696031226e-05,1.23941984258267e-05,0.0,0.0,0.85116339164006,1.0,1.0
0.1,0.01,22,epoch_025,1.0,2,5.859260817004808,0.00640378624201822,0.006779000780101539,0.00037521453808331837,8.559781670483771e-06,5.218846548806169e-06,0.0,0.0,1.0776874223092079,1.0,1.0
0.1,0.01,22,epoch_025,2.0,2,7.696289662039735,0.013004135366423916,0.01400497129226725,0.0010008359258433346,7.839003595498797e-05,6.580794338926298e-05,0.0,0.0,0.5587072901017308,1.0,1.0
0.1,0.01,22,epoch_025,4.0,2,7.68600009381265,0.015562590036998114,0.016758730712145793,0.0011961406751476765,4.469807899636308e-05,7.900393161574614e-05,0.0,0.0,-0.7105429176232367,1.0,1.0
0.1,0.01,22,epoch_025,8.0,2,3.7245817251945312,0.004790885709161899,0.004969326162751933,0.00017844045359003422,8.512727103147135e-06,1.2730665017020755e-05,0.0,0.0,-1.1874897600032137,1.0,1.0
0.1,0.01,22,initial,0.5,2,-22.019647570620503,0.000497766644748862,0.00038816018385103305,-0.00010960646089782896,9.061323194825046e-06,8.782573732838095e-06,0.0,0.0,-7.3881079958662506,1.0,1.0
0.1,0.01,22,initial,1.0,2,61.798312535180784,0.00027549190381934954,0.00044574125155070175,0.00017024934773135223,1.7661496402685348e-05,1.596186131149766e-05,0.0,0.0,-22.093219384785954,1.0,1.0
0.1,0.01,22,initial,2.0,2,31.56958403870844,0.0017113812762529351,0.0022516572264798898,0.0005402759502269545,9.092888007919253e-06,1.9987464246169824e-05,0.0,0.0,1.1811490540433278,1.0,1.0
0.1,0.01,22,initial,4.0,2,22.882771562067127,0.003911652589476096,0.004806747114843659,0.0008950945253675623,9.797066191521261e-05,0.00011368365298693872,0.0,0.0,1.9576649372559438,1.0,1.0
0.1,0.01,22,initial,8.0,2,16.37453089613328,0.0019606490654646516,0.002281696152401302,0.00032104708693665024,8.420459479145945e-06,8.839885359610927e-06,0.0,0.0,1.2513296736264814,1.0,1.0
0.1,0.01,22,selected,0.5,2,6.810918386944287,0.004895480533415591,0.005228907717195258,0.00033342718377966625,1.623914192722552e-05,1.0154613149027188e-05,0.0,0.0,-0.03669589407586204,1.0,1.0
0.1,0.01,22,selected,1.0,2,6.8650248573305035,0.006234902814208489,0.006662930442234302,0.0004280276280258129,9.235266449861722e-06,7.605343796159516e-06,0.0,0.0,-0.11919129341109896,1.0,1.0
0.1,0.01,22,selected,2.0,2,6.82181297314729,0.012687153414544324,0.013552647292100997,0.0008654938775566725,4.5566603340488386e-05,3.428120983211763e-05,0.0,0.0,-0.4634380054378803,1.0,1.0
0.1,0.01,22,selected,4.0,2,5.655383978002115,0.015276137538193086,0.016140061766858033,0.0008639242286649466,3.614068011996575e-05,5.077413776906613e-05,0.0,0.0,-0.5201540554137143,1.0,1.0
0.1,0.01,22,selected,8.0,2,5.503096503570837,0.00483927015870728,0.005105579865609397,0.00026630970690211817,1.3056112241320183e-05,1.5131118552009028e-05,0.0,0.0,0.046785482551670456,1.0,1.0
0.1,0.01,33,epoch_025,0.5,2,9.67025667485455,0.004781419672308156,0.005243795227322341,0.00046237555501418576,1.97689609578265e-05,1.0814908575990297e-05,0.0,0.0,0.9478403714943151,1.0,1.0
0.1,0.01,33,epoch_025,1.0,2,11.00837375257052,0.006106053963349126,0.006778231205168244,0.0006721772418191172,1.3922568052467149e-05,9.931131847320805e-06,0.0,0.0,0.9070378533801629,1.0,1.0
0.1,0.01,33,epoch_025,2.0,2,12.458697647796424,0.012750612414577249,0.01433917266355185,0.0015885602489746015,3.257106945854271e-05,3.632258884081771e-05,0.0,0.0,0.3451973315262881,1.0,1.0
0.1,0.01,33,epoch_025,4.0,2,11.55805777300316,0.015376233959101938,0.01715342796188464,0.0017771940027827005,1.975899473526235e-05,1.8729664548012122e-05,0.0,0.0,-0.7227369351236197,1.0,1.0
0.1,0.01,33,epoch_025,8.0,2,9.904592768200327,0.004712262294168371,0.005178992684564586,0.0004667303903962152,8.055767501352135e-06,6.237534042409036e-06,0.0,0.0,-0.09382536686696823,1.0,1.0
0.1,0.01,33,initial,0.5,2,50.231532928698655,0.0007487637614549919,0.0011248792768483581,0.00037611551539336617,2.206133282258995e-05,2.5936890370455485e-05,0.0,0.0,5.788208017338854,1.0,1.0
0.1,0.01,33,initial,1.0,2,48.60576687730152,0.0006773571368487511,0.0010065917677121996,0.0003292346308634485,1.3898644229839862e-05,1.9902689440525256e-05,0.0,0.0,-16.41146477252771,1.0,1.0
0.1,0.01,33,initial,2.0,2,32.01932404766579,0.0020536282601935013,0.002711186147554289,0.000657557887360788,8.594830472658023e-05,9.561394277401579e-05,0.0,0.0,-6.127895572939164,1.0,1.0
0.1,0.01,33,initial,4.0,2,22.62629839028032,0.0033931875609517245,0.004160940259046267,0.0007677526980945431,5.995954293899201e-05,7.949688904057709e-05,0.0,0.0,-6.788047845900219,1.0,1.0
0.1,0.01,33,initial,8.0,2,22.390104401326617,0.0010228356484510799,0.0012518496179929352,0.00022901396954185546,4.469139501535693e-06,3.7824397310593455e-06,0.0,0.0,-3.883998614412111,1.0,1.0
0.1,0.01,33,selected,0.5,2,8.918059187122306,0.0049613428989015405,0.005403798395101666,0.0004424554962001266,1.4663086959630884e-05,9.097295606272443e-06,0.0,0.0,0.9932822881260821,1.0,1.0
0.1,0.01,33,selected,1.0,2,10.451292551325341,0.00615270470293911,0.006795741871262426,0.0006430371683233166,1.5244635967687345e-05,1.176485749550489e-05,0.0,0.0,0.983898856782129,1.0,1.0
0.1,0.01,33,selected,2.0,2,11.906201915342919,0.012700004933937071,0.014212093164630592,0.0015120882306935224,2.863785659751431e-05,3.091168708754963e-05,0.0,0.0,0.3047721528883176,1.0,1.0
0.1,0.01,33,selected,4.0,2,10.845910093768385,0.01529058205243122,0.016948984834777626,0.0016584027823464053,4.315698994287129e-05,1.695144718664723e-05,0.0,0.0,-0.7883605744646549,1.0,1.0
0.1,0.01,33,selected,8.0,2,9.098684627007191,0.004712197160203569,0.005140945118754788,0.0004287479585512199,9.925845139193231e-06,7.366079110560815e-06,0.0,0.0,-0.13262876467331558,1.0,1.0
0.1,0.05,11,epoch_025,0.5,2,10.711998096172671,0.00485715829868889,0.0053774570031725364,0.0005202987044836465,1.772000475243443e-05,1.98047349409179e-05,0.0,0.0,1.3633217607941253,1.0,1.0
0.1,0.05,11,epoch_025,1.0,2,13.463696752492815,0.006016412058196153,0.006826443533092077,0.000810031474895923,3.4599868119849266e-05,3.968644490903906e-05,0.0,0.0,1.6096185172938473,1.0,1.0
0.1,0.05,11,epoch_025,2.0,2,15.402085460447811,0.012625843494314854,0.014570486699410603,0.001944643205095747,4.32166382495134e-05,6.312574693548398e-05,0.0,0.0,0.1504243639084187,1.0,1.0
0.1,0.05,11,epoch_025,4.0,2,13.48964859613815,0.015353749734792817,0.017424916620014285,0.0020711668852214675,6.341530961122361e-05,6.537896650338985e-05,0.0,0.0,-1.6648478019814275,1.0,1.0
0.1,0.05,11,epoch_025,8.0,2,9.435917802512096,0.005042762571331344,0.005518593502520384,0.00047583093118903994,1.189505854032276e-05,1.0297456067052365e-05,0.0,0.0,-0.5869738516822895,1.0,1.0
0.1,0.05,11,initial,0.5,2,11.667695334747208,0.006452744902549145,0.007205631518507009,0.0007528866159578649,0.00010093860769869821,0.00010838244550748682,0.0,0.0,0.7680533100057295,1.0,1.0
0.1,0.05,11,initial,1.0,2,12.817745536606818,0.007377251850885713,0.008322849220726847,0.0009455973698411337,8.90151263180638e-05,0.00010502438518899588,0.0,0.0,1.4991109526785247,1.0,1.0
0.1,0.05,11,initial,2.0,2,14.90081097998689,0.013517466005662643,0.015531678064449954,0.0020142120587873106,0.00039790684226489163,0.00044433723084261987,0.0,0.0,1.5401061098758175,1.0,1.0
0.1,0.05,11,initial,4.0,2,16.63860136233093,0.011264933800613306,0.013139261231194438,0.0018743274305811327,0.000431070922999794,0.00045208578808822003,0.0,0.0,1.9590638446929807,1.0,1.0
0.1,0.05,11,initial,8.0,2,-9.221724767558975,0.0007184010296328587,0.0006521520639527025,-6.624896568015615e-05,2.027449648325895e-05,2.030581583809292e-05,0.0,0.0,12.44303031635473,1.0,1.0
0.1,0.05,11,selected,0.5,2,10.341509613430278,0.004832697222820681,0.005332471070706652,0.0004997738478859717,2.3106072619315524e-05,2.5706517144886763e-05,0.0,0.0,1.2889229773260795,1.0,1.0
0.1,0.05,11,selected,1.0,2,12.79902430690768,0.006111589172574166,0.006893812956310248,0.0007822237837360828,4.246876881734662e-05,4.805789399310424e-05,0.0,0.0,1.508440406135514,1.0,1.0
0.1,0.05,11,selected,2.0,2,14.681703455656447,0.012690509971098426,0.014553693012065598,0.0018631830409671707,4.705708650955723e-05,7.022993478513224e-05,0.0,0.0,0.24886854767381894,1.0,1.0
0.1,0.05,11,selected,4.0,2,13.038851500487203,0.015316188871639828,0.01731324399353849,0.0019970551218986624,5.548569574892415e-05,5.6043215201488904e-05,0.0,0.0,-1.354336853914545,1.0,1.0
0.1,0.05,11,selected,8.0,2,9.812702349490122,0.004812367706410525,0.005284591025382684,0.00047222331897215806,1.0985452990589864e-05,9.549062724624365e-06,0.0,0.0,-0.3746262948036788,1.0,1.0
0.1,0.05,22,epoch_025,0.5,2,6.650131179572705,0.0050758528317672805,0.005413403703561855,0.0003375508717945756,7.638775714891276e-06,8.531346694805643e-06,0.0,0.0,0.5581769529183277,1.0,1.0
0.1,0.05,22,epoch_025,1.0,2,7.562032211505709,0.006299794552035092,0.006776187045318667,0.0004763924932835741,5.947487025336712e-06,4.561041599229199e-06,0.0,0.0,0.9143609494871293,1.0,1.0
0.1,0.05,22,epoch_025,2.0,2,9.741315234097414,0.012784477454474912,0.01402985370434694,0.0012453762498720296,6.569104113144316e-05,5.145503298067035e-05,0.0,0.0,0.33911495042958956,1.0,1.0
0.1,0.05,22,epoch_025,4.0,2,9.119835959504885,0.015454693999704828,0.01686413674017944,0.0014094427404746143,1.737589218618741e-05,1.8641873127416518e-05,0.0,0.0,-1.1867260658507086,1.0,1.0
0.1,0.05,22,epoch_025,8.0,2,4.441412637067432,0.0047762119635064845,0.004988343245226902,0.00021213128172041778,9.857850078765566e-06,1.4077116355883317e-05,0.0,0.0,-1.2636227893299032,1.0,1.0
0.1,0.05,22,initial,0.5,2,-22.019647570620503,0.000497766644748862,0.00038816018385103305,-0.00010960646089782896,9.061323194825046e-06,8.782573732838095e-06,0.0,0.0,-7.3881079958662506,1.0,1.0
0.1,0.05,22,initial,1.0,2,61.798312535180784,0.00027549190381934954,0.00044574125155070175,0.00017024934773135223,1.7661496402685348e-05,1.596186131149766e-05,0.0,0.0,-22.093219384785954,1.0,1.0
0.1,0.05,22,initial,2.0,2,31.56958403870844,0.0017113812762529351,0.0022516572264798898,0.0005402759502269545,9.092888007919253e-06,1.9987464246169824e-05,0.0,0.0,1.1811490540433278,1.0,1.0
0.1,0.05,22,initial,4.0,2,22.882771562067127,0.003911652589476096,0.004806747114843659,0.0008950945253675623,9.797066191521261e-05,0.00011368365298693872,0.0,0.0,1.9576649372559438,1.0,1.0
0.1,0.05,22,initial,8.0,2,16.37453089613328,0.0019606490654646516,0.002281696152401302,0.00032104708693665024,8.420459479145945e-06,8.839885359610927e-06,0.0,0.0,1.2513296736264814,1.0,1.0
0.1,0.05,22,selected,0.5,2,8.057844184378215,0.004970514260763323,0.005371030555057932,0.0004005162942946083,1.4272437371380271e-05,1.4620545475390646e-05,0.0,0.0,-0.19708139619541584,1.0,1.0
0.1,0.05,22,selected,1.0,2,7.823339474559776,0.006354434650470522,0.006851563644865888,0.0004971289943953654,8.448349952571144e-06,1.0316551055130422e-05,0.0,0.0,0.0021749196997660003,1.0,1.0
0.1,0.05,22,selected,2.0,2,8.705722115987314,0.012830137954454425,0.013947094111866697,0.0011169561574122713,3.858605375380849e-05,1.8472003541164163e-05,0.0,0.0,-0.24680361657083177,1.0,1.0
0.1,0.05,22,selected,4.0,2,7.54664024609768,0.015130051707385381,0.016271862279301604,0.0011418105719162236,1.6942182104646752e-05,1.677969563692905e-05,0.0,0.0,-0.7938739463503293,1.0,1.0
0.1,0.05,22,selected,8.0,2,6.343458627756727,0.004729818212527243,0.005029852274006067,0.00030003406147882357,2.0716881462758222e-05,2.4269237089496355e-05,0.0,0.0,-0.17680976263881956,1.0,1.0
0.1,0.05,33,epoch_025,0.5,2,10.599584855397492,0.004774919660890355,0.005281041322123488,0.0005061216612331316,8.093803902504683e-06,4.50693872980931e-06,0.0,0.0,1.5806274379782144,1.0,1.0
0.1,0.05,33,epoch_025,1.0,2,12.933789940965267,0.0059533034155280235,0.0067232911738407345,0.0007699877583127106,6.467101028095521e-06,1.1886493886540019e-05,0.0,0.0,1.420839959902895,1.0,1.0
0.1,0.05,33,epoch_025,2.0,2,14.67909121242309,0.012432210054801976,0.014257145508465692,0.0018249354536637149,2.812990452945215e-05,1.5032437391316164e-05,0.0,0.0,0.5827176325778056,1.0,1.0
0.1,0.05,33,epoch_025,4.0,2,13.536849819334396,0.01531553862032359,0.017388780084377192,0.002073241464053601,2.2593437930414153e-05,2.4397394845911098e-05,0.0,0.0,-0.7710934113399974,1.0,1.0
0.1,0.05,33,epoch_025,8.0,2,11.821991472717663,0.004605342753627846,0.005149785981238424,0.0005444432276105783,3.66745761159844e-06,9.321277042103257e-06,0.0,0.0,-0.053203988825617846,1.0,1.0
0.1,0.05,33,initial,0.5,2,50.231532928698655,0.0007487637614549919,0.0011248792768483581,0.00037611551539336617,2.206133282258995e-05,2.5936890370455485e-05,0.0,0.0,5.788208017338854,1.0,1.0
0.1,0.05,33,initial,1.0,2,48.60576687730152,0.0006773571368487511,0.0010065917677121996,0.0003292346308634485,1.3898644229839862e-05,1.9902689440525256e-05,0.0,0.0,-16.41146477252771,1.0,1.0
0.1,0.05,33,initial,2.0,2,32.01932404766579,0.0020536282601935013,0.002711186147554289,0.000657557887360788,8.594830472658023e-05,9.561394277401579e-05,0.0,0.0,-6.127895572939164,1.0,1.0
0.1,0.05,33,initial,4.0,2,22.62629839028032,0.0033931875609517245,0.004160940259046267,0.0007677526980945431,5.995954293899201e-05,7.949688904057709e-05,0.0,0.0,-6.788047845900219,1.0,1.0
0.1,0.05,33,initial,8.0,2,22.390104401326617,0.0010228356484510799,0.0012518496179929352,0.00022901396954185546,4.469139501535693e-06,3.7824397310593455e-06,0.0,0.0,-3.883998614412111,1.0,1.0
0.1,0.05,33,selected,0.5,2,9.590616573225763,0.004905528626316926,0.005375999067756808,0.0004704704414398822,1.0370940814052683e-05,5.665433977705574e-06,0.0,0.0,1.4905746899805585,1.0,1.0
0.1,0.05,33,selected,1.0,2,11.830668533740385,0.006078138849594223,0.0067972233099101755,0.0007190844603159516,1.045155256863376e-05,7.899259914651245e-06,0.0,0.0,1.440222022064665,1.0,1.0
0.1,0.05,33,selected,2.0,2,13.71620349368461,0.0125851101967704,0.014311309521263917,0.0017261993244935166,2.886506044026642e-05,2.6779142267804256e-05,0.0,0.0,0.6672379651052098,1.0,1.0
0.1,0.05,33,selected,4.0,2,12.797150990948902,0.015275202759550008,0.01722999351932207,0.0019547907597720644,2.400270421837024e-05,1.8634113026635948e-05,0.0,0.0,-0.7386596971655968,1.0,1.0
0.1,0.05,33,selected,8.0,2,10.799187443144698,0.004658859930503308,0.005161978947111238,0.0005031190166079305,2.8883382122945947e-06,3.5013306793502564e-06,0.0,0.0,-0.16184528629806388,1.0,1.0
0.1,0.2,11,epoch_025,0.5,2,4.85771090757674,0.004731282815101645,0.0049611148564791,0.00022983204137745497,1.5125689254899356e-05,1.8354496550318455e-05,0.0,0.0,0.7676027454982007,1.0,1.0
0.1,0.2,11,epoch_025,1.0,2,5.908222688951847,0.0059254288184633665,0.006275516348333508,0.0003500875298701415,3.098284308700846e-05,3.934683573706455e-05,0.0,0.0,1.3908760958113722,1.0,1.0
0.1,0.2,11,epoch_025,2.0,2,7.698041770496267,0.01260899254910579,0.013579638062374742,0.0009706455132689525,2.204589956116677e-05,5.2192084574610645e-05,0.0,0.0,1.470297950279571,1.0,1.0
0.1,0.2,11,epoch_025,4.0,2,9.508283069395674,0.015201573366891197,0.016646981988924336,0.0014454086220331399,5.5647023130021516e-05,4.649165153965596e-05,0.0,0.0,1.2523790818880782,1.0,1.0
0.1,0.2,11,epoch_025,8.0,2,11.568321107323232,0.004990193716002626,0.005567475348955905,0.0005772816329532794,1.5408363520188586e-05,1.7192369060299916e-05,0.0,0.0,0.7206486581077272,1.0,1.0
0.1,0.2,11,initial,0.5,2,11.667695334747208,0.006452744902549145,0.007205631518507009,0.0007528866159578649,0.00010093860769869821,0.00010838244550748682,0.0,0.0,0.7680533100057295,1.0,1.0
0.1,0.2,11,initial,1.0,2,12.817745536606818,0.007377251850885713,0.008322849220726847,0.0009455973698411337,8.90151263180638e-05,0.00010502438518899588,0.0,0.0,1.4991109526785247,1.0,1.0
0.1,0.2,11,initial,2.0,2,14.90081097998689,0.013517466005662643,0.015531678064449954,0.0020142120587873106,0.00039790684226489163,0.00044433723084261987,0.0,0.0,1.5401061098758175,1.0,1.0
0.1,0.2,11,initial,4.0,2,16.63860136233093,0.011264933800613306,0.013139261231194438,0.0018743274305811327,0.000431070922999794,0.00045208578808822003,0.0,0.0,1.9590638446929807,1.0,1.0
0.1,0.2,11,initial,8.0,2,-9.221724767558975,0.0007184010296328587,0.0006521520639527025,-6.624896568015615e-05,2.027449648325895e-05,2.030581583809292e-05,0.0,0.0,12.44303031635473,1.0,1.0
0.1,0.2,11,selected,0.5,2,5.238049172565473,0.004965428611265785,0.0052255202035525125,0.0002600915922867271,1.2853865388404373e-05,1.69301431386023e-05,0.0,0.0,0.5910254697606453,1.0,1.0
0.1,0.2,11,selected,1.0,2,5.986396961349671,0.00633314576795118,0.006712273013761656,0.0003791272458104752,2.572048592664804e-05,3.5463571208678016e-05,0.0,0.0,1.15010505268849,1.0,1.0
0.1,0.2,11,selected,2.0,2,7.650790889458737,0.01315397417813098,0.014160357236153397,0.0010063830580224172,1.083454911743178e-05,4.960596605070312e-05,0.0,0.0,1.2952853301002765,1.0,1.0
0.1,0.2,11,selected,4.0,2,9.185319829165483,0.015681015131318508,0.017121366519683837,0.0014403513883653307,4.7729729212852174e-05,4.753540847444714e-05,0.0,0.0,1.0689174325387094,1.0,1.0
0.1,0.2,11,selected,8.0,2,10.979451913490834,0.004811954384609681,0.005340280602359516,0.0005283262177498342,1.4400362950973906e-05,1.6324373940752523e-05,0.0,0.0,0.6955719168334362,1.0,1.0
0.1,0.2,22,epoch_025,0.5,2,8.364581050407372,0.005175048019184185,0.005607919105146342,0.000432871085962158,1.14977046204359e-05,1.1949973523245096e-05,0.0,0.0,-0.13709636458400953,1.0,1.0
0.1,0.2,22,epoch_025,1.0,2,8.319814479269683,0.006441774091711873,0.006977717745315956,0.0005359436536040837,3.635908909875049e-06,6.754799947471917e-06,0.0,0.0,-0.10994754279090464,1.0,1.0
0.1,0.2,22,epoch_025,2.0,2,8.734824218787907,0.013026895907282574,0.01416477236594713,0.0011378764586645563,6.811611407849625e-05,4.84235123903564e-05,0.0,0.0,-0.573579708519871,1.0,1.0
0.1,0.2,22,epoch_025,4.0,2,7.069302600947269,0.015765005054183566,0.01687948096757845,0.0011144759133948842,4.366828057453746e-05,7.398020809404551e-05,0.0,0.0,-0.997447327571308,1.0,1.0
0.1,0.2,22,epoch_025,8.0,2,5.893794040218426,0.004871320601447176,0.005158426204736978,0.00028710560328980153,1.8209587671120257e-05,2.203937884007619e-05,0.0,0.0,-0.18348042523575506,1.0,1.0
0.1,0.2,22,initial,0.5,2,-22.019647570620503,0.000497766644748862,0.00038816018385103305,-0.00010960646089782896,9.061323194825046e-06,8.782573732838095e-06,0.0,0.0,-7.3881079958662506,1.0,1.0
0.1,0.2,22,initial,1.0,2,61.798312535180784,0.00027549190381934954,0.00044574125155070175,0.00017024934773135223,1.7661496402685348e-05,1.596186131149766e-05,0.0,0.0,-22.093219384785954,1.0,1.0
0.1,0.2,22,initial,2.0,2,31.56958403870844,0.0017113812762529351,0.0022516572264798898,0.0005402759502269545,9.092888007919253e-06,1.9987464246169824e-05,0.0,0.0,1.1811490540433278,1.0,1.0
0.1,0.2,22,initial,4.0,2,22.882771562067127,0.003911652589476096,0.004806747114843659,0.0008950945253675623,9.797066191521261e-05,0.00011368365298693872,0.0,0.0,1.9576649372559438,1.0,1.0
0.1,0.2,22,initial,8.0,2,16.37453089613328,0.0019606490654646516,0.002281696152401302,0.00032104708693665024,8.420459479145945e-06,8.839885359610927e-06,0.0,0.0,1.2513296736264814,1.0,1.0
0.1,0.2,22,selected,0.5,2,8.432968985676315,0.004948933374259709,0.005366275390832814,0.00041734201657310423,7.57308565432014e-06,7.714892333785077e-06,0.0,0.0,-0.1447148267166091,1.0,1.0
0.1,0.2,22,selected,1.0,2,8.377558073572056,0.006257417003967399,0.006781635747380332,0.0005242187434129335,2.8513768843737803e-06,6.074701689134235e-06,0.0,0.0,-0.1259726572873745,1.0,1.0
0.1,0.2,22,selected,2.0,2,8.759273776220521,0.01282536439968628,0.01394877318025256,0.001123408780566282,6.309226517604085e-05,4.448842587596116e-05,0.0,0.0,-0.5804371032855297,1.0,1.0
0.1,0.2,22,selected,4.0,2,7.185188168330214,0.015285491064215926,0.016383782362980805,0.0010982912987648778,1.946455870647569e-05,3.721443431739249e-05,0.0,0.0,-1.0371429060914512,1.0,1.0
0.1,0.2,22,selected,8.0,2,5.734420149451813,0.004645378791306717,0.004911764328721752,0.0002663855374150353,2.0532688615481984e-05,2.44673035746564e-05,0.0,0.0,-0.2693818313973537,1.0,1.0
0.1,0.2,33,epoch_025,0.5,2,8.738454847037769,0.00481929682000427,0.005240428896565053,0.00042113207656078273,4.797059575258048e-06,9.948738977318187e-06,0.0,0.0,2.187056897632991,1.0,1.0
0.1,0.2,33,epoch_025,1.0,2,12.11111806728331,0.0059928576253986615,0.006718659688014864,0.0007258020626162028,1.4736959376430436e-05,1.759573328222623e-05,0.0,0.0,2.1288044296141027,1.0,1.0
0.1,0.2,33,epoch_025,2.0,2,14.381765884471365,0.012402959885402475,0.014186724538864371,0.001783764653461895,3.221454255559403e-05,2.2732415353293323e-05,0.0,0.0,0.9993742799643256,1.0,1.0
0.1,0.2,33,epoch_025,4.0,2,13.64233299525608,0.015139366368826075,0.01720472914372482,0.0020653627748987444,3.3875992869521906e-05,5.948114226617194e-05,0.0,0.0,-0.648186443772961,1.0,1.0
0.1,0.2,33,epoch_025,8.0,2,11.399604966318865,0.004339769715019904,0.004834486318971751,0.000494716603951847,9.226699097246079e-06,5.728082188187819e-06,0.0,0.0,-0.21483360937638377,1.0,1.0
0.1,0.2,33,initial,0.5,2,50.231532928698655,0.0007487637614549919,0.0011248792768483581,0.00037611551539336617,2.206133282258995e-05,2.5936890370455485e-05,0.0,0.0,5.788208017338854,1.0,1.0
0.1,0.2,33,initial,1.0,2,48.60576687730152,0.0006773571368487511,0.0010065917677121996,0.0003292346308634485,1.3898644229839862e-05,1.9902689440525256e-05,0.0,0.0,-16.41146477252771,1.0,1.0
0.1,0.2,33,initial,2.0,2,32.01932404766579,0.0020536282601935013,0.002711186147554289,0.000657557887360788,8.594830472658023e-05,9.561394277401579e-05,0.0,0.0,-6.127895572939164,1.0,1.0
0.1,0.2,33,initial,4.0,2,22.62629839028032,0.0033931875609517245,0.004160940259046267,0.0007677526980945431,5.995954293899201e-05,7.949688904057709e-05,0.0,0.0,-6.788047845900219,1.0,1.0
0.1,0.2,33,initial,8.0,2,22.390104401326617,0.0010228356484510799,0.0012518496179929352,0.00022901396954185546,4.469139501535693e-06,3.7824397310593455e-06,0.0,0.0,-3.883998614412111,1.0,1.0
0.1,0.2,33,selected,0.5,2,8.75827289950103,0.004842054496109194,0.005266134842820993,0.0004240803467117989,4.2573433777276225e-06,4.6897593643691115e-06,0.0,0.0,1.9938518094130206,1.0,1.0
0.1,0.2,33,selected,1.0,2,11.838434958198896,0.006084462428278184,0.006804767555405947,0.000720305127127762,7.0220144991862855e-06,8.741698388067473e-06,0.0,0.0,1.8644631928299567,1.0,1.0
0.1,0.2,33,selected,2.0,2,13.841169463860147,0.01266098450738572,0.014413412828846096,0.001752428321460376,2.4177865229369965e-05,2.2472572081665474e-05,0.0,0.0,0.8155190082443516,1.0,1.0
0.1,0.2,33,selected,4.0,2,12.993002023986222,0.015425845740200651,0.017430126189378725,0.0020042804491780713,3.100402674071307e-05,1.6471563188502275e-05,0.0,0.0,-0.8327241829506203,1.0,1.0
0.1,0.2,33,selected,8.0,2,10.255735941925915,0.00463148296298658,0.0051064756258589385,0.00047499266287235817,9.692012129816352e-06,5.917525728386143e-06,0.0,0.0,-0.3847852788232726,1.0,1.0
0.1,1.0,11,epoch_025,0.5,2,6.153351460292111,0.004570559300114144,0.004851801877551234,0.0002812425774370909,9.92223198800755e-06,1.2642474513265256e-05,0.0,0.0,-0.6191403787823354,1.0,1.0
0.1,1.0,11,epoch_025,1.0,2,4.673408305563765,0.005587781979976211,0.005848921847125219,0.0002611398671490076,1.4880072956014602e-05,1.8422477111357415e-05,0.0,0.0,-0.2625395261008974,1.0,1.0
0.1,1.0,11,epoch_025,2.0,2,4.868623760372481,0.012155298849345571,0.012747094617269028,0.0005917957679234566,1.5441653415164373e-05,1.8973251842392097e-05,0.0,0.0,1.0788047645402523,1.0,1.0
0.1,1.0,11,epoch_025,4.0,2,7.483500040508151,0.015324700502757027,0.01647152447362748,0.00114682397087045,3.3734467575136486e-05,1.6491601138467734e-05,0.0,0.0,1.8929960345426478,1.0,1.0
0.1,1.0,11,epoch_025,8.0,2,11.627507113978519,0.0038762659031819197,0.004326978996829878,0.0004507130936479576,1.2197158881681986e-05,1.4516729482791252e-05,0.0,0.0,1.2865335044360826,1.0,1.0
0.1,1.0,11,initial,0.5,2,11.667695334747208,0.006452744902549145,0.007205631518507009,0.0007528866159578649,0.00010093860769869821,0.00010838244550748682,0.0,0.0,0.7680533100057295,1.0,1.0
0.1,1.0,11,initial,1.0,2,12.817745536606818,0.007377251850885713,0.008322849220726847,0.0009455973698411337,8.90151263180638e-05,0.00010502438518899588,0.0,0.0,1.4991109526785247,1.0,1.0
0.1,1.0,11,initial,2.0,2,14.90081097998689,0.013517466005662643,0.015531678064449954,0.0020142120587873106,0.00039790684226489163,0.00044433723084261987,0.0,0.0,1.5401061098758175,1.0,1.0
0.1,1.0,11,initial,4.0,2,16.63860136233093,0.011264933800613306,0.013139261231194438,0.0018743274305811327,0.000431070922999794,0.00045208578808822003,0.0,0.0,1.9590638446929807,1.0,1.0
0.1,1.0,11,initial,8.0,2,-9.221724767558975,0.0007184010296328587,0.0006521520639527025,-6.624896568015615e-05,2.027449648325895e-05,2.030581583809292e-05,0.0,0.0,12.44303031635473,1.0,1.0
0.1,1.0,11,selected,0.5,2,6.301073320933426,0.004896823818175621,0.005205376277355789,0.00030855245918016755,8.26807761044414e-06,9.947536491082526e-06,0.0,0.0,-0.5319325789674861,1.0,1.0
0.1,1.0,11,selected,1.0,2,5.086392042873156,0.006182313001754458,0.0064967696783412,0.0003144566765867431,1.858092574710135e-05,2.3156553731136935e-05,0.0,0.0,-0.1797035874618438,1.0,1.0
0.1,1.0,11,selected,2.0,2,5.244830747665552,0.012939228675228107,0.013617869319296209,0.0006786406440681021,1.5788233412145676e-05,2.729193808689679e-05,0.0,0.0,0.9240487434547535,1.0,1.0
0.1,1.0,11,selected,4.0,2,7.473215984960657,0.015482402379693897,0.016639435752850724,0.0011570333731568258,7.058894116524289e-05,4.840461755595572e-05,0.0,0.0,1.8203852105680476,1.0,1.0
0.1,1.0,11,selected,8.0,2,11.57785085308598,0.004390727630926589,0.004899079527396261,0.0005083518964696721,1.355241031173334e-05,1.4500953000059858e-05,0.0,0.0,1.114016847777464,1.0,1.0
0.1,1.0,22,epoch_025,0.5,2,5.017969037438252,0.0050413100457730314,0.005294281422951157,0.00025297137717812624,1.277682487401049e-05,2.0152418354891073e-05,0.0,0.0,0.05538468553398993,1.0,1.0
0.1,1.0,22,epoch_025,1.0,2,5.164650424208029,0.006222244425755774,0.006543601598885814,0.00032135717313004023,1.5734785000089544e-05,2.418922475664384e-05,0.0,0.0,0.5855475593413363,1.0,1.0
0.1,1.0,22,epoch_025,2.0,2,7.186482342056366,0.012442371512117937,0.01333654034376944,0.0008941688316515019,0.00012083359318148975,0.0001397985907638146,0.0,0.0,0.2934889859797899,1.0,1.0
0.1,1.0,22,epoch_025,4.0,2,6.925617678245644,0.01599778043558638,0.01710572554568035,0.001107945110093973,0.0002340274250187625,0.0002551249313588807,0.0,0.0,-0.8632296617814775,1.0,1.0
0.1,1.0,22,epoch_025,8.0,2,3.1683202406186384,0.0038478593080968006,0.0039697718134311406,0.00012191250533433954,1.0930047844115356e-05,1.3228392845160176e-05,0.0,0.0,-1.672786464794451,1.0,1.0
0.1,1.0,22,initial,0.5,2,-22.019647570620503,0.000497766644748862,0.00038816018385103305,-0.00010960646089782896,9.061323194825046e-06,8.782573732838095e-06,0.0,0.0,-7.3881079958662506,1.0,1.0
0.1,1.0,22,initial,1.0,2,61.798312535180784,0.00027549190381934954,0.00044574125155070175,0.00017024934773135223,1.7661496402685348e-05,1.596186131149766e-05,0.0,0.0,-22.093219384785954,1.0,1.0
0.1,1.0,22,initial,2.0,2,31.56958403870844,0.0017113812762529351,0.0022516572264798898,0.0005402759502269545,9.092888007919253e-06,1.9987464246169824e-05,0.0,0.0,1.1811490540433278,1.0,1.0
0.1,1.0,22,initial,4.0,2,22.882771562067127,0.003911652589476096,0.004806747114843659,0.0008950945253675623,9.797066191521261e-05,0.00011368365298693872,0.0,0.0,1.9576649372559438,1.0,1.0
0.1,1.0,22,initial,8.0,2,16.37453089613328,0.0019606490654646516,0.002281696152401302,0.00032104708693665024,8.420459479145945e-06,8.839885359610927e-06,0.0,0.0,1.2513296736264814,1.0,1.0
0.1,1.0,22,selected,0.5,2,5.361368967521718,0.004949016534913,0.005214351571613347,0.0002653350367003474,9.678985328640583e-06,1.6061971598494755e-05,0.0,0.0,-0.12394181906899533,1.0,1.0
0.1,1.0,22,selected,1.0,2,5.264387626110167,0.00631802583489849,0.00665063120516533,0.0003326053702668399,1.1314640275770032e-05,1.9179962271548848e-05,0.0,0.0,0.3185366163274146,1.0,1.0
0.1,1.0,22,selected,2.0,2,6.844579434906139,0.013079078671180286,0.013974286600183034,0.0008952079290027483,5.069187968815939e-05,6.156473897361148e-05,0.0,0.0,0.12327486280040975,1.0,1.0
0.1,1.0,22,selected,4.0,2,6.663615203669282,0.015753500216008257,0.016803252852405075,0.0010497526363968182,0.00014945213185728418,0.00016973649726783143,0.0,0.0,-0.9829063844341072,1.0,1.0
0.1,1.0,22,selected,8.0,2,2.6548143129875745,0.004489558342554234,0.004608747780050671,0.00011918943749643623,1.4726393390147088e-05,1.6656241443641093e-05,0.0,0.0,-1.3225922313785168,1.0,1.0
0.1,1.0,33,epoch_025,0.5,2,6.265687566715227,0.004684891905809365,0.004978432595465694,0.00029354068965632826,1.8264999893025975e-05,1.6083302401318716e-05,0.0,0.0,1.6066310468382676,1.0,1.0
0.1,1.0,33,epoch_025,1.0,2,8.902790478483979,0.0057133478289901375,0.006221995215512136,0.0005086473865219981,4.244788626005563e-05,3.83558632650957e-05,0.0,0.0,1.8759897687075253,1.0,1.0
0.1,1.0,33,epoch_025,2.0,2,11.546311002320897,0.011962153668200415,0.01334334113330616,0.0013811874651057463,0.00013141736744790727,0.00012825838777162635,0.0,0.0,0.7952728350279868,1.0,1.0
0.1,1.0,33,epoch_025,4.0,2,10.50363805123834,0.015783073690240908,0.017440870525790953,0.0016577968355500454,0.0001955622566566112,0.0002231740597828361,0.0,0.0,-1.0290678538689928,1.0,1.0
0.1,1.0,33,epoch_025,8.0,2,7.221973927279879,0.003479451997168938,0.003730737113221137,0.00025128511605219885,2.569392603574927e-05,2.6889393256940138e-05,0.0,0.0,-0.9584565739637685,1.0,1.0
0.1,1.0,33,initial,0.5,2,50.231532928698655,0.0007487637614549919,0.0011248792768483581,0.00037611551539336617,2.206133282258995e-05,2.5936890370455485e-05,0.0,0.0,5.788208017338854,1.0,1.0
0.1,1.0,33,initial,1.0,2,48.60576687730152,0.0006773571368487511,0.0010065917677121996,0.0003292346308634485,1.3898644229839862e-05,1.9902689440525256e-05,0.0,0.0,-16.41146477252771,1.0,1.0
0.1,1.0,33,initial,2.0,2,32.01932404766579,0.0020536282601935013,0.002711186147554289,0.000657557887360788,8.594830472658023e-05,9.561394277401579e-05,0.0,0.0,-6.127895572939164,1.0,1.0
0.1,1.0,33,initial,4.0,2,22.62629839028032,0.0033931875609517245,0.004160940259046267,0.0007677526980945431,5.995954293899201e-05,7.949688904057709e-05,0.0,0.0,-6.788047845900219,1.0,1.0
0.1,1.0,33,initial,8.0,2,22.390104401326617,0.0010228356484510799,0.0012518496179929352,0.00022901396954185546,4.469139501535693e-06,3.7824397310593455e-06,0.0,0.0,-3.883998614412111,1.0,1.0
0.1,1.0,33,selected,0.5,2,6.394324990392519,0.004908107803992867,0.005221948167858978,0.0003138403638661114,9.549779109180979e-06,9.579544294844004e-06,0.0,0.0,1.345585057532001,1.0,1.0
0.1,1.0,33,selected,1.0,2,8.498286869636152,0.006125293182743033,0.0066458381690188,0.0005205449862757676,2.4163497824917342e-05,2.209795470763345e-05,0.0,0.0,1.586935503408089,1.0,1.0
0.1,1.0,33,selected,2.0,2,10.971583326059175,0.012592352516943564,0.013973932966051492,0.0013815804491079282,0.00010395657316060881,0.0001017638399130328,0.0,0.0,0.8396965442389911,1.0,1.0
0.1,1.0,33,selected,4.0,2,10.459092796282132,0.015695528954891857,0.017337138830185173,0.0016416098752933157,0.0001939609328590405,0.00021573676188786964,0.0,0.0,-1.0691037921485227,1.0,1.0
0.1,1.0,33,selected,8.0,2,6.574742531546107,0.0041764293218061795,0.004451018796644937,0.00027458947483875685,2.737484635421144e-05,2.879075552943953e-05,0.0,0.0,-0.930441453392981,1.0,1.0
0.2,0.01,11,epoch_025,0.5,2,4.213592103586006,0.006315979771222386,0.0065821093961265995,0.0002661296249042138,6.693708339823172e-05,7.159309673002514e-05,0.0,0.0,0.43293096659381153,1.0,1.0
0.2,0.01,11,epoch_025,1.0,2,4.716218757599833,0.011487118907907948,0.012028876564550494,0.0005417576566425471,8.971079794993292e-05,0.00010266475935167627,0.0,0.0,-0.07077751280851736,1.0,1.0
0.2,0.01,11,epoch_025,2.0,2,4.064497975218129,0.010649640267967659,0.011082494681027222,0.00043285441305956386,6.567577479208902e-05,7.034030463801952e-05,0.0,0.0,-0.19147393680425737,1.0,1.0
0.2,0.01,11,epoch_025,4.0,2,3.6697401277909325,0.003397418938869701,0.003522095384979125,0.00012467644610942392,3.232762597101542e-06,3.2548986312962275e-06,0.0,0.0,-0.3229312126354474,1.0,1.0
0.2,0.01,11,epoch_025,8.0,2,3.0516182211263065,0.0009965708606658919,0.001026982398604083,3.0411537938191215e-05,4.740637401360967e-07,4.2482791208373235e-07,0.0,0.0,-0.10312856549760571,1.0,1.0
0.2,0.01,11,initial,0.5,2,17.170054125211433,0.006382693751515938,0.007478605723297695,0.0010959119717817577,0.00019454875562008797,0.00022224468204504807,0.0,0.0,2.609095221693018,1.0,1.0
0.2,0.01,11,initial,1.0,2,24.594383318192236,0.0073958754168577286,0.009214845366615574,0.0018189699497578459,0.00012948508374182666,0.0002034311662816022,0.0,0.0,4.1400677183193375,1.0,1.0
0.2,0.01,11,initial,2.0,2,26.48636645595397,0.0068257432985510055,0.00863363468194667,0.0018078913833956657,0.00031376656301460937,0.0003643516696344071,0.0,0.0,1.268908138603359,1.0,1.0
0.2,0.01,11,initial,4.0,2,34.63737890834834,0.001342332211419309,0.0018072809056990896,0.00046494869427978055,1.6298893503041526e-05,1.8618542050952047e-05,0.0,0.0,3.9033518855078073,1.0,1.0
0.2,0.01,11,initial,8.0,2,-5.0745684688214165,0.0007170171585855823,0.0006806316319035678,-3.6385526682014514e-05,1.1600576322946215e-06,1.1285781241361872e-06,0.0,0.0,1.442122489691401,1.0,1.0
0.2,0.01,11,selected,0.5,2,4.694757472669664,0.0068011017788943105,0.007120397012882848,0.000319295233988538,4.4707248261210666e-05,4.829527396227101e-05,0.0,0.0,0.40671783063997924,1.0,1.0
0.2,0.01,11,selected,1.0,2,5.211339144923799,0.011848607018954162,0.012466078114661116,0.0006174710957069542,5.952247838489099e-05,6.704681121122124e-05,0.0,0.0,-0.014853034764235414,1.0,1.0
0.2,0.01,11,selected,2.0,2,4.897704850725571,0.010492992238959758,0.011006908028831561,0.0005139157898718036,2.1068619313958212e-05,2.7833915946343832e-05,0.0,0.0,-0.24040063413990392,1.0,1.0
0.2,0.01,11,selected,4.0,2,4.106555663531797,0.003561223956410614,0.003707467600478461,0.00014624364406784734,4.122117990684423e-06,4.082349629298482e-06,0.0,0.0,-0.497668075073829,1.0,1.0
0.2,0.01,11,selected,8.0,2,3.3635131684340736,0.0014741693808817866,0.0015237532621320202,4.958388125023345e-05,1.0751152741324794e-06,9.329566066205863e-07,0.0,0.0,-0.09516342909344991,1.0,1.0
0.2,0.01,22,epoch_025,0.5,2,13.009278405944736,0.006490411717556461,0.007334767447585454,0.0008443557300289932,3.248673927602173e-05,4.965658778719728e-05,0.0,0.0,-1.4353206766209863,1.0,1.0
0.2,0.01,22,epoch_025,1.0,2,11.191348807921575,0.01149265396970542,0.012778836962742601,0.0012861829930371806,0.00012110826049388824,0.00014845248957612425,0.0,0.0,-1.3765991461444294,1.0,1.0
0.2,0.01,22,epoch_025,2.0,2,11.201268316893032,0.01058283520754192,0.011768246974672868,0.001185411767130948,0.00012316316431524088,0.00012751914609411156,0.0,0.0,-1.3880839740309583,1.0,1.0
0.2,0.01,22,epoch_025,4.0,2,9.60000142368187,0.0035577904539575386,0.003899338388194999,0.0003415479342374604,1.3533872349717945e-05,1.3108442490546764e-05,0.0,0.0,-2.6110336952261157,1.0,1.0
0.2,0.01,22,epoch_025,8.0,2,1.3356834973645038,0.001092065183589488,0.0011066517180216072,1.4586534432119136e-05,7.302073639830615e-07,5.966556438422928e-07,0.0,0.0,-3.6163464396319758,1.0,1.0
0.2,0.01,22,initial,0.5,2,38.47299330313951,0.0007943181222510883,0.0010999160802299983,0.00030559795797890997,1.0369643751439578e-05,8.223182744051605e-06,0.0,0.0,16.12215887415448,1.0,1.0
0.2,0.01,22,initial,1.0,2,-24.411991171654197,0.0008249097759944914,0.0006235328743044575,-0.0002013769016900339,3.8084752523070025e-05,3.097287465725469e-05,0.0,0.0,-18.31801508829063,1.0,1.0
0.2,0.01,22,initial,2.0,2,31.542477084561238,0.0013824279986894982,0.0018184800333819117,0.0004360520346924137,4.437659278582826e-05,5.2146836655446894e-05,0.0,0.0,-13.317126191561698,1.0,1.0
0.2,0.01,22,initial,4.0,2,22.045615281468088,0.0008373271355619062,0.0010219210545168427,0.00018459391895493665,8.246637641671982e-06,8.80834041486922e-06,0.0,0.0,-5.762038852293615,1.0,1.0
0.2,0.01,22,initial,8.0,2,15.467928878551252,0.0006182072809685748,0.0007138311434469427,9.562386247836805e-05,1.4518142621354347e-06,1.5271473858417934e-06,0.0,0.0,-0.8840099676183656,1.0,1.0
0.2,0.01,22,selected,0.5,2,12.186189110192814,0.006898085059225527,0.0077386987495247205,0.0008406136902991937,1.302799471206455e-05,2.8648849539928287e-05,0.0,0.0,-1.1020042565938757,1.0,1.0
0.2,0.01,22,selected,1.0,2,10.70841347253787,0.011686314997300625,0.012937733926914673,0.001251418929614047,6.288393113968954e-05,8.858670501783301e-05,0.0,0.0,-1.0869660383803477,1.0,1.0
0.2,0.01,22,selected,2.0,2,11.33860854959483,0.01024612312816661,0.01140789092117888,0.0011617677930122697,7.913282891524844e-05,8.27687273841572e-05,0.0,0.0,-1.1458034325650543,1.0,1.0
0.2,0.01,22,selected,4.0,2,9.422099824332308,0.003397020799204651,0.0037170914899303546,0.00032007069072570384,9.329003180408946e-06,9.004797839038473e-06,0.0,0.0,-2.842550736145292,1.0,1.0
0.2,0.01,22,selected,8.0,2,1.1569898309925386,0.0013762082151592076,0.0013921308042662852,1.592258910707771e-05,1.1866028471835229e-06,1.065083701740163e-06,0.0,0.0,-2.4789878607160722,1.0,1.0
0.2,0.01,33,epoch_025,0.5,2,9.991508945157035,0.006146434132237386,0.006760555648368019,0.0006141215161306322,3.490593714263646e-05,4.707193979646701e-05,0.0,0.0,-0.1695496234784919,1.0,1.0
0.2,0.01,33,epoch_025,1.0,2,10.237571854850646,0.011132749417714527,0.012272472638773525,0.001139723221058997,7.1635318283574e-05,9.055490847767743e-05,0.0,0.0,0.0692483189424541,1.0,1.0
0.2,0.01,33,epoch_025,2.0,2,10.200849319013416,0.010553404853847675,0.011629941781014135,0.0010765369271664585,0.000101737697261116,0.00011632223828330284,0.0,0.0,-0.5328562974317725,1.0,1.0
0.2,0.01,33,epoch_025,4.0,2,9.590495596236925,0.003123592479833139,0.0034231604790547227,0.00029956799922158345,1.0044424279117387e-05,1.1546045549977943e-05,0.0,0.0,-0.745014245194618,1.0,1.0
0.2,0.01,33,epoch_025,8.0,2,7.665361702276785,0.0010131458750434158,0.001090807170931443,7.766129588802743e-05,2.989437244161158e-06,3.4134760300114876e-06,0.0,0.0,-0.6273423062013606,1.0,1.0
0.2,0.01,33,initial,0.5,2,56.08626461846511,0.0002862336590478127,0.0004467714264885128,0.00016053776744070008,3.896395311965396e-05,4.264818421996058e-05,0.0,0.0,-0.5185641547785659,1.0,1.0
0.2,0.01,33,initial,1.0,2,14.851514431807589,0.002888201325121873,0.0033171429617419733,0.0004289416366201001,2.946931938817446e-05,3.534710876179534e-05,0.0,0.0,-3.224300435994028,1.0,1.0
0.2,0.01,33,initial,2.0,2,17.760700223361393,0.0018836923720466337,0.0022182493273759877,0.0003345569553293538,9.83208694737198e-05,0.00010654772651520671,0.0,0.0,-0.10050222087909716,1.0,1.0
0.2,0.01,33,initial,4.0,2,14.594771084875912,0.0008417965980383191,0.0009646548845325146,0.0001228582864941956,3.357792627382602e-06,3.6047258397623616e-06,0.0,0.0,-1.8441250172662904,1.0,1.0
0.2,0.01,33,initial,8.0,2,16.22034727579169,0.0003867317633406567,0.00044946099832204823,6.272923498139158e-05,1.0243092763185338e-06,1.043856760772564e-06,0.0,0.0,-1.340507485931073,1.0,1.0
0.2,0.01,33,selected,0.5,2,9.434740357203097,0.006959666371194445,0.0076162928230442285,0.0006566264518497837,2.5504695593153933e-05,3.84477408469505e-05,0.0,0.0,0.04715628323830949,1.0,1.0
0.2,0.01,33,selected,1.0,2,9.839707590885283,0.011719598487782649,0.012872772709806291,0.0011531742220236441,3.1772654958716344e-05,5.144445271007611e-05,0.0,0.0,0.31959155343328016,1.0,1.0
0.2,0.01,33,selected,2.0,2,10.332452970382622,0.010558826171039627,0.011649811919386757,0.0010909857483471308,9.992700934523216e-05,0.00011424907740106347,0.0,0.0,-0.3095760966207438,1.0,1.0
0.2,0.01,33,selected,4.0,2,9.556148019357234,0.0035103491505925105,0.0038458033114285896,0.00033545416083607905,1.249130245558377e-05,1.4296985481285379e-05,0.0,0.0,-0.610838677599427,1.0,1.0
0.2,0.01,33,selected,8.0,2,8.172621525139578,0.0015162251013933292,0.0016401404403873266,0.00012391533899399742,4.3860973066179686e-06,5.035012504301754e-06,0.0,0.0,-0.41229635811449816,1.0,1.0
0.2,0.05,11,epoch_025,0.5,2,6.33157012287281,0.00709222205222039,0.007541271064726597,0.000449049012506207,5.751339143271815e-05,6.458176955156602e-05,0.0,0.0,-0.19001835855111307,1.0,1.0
0.2,0.05,11,epoch_025,1.0,2,6.074912258468245,0.012107975400112703,0.01284352428194645,0.0007355488818337466,7.730440281753404e-05,8.872610289510296e-05,0.0,0.0,-0.9407105297280813,1.0,1.0
0.2,0.05,11,epoch_025,2.0,2,4.780091838735768,0.010949171256414056,0.011472551698051206,0.0005233804416371508,2.1794960068788102e-05,2.688771069198979e-05,0.0,0.0,-1.3506569945269473,1.0,1.0
0.2,0.05,11,epoch_025,4.0,2,2.637701557750882,0.0038507918102852834,0.003952364205851784,0.00010157239556650064,7.027052181831392e-06,6.349054682243835e-06,0.0,0.0,-1.511748711816571,1.0,1.0
0.2,0.05,11,epoch_025,8.0,2,0.5163901286251771,0.001189180713304067,0.0011953215251076141,6.140811803547093e-06,1.4613187457474392e-06,1.2580871634651621e-06,0.0,0.0,-0.6641629812720812,1.0,1.0
0.2,0.05,11,initial,0.5,2,17.170054125211433,0.006382693751515938,0.007478605723297695,0.0010959119717817577,0.00019454875562008797,0.00022224468204504807,0.0,0.0,2.609095221693018,1.0,1.0
0.2,0.05,11,initial,1.0,2,24.594383318192236,0.0073958754168577286,0.009214845366615574,0.0018189699497578459,0.00012948508374182666,0.0002034311662816022,0.0,0.0,4.1400677183193375,1.0,1.0
0.2,0.05,11,initial,2.0,2,26.48636645595397,0.0068257432985510055,0.00863363468194667,0.0018078913833956657,0.00031376656301460937,0.0003643516696344071,0.0,0.0,1.268908138603359,1.0,1.0
0.2,0.05,11,initial,4.0,2,34.63737890834834,0.001342332211419309,0.0018072809056990896,0.00046494869427978055,1.6298893503041526e-05,1.8618542050952047e-05,0.0,0.0,3.9033518855078073,1.0,1.0
0.2,0.05,11,initial,8.0,2,-5.0745684688214165,0.0007170171585855823,0.0006806316319035678,-3.6385526682014514e-05,1.1600576322946215e-06,1.1285781241361872e-06,0.0,0.0,1.442122489691401,1.0,1.0
0.2,0.05,11,selected,0.5,2,7.409737381869297,0.007008385572524683,0.007527688538157431,0.0005193029656327488,2.6874843013012743e-05,3.251389786504499e-05,0.0,0.0,-0.2331621182163145,1.0,1.0
0.2,0.05,11,selected,1.0,2,7.099597895818444,0.011965127404905499,0.012814603338376158,0.0008494759334706581,4.4306173176279935e-05,4.7477449821944625e-05,0.0,0.0,-0.7432075200003616,1.0,1.0
0.2,0.05,11,selected,2.0,2,6.345888026138791,0.010565429209841205,0.011235899516978443,0.0006704703071372395,2.4437477609030785e-05,2.7900742329203147e-05,0.0,0.0,-1.0712092412970942,1.0,1.0
0.2,0.05,11,selected,4.0,2,4.402940256489307,0.0036546791938194224,0.0038155925352871996,0.00016091334146777717,3.0983102897636248e-06,2.4107269808229807e-06,0.0,0.0,-1.3920570338126423,1.0,1.0
0.2,0.05,11,selected,8.0,2,2.3892111540554817,0.0015079361797190865,0.001543963959115408,3.602777939632146e-05,1.928571439229265e-06,1.8289955844176667e-06,0.0,0.0,-0.5120279665543722,1.0,1.0
0.2,0.05,22,epoch_025,0.5,2,13.00881368771546,0.007085744930447469,0.008007516286835914,0.0009217713563884453,1.2497774333338564e-05,1.965396899495471e-05,0.0,0.0,-1.1474684669964097,1.0,1.0
0.2,0.05,22,epoch_025,1.0,2,11.841123273137143,0.011903153234580686,0.013312620282477816,0.00140946704789713,5.0123049958223364e-05,5.880226456266725e-05,0.0,0.0,-0.886255125618179,1.0,1.0
0.2,0.05,22,epoch_025,2.0,2,12.346167443098855,0.010739902529300474,0.012065868878793531,0.0013259663494930582,6.935397180247719e-05,7.241079763972302e-05,0.0,0.0,-1.6751078771571297,1.0,1.0
0.2,0.05,22,epoch_025,4.0,2,9.283105088161204,0.0037699800897699905,0.004119951303298156,0.0003499712135281649,1.2052427749925374e-05,1.3318504277208738e-05,0.0,0.0,-2.7808893608240526,1.0,1.0
0.2,0.05,22,epoch_025,8.0,2,3.0854751536828373,0.0012787003776777348,0.001318154360120072,3.945398244233739e-05,1.304004565318185e-06,1.3034001672345222e-06,0.0,0.0,-2.0102161038126347,1.0,1.0
0.2,0.05,22,initial,0.5,2,38.47299330313951,0.0007943181222510883,0.0010999160802299983,0.00030559795797890997,1.0369643751439578e-05,8.223182744051605e-06,0.0,0.0,16.12215887415448,1.0,1.0
0.2,0.05,22,initial,1.0,2,-24.411991171654197,0.0008249097759944914,0.0006235328743044575,-0.0002013769016900339,3.8084752523070025e-05,3.097287465725469e-05,0.0,0.0,-18.31801508829063,1.0,1.0
0.2,0.05,22,initial,2.0,2,31.542477084561238,0.0013824279986894982,0.0018184800333819117,0.0004360520346924137,4.437659278582826e-05,5.2146836655446894e-05,0.0,0.0,-13.317126191561698,1.0,1.0
0.2,0.05,22,initial,4.0,2,22.045615281468088,0.0008373271355619062,0.0010219210545168427,0.00018459391895493665,8.246637641671982e-06,8.80834041486922e-06,0.0,0.0,-5.762038852293615,1.0,1.0
0.2,0.05,22,initial,8.0,2,15.467928878551252,0.0006182072809685748,0.0007138311434469427,9.562386247836805e-05,1.4518142621354347e-06,1.5271473858417934e-06,0.0,0.0,-0.8840099676183656,1.0,1.0
0.2,0.05,22,selected,0.5,2,12.695367415544379,0.006965630521220199,0.007849942908698473,0.0008843123874782734,4.804454397174286e-06,1.1092435729129125e-05,0.0,0.0,-1.0585043528172244,1.0,1.0
0.2,0.05,22,selected,1.0,2,11.59264882653892,0.0117930219132681,0.013160145529710046,0.0013671236164419466,2.4130054698675373e-05,3.2788058928960546e-05,0.0,0.0,-0.8070743915753592,1.0,1.0
0.2,0.05,22,selected,2.0,2,12.48037609099233,0.010358768696624934,0.011651581988359722,0.0012928132917347868,3.338984147307836e-05,3.590707469333089e-05,0.0,0.0,-1.5456535161465508,1.0,1.0
0.2,0.05,22,selected,4.0,2,9.143321201698406,0.003567419124428705,0.0038935997135725537,0.00032618058914384886,8.989785503871512e-06,1.0122468366041037e-05,0.0,0.0,-2.99799996529837,1.0,1.0
0.2,0.05,22,selected,8.0,2,2.970293674664859,0.001481912281519569,0.0015259294282769778,4.401714675740867e-05,1.629000752016565e-06,1.6177922742390142e-06,0.0,0.0,-1.531173976793444,1.0,1.0
0.2,0.05,33,epoch_025,0.5,2,9.929835123595975,0.006956835663530421,0.00764763797473858,0.0006908023112081585,1.9740082382885382e-05,2.6148301840157877e-05,0.0,0.0,-0.4379331157133366,1.0,1.0
0.2,0.05,33,epoch_025,1.0,2,10.072346663924558,0.011660163653402139,0.012834615758153731,0.0011744521047515923,4.709659544227849e-05,5.387898406832593e-05,0.0,0.0,0.4089581763037265,1.0,1.0
0.2,0.05,33,epoch_025,2.0,2,11.388194813104835,0.010478306268249582,0.01167159619919092,0.001193289930941338,2.7329470963470624e-05,2.96609601459428e-05,0.0,0.0,-0.5992159917593916,1.0,1.0
0.2,0.05,33,epoch_025,4.0,2,9.995853012767885,0.003515178158129331,0.0038665501999539265,0.0003513720418245956,3.364190168039226e-06,3.882069950079692e-06,0.0,0.0,-1.3066594060763044,1.0,1.0
0.2,0.05,33,epoch_025,8.0,2,6.760136934333194,0.0013617383557893372,0.001453793733308535,9.205537751919794e-05,3.2093059008243424e-06,3.6072542414263906e-06,0.0,0.0,-1.0005540724320605,1.0,1.0
0.2,0.05,33,initial,0.5,2,56.08626461846511,0.0002862336590478127,0.0004467714264885128,0.00016053776744070008,3.896395311965396e-05,4.264818421996058e-05,0.0,0.0,-0.5185641547785659,1.0,1.0
0.2,0.05,33,initial,1.0,2,14.851514431807589,0.002888201325121873,0.0033171429617419733,0.0004289416366201001,2.946931938817446e-05,3.534710876179534e-05,0.0,0.0,-3.224300435994028,1.0,1.0
0.2,0.05,33,initial,2.0,2,17.760700223361393,0.0018836923720466337,0.0022182493273759877,0.0003345569553293538,9.83208694737198e-05,0.00010654772651520671,0.0,0.0,-0.10050222087909716,1.0,1.0
0.2,0.05,33,initial,4.0,2,14.594771084875912,0.0008417965980383191,0.0009646548845325146,0.0001228582864941956,3.357792627382602e-06,3.6047258397623616e-06,0.0,0.0,-1.8441250172662904,1.0,1.0
0.2,0.05,33,initial,8.0,2,16.22034727579169,0.0003867317633406567,0.00044946099832204823,6.272923498139158e-05,1.0243092763185338e-06,1.043856760772564e-06,0.0,0.0,-1.340507485931073,1.0,1.0
0.2,0.05,33,selected,0.5,2,8.680477137859853,0.007017149164680301,0.007626271193649949,0.000609122028969648,1.687165325057741e-05,2.3428656923107823e-05,0.0,0.0,-0.09817527608655184,1.0,1.0
0.2,0.05,33,selected,1.0,2,8.923650887177192,0.011738154304185209,0.012785626214888865,0.0010474719107036578,2.660210436482409e-05,3.812423539560023e-05,0.0,0.0,0.3580655786988563,1.0,1.0
0.2,0.05,33,selected,2.0,2,9.89908102335255,0.010458283333847376,0.011493557274716272,0.0010352739408688947,1.3550822226125368e-05,1.586696518972117e-05,0.0,0.0,-0.2998201115915051,1.0,1.0
0.2,0.05,33,selected,4.0,2,8.925018170773548,0.0035808656837426358,0.003900458596687747,0.00031959291294511106,3.7911694903365104e-06,4.319737298703095e-06,0.0,0.0,-0.8216240333429027,1.0,1.0
0.2,0.05,33,selected,8.0,2,6.927508183079012,0.0014982064349109675,0.0016019948082893077,0.00010378837337834035,3.215391720282174e-06,3.651248269581485e-06,0.0,0.0,-0.5689435886322037,1.0,1.0
0.2,0.2,11,epoch_025,0.5,2,6.526614845125289,0.006895558225777618,0.007345604752595442,0.0004500465268178237,2.8928502453197543e-05,3.493389276726185e-05,0.0,0.0,-0.24349548288981435,1.0,1.0
0.2,0.2,11,epoch_025,1.0,2,6.240081445365931,0.01169097283683061,0.012420499063604446,0.000729526226773837,1.9964371018852896e-05,2.9293719780257294e-05,0.0,0.0,-0.981500188744444,1.0,1.0
0.2,0.2,11,epoch_025,2.0,2,4.769845962006736,0.010977113025704241,0.011500704408105723,0.0005235913824014823,3.391778693382135e-05,3.8221547818307656e-05,0.0,0.0,-1.4011053805488267,1.0,1.0
0.2,0.2,11,epoch_025,4.0,2,2.7512469635883163,0.003995162225399196,0.004105079004803417,0.00010991677940422242,4.313686775762875e-06,3.839052949129665e-06,0.0,0.0,-1.409096122653971,1.0,1.0
0.2,0.2,11,epoch_025,8.0,2,1.0001523262910816,0.0009204420551145034,0.0009296478777384027,9.205822623899315e-06,1.0513825670026444e-06,8.864604401794054e-07,0.0,0.0,-0.8581277186303916,1.0,1.0
0.2,0.2,11,initial,0.5,2,17.170054125211433,0.006382693751515938,0.007478605723297695,0.0010959119717817577,0.00019454875562008797,0.00022224468204504807,0.0,0.0,2.609095221693018,1.0,1.0
0.2,0.2,11,initial,1.0,2,24.594383318192236,0.0073958754168577286,0.009214845366615574,0.0018189699497578459,0.00012948508374182666,0.0002034311662816022,0.0,0.0,4.1400677183193375,1.0,1.0
0.2,0.2,11,initial,2.0,2,26.48636645595397,0.0068257432985510055,0.00863363468194667,0.0018078913833956657,0.00031376656301460937,0.0003643516696344071,0.0,0.0,1.268908138603359,1.0,1.0
0.2,0.2,11,initial,4.0,2,34.63737890834834,0.001342332211419309,0.0018072809056990896,0.00046494869427978055,1.6298893503041526e-05,1.8618542050952047e-05,0.0,0.0,3.9033518855078073,1.0,1.0
0.2,0.2,11,initial,8.0,2,-5.0745684688214165,0.0007170171585855823,0.0006806316319035678,-3.6385526682014514e-05,1.1600576322946215e-06,1.1285781241361872e-06,0.0,0.0,1.442122489691401,1.0,1.0
0.2,0.2,11,selected,0.5,2,6.467052467374746,0.00702273750325898,0.0074769016222405935,0.00045416411898161315,1.4821855932454861e-05,1.8293802671087023e-05,0.0,0.0,-0.14126721267189288,1.0,1.0
0.2,0.2,11,selected,1.0,2,6.357142898463131,0.01194185488180525,0.012701015661368708,0.0007591607795634572,3.131833628722231e-05,2.5995999398966678e-05,0.0,0.0,-0.773495612584163,1.0,1.0
0.2,0.2,11,selected,2.0,2,5.268673654328149,0.010740855000170926,0.011306755597813843,0.000565900597642918,2.1617546944602215e-05,2.2370186177444193e-05,0.0,0.0,-1.27513565432936,1.0,1.0
0.2,0.2,11,selected,4.0,2,3.111445617200903,0.003840185153663641,0.00395967042632072,0.00011948527265707868,5.146471152177605e-06,4.627591383000225e-06,0.0,0.0,-1.4460182584899681,1.0,1.0
0.2,0.2,11,selected,8.0,2,1.2103311756730184,0.0011829135162933985,0.0011972306873523476,1.4317171058949251e-05,1.7044413830471747e-06,1.5384860835586117e-06,0.0,0.0,-0.5701005864304215,1.0,1.0
0.2,0.2,22,epoch_025,0.5,2,14.167811067800685,0.007044847438062936,0.008042948113102428,0.000998100675039493,3.7461209799346225e-06,1.1482866032057353e-05,0.0,0.0,-0.7955014595093314,1.0,1.0
0.2,0.2,22,epoch_025,1.0,2,13.336422827939797,0.011768491906018991,0.013337987747077572,0.0015694958410585802,4.2346503818343115e-05,4.3904014908949514e-05,0.0,0.0,-0.8934778237248443,1.0,1.0
0.2,0.2,22,epoch_025,2.0,2,13.205874213576019,0.01086431714991911,0.012299045206901383,0.0014347280569822745,7.246577756150416e-05,7.31775871247348e-05,0.0,0.0,-1.50699417985153,1.0,1.0
0.2,0.2,22,epoch_025,4.0,2,10.695766537396102,0.003917662384609412,0.004336686406984182,0.0004190240223747696,1.1577453637477847e-05,1.2621192077800229e-05,0.0,0.0,-2.285211910608707,1.0,1.0
0.2,0.2,22,epoch_025,8.0,2,5.279514138133601,0.001014843858432586,0.001068422683401053,5.3578824968467e-05,1.403761061183929e-06,1.3425416464594668e-06,0.0,0.0,-2.7911510623850324,1.0,1.0
0.2,0.2,22,initial,0.5,2,38.47299330313951,0.0007943181222510883,0.0010999160802299983,0.00030559795797890997,1.0369643751439578e-05,8.223182744051605e-06,0.0,0.0,16.12215887415448,1.0,1.0
0.2,0.2,22,initial,1.0,2,-24.411991171654197,0.0008249097759944914,0.0006235328743044575,-0.0002013769016900339,3.8084752523070025e-05,3.097287465725469e-05,0.0,0.0,-18.31801508829063,1.0,1.0
0.2,0.2,22,initial,2.0,2,31.542477084561238,0.0013824279986894982,0.0018184800333819117,0.0004360520346924137,4.437659278582826e-05,5.2146836655446894e-05,0.0,0.0,-13.317126191561698,1.0,1.0
0.2,0.2,22,initial,4.0,2,22.045615281468088,0.0008373271355619062,0.0010219210545168427,0.00018459391895493665,8.246637641671982e-06,8.80834041486922e-06,0.0,0.0,-5.762038852293615,1.0,1.0
0.2,0.2,22,initial,8.0,2,15.467928878551252,0.0006182072809685748,0.0007138311434469427,9.562386247836805e-05,1.4518142621354347e-06,1.5271473858417934e-06,0.0,0.0,-0.8840099676183656,1.0,1.0
0.2,0.2,22,selected,0.5,2,13.388113004892709,0.007188538279641934,0.008150947907920408,0.0009624096282784735,4.552956875971562e-06,1.0411508966820652e-05,0.0,0.0,-0.7177081808182375,1.0,1.0
0.2,0.2,22,selected,1.0,2,12.539507344687916,0.012058679322063337,0.013570778301325831,0.001512098979262493,1.4779443558417736e-05,2.674175693407639e-05,0.0,0.0,-0.7000822531623129,1.0,1.0
0.2,0.2,22,selected,2.0,2,13.322897733333829,0.010625363402850297,0.012040969702805252,0.001415606299954954,3.890251202629509e-05,4.0936185284471714e-05,0.0,0.0,-1.1824093527875887,1.0,1.0
0.2,0.2,22,selected,4.0,2,10.601537664707116,0.0038016762328699103,0.004204712370586958,0.0004030361377170479,7.86503998582224e-06,8.631024532387815e-06,0.0,0.0,-2.4314902276299346,1.0,1.0
0.2,0.2,22,selected,8.0,2,4.650126696019996,0.0012118362728295931,0.001268188194848531,5.635192201893782e-05,1.6079689426010909e-06,1.5059292761395802e-06,0.0,0.0,-2.178372111138668,1.0,1.0
0.2,0.2,33,epoch_025,0.5,2,8.043213442656828,0.0068224442675678355,0.007371188022014585,0.0005487437544467498,2.4048778858192812e-05,2.895823768041076e-05,0.0,0.0,0.02349652293693391,1.0,1.0
0.2,0.2,33,epoch_025,1.0,2,8.683009562180853,0.011338613138655999,0.012323146001704194,0.0009845328630481952,7.238165019584421e-05,8.05227320009e-05,0.0,0.0,0.5877137396106362,1.0,1.0
0.2,0.2,33,epoch_025,2.0,2,9.466835883206516,0.010859518720740617,0.011887571535739081,0.0010280528149984643,2.7970276322651726e-05,3.1079249796708456e-05,0.0,0.0,-0.3824427070843093,1.0,1.0
0.2,0.2,33,epoch_025,4.0,2,8.746167178733177,0.0035620432686441546,0.0038735855278939097,0.00031154225924975463,3.496125889003729e-06,3.882239341755471e-06,0.0,0.0,-0.6551827683705098,1.0,1.0
0.2,0.2,33,epoch_025,8.0,2,6.932583404076609,0.0008948892123524498,0.0009569281533753856,6.203894102293589e-05,2.0593700377335968e-06,2.328162061955672e-06,0.0,0.0,-0.9959337292230243,1.0,1.0
0.2,0.2,33,initial,0.5,2,56.08626461846511,0.0002862336590478127,0.0004467714264885128,0.00016053776744070008,3.896395311965396e-05,4.264818421996058e-05,0.0,0.0,-0.5185641547785659,1.0,1.0
0.2,0.2,33,initial,1.0,2,14.851514431807589,0.002888201325121873,0.0033171429617419733,0.0004289416366201001,2.946931938817446e-05,3.534710876179534e-05,0.0,0.0,-3.224300435994028,1.0,1.0
0.2,0.2,33,initial,2.0,2,17.760700223361393,0.0018836923720466337,0.0022182493273759877,0.0003345569553293538,9.83208694737198e-05,0.00010654772651520671,0.0,0.0,-0.10050222087909716,1.0,1.0
0.2,0.2,33,initial,4.0,2,14.594771084875912,0.0008417965980383191,0.0009646548845325146,0.0001228582864941956,3.357792627382602e-06,3.6047258397623616e-06,0.0,0.0,-1.8441250172662904,1.0,1.0
0.2,0.2,33,initial,8.0,2,16.22034727579169,0.0003867317633406567,0.00044946099832204823,6.272923498139158e-05,1.0243092763185338e-06,1.043856760772564e-06,0.0,0.0,-1.340507485931073,1.0,1.0
0.2,0.2,33,selected,0.5,2,8.290077726937138,0.007020232479539427,0.007602215208704877,0.0005819827291654502,1.5125588997587558e-05,2.0236271933370537e-05,0.0,0.0,-0.17269145992689608,1.0,1.0
0.2,0.2,33,selected,1.0,2,8.40023286115883,0.011818387523222269,0.012811159595607078,0.0009927720723848094,2.9560481665413468e-05,4.211039447518793e-05,0.0,0.0,0.4175598607100263,1.0,1.0
0.2,0.2,33,selected,2.0,2,9.684829702708509,0.010655778082220152,0.011687772042981215,0.0010319939607610637,4.5028340958560505e-06,3.047800051863535e-06,0.0,0.0,-0.1629263160695884,1.0,1.0
0.2,0.2,33,selected,4.0,2,8.983301608149464,0.003671249717079529,0.004001049151948197,0.0003297994348686673,5.063813501662405e-06,5.607081254810115e-06,0.0,0.0,-0.7267735904986968,1.0,1.0
0.2,0.2,33,selected,8.0,2,6.690418631559181,0.0013135783914729154,0.0014014622849235637,8.78838934506484e-05,3.073644341546064e-06,3.453440743895655e-06,0.0,0.0,-0.8047064125698067,1.0,1.0
0.2,1.0,11,epoch_025,0.5,2,3.177055158052844,0.0070698195912118275,0.007294431659199473,0.00022461206798764623,2.358248194203652e-05,2.460527771844107e-05,0.0,0.0,0.21192238288346518,1.0,1.0
0.2,1.0,11,epoch_025,1.0,2,3.5622099525780326,0.01182630015165044,0.012247577792674283,0.0004212776410238428,3.532011317803264e-05,3.598220919042641e-05,0.0,0.0,-0.11947925467811973,1.0,1.0
0.2,1.0,11,epoch_025,2.0,2,2.9414758846821876,0.011516161570426252,0.011854906685861071,0.00033874511543482023,8.97129010852227e-05,9.142288093811222e-05,0.0,0.0,-0.39351171776904165,1.0,1.0
0.2,1.0,11,epoch_025,4.0,2,2.5115805619378317,0.004003504919051127,0.004104056170392915,0.00010055125134178803,7.491594689276228e-06,7.338724266756395e-06,0.0,0.0,-0.43730488897528685,1.0,1.0
0.2,1.0,11,epoch_025,8.0,2,2.527110226892104,0.0008119733331211257,0.0008324927942588707,2.0519461137744944e-05,6.028776901414864e-07,6.727633644961557e-07,0.0,0.0,-0.6676049619747327,1.0,1.0
0.2,1.0,11,initial,0.5,2,17.170054125211433,0.006382693751515938,0.007478605723297695,0.0010959119717817577,0.00019454875562008797,0.00022224468204504807,0.0,0.0,2.609095221693018,1.0,1.0
0.2,1.0,11,initial,1.0,2,24.594383318192236,0.0073958754168577286,0.009214845366615574,0.0018189699497578459,0.00012948508374182666,0.0002034311662816022,0.0,0.0,4.1400677183193375,1.0,1.0
0.2,1.0,11,initial,2.0,2,26.48636645595397,0.0068257432985510055,0.00863363468194667,0.0018078913833956657,0.00031376656301460937,0.0003643516696344071,0.0,0.0,1.268908138603359,1.0,1.0
0.2,1.0,11,initial,4.0,2,34.63737890834834,0.001342332211419309,0.0018072809056990896,0.00046494869427978055,1.6298893503041526e-05,1.8618542050952047e-05,0.0,0.0,3.9033518855078073,1.0,1.0
0.2,1.0,11,initial,8.0,2,-5.0745684688214165,0.0007170171585855823,0.0006806316319035678,-3.6385526682014514e-05,1.1600576322946215e-06,1.1285781241361872e-06,0.0,0.0,1.442122489691401,1.0,1.0
0.2,1.0,11,selected,0.5,2,3.47417341347227,0.006850266521704418,0.007088256659953397,0.00023799013824897823,2.644703129116106e-06,3.151882339945075e-06,0.0,0.0,0.21055841155303695,1.0,1.0
0.2,1.0,11,selected,1.0,2,3.826592264168849,0.01168724198193519,0.012134465079510617,0.00044722309757542784,1.3787439084247541e-05,1.3034544373206732e-05,0.0,0.0,-0.07567023446545779,1.0,1.0
0.2,1.0,11,selected,2.0,2,3.3675835579923485,0.011099409524603296,0.011473191414788163,0.00037378189018486604,1.4025961002525484e-05,1.3923129814821014e-05,0.0,0.0,-0.33278577294834055,1.0,1.0
0.2,1.0,11,selected,4.0,2,2.925751291966705,0.003944038441423388,0.004059431197079795,0.00011539275565640742,2.0087921723433564e-06,1.9633197024510764e-06,0.0,0.0,-0.4110368762154299,1.0,1.0
0.2,1.0,11,selected,8.0,2,2.4648498141633945,0.0008487366611999711,0.0008696567451782189,2.0920083978247868e-05,7.559202139235701e-07,7.357520579549172e-07,0.0,0.0,-0.6685571777761481,1.0,1.0
0.2,1.0,22,epoch_025,0.5,2,11.738719253140495,0.007056890432312414,0.00788527898816314,0.0008283885558507268,1.1614486334065228e-05,2.799088269453338e-05,0.0,0.0,-0.634465676692481,1.0,1.0
0.2,1.0,22,epoch_025,1.0,2,10.971462885664273,0.011732701445271526,0.013019950429825306,0.00128724898455378,5.0838989789928516e-05,7.772952965230456e-05,0.0,0.0,-0.9013216475113885,1.0,1.0
0.2,1.0,22,epoch_025,2.0,2,10.326614291332682,0.011514295966410352,0.012703332899223716,0.001189036932813364,6.97894383711879e-05,7.274889059623942e-05,0.0,0.0,-1.058963052815973,1.0,1.0
0.2,1.0,22,epoch_025,4.0,2,9.918622407096933,0.0036814510309513384,0.004046600257813365,0.00036514922686202737,1.0074382441609325e-05,9.732524612243025e-06,0.0,0.0,-1.6825513281680684,1.0,1.0
0.2,1.0,22,epoch_025,8.0,2,5.7527670988597235,0.0006771639163195969,0.0007161195792644727,3.8955662944875884e-05,7.805416606524488e-07,5.103719325567928e-07,0.0,0.0,-6.322826280114795,1.0,1.0
0.2,1.0,22,initial,0.5,2,38.47299330313951,0.0007943181222510883,0.0010999160802299983,0.00030559795797890997,1.0369643751439578e-05,8.223182744051605e-06,0.0,0.0,16.12215887415448,1.0,1.0
0.2,1.0,22,initial,1.0,2,-24.411991171654197,0.0008249097759944914,0.0006235328743044575,-0.0002013769016900339,3.8084752523070025e-05,3.097287465725469e-05,0.0,0.0,-18.31801508829063,1.0,1.0
0.2,1.0,22,initial,2.0,2,31.542477084561238,0.0013824279986894982,0.0018184800333819117,0.0004360520346924137,4.437659278582826e-05,5.2146836655446894e-05,0.0,0.0,-13.317126191561698,1.0,1.0
0.2,1.0,22,initial,4.0,2,22.045615281468088,0.0008373271355619062,0.0010219210545168427,0.00018459391895493665,8.246637641671982e-06,8.80834041486922e-06,0.0,0.0,-5.762038852293615,1.0,1.0
0.2,1.0,22,initial,8.0,2,15.467928878551252,0.0006182072809685748,0.0007138311434469427,9.562386247836805e-05,1.4518142621354347e-06,1.5271473858417934e-06,0.0,0.0,-0.8840099676183656,1.0,1.0
0.2,1.0,22,selected,0.5,2,11.329771901864493,0.0069183204083624866,0.007702150330070184,0.0007838299217076982,6.328357076214794e-06,1.8511235402328313e-05,0.0,0.0,-0.8794347194145015,1.0,1.0
0.2,1.0,22,selected,1.0,2,10.195585599509094,0.011854071229876141,0.013062663209144926,0.0012085919792687843,4.538600891566324e-05,6.376397516267613e-05,0.0,0.0,-0.9153819230576085,1.0,1.0
0.2,1.0,22,selected,2.0,2,10.401970604798505,0.010926112632562945,0.012062643656849338,0.0011365310242863946,4.486995621422103e-05,4.364232561489269e-05,0.0,0.0,-1.1073785238077598,1.0,1.0
0.2,1.0,22,selected,4.0,2,9.259902346506488,0.0037057589625100586,0.004048908623626881,0.00034314966111682345,4.375456453972126e-06,3.5010263605424627e-06,0.0,0.0,-2.102277975368318,1.0,1.0
0.2,1.0,22,selected,8.0,2,2.367320753930202,0.0008902729720457152,0.0009113485888757721,2.1075616830056986e-05,1.1012075849976351e-06,9.165292582123436e-07,0.0,0.0,-5.119558658259529,1.0,1.0
0.2,1.0,33,epoch_025,0.5,2,8.274056845181144,0.006823455771472456,0.0073880323808099375,0.0005645766093374809,2.7038049614629504e-05,3.276486607067139e-05,0.0,0.0,0.16326454165215365,1.0,1.0
0.2,1.0,33,epoch_025,1.0,2,9.11486828772443,0.011394098012010516,0.012432655038379332,0.001038557026368815,8.317269700068665e-05,9.397389948814189e-05,0.0,0.0,0.4578201426103306,1.0,1.0
0.2,1.0,33,epoch_025,2.0,2,9.088135460550085,0.011562644574989473,0.012613473376785795,0.0010508288017963222,5.8348135040526766e-05,6.451298920899504e-05,0.0,0.0,-0.47156373209715025,1.0,1.0
0.2,1.0,33,epoch_025,4.0,2,8.616908511826338,0.0034742219728146244,0.003773592501709432,0.0002993705288948077,8.005845077005114e-06,8.571221691529698e-06,0.0,0.0,-0.41377757610169197,1.0,1.0
0.2,1.0,33,epoch_025,8.0,2,8.234568052229108,0.0005509837983938028,0.0005963549342199803,4.537113582617745e-05,1.1571781880027564e-06,1.3122491967788295e-06,0.0,0.0,-0.6129932113121955,1.0,1.0
0.2,1.0,33,initial,0.5,2,56.08626461846511,0.0002862336590478127,0.0004467714264885128,0.00016053776744070008,3.896395311965396e-05,4.264818421996058e-05,0.0,0.0,-0.5185641547785659,1.0,1.0
0.2,1.0,33,initial,1.0,2,14.851514431807589,0.002888201325121873,0.0033171429617419733,0.0004289416366201001,2.946931938817446e-05,3.534710876179534e-05,0.0,0.0,-3.224300435994028,1.0,1.0
0.2,1.0,33,initial,2.0,2,17.760700223361393,0.0018836923720466337,0.0022182493273759877,0.0003345569553293538,9.83208694737198e-05,0.00010654772651520671,0.0,0.0,-0.10050222087909716,1.0,1.0
0.2,1.0,33,initial,4.0,2,14.594771084875912,0.0008417965980383191,0.0009646548845325146,0.0001228582864941956,3.357792627382602e-06,3.6047258397623616e-06,0.0,0.0,-1.8441250172662904,1.0,1.0
0.2,1.0,33,initial,8.0,2,16.22034727579169,0.0003867317633406567,0.00044946099832204823,6.272923498139158e-05,1.0243092763185338e-06,1.043856760772564e-06,0.0,0.0,-1.340507485931073,1.0,1.0
0.2,1.0,33,selected,0.5,2,8.332710797505328,0.006969433700597715,0.007550176455092421,0.0005807427544947063,2.451394699453169e-05,3.109521752316151e-05,0.0,0.0,0.0900171828817268,1.0,1.0
0.2,1.0,33,selected,1.0,2,9.04594490038184,0.01158286530736638,0.01263064492095618,0.001047779613589801,6.725796834826262e-05,7.889151559720516e-05,0.0,0.0,0.5207893406888,1.0,1.0
0.2,1.0,33,selected,2.0,2,9.41152507686076,0.011477732303061544,0.012557961957018807,0.0010802296539572645,5.5326874995889226e-05,6.163946951165603e-05,0.0,0.0,-0.4035494494940602,1.0,1.0
0.2,1.0,33,selected,4.0,2,8.86349238734152,0.0035709280677732186,0.003887437005215105,0.0003165089374418859,9.701182819050674e-06,1.055425118246458e-05,0.0,0.0,-0.4644404489749125,1.0,1.0
0.2,1.0,33,selected,8.0,2,8.040537107879464,0.0006379386535485319,0.0006892323476974476,5.129369414891559e-05,1.5595687321349098e-06,1.7514796322826234e-06,0.0,0.0,-0.8065563796552987,1.0,1.0
0.5,0.01,11,epoch_025,0.5,2,4.982122102383457,0.012220616304390102,0.012829462328940808,0.0006088460245507075,5.757074689168881e-05,5.501611106494361e-05,0.0,0.0,-1.1409374134225,1.0,1.0
0.5,0.01,11,epoch_025,1.0,2,2.8539444060407315,0.005316490894058907,0.005468220590099317,0.00015172969604040996,2.3404682739658996e-05,2.6345082872365264e-05,0.0,0.0,-1.6967970971015611,1.0,1.0
0.5,0.01,11,epoch_025,2.0,2,2.290209695350265,0.0017935637417070731,0.001834640112959645,4.107637125257179e-05,6.693226565516539e-06,6.784712830680199e-06,0.0,0.0,-0.8765537529575101,1.0,1.0
0.5,0.01,11,epoch_025,4.0,2,2.7311058253822518,0.0006886510403991996,0.00070745882909418,1.8807788694980444e-05,1.0615256013726555e-06,1.1095288321634512e-06,0.0,0.0,-1.1904304447432597,1.0,1.0
0.5,0.01,11,epoch_025,8.0,2,10.676925403397352,0.00017407630498791375,0.0001926623021669714,1.8585997179057642e-05,5.322018339704212e-07,5.472669969176784e-07,0.0,0.0,-3.0476291553790644,1.0,1.0
0.5,0.01,11,initial,0.5,2,41.925374780506374,0.00507987857168706,0.007209636691747326,0.002129758120060266,0.00020080237890240547,0.0002794651936793704,0.0,0.0,2.1812666842089006,1.0,1.0
0.5,0.01,11,initial,1.0,2,22.040435884832544,0.002066974180164163,0.0025225442994145555,0.0004555701192503925,5.659911855878964e-05,4.985672969895146e-05,0.0,0.0,-10.453645142769352,1.0,1.0
0.5,0.01,11,initial,2.0,2,21.779433140430005,0.0010454276998791505,0.001273115927227558,0.00022768822734840744,9.94925697831381e-06,1.0646191673373131e-05,0.0,0.0,-0.13457170224528175,1.0,1.0
0.5,0.01,11,initial,4.0,2,32.30291478152301,0.00024059828451335186,0.00031831854347386503,7.77202589605132e-05,9.56998215627985e-07,1.0111313972944835e-06,0.0,0.0,-1.1951883129176268,1.0,1.0
0.5,0.01,11,initial,8.0,2,-4.980193439173824,0.00016428008871190348,0.00015609862262545434,-8.181466086449162e-06,3.0223850057858724e-07,3.0779122909142777e-07,0.0,0.0,1.3298315935778238,1.0,1.0
0.5,0.01,11,selected,0.5,2,5.502504749652026,0.012794933622812728,0.013498975452686557,0.0007040418298738284,4.359837062624821e-05,4.621369660729913e-05,0.0,0.0,-0.6913093724853494,1.0,1.0
0.5,0.01,11,selected,1.0,2,3.8530301865345784,0.00548135281937072,0.005692550998928068,0.0002111981795573487,2.0857210464757537e-05,2.4202810020085335e-05,0.0,0.0,-1.5105646348506916,1.0,1.0
0.5,0.01,11,selected,2.0,2,2.883879852571003,0.002103084512004894,0.0021637349428515152,6.065043084662095e-05,9.724667106195295e-06,1.0126893500013844e-05,0.0,0.0,-1.066599371590854,1.0,1.0
0.5,0.01,11,selected,4.0,2,2.517963037177906,0.0008537428863770261,0.0008752398167011223,2.149693032409616e-05,1.646416271795836e-06,1.7278427618868882e-06,0.0,0.0,-1.3225436224960236,1.0,1.0
0.5,0.01,11,selected,8.0,2,4.144748762496453,0.0001736160096217578,0.00018081195702052144,7.195947398763635e-06,7.400464093157656e-07,7.632351475128734e-07,0.0,0.0,-5.653050388683228,1.0,1.0
0.5,0.01,22,epoch_025,0.5,2,9.929566658264177,0.012099754148125644,0.013301207301715162,0.0012014531535895186,6.113564896835707e-05,7.45896235013833e-05,0.0,0.0,-0.21187119653729367,1.0,1.0
0.5,0.01,22,epoch_025,1.0,2,10.231867050835952,0.005178483112598212,0.005708338619939263,0.0005298555073410512,7.536742943896492e-06,7.614586398016513e-06,0.0,0.0,-0.12445192822420718,1.0,1.0
0.5,0.01,22,epoch_025,2.0,2,10.501602555688573,0.001759604927140689,0.0019443916430872954,0.0001847867159466063,2.4932835321667684e-06,2.679899621728898e-06,0.0,0.0,-0.16820153805864715,1.0,1.0
0.5,0.01,22,epoch_025,4.0,2,11.536461312743938,0.0005677875623563259,0.0006332901550307887,6.550259267446278e-05,8.88383704474446e-07,9.479391713924388e-07,0.0,0.0,-0.783305642733158,1.0,1.0
0.5,0.01,22,epoch_025,8.0,2,,9.106223384843903e-05,8.680305813059215e-05,-4.259175717846877e-06,3.8964441204471286e-07,4.163517223596736e-07,0.0,0.0,,0.0,0.0
0.5,0.01,22,initial,0.5,2,43.993424673315744,0.0018977464101430097,0.002732630043889503,0.0008348836337464935,3.3832814701696185e-05,1.4913473466074206e-05,0.0,0.0,10.125075451939896,1.0,1.0
0.5,0.01,22,initial,1.0,2,37.83842867069308,0.0007007560556677295,0.0009659111357575346,0.0002651550800898051,8.687623595014864e-06,8.541721598265832e-06,0.0,0.0,-10.26004931732698,1.0,1.0
0.5,0.01,22,initial,2.0,2,34.6206583564549,0.00042648582385949223,0.0005741380236219192,0.00014765219976242694,3.5336480961247573e-06,3.6577220340379456e-06,0.0,0.0,-8.368534910323335,1.0,1.0
0.5,0.01,22,initial,4.0,2,21.476150057269606,0.0002983637692359117,0.0003624408199841078,6.407705074819615e-05,9.775975616910964e-07,9.97787552405861e-07,0.0,0.0,-6.571475285098087,1.0,1.0
0.5,0.01,22,initial,8.0,2,13.227801508046323,0.00023217735693945355,0.0002628893168590436,3.071195991959005e-05,2.2095310296168082e-07,2.3055642291395634e-07,0.0,0.0,-1.9100620609377221,1.0,1.0
0.5,0.01,22,selected,0.5,2,10.300209196802944,0.012770885191503746,0.014086313082433346,0.0013154278909295993,5.0881222670515554e-05,6.566498431030592e-05,0.0,0.0,-0.2416834798899386,1.0,1.0
0.5,0.01,22,selected,1.0,2,10.43609979718788,0.005581082542036304,0.006163529885924518,0.0005824473438882142,1.4085392606929868e-05,1.4533735752438075e-05,0.0,0.0,-0.2556932635699919,1.0,1.0
0.5,0.01,22,selected,2.0,2,10.57387066311578,0.0020310578109845536,0.002245819236913909,0.00021476142592935575,3.217629832924379e-06,3.4537748058092204e-06,0.0,0.0,-0.15291833334557978,1.0,1.0
0.5,0.01,22,selected,4.0,2,11.958820939147962,0.0006880829733387079,0.0007703695840615675,8.228661072285948e-05,8.040389612928067e-07,8.84381735551171e-07,0.0,0.0,-0.8415680636607704,1.0,1.0
0.5,0.01,22,selected,8.0,2,-2.8916014202778726,0.00012416497105578308,0.0001205746155318189,-3.5903555239641684e-06,3.8511517069396594e-07,4.087675773526768e-07,0.0,0.0,-7.928806619646817,1.0,1.0
0.5,0.01,33,epoch_025,0.5,2,7.867053596450657,0.011721989454756113,0.012644164647829824,0.0009221751930737106,4.725286016158943e-05,6.191013800513587e-05,0.0,0.0,0.15075059262945065,1.0,1.0
0.5,0.01,33,epoch_025,1.0,2,9.647500665584573,0.005095715445119739,0.005587324625539201,0.0004916091804194624,1.573408465184962e-05,1.549993543004109e-05,0.0,0.0,0.9926233017135603,1.0,1.0
0.5,0.01,33,epoch_025,2.0,2,10.692477795194232,0.001649143126717593,0.001825477388968092,0.0001763342622504991,2.0320422804692315e-06,2.1083353090564068e-06,0.0,0.0,-0.5276715792017685,1.0,1.0
0.5,0.01,33,epoch_025,4.0,2,11.372890690609538,0.0005819051584842435,0.0006480845960284674,6.617943754422392e-05,7.104964132764478e-07,7.500800193412887e-07,0.0,0.0,-1.035935034358076,1.0,1.0
0.5,0.01,33,epoch_025,8.0,2,,6.433524131693159e-05,7.443870047298103e-05,1.010345915604944e-05,3.614644290922549e-07,3.7828554512753925e-07,0.0,0.0,,0.0,0.0
0.5,0.01,33,initial,0.5,2,38.75409232681518,0.002523032900524489,0.003500811398543004,0.000977778498018515,0.00021271311290034427,0.00022348392861954193,0.0,0.0,2.4980432288020977,1.0,1.0
0.5,0.01,33,initial,1.0,2,15.967118199650121,0.003316769671514716,0.0038463622067395047,0.0005295925352247885,2.06038496937449e-05,2.0264112685786115e-05,0.0,0.0,0.7742930438074523,1.0,1.0
0.5,0.01,33,initial,2.0,2,4.6527096479824,0.0007168178690883638,0.0007501693249085148,3.335145582015098e-05,7.82869550345941e-06,8.297785584052195e-06,0.0,0.0,-2.870132851312008,1.0,1.0
0.5,0.01,33,initial,4.0,2,5.473793368560409,0.0004119473145719325,0.000434496459439761,2.2549144867828498e-05,9.57993465490241e-07,1.059302193026466e-06,0.0,0.0,0.21339044862799852,1.0,1.0
0.5,0.01,33,initial,8.0,2,7.234747849939438,0.0002405942196255221,0.0002580006048049277,1.7406385179405585e-05,3.623924623559394e-07,4.101914284534132e-07,0.0,0.0,0.5040350453578248,1.0,1.0
0.5,0.01,33,selected,0.5,2,7.436654890080085,0.012692068239054112,0.013635933552600855,0.0009438653135467427,1.3438199416619772e-05,2.6168703099369034e-05,0.0,0.0,0.42674690556787964,1.0,1.0
0.5,0.01,33,selected,1.0,2,8.677477214489993,0.005659780570001412,0.006150906739051713,0.0004911261690503008,1.0846066839409395e-05,1.0735094792231286e-05,0.0,0.0,0.4390799474530246,1.0,1.0
0.5,0.01,33,selected,2.0,2,8.564182424630184,0.0021189568798976226,0.0023004282125035384,0.00018147133260591536,1.969866535567594e-06,2.0074529425642404e-06,0.0,0.0,-0.28305593255322636,1.0,1.0
0.5,0.01,33,selected,4.0,2,9.032235629144601,0.0007464818446100466,0.0008139058438242513,6.74239992142047e-05,7.107180514465885e-07,7.64392165613083e-07,0.0,0.0,-0.6594742612276713,1.0,1.0
0.5,0.01,33,selected,8.0,2,,9.669724608278799e-05,0.0001037055268461835,7.008280763395515e-06,3.702985528271255e-07,3.8822443131561506e-07,0.0,0.0,,0.0,0.0
0.5,0.05,11,epoch_025,0.5,2,5.180592060470657,0.013084726998071023,0.013762593325210733,0.0006778663271397095,4.822743836440843e-05,4.545531593386603e-05,0.0,0.0,-0.8731960543022468,1.0,1.0
0.5,0.05,11,epoch_025,1.0,2,3.230870808582731,0.005746678169000522,0.005932345917139576,0.00018566774813905465,1.2804022133043602e-05,1.5732528646817136e-05,0.0,0.0,-1.7923595008298268,1.0,1.0
0.5,0.05,11,epoch_025,2.0,2,1.9991749720957186,0.0023033572371951075,0.0023494053790117358,4.604814181662846e-05,6.4015509548618615e-06,6.690422796310341e-06,0.0,0.0,-1.323798556766052,1.0,1.0
0.5,0.05,11,epoch_025,4.0,2,1.2891647468507794,0.0010067426223270342,0.0010197211934362778,1.2978571109243525e-05,1.4018300462400542e-06,1.4788538237359308e-06,0.0,0.0,-1.4589464386666184,1.0,1.0
0.5,0.05,11,epoch_025,8.0,2,5.927691786214573,0.00023396636611034476,0.0002478351711774232,1.3868805067078483e-05,7.68899465624209e-07,7.782030974727925e-07,0.0,0.0,-3.4443580457755325,1.0,1.0
0.5,0.05,11,initial,0.5,2,41.925374780506374,0.00507987857168706,0.007209636691747326,0.002129758120060266,0.00020080237890240547,0.0002794651936793704,0.0,0.0,2.1812666842089006,1.0,1.0
0.5,0.05,11,initial,1.0,2,22.040435884832544,0.002066974180164163,0.0025225442994145555,0.0004555701192503925,5.659911855878964e-05,4.985672969895146e-05,0.0,0.0,-10.453645142769352,1.0,1.0
0.5,0.05,11,initial,2.0,2,21.779433140430005,0.0010454276998791505,0.001273115927227558,0.00022768822734840744,9.94925697831381e-06,1.0646191673373131e-05,0.0,0.0,-0.13457170224528175,1.0,1.0
0.5,0.05,11,initial,4.0,2,32.30291478152301,0.00024059828451335186,0.00031831854347386503,7.77202589605132e-05,9.56998215627985e-07,1.0111313972944835e-06,0.0,0.0,-1.1951883129176268,1.0,1.0
0.5,0.05,11,initial,8.0,2,-4.980193439173824,0.00016428008871190348,0.00015609862262545434,-8.181466086449162e-06,3.0223850057858724e-07,3.0779122909142777e-07,0.0,0.0,1.3298315935778238,1.0,1.0
0.5,0.05,11,selected,0.5,2,6.3570170041882035,0.013104758440364914,0.013937830162703639,0.0008330717223387248,1.7065039082727072e-05,2.1329120814857818e-05,0.0,0.0,-0.31424847292581953,1.0,1.0
0.5,0.05,11,selected,1.0,2,5.235109114823377,0.0055451566380044105,0.0058354516390359545,0.0002902950010315441,9.182687476222095e-06,1.1247468264820358e-05,0.0,0.0,-1.470122021627641,1.0,1.0
0.5,0.05,11,selected,2.0,2,3.7051567879237135,0.002295643506536462,0.002380700697948394,8.505719141193224e-05,5.615693646379457e-06,6.0335087038051775e-06,0.0,0.0,-1.3916633508469938,1.0,1.0
0.5,0.05,11,selected,4.0,2,2.307225241590738,0.00107717818239481,0.0011020311094177954,2.4852927022985297e-05,1.3571845532867648e-06,1.4635889385512805e-06,0.0,0.0,-1.5136985434968917,1.0,1.0
0.5,0.05,11,selected,8.0,2,1.4809234006913807,0.0002504052101471749,0.0002541135195888234,3.708309441648492e-06,6.892036576981321e-07,7.12164243216824e-07,0.0,0.0,-3.5964210281159295,1.0,1.0
0.5,0.05,22,epoch_025,0.5,2,11.55068509362489,0.012995784378361193,0.014496886507326324,0.0015011021289651292,5.685973543498059e-05,7.877317475556359e-05,0.0,0.0,-0.2518110023381355,1.0,1.0
0.5,0.05,22,epoch_025,1.0,2,11.73224855669892,0.005694717867090857,0.006362836321982665,0.0006681184548918083,8.067491778358832e-06,8.891764387897729e-06,0.0,0.0,-0.4904848441453445,1.0,1.0
0.5,0.05,22,epoch_025,2.0,2,11.28669732224259,0.002198401286841772,0.0024465281860159734,0.00024812689917420123,2.219023741534138e-06,2.3947460157854065e-06,0.0,0.0,-0.5386116089826009,1.0,1.0
0.5,0.05,22,epoch_025,4.0,2,12.324507182733047,0.0007790231925036964,0.0008750339617633717,9.601076925967538e-05,7.753530663139163e-07,8.418670614577936e-07,0.0,0.0,-1.2313063143471912,1.0,1.0
0.5,0.05,22,epoch_025,8.0,2,-2.4863249588865823,0.00014958076261421973,0.00014586169875626444,-3.7190638579552695e-06,3.9602278279478536e-07,4.254338589104252e-07,0.0,0.0,-8.138874017580083,1.0,1.0
0.5,0.05,22,initial,0.5,2,43.993424673315744,0.0018977464101430097,0.002732630043889503,0.0008348836337464935,3.3832814701696185e-05,1.4913473466074206e-05,0.0,0.0,10.125075451939896,1.0,1.0
0.5,0.05,22,initial,1.0,2,37.83842867069308,0.0007007560556677295,0.0009659111357575346,0.0002651550800898051,8.687623595014864e-06,8.541721598265832e-06,0.0,0.0,-10.26004931732698,1.0,1.0
0.5,0.05,22,initial,2.0,2,34.6206583564549,0.00042648582385949223,0.0005741380236219192,0.00014765219976242694,3.5336480961247573e-06,3.6577220340379456e-06,0.0,0.0,-8.368534910323335,1.0,1.0
0.5,0.05,22,initial,4.0,2,21.476150057269606,0.0002983637692359117,0.0003624408199841078,6.407705074819615e-05,9.775975616910964e-07,9.97787552405861e-07,0.0,0.0,-6.571475285098087,1.0,1.0
0.5,0.05,22,initial,8.0,2,13.227801508046323,0.00023217735693945355,0.0002628893168590436,3.071195991959005e-05,2.2095310296168082e-07,2.3055642291395634e-07,0.0,0.0,-1.9100620609377221,1.0,1.0
0.5,0.05,22,selected,0.5,2,11.010846777358886,0.013173030799034834,0.014623493036067022,0.0014504622370321877,2.6574718597275502e-05,4.129165833221712e-05,0.0,0.0,-0.38726726338330686,1.0,1.0
0.5,0.05,22,selected,1.0,2,11.234560491361922,0.005662321600218401,0.006298458545708279,0.000636136945489878,1.610147879627769e-05,1.5784168522246996e-05,0.0,0.0,-0.5401126242337486,1.0,1.0
0.5,0.05,22,selected,2.0,2,10.688299958233394,0.0022437389615437018,0.0024835565120874975,0.00023981755054379547,2.9352957092707957e-06,3.1178521399288648e-06,0.0,0.0,-0.9744601391177786,1.0,1.0
0.5,0.05,22,selected,4.0,2,10.681445440449679,0.0008690918190954586,0.0009619233876684004,9.28315685729418e-05,7.329945965687919e-07,8.13940669035509e-07,0.0,0.0,-1.7499201631696728,1.0,1.0
0.5,0.05,22,selected,8.0,2,-0.4422310018451836,0.0002203884254888782,0.00021941379959985704,-9.746258890211607e-07,3.9704187509392837e-07,4.2895407732699427e-07,0.0,0.0,-5.332877405896684,1.0,1.0
0.5,0.05,33,epoch_025,0.5,2,8.813442009039319,0.012863911922379286,0.013997665339948364,0.0011337534175690778,3.19328527893762e-05,4.812555189344277e-05,0.0,0.0,0.36729171149325324,1.0,1.0
0.5,0.05,33,epoch_025,1.0,2,10.78873518479838,0.005813159434183087,0.006440325811118176,0.0006271663769350897,1.6136023927543346e-05,1.4949322261299931e-05,0.0,0.0,0.6308766768196148,1.0,1.0
0.5,0.05,33,epoch_025,2.0,2,10.425562736106464,0.0022753834068827703,0.00251260493131024,0.00023722152442747012,2.3549397448397886e-06,2.4864260400141455e-06,0.0,0.0,-0.523006341477171,1.0,1.0
0.5,0.05,33,epoch_025,4.0,2,10.86269160170561,0.0008160997313395107,0.0009047501280854895,8.865039674597891e-05,7.982080830560247e-07,8.590520882234069e-07,0.0,0.0,-0.8715027118995381,1.0,1.0
0.5,0.05,33,epoch_025,8.0,2,10.731558868754266,0.00010733584476920296,0.00011885465412564158,1.1518809356438627e-05,3.594522683906596e-07,3.8043890677433315e-07,0.0,0.0,-7.918378284916972,1.0,1.0
0.5,0.05,33,initial,0.5,2,38.75409232681518,0.002523032900524489,0.003500811398543004,0.000977778498018515,0.00021271311290034427,0.00022348392861954193,0.0,0.0,2.4980432288020977,1.0,1.0
0.5,0.05,33,initial,1.0,2,15.967118199650121,0.003316769671514716,0.0038463622067395047,0.0005295925352247885,2.06038496937449e-05,2.0264112685786115e-05,0.0,0.0,0.7742930438074523,1.0,1.0
0.5,0.05,33,initial,2.0,2,4.6527096479824,0.0007168178690883638,0.0007501693249085148,3.335145582015098e-05,7.82869550345941e-06,8.297785584052195e-06,0.0,0.0,-2.870132851312008,1.0,1.0
0.5,0.05,33,initial,4.0,2,5.473793368560409,0.0004119473145719325,0.000434496459439761,2.2549144867828498e-05,9.57993465490241e-07,1.059302193026466e-06,0.0,0.0,0.21339044862799852,1.0,1.0
0.5,0.05,33,initial,8.0,2,7.234747849939438,0.0002405942196255221,0.0002580006048049277,1.7406385179405585e-05,3.623924623559394e-07,4.101914284534132e-07,0.0,0.0,0.5040350453578248,1.0,1.0
0.5,0.05,33,selected,0.5,2,8.261758628584293,0.01303729042945197,0.014114399896641299,0.0010771094671893286,1.695276011943337e-05,1.3669420716791928e-05,0.0,0.0,0.4823774889664722,1.0,1.0
0.5,0.05,33,selected,1.0,2,9.488644588547157,0.005730129599281387,0.006273841231300635,0.0005437116320192478,1.9668503747943867e-05,2.0858716580834342e-05,0.0,0.0,0.2867866489632038,1.0,1.0
0.5,0.05,33,selected,2.0,2,8.96125838688171,0.0023526465122998812,0.0025634732452312035,0.0002108267329313223,3.2578428710636805e-06,3.7036992104840536e-06,0.0,0.0,-0.4161333333119096,1.0,1.0
0.5,0.05,33,selected,4.0,2,9.012361940125913,0.0009106753867142025,0.0009927487485815432,8.207336186734067e-05,8.431050716304988e-07,9.418062095799433e-07,0.0,0.0,-0.7364667538926779,1.0,1.0
0.5,0.05,33,selected,8.0,2,5.025203901022435,0.000183193222580667,0.00019239905524557602,9.205832664909005e-06,4.0648263461228914e-07,4.329585590220847e-07,0.0,0.0,-3.6016320836752267,1.0,1.0
0.5,0.2,11,epoch_025,0.5,2,5.176693898480189,0.013212743053968794,0.013896726316780517,0.0006839832628117212,3.1611442074355495e-05,2.8517673530176556e-05,0.0,0.0,-0.7653127654466559,1.0,1.0
0.5,0.2,11,epoch_025,1.0,2,3.185532579228789,0.005925494784098715,0.006114253351442826,0.0001887585673441116,1.0855722974523107e-05,1.351421644409438e-05,0.0,0.0,-1.826383516869644,1.0,1.0
0.5,0.2,11,epoch_025,2.0,2,1.7335492437071998,0.002469901514111217,0.0025127184734660105,4.2816959354793514e-05,5.457003258303909e-06,5.777321292920605e-06,0.0,0.0,-1.3260476647948825,1.0,1.0
0.5,0.2,11,epoch_025,4.0,2,1.0319196359002913,0.0010968274919252344,0.0011081458702558162,1.1318378330581885e-05,1.2803098618729828e-06,1.35671504723691e-06,0.0,0.0,-1.3161838692885446,1.0,1.0
0.5,0.2,11,epoch_025,8.0,2,5.713913069500565,0.00025888093773079955,0.0002736731694719705,1.4792231741170975e-05,7.619480316497445e-07,7.690811103906601e-07,0.0,0.0,-2.6044085327388955,1.0,1.0
0.5,0.2,11,initial,0.5,2,41.925374780506374,0.00507987857168706,0.007209636691747326,0.002129758120060266,0.00020080237890240547,0.0002794651936793704,0.0,0.0,2.1812666842089006,1.0,1.0
0.5,0.2,11,initial,1.0,2,22.040435884832544,0.002066974180164163,0.0025225442994145555,0.0004555701192503925,5.659911855878964e-05,4.985672969895146e-05,0.0,0.0,-10.453645142769352,1.0,1.0
0.5,0.2,11,initial,2.0,2,21.779433140430005,0.0010454276998791505,0.001273115927227558,0.00022768822734840744,9.94925697831381e-06,1.0646191673373131e-05,0.0,0.0,-0.13457170224528175,1.0,1.0
0.5,0.2,11,initial,4.0,2,32.30291478152301,0.00024059828451335186,0.00031831854347386503,7.77202589605132e-05,9.56998215627985e-07,1.0111313972944835e-06,0.0,0.0,-1.1951883129176268,1.0,1.0
0.5,0.2,11,initial,8.0,2,-4.980193439173824,0.00016428008871190348,0.00015609862262545434,-8.181466086449162e-06,3.0223850057858724e-07,3.0779122909142777e-07,0.0,0.0,1.3298315935778238,1.0,1.0
0.5,0.2,11,selected,0.5,2,6.219508026960452,0.0132207637951042,0.014043030260519996,0.0008222664654157956,1.2399149993420817e-05,1.6676315912491436e-05,0.0,0.0,-0.20892895346459342,1.0,1.0
0.5,0.2,11,selected,1.0,2,5.153122166073976,0.005695046012640587,0.005988518691437746,0.0002934726787971586,1.0501621048098055e-05,1.2678993550549802e-05,0.0,0.0,-1.4238151998731967,1.0,1.0
0.5,0.2,11,selected,2.0,2,3.486112563057464,0.0024008327022404102,0.002484528432889886,8.369573064947533e-05,5.597206233306829e-06,6.030292058495403e-06,0.0,0.0,-1.3167700799042252,1.0,1.0
0.5,0.2,11,selected,4.0,2,2.2810953678861434,0.0011242519126336168,0.001149897170951719,2.5645258318101965e-05,1.439437428476523e-06,1.541874928944004e-06,0.0,0.0,-1.2757794360083599,1.0,1.0
0.5,0.2,11,selected,8.0,2,3.3910036429462664,0.0002398981605973748,0.00024803311595052906,8.134955353154266e-06,7.893496049354628e-07,8.092362479811664e-07,0.0,0.0,-3.3772921743637605,1.0,1.0
0.5,0.2,22,epoch_025,0.5,2,11.630797628027732,0.013068317691550629,0.014588267275574981,0.0015199495840243528,3.5320717950370054e-05,5.096662377592306e-05,0.0,0.0,-0.3617274310613773,1.0,1.0
0.5,0.2,22,epoch_025,1.0,2,11.443384954774283,0.0058349746054877465,0.006502693211711684,0.0006677186062239381,7.728332481194734e-06,7.854027279687784e-06,0.0,0.0,-0.5849748330021123,1.0,1.0
0.5,0.2,22,epoch_025,2.0,2,11.033785742411363,0.0022968059097951653,0.0025502305528107153,0.0002534246430155498,1.995642052296228e-06,2.280798503749151e-06,0.0,0.0,-0.35693132213109974,1.0,1.0
0.5,0.2,22,epoch_025,4.0,2,12.29739532357711,0.000798792098495666,0.0008970227208057418,9.823062231007585e-05,7.699025643472621e-07,8.332581237401552e-07,0.0,0.0,-0.8421809440387095,1.0,1.0
0.5,0.2,22,epoch_025,8.0,2,-1.859731916408347,0.0001270545789183706,0.00012469170439075066,-2.3628745276199327e-06,3.981892473320778e-07,4.2939235839753627e-07,0.0,0.0,-9.604059156352763,1.0,1.0
0.5,0.2,22,initial,0.5,2,43.993424673315744,0.0018977464101430097,0.002732630043889503,0.0008348836337464935,3.3832814701696185e-05,1.4913473466074206e-05,0.0,0.0,10.125075451939896,1.0,1.0
0.5,0.2,22,initial,1.0,2,37.83842867069308,0.0007007560556677295,0.0009659111357575346,0.0002651550800898051,8.687623595014864e-06,8.541721598265832e-06,0.0,0.0,-10.26004931732698,1.0,1.0
0.5,0.2,22,initial,2.0,2,34.6206583564549,0.00042648582385949223,0.0005741380236219192,0.00014765219976242694,3.5336480961247573e-06,3.6577220340379456e-06,0.0,0.0,-8.368534910323335,1.0,1.0
0.5,0.2,22,initial,4.0,2,21.476150057269606,0.0002983637692359117,0.0003624408199841078,6.407705074819615e-05,9.775975616910964e-07,9.97787552405861e-07,0.0,0.0,-6.571475285098087,1.0,1.0
0.5,0.2,22,initial,8.0,2,13.227801508046323,0.00023217735693945355,0.0002628893168590436,3.071195991959005e-05,2.2095310296168082e-07,2.3055642291395634e-07,0.0,0.0,-1.9100620609377221,1.0,1.0
0.5,0.2,22,selected,0.5,2,11.274169835025626,0.013209476543496104,0.014698735363227876,0.001489258819731774,1.847989580543826e-05,1.84767264848967e-05,0.0,0.0,-0.38290443884310954,1.0,1.0
0.5,0.2,22,selected,1.0,2,11.414852798839537,0.00572764684973053,0.006381449306608189,0.0006538024568776592,1.7176207068562817e-05,1.6948505685536693e-05,0.0,0.0,-0.5959917230010577,1.0,1.0
0.5,0.2,22,selected,2.0,2,10.6043990657823,0.0023843738550053803,0.0026372223739661977,0.00025284851896081764,2.709787256715407e-06,2.951008409228115e-06,0.0,0.0,-0.8741278107785823,1.0,1.0
0.5,0.2,22,selected,4.0,2,11.019059287055377,0.0008972112416321433,0.0009960754802209029,9.886423858875969e-05,7.303023542199341e-07,8.185893844605328e-07,0.0,0.0,-1.4186505454829512,1.0,1.0
0.5,0.2,22,selected,8.0,2,-0.22344580472898334,0.0001977301714885166,0.00019728835182383368,-4.4181966468292023e-07,4.065876721213713e-07,4.354725473069737e-07,0.0,0.0,-6.165300908535701,1.0,1.0
0.5,0.2,33,epoch_025,0.5,2,9.168843631901304,0.013199201801814631,0.01440941597587997,0.0012102141740653397,1.835848400203043e-05,3.6467426045638684e-05,0.0,0.0,0.4490408479977771,1.0,1.0
0.5,0.2,33,epoch_025,1.0,2,11.404857649787225,0.006001681905011899,0.006686165182635588,0.0006844832776236901,2.3108838840068326e-05,2.3423859020122778e-05,0.0,0.0,0.5762667526789613,1.0,1.0
0.5,0.2,33,epoch_025,2.0,2,10.556151542838276,0.0024760768148247105,0.0027374552356476557,0.0002613784208229449,2.8692521092272823e-06,3.0425419852788926e-06,0.0,0.0,-0.572834095445272,1.0,1.0
0.5,0.2,33,epoch_025,4.0,2,11.09315470388924,0.0008861751532454853,0.000984479933977548,9.830478073206267e-05,8.409501993968386e-07,9.098810603083682e-07,0.0,0.0,-0.8491669991817318,1.0,1.0
0.5,0.2,33,epoch_025,8.0,2,12.006037835745865,0.00011152789334931097,0.00012491797421074452,1.3390080861433542e-05,3.6417343033554846e-07,3.850335861835951e-07,0.0,0.0,-8.213849583406654,1.0,1.0
0.5,0.2,33,initial,0.5,2,38.75409232681518,0.002523032900524489,0.003500811398543004,0.000977778498018515,0.00021271311290034427,0.00022348392861954193,0.0,0.0,2.4980432288020977,1.0,1.0
0.5,0.2,33,initial,1.0,2,15.967118199650121,0.003316769671514716,0.0038463622067395047,0.0005295925352247885,2.06038496937449e-05,2.0264112685786115e-05,0.0,0.0,0.7742930438074523,1.0,1.0
0.5,0.2,33,initial,2.0,2,4.6527096479824,0.0007168178690883638,0.0007501693249085148,3.335145582015098e-05,7.82869550345941e-06,8.297785584052195e-06,0.0,0.0,-2.870132851312008,1.0,1.0
0.5,0.2,33,initial,4.0,2,5.473793368560409,0.0004119473145719325,0.000434496459439761,2.2549144867828498e-05,9.57993465490241e-07,1.059302193026466e-06,0.0,0.0,0.21339044862799852,1.0,1.0
0.5,0.2,33,initial,8.0,2,7.234747849939438,0.0002405942196255221,0.0002580006048049277,1.7406385179405585e-05,3.623924623559394e-07,4.101914284534132e-07,0.0,0.0,0.5040350453578248,1.0,1.0
0.5,0.2,33,selected,0.5,2,8.556324688106542,0.01326947743632981,0.014404857010419402,0.0011353795740895916,2.3031453740387968e-05,2.0752278694351573e-05,0.0,0.0,0.5170133318531992,1.0,1.0
0.5,0.2,33,selected,1.0,2,9.924533740269847,0.005872535999335915,0.006455357815885494,0.0005828218165495787,2.211446703112097e-05,2.352101524979205e-05,0.0,0.0,0.28258308290287426,1.0,1.0
0.5,0.2,33,selected,2.0,2,9.161215023313407,0.0024980880387200765,0.0027269432553265627,0.00022885521660648603,3.7061320115386165e-06,4.167247862515539e-06,0.0,0.0,-0.4321281982876712,1.0,1.0
0.5,0.2,33,selected,4.0,2,9.376455747201561,0.0009526285610641523,0.0010419513564956418,8.932279543148942e-05,8.846099288525671e-07,9.864158350272452e-07,0.0,0.0,-0.6500788127969931,1.0,1.0
0.5,0.2,33,selected,8.0,2,6.673469787174402,0.0001555224814203122,0.00016590122704736093,1.0378745627048753e-05,3.818502452776478e-07,4.0996103247822896e-07,0.0,0.0,-4.640096853898442,1.0,1.0
0.5,1.0,11,epoch_025,0.5,2,4.760925910837422,0.013069728579005914,0.01369196867274355,0.0006222400937376362,2.5563933865970278e-05,1.947208781115881e-05,0.0,0.0,-0.7056781743744738,1.0,1.0
0.5,1.0,11,epoch_025,1.0,2,2.7618515576948943,0.006011264216163801,0.006177286411064919,0.00016602219490111786,1.2837691825728025e-05,1.5666982163804607e-05,0.0,0.0,-1.7284550843867617,1.0,1.0
0.5,1.0,11,epoch_025,2.0,2,1.41578172946899,0.0024140903794608285,0.0024482686304278843,3.417825096705589e-05,5.258681569687828e-06,5.502609218984888e-06,0.0,0.0,-1.1395371119161053,1.0,1.0
0.5,1.0,11,epoch_025,4.0,2,1.1022847871560715,0.0010193361742278505,0.001030572162095774,1.1235987867923595e-05,9.186207890398173e-07,9.944847581015541e-07,0.0,0.0,-1.116512919533516,1.0,1.0
0.5,1.0,11,epoch_025,8.0,2,6.652386262571142,0.00024485767640344364,0.00026114655484144506,1.628887843800142e-05,5.867547412833858e-07,5.977325962622885e-07,0.0,0.0,-2.1502449653648585,1.0,1.0
0.5,1.0,11,initial,0.5,2,41.925374780506374,0.00507987857168706,0.007209636691747326,0.002129758120060266,0.00020080237890240547,0.0002794651936793704,0.0,0.0,2.1812666842089006,1.0,1.0
0.5,1.0,11,initial,1.0,2,22.040435884832544,0.002066974180164163,0.0025225442994145555,0.0004555701192503925,5.659911855878964e-05,4.985672969895146e-05,0.0,0.0,-10.453645142769352,1.0,1.0
0.5,1.0,11,initial,2.0,2,21.779433140430005,0.0010454276998791505,0.001273115927227558,0.00022768822734840744,9.94925697831381e-06,1.0646191673373131e-05,0.0,0.0,-0.13457170224528175,1.0,1.0
0.5,1.0,11,initial,4.0,2,32.30291478152301,0.00024059828451335186,0.00031831854347386503,7.77202589605132e-05,9.56998215627985e-07,1.0111313972944835e-06,0.0,0.0,-1.1951883129176268,1.0,1.0
0.5,1.0,11,initial,8.0,2,-4.980193439173824,0.00016428008871190348,0.00015609862262545434,-8.181466086449162e-06,3.0223850057858724e-07,3.0779122909142777e-07,0.0,0.0,1.3298315935778238,1.0,1.0
0.5,1.0,11,selected,0.5,2,3.3544220856628226,0.013365878454953113,0.0138142264340332,0.0004483479790800887,1.533236530607444e-05,2.338671563514646e-05,0.0,0.0,0.5788465188264369,1.0,1.0
0.5,1.0,11,selected,1.0,2,3.9803762718810143,0.005934024397554505,0.006170220896577027,0.00023619649902252137,1.541539930723144e-05,1.9824062955165737e-05,0.0,0.0,0.3595377713041068,1.0,1.0
0.5,1.0,11,selected,2.0,2,4.005090803465194,0.002417821597744972,0.0025146575482534153,9.68359505084432e-05,7.017594576469276e-06,7.339778279033642e-06,0.0,0.0,0.06324974405234002,1.0,1.0
0.5,1.0,11,selected,4.0,2,3.6262710464074255,0.0010403885593422684,0.0010781158685475658,3.772730920529742e-05,1.2598221674921304e-06,1.286834515836845e-06,0.0,0.0,-0.041090640576588636,1.0,1.0
0.5,1.0,11,selected,8.0,2,2.3033191776806516,0.00019818338543474157,0.00020274818134213634,4.564795907394738e-06,7.354542766656861e-07,7.522612072572712e-07,0.0,0.0,1.018157268042356,1.0,1.0
0.5,1.0,22,epoch_025,0.5,2,11.688898648443157,0.01334104959408811,0.014900471359594963,0.0015594217655068542,1.8495125651074667e-05,3.7067836767952775e-05,0.0,0.0,-0.4804003761654104,1.0,1.0
0.5,1.0,22,epoch_025,1.0,2,11.131858933081595,0.0060243083493410204,0.006694925856687274,0.0006706175073462536,1.2710511605518012e-05,1.3862500936306555e-05,0.0,0.0,-0.5533992545822224,1.0,1.0
0.5,1.0,22,epoch_025,2.0,2,11.367510641867806,0.002229339520376715,0.002482759927627895,0.0002534204072511797,2.702146070400547e-06,3.0753745912423786e-06,0.0,0.0,-0.07845900515536965,1.0,1.0
0.5,1.0,22,epoch_025,4.0,2,12.996440469863845,0.0007470000556138853,0.0008440834731139672,9.70834175000819e-05,8.319080247036519e-07,9.147115202845949e-07,0.0,0.0,-0.5271699483519535,1.0,1.0
0.5,1.0,22,epoch_025,8.0,2,-5.9432758214464645,0.00011022129145432267,0.00010367053653538734,-6.550754918935317e-06,3.908140790267661e-07,4.219136786354626e-07,0.0,0.0,-10.339763380788611,1.0,1.0
0.5,1.0,22,initial,0.5,2,43.993424673315744,0.0018977464101430097,0.002732630043889503,0.0008348836337464935,3.3832814701696185e-05,1.4913473466074206e-05,0.0,0.0,10.125075451939896,1.0,1.0
0.5,1.0,22,initial,1.0,2,37.83842867069308,0.0007007560556677295,0.0009659111357575346,0.0002651550800898051,8.687623595014864e-06,8.541721598265832e-06,0.0,0.0,-10.26004931732698,1.0,1.0
0.5,1.0,22,initial,2.0,2,34.6206583564549,0.00042648582385949223,0.0005741380236219192,0.00014765219976242694,3.5336480961247573e-06,3.6577220340379456e-06,0.0,0.0,-8.368534910323335,1.0,1.0
0.5,1.0,22,initial,4.0,2,21.476150057269606,0.0002983637692359117,0.0003624408199841078,6.407705074819615e-05,9.775975616910964e-07,9.97787552405861e-07,0.0,0.0,-6.571475285098087,1.0,1.0
0.5,1.0,22,initial,8.0,2,13.227801508046323,0.00023217735693945355,0.0002628893168590436,3.071195991959005e-05,2.2095310296168082e-07,2.3055642291395634e-07,0.0,0.0,-1.9100620609377221,1.0,1.0
0.5,1.0,22,selected,0.5,2,11.299776466797372,0.013342800143587488,0.014850506734074918,0.00150770659048743,1.4820133688154722e-05,1.592700091341731e-05,0.0,0.0,-0.472843412661109,1.0,1.0
0.5,1.0,22,selected,1.0,2,10.874126233377158,0.005947942489122487,0.006594729263854727,0.0006467867747322405,1.5947019193393255e-05,1.6416604016021546e-05,0.0,0.0,-0.5978014297271428,1.0,1.0
0.5,1.0,22,selected,2.0,2,10.79859361932678,0.002298754051072353,0.002546987159529604,0.0002482331084572508,2.7259753003731498e-06,3.054308908966365e-06,0.0,0.0,-0.32778845421896957,1.0,1.0
0.5,1.0,22,selected,4.0,2,11.993658744638335,0.0007941163859394629,0.0008893599953919452,9.524360945248241e-05,7.76229562238457e-07,8.627746311506541e-07,0.0,0.0,-0.7821310686770907,1.0,1.0
0.5,1.0,22,selected,8.0,2,-3.439180581223683,0.00013426065237352535,0.00012964318618605836,-4.617466187466966e-06,3.872243965461266e-07,4.164020816342055e-07,0.0,0.0,-8.103998290416339,1.0,1.0
0.5,1.0,33,epoch_025,0.5,2,9.156717039875605,0.013333519019332562,0.014554431627514863,0.0012209126081823025,2.5244706612456797e-05,4.478642587176419e-05,0.0,0.0,0.23074846943624988,1.0,1.0
0.5,1.0,33,epoch_025,1.0,2,10.788252153971378,0.0062218484923259754,0.006893077196056561,0.0006712287037305858,1.888461329745195e-05,1.8266871881454517e-05,0.0,0.0,0.47048964539624355,1.0,1.0
0.5,1.0,33,epoch_025,2.0,2,10.556455921662046,0.0023890409385539744,0.0026412389920671716,0.00025219805351319726,1.9680157413648873e-06,2.1257099832083686e-06,0.0,0.0,-0.42152547617493646,1.0,1.0
0.5,1.0,33,epoch_025,4.0,2,11.184453282103433,0.0008286242346961909,0.0009213013250500996,9.26770903539087e-05,8.563355559622973e-07,9.373928538108252e-07,0.0,0.0,-0.7996522587702715,1.0,1.0
0.5,1.0,33,epoch_025,8.0,2,,8.564694648868264e-05,9.941844634736917e-05,1.3771499858686534e-05,3.6569594557688413e-07,3.8536857378083454e-07,0.0,0.0,,0.0,0.0
0.5,1.0,33,initial,0.5,2,38.75409232681518,0.002523032900524489,0.003500811398543004,0.000977778498018515,0.00021271311290034427,0.00022348392861954193,0.0,0.0,2.4980432288020977,1.0,1.0
0.5,1.0,33,initial,1.0,2,15.967118199650121,0.003316769671514716,0.0038463622067395047,0.0005295925352247885,2.06038496937449e-05,2.0264112685786115e-05,0.0,0.0,0.7742930438074523,1.0,1.0
0.5,1.0,33,initial,2.0,2,4.6527096479824,0.0007168178690883638,0.0007501693249085148,3.335145582015098e-05,7.82869550345941e-06,8.297785584052195e-06,0.0,0.0,-2.870132851312008,1.0,1.0
0.5,1.0,33,initial,4.0,2,5.473793368560409,0.0004119473145719325,0.000434496459439761,2.2549144867828498e-05,9.57993465490241e-07,1.059302193026466e-06,0.0,0.0,0.21339044862799852,1.0,1.0
0.5,1.0,33,initial,8.0,2,7.234747849939438,0.0002405942196255221,0.0002580006048049277,1.7406385179405585e-05,3.623924623559394e-07,4.101914284534132e-07,0.0,0.0,0.5040350453578248,1.0,1.0
0.5,1.0,33,selected,0.5,2,8.284996322018756,0.013225518980025462,0.014321252741282837,0.0010957337612573755,3.239432203811764e-05,2.8024129674382226e-05,0.0,0.0,0.36971724817349416,1.0,1.0
0.5,1.0,33,selected,1.0,2,9.308213092851048,0.0060877988466896,0.006654464135897222,0.0005666652892076223,2.024404304441618e-05,2.0525120372776533e-05,0.0,0.0,0.1873424031846615,1.0,1.0
0.5,1.0,33,selected,2.0,2,8.829724950882367,0.0024437658453064833,0.002659543647871107,0.0002157778025646236,2.363849306675105e-06,2.621953660472466e-06,0.0,0.0,-0.3408555199388238,1.0,1.0
0.5,1.0,33,selected,4.0,2,9.242543130457946,0.0008745424387112436,0.0009553724008537216,8.082996214247803e-05,8.250370722351122e-07,9.15208273165884e-07,0.0,0.0,-0.6031554571119094,1.0,1.0
0.5,1.0,33,selected,8.0,2,10.525096838603343,0.00010115031869631358,0.00011179648780574978,1.0646169109436204e-05,3.4745215995540256e-07,3.699860798007502e-07,0.0,0.0,-7.321185546504645,1.0,1.0
