tau,noise_tau,checkpoint,frequency,gain_ratio_percent_mean,gain_ratio_percent_min,gain_ratio_percent_max,gain_ratio_percent_range,gain_ratio_percent_n,gain_ratio_percent_valid_n,phase_difference_deg_mean,phase_difference_deg_min,phase_difference_deg_max,phase_difference_deg_range,phase_difference_deg_n,phase_difference_deg_valid_n,native_amplitude_mean,native_amplitude_min,native_amplitude_max,native_amplitude_range,native_amplitude_n,native_amplitude_valid_n,weak_amplitude_mean,weak_amplitude_min,weak_amplitude_max,weak_amplitude_range,weak_amplitude_n,weak_amplitude_valid_n,native_fit_residual_rms_mean,native_fit_residual_rms_min,native_fit_residual_rms_max,native_fit_residual_rms_range,native_fit_residual_rms_n,native_fit_residual_rms_valid_n,weak_fit_residual_rms_mean,weak_fit_residual_rms_min,weak_fit_residual_rms_max,weak_fit_residual_rms_range,weak_fit_residual_rms_n,weak_fit_residual_rms_valid_n,phase_valid_fraction_mean,phase_valid_fraction_min,phase_valid_fraction_max,phase_valid_fraction_range,phase_valid_fraction_n,phase_valid_fraction_valid_n,baseline_valid_fraction_mean,baseline_valid_fraction_min,baseline_valid_fraction_max,baseline_valid_fraction_range,baseline_valid_fraction_n,baseline_valid_fraction_valid_n
0.05,0.01,epoch_025,0.5,15.018054249635926,11.845101078654318,18.86342383673999,7.018322758085672,3,3,-0.1374721591086968,-2.189835280205955,2.1486507018881866,4.3384859820941415,3,3,0.0019469043594850424,0.0018211619135528592,0.0021373957003849283,0.0003162337868320691,3,3,0.0022367286715450365,0.002082419206033384,0.0023905723815461463,0.0003081531755127621,3,3,3.2415619849862465e-05,2.2046500875107732e-05,4.188320917695021e-05,1.9836708301842476e-05,3,3,3.4169930956934444e-05,2.1801267042993892e-05,4.718429802332704e-05,2.5383030980333147e-05,3,3,1.0,1.0,1.0,0.0,3,3,1.0,1.0,1.0,0.0,3,3
0.05,0.01,epoch_025,1.0,14.739520522431652,10.943602901881299,21.888244340343743,10.944641438462444,3,3,-1.1558458568538876,-2.656580112397421,-0.06963683353964711,2.586943278857774,3,3,0.0026846488874238904,0.0025944498054373934,0.0028535711616808034,0.00025912135624340995,3,3,0.003077730775397742,0.002878376089633288,0.0031784991579238953,0.00030012306829060734,3,3,3.6993803729357736e-05,3.5466309039101e-05,4.0028161547295123e-05,4.561852508194123e-06,3,3,3.95935108887571e-05,3.561484908696073e-05,4.545817492703277e-05,9.84332584007204e-06,3,3,1.0,1.0,1.0,0.0,3,3,1.0,1.0,1.0,0.0,3,3
0.05,0.01,epoch_025,2.0,13.080191509551213,8.384031764978971,20.14673192097286,11.76270015599389,3,3,-1.5905138626944846,-2.0111271624938922,-0.944073582271244,1.0670535802226482,3,3,0.004984479482189454,0.004821287314699286,0.005094101702814121,0.0002728143881148351,3,3,0.005630475648637952,0.0055211928077186214,0.0057926191451272875,0.00027142633740866607,3,3,4.523135634709578e-05,3.891434736041909e-05,5.3247771177598045e-05,1.4333423817178956e-05,3,3,5.046967158582231e-05,4.475204508301045e-05,5.5078225217395945e-05,1.0326180134385492e-05,3,3,1.0,1.0,1.0,0.0,3,3,1.0,1.0,1.0,0.0,3,3
0.05,0.01,epoch_025,4.0,10.306625761487163,6.145426335512438,15.644945575905256,9.499519240392818,3,3,-2.4294696705334857,-4.1932067846687175,-1.494810705819674,2.6983960788490435,3,3,0.013540648904445923,0.013518702385331725,0.013563538773663418,4.483638833169268e-05,3,3,0.014936430718809452,0.014349484268276546,0.01565798512064537,0.0013085008523688255,3,3,9.145339700282456e-05,8.181224750172792e-05,9.783911302938998e-05,1.602686552766206e-05,3,3,0.00010726954000300156,8.411870013383987e-05,0.00012293977273620908,3.882107260236921e-05,3,3,1.0,1.0,1.0,0.0,3,3,1.0,1.0,1.0,0.0,3,3
0.05,0.01,epoch_025,8.0,6.00085268364915,5.860336780925168,6.211273964704322,0.3509371837791537,3,3,-1.0462931230402308,-2.5121016639154163,0.15642161533918397,2.6685232792546003,3,3,0.025199520962939734,0.024436965326290777,0.026136217299946696,0.0016992519736559186,3,3,0.026711035541329874,0.02595481222065994,0.0276863425742574,0.0017315303535974623,3,3,8.113180314664376e-05,5.345220408400068e-05,0.00012869476554931442,7.524256146531374e-05,3,3,0.00010010584382940811,4.5306331167134815e-05,0.00016505948052891392,0.0001197531493617791,3,3,1.0,1.0,1.0,0.0,3,3,1.0,1.0,1.0,0.0,3,3
0.05,0.01,initial,0.5,11.367339143999992,6.144031699632224,19.756045474286132,13.612013774653908,3,3,0.47049917627987997,-1.665256950088093,3.498039792779366,5.163296742867459,3,3,0.0018584238715428272,0.00043869886395161333,0.0036686725150034487,0.0032299736510518354,3,3,0.0020176772484763804,0.0005253684110082756,0.003969574842948756,0.0034442064319404803,3,3,3.576946104978334e-05,1.0307200442474374e-05,7.010867109952078e-05,5.98014706570464e-05,3,3,3.612350927972212e-05,1.061308471357858e-05,6.94100270945561e-05,5.8796942380977525e-05,3,3,1.0,1.0,1.0,0.0,3,3,1.0,1.0,1.0,0.0,3,3
0.05,0.01,initial,1.0,8.603271858649675,5.20858185737093,13.015699269776427,7.807117412405496,3,3,0.9945380145513768,-7.865270624289394,10.513863824606176,18.37913444889557,3,3,0.0018894813862328306,0.00013785758314733879,0.0048443448971762,0.004706487314028862,3,3,0.0020441377292929855,0.00014503800821259836,0.005211814348170244,0.005066776339957646,3,3,2.8349951681935784e-05,1.1862279547620145e-05,5.165132507672331e-05,3.978904552910316e-05,3,3,2.8996096274332353e-05,1.2234494795767674e-05,5.056085411191816e-05,3.832635931615048e-05,3,3,1.0,1.0,1.0,0.0,3,3,1.0,1.0,1.0,0.0,3,3
0.05,0.01,initial,2.0,20.35666707660624,8.789288249640592,29.836542272935738,21.047254023295146,3,3,1.4074571566998608,-0.3329877195655797,3.6857449171771464,4.018732636742726,3,3,0.002982543796996325,0.000473083926176058,0.007587122177101554,0.007114038250925496,3,3,0.0033284807380058244,0.00057926369009734,0.008253976215099875,0.007674712525002535,3,3,3.529525741433187e-05,1.3952199175083061e-05,4.940453921953028e-05,3.5452340044447216e-05,3,3,3.732644634263697e-05,1.3952990820339679e-05,5.1446567313416095e-05,3.7493576493076416e-05,3,3,1.0,1.0,1.0,0.0,3,3,1.0,1.0,1.0,0.0,3,3
0.05,0.01,initial,4.0,16.29563158641967,9.42223120741571,21.030161290655926,11.607930083240216,3,3,-1.06544128773688,-4.814764073520479,0.8959465096274357,5.710710583147915,3,3,0.007450411575499018,0.0029897404106371266,0.015864549646276718,0.012874809235639592,3,3,0.008377528717977928,0.003540884171346512,0.017359344211830677,0.013818460040484166,3,3,0.00019316804500890187,4.1581979871412614e-05,0.00039445074451016095,0.00035286876463874837,3,3,0.00020068069539568552,4.5622311178569516e-05,0.0003920248505332299,0.0003464025393546604,3,3,1.0,1.0,1.0,0.0,3,3,1.0,1.0,1.0,0.0,3,3
0.05,0.01,initial,8.0,14.67824586776427,8.568319147560409,21.434015856749376,12.865696709188967,3,3,-0.9164871437536216,-3.797629089146966,0.7739319371407589,4.571561026287725,3,3,0.007798672641784969,0.005871596244243315,0.009641838110275414,0.003770241866032099,3,3,0.008894307692659881,0.00713011512383268,0.010994819677687468,0.0038647045538547885,3,3,0.00041155250796336964,0.00024694686542644985,0.0007333287407803552,0.0004863818753539054,3,3,0.00041645044978075107,0.00024638654253880714,0.0007265818158632458,0.00048019527332443865,3,3,1.0,1.0,1.0,0.0,3,3,1.0,1.0,1.0,0.0,3,3
0.05,0.01,selected,0.5,14.761250845706366,7.846834807909708,21.34160866917164,13.494773861261933,3,3,0.9523697260202388,-1.6361204794049513,3.222987953727767,4.859108433132718,3,3,0.0018547393563813624,0.0017320859288113555,0.0020348905107500925,0.00030280458193873705,3,3,0.0021216155817752325,0.0020685408081232413,0.002194565007650557,0.00012602419952731586,3,3,2.470829968062023e-05,1.4030390724690886e-05,3.3406503224337626e-05,1.937611249964674e-05,3,3,2.850350908568117e-05,1.707042824573131e-05,4.158695422620282e-05,2.451652598047151e-05,3,3,1.0,1.0,1.0,0.0,3,3,1.0,1.0,1.0,0.0,3,3
0.05,0.01,selected,1.0,16.029471409581024,9.881610045574597,19.69116871317013,9.809558667595532,3,3,-0.8324499616454512,-3.901679445976356,0.7825794678848013,4.684258913861157,3,3,0.002478098880629971,0.00234361883936141,0.0026237106965714655,0.00028009185721005565,3,3,0.0028710906925613444,0.0027775547604639867,0.0029527417608893173,0.0001751870004253306,3,3,2.8189451020287992e-05,2.2968780615282606e-05,3.180739219477621e-05,8.838611579493604e-06,3,3,3.285583030312987e-05,2.6955703968418398e-05,4.0018095543831875e-05,1.3062391575413477e-05,3,3,1.0,1.0,1.0,0.0,3,3,1.0,1.0,1.0,0.0,3,3
0.05,0.01,selected,2.0,13.47075992822127,10.122087144366365,18.16412614057328,8.042038996206916,3,3,-1.9551063820522026,-3.9427281426852403,-0.41263209880375484,3.5300960438814855,3,3,0.004700342137208426,0.004627162855897602,0.004821789894014203,0.0001946270381166012,3,3,0.005333031281767664,0.005095528312482752,0.005497082189779562,0.0004015538772968105,3,3,3.272756169322657e-05,2.8491718948735973e-05,3.559437589090238e-05,7.102656942166408e-06,3,3,4.080076809144182e-05,3.9541587218682784e-05,4.174643596634782e-05,2.204848747665033e-06,3,3,1.0,1.0,1.0,0.0,3,3,1.0,1.0,1.0,0.0,3,3
0.05,0.01,selected,4.0,9.883428017757568,7.1163623633764495,13.890742189376448,6.774379825999999,3,3,-2.9727772153537666,-3.721866321269289,-1.889006810855193,1.832859510414096,3,3,0.013452943613109732,0.013305642161642426,0.013589143845806631,0.0002835016841642047,3,3,0.014784881509120154,0.014422195050121201,0.015476776783791758,0.0010545817336705572,3,3,6.329394523474625e-05,5.430866247847267e-05,7.007898351154834e-05,1.5770321033075672e-05,3,3,8.568076551024807e-05,8.294067823677611e-05,9.01090866970997e-05,7.168408460323585e-06,3,3,1.0,1.0,1.0,0.0,3,3,1.0,1.0,1.0,0.0,3,3
0.05,0.01,selected,8.0,4.508476434541076,2.9031707946918894,5.819073759185267,2.9159029644933776,3,3,-1.4238401238101077,-2.5036965557497695,-0.11639334634782017,2.3873032094019493,3,3,0.024635382544028864,0.02450448579584074,0.02480189759875489,0.00029741180291414926,3,3,0.025744887776620675,0.02552193905894932,0.026031242758215615,0.0005093036992662933,3,3,5.274926900611203e-05,3.857302830812872e-05,7.020557396684294e-05,3.1632545658714215e-05,3,3,6.044924797532983e-05,3.802345368759121e-05,0.00010371790090375291,6.56944472161617e-05,3,3,1.0,1.0,1.0,0.0,3,3,1.0,1.0,1.0,0.0,3,3
0.05,0.05,epoch_025,0.5,20.874702927701144,13.690942998017075,28.29485131627142,14.603908318254344,3,3,-0.6470347437968537,-3.9606559158335415,3.4127231616820097,7.373379077515551,3,3,0.0018602941901080144,0.0018235752834882275,0.0019333435417698132,0.00010976825828158568,3,3,0.002251330763040854,0.002073681581707524,0.002480380222345085,0.00040669864063756084,3,3,1.838993035130048e-05,9.98469609668446e-06,2.9769762964218736e-05,1.9785066867534277e-05,3,3,2.189587757647862e-05,9.826069217973239e-06,4.097834485484294e-05,3.1152275636869695e-05,3,3,1.0,1.0,1.0,0.0,3,3,1.0,1.0,1.0,0.0,3,3
0.05,0.05,epoch_025,1.0,19.90724847926099,11.5587429949358,26.254615698632477,14.695872703696677,3,3,-2.6161156573136375,-6.070265774390947,0.20342659420231257,6.2736923685932595,3,3,0.002467661441292815,0.002383153212942738,0.0025739404415332495,0.00019078722859051152,3,3,0.002958431694785013,0.002728604885815003,0.003137849268029574,0.0004092443822145712,3,3,2.0609290657276e-05,1.6951900443341262e-05,2.6743590732003236e-05,9.791690288661973e-06,3,3,2.4378835358982606e-05,1.749899944567613e-05,3.801435987473787e-05,2.051536042906174e-05,3,3,1.0,1.0,1.0,0.0,3,3,1.0,1.0,1.0,0.0,3,3
0.05,0.05,epoch_025,2.0,15.160998560151727,9.356767172932889,22.78606639722561,13.429299224292722,3,3,-3.3176929813660783,-5.839641798954176,-1.7566694298569132,4.082972369097263,3,3,0.004750619027512396,0.004585035311938463,0.005021895084039279,0.00043685977210081595,3,3,0.005469731061864137,0.005014046390876376,0.005703322765457687,0.0006892763745813112,3,3,3.024487422609553e-05,2.6497809428076994e-05,3.710464838912405e-05,1.0606838961047057e-05,3,3,3.469690517028912e-05,2.465899775112187e-05,4.8779643497494794e-05,2.4120645746372925e-05,3,3,1.0,1.0,1.0,0.0,3,3,1.0,1.0,1.0,0.0,3,3
0.05,0.05,epoch_025,4.0,9.847486959354553,5.461976772690901,16.939042227380774,11.477065454689873,3,3,-3.410409143079261,-4.6389665035311225,-1.4988173132312568,3.1401491902998657,3,3,0.013485466714480048,0.013351799006549859,0.013691020890038815,0.00033922188348895627,3,3,0.014809947835064992,0.01430530996807534,0.015685712268920092,0.0013804023008447512,3,3,7.059726052986693e-05,4.7590567086023597e-05,8.923986660322686e-05,4.164929951720326e-05,3,3,8.289827331711161e-05,5.52531895466849e-05,0.00010468179688526862,4.942860733858372e-05,3,3,1.0,1.0,1.0,0.0,3,3,1.0,1.0,1.0,0.0,3,3
0.05,0.05,epoch_025,8.0,7.056484091624113,6.2419692186866165,7.908782027805361,1.6668128091187446,3,3,-0.4877849920490856,-2.3899856689972125,1.1137311994713457,3.5037168684685582,3,3,0.024637880480647856,0.0241791446964034,0.025066884462481627,0.0008877397660782271,3,3,0.026375426199675926,0.02587620657840324,0.02663155167403016,0.0007553450956269206,3,3,0.00010519783599925699,6.656849853802295e-05,0.00013778973103157255,7.12212324935496e-05,3,3,0.0001382799831401436,5.326700089915234e-05,0.0001868919749430144,0.00013362497404386205,3,3,1.0,1.0,1.0,0.0,3,3,1.0,1.0,1.0,0.0,3,3
0.05,0.05,initial,0.5,11.367339143999992,6.144031699632224,19.756045474286132,13.612013774653908,3,3,0.47049917627987997,-1.665256950088093,3.498039792779366,5.163296742867459,3,3,0.0018584238715428272,0.00043869886395161333,0.0036686725150034487,0.0032299736510518354,3,3,0.0020176772484763804,0.0005253684110082756,0.003969574842948756,0.0034442064319404803,3,3,3.576946104978334e-05,1.0307200442474374e-05,7.010867109952078e-05,5.98014706570464e-05,3,3,3.612350927972212e-05,1.061308471357858e-05,6.94100270945561e-05,5.8796942380977525e-05,3,3,1.0,1.0,1.0,0.0,3,3,1.0,1.0,1.0,0.0,3,3
0.05,0.05,initial,1.0,8.603271858649675,5.20858185737093,13.015699269776427,7.807117412405496,3,3,0.9945380145513768,-7.865270624289394,10.513863824606176,18.37913444889557,3,3,0.0018894813862328306,0.00013785758314733879,0.0048443448971762,0.004706487314028862,3,3,0.0020441377292929855,0.00014503800821259836,0.005211814348170244,0.005066776339957646,3,3,2.8349951681935784e-05,1.1862279547620145e-05,5.165132507672331e-05,3.978904552910316e-05,3,3,2.8996096274332353e-05,1.2234494795767674e-05,5.056085411191816e-05,3.832635931615048e-05,3,3,1.0,1.0,1.0,0.0,3,3,1.0,1.0,1.0,0.0,3,3
0.05,0.05,initial,2.0,20.35666707660624,8.789288249640592,29.836542272935738,21.047254023295146,3,3,1.4074571566998608,-0.3329877195655797,3.6857449171771464,4.018732636742726,3,3,0.002982543796996325,0.000473083926176058,0.007587122177101554,0.007114038250925496,3,3,0.0033284807380058244,0.00057926369009734,0.008253976215099875,0.007674712525002535,3,3,3.529525741433187e-05,1.3952199175083061e-05,4.940453921953028e-05,3.5452340044447216e-05,3,3,3.732644634263697e-05,1.3952990820339679e-05,5.1446567313416095e-05,3.7493576493076416e-05,3,3,1.0,1.0,1.0,0.0,3,3,1.0,1.0,1.0,0.0,3,3
0.05,0.05,initial,4.0,16.29563158641967,9.42223120741571,21.030161290655926,11.607930083240216,3,3,-1.06544128773688,-4.814764073520479,0.8959465096274357,5.710710583147915,3,3,0.007450411575499018,0.0029897404106371266,0.015864549646276718,0.012874809235639592,3,3,0.008377528717977928,0.003540884171346512,0.017359344211830677,0.013818460040484166,3,3,0.00019316804500890187,4.1581979871412614e-05,0.00039445074451016095,0.00035286876463874837,3,3,0.00020068069539568552,4.5622311178569516e-05,0.0003920248505332299,0.0003464025393546604,3,3,1.0,1.0,1.0,0.0,3,3,1.0,1.0,1.0,0.0,3,3
0.05,0.05,initial,8.0,14.67824586776427,8.568319147560409,21.434015856749376,12.865696709188967,3,3,-0.9164871437536216,-3.797629089146966,0.7739319371407589,4.571561026287725,3,3,0.007798672641784969,0.005871596244243315,0.009641838110275414,0.003770241866032099,3,3,0.008894307692659881,0.00713011512383268,0.010994819677687468,0.0038647045538547885,3,3,0.00041155250796336964,0.00024694686542644985,0.0007333287407803552,0.0004863818753539054,3,3,0.00041645044978075107,0.00024638654253880714,0.0007265818158632458,0.00048019527332443865,3,3,1.0,1.0,1.0,0.0,3,3,1.0,1.0,1.0,0.0,3,3
0.05,0.05,selected,0.5,14.715530523901043,12.18047592810918,18.134607033440474,5.954131105331294,3,3,0.8440231745374964,-1.537465079594,3.5657073592439588,5.103172438837959,3,3,0.0018018674710253157,0.001753783107328178,0.0018680962164005581,0.00011431310907238004,3,3,0.0020664319794497085,0.0020009890508694735,0.0021264821054182426,0.0001254930545487691,3,3,1.2127740736474641e-05,8.173148655709e-06,1.9585437360345697e-05,1.1412288704636697e-05,3,3,1.2522317050657214e-05,7.151424162587377e-06,2.1871175973666673e-05,1.4719751811079296e-05,3,3,1.0,1.0,1.0,0.0,3,3,1.0,1.0,1.0,0.0,3,3
0.05,0.05,selected,1.0,15.95339873156284,11.479375761426603,23.556431679331148,12.077055917904545,3,3,-1.174469606553174,-2.143324763256345,0.5945323027809764,2.7378570660373214,3,3,0.002410330478444184,0.0023602936479929478,0.002494977107302673,0.00013468345930972526,3,3,0.002792690616325706,0.0026803923357524057,0.002916294608613209,0.00023590227286080347,3,3,1.3626622357431794e-05,9.350463805405867e-06,1.663491618030447e-05,7.284452374898603e-06,3,3,1.4284150199062507e-05,9.046300935600876e-06,1.884762964796699e-05,9.801328712366114e-06,3,3,1.0,1.0,1.0,0.0,3,3,1.0,1.0,1.0,0.0,3,3
0.05,0.05,selected,2.0,12.453538141229535,7.457301607300304,20.87387865622641,13.416577048926106,3,3,-2.2783728443795312,-2.8568430443699526,-1.9127728998487612,0.9440701445211914,3,3,0.0046784446237023575,0.00455022483659827,0.0047760732401609125,0.00022584840356264235,3,3,0.005255502585072541,0.005132239426665553,0.005500033247574242,0.00036779382090868906,3,3,2.0662023428205586e-05,1.5882817508351102e-05,2.4851858252316455e-05,8.969040743965353e-06,3,3,2.1219554857242574e-05,1.7472463572777812e-05,2.5272127110745765e-05,7.799663537967953e-06,3,3,1.0,1.0,1.0,0.0,3,3,1.0,1.0,1.0,0.0,3,3
0.05,0.05,selected,4.0,8.452644300349384,3.206809920419651,15.532991525096485,12.326181604676833,3,3,-2.491801830715613,-4.228193272715913,-1.3986984903236532,2.82949478239226,3,3,0.013671282702640867,0.013446153877562792,0.013863882612417468,0.00041772873485467626,3,3,0.014819807738367675,0.014143266805733946,0.01553474381984147,0.0013914770141075228,3,3,5.793817117896087e-05,4.8319723694979244e-05,7.400914304846075e-05,2.5689419353481503e-05,3,3,6.538752387643433e-05,6.055665463424382e-05,6.937652673381624e-05,8.81987209957242e-06,3,3,1.0,1.0,1.0,0.0,3,3,1.0,1.0,1.0,0.0,3,3
0.05,0.05,selected,8.0,5.882302577932445,4.985215307417579,6.62416145316892,1.6389461457513415,3,3,-0.5408116313764368,-2.467957661712518,0.7448860066637337,3.2128436683762516,3,3,0.02466412788990972,0.024164065560368063,0.025211407726830545,0.0010473421664624824,3,3,0.0261161823494335,0.02562297848898121,0.026881452079765895,0.0012584735907846846,3,3,6.454729897101719e-05,4.004065432510804e-05,0.00010502514554428999,6.498449121918195e-05,3,3,7.625994943284551e-05,4.887559128003341e-05,0.00011672110949711067,6.784551821707727e-05,3,3,1.0,1.0,1.0,0.0,3,3,1.0,1.0,1.0,0.0,3,3
0.05,0.2,epoch_025,0.5,19.039472070574117,7.457861741502136,26.446163940516243,18.988302199014107,3,3,-0.6210550280100552,-3.6820800442926327,1.816087484111648,5.498167528404281,3,3,0.001892250050321298,0.0018107076752098225,0.001959769201902015,0.0001490615266921927,3,3,0.0022480998237064233,0.0021059260794324564,0.0023488029962071763,0.00024287691677471988,3,3,1.3964782364102738e-05,1.0931899872705703e-05,1.8046853182102204e-05,7.114953309396501e-06,3,3,1.6446338249860797e-05,1.0474166448273257e-05,2.6759087106327447e-05,1.628492065805419e-05,3,3,1.0,1.0,1.0,0.0,3,3,1.0,1.0,1.0,0.0,3,3
0.05,0.2,epoch_025,1.0,17.83755749964953,7.389412791943628,25.868852132239915,18.479439340296288,3,3,-2.1706227312151833,-5.278071560487803,-0.3904360891177987,4.887635471370004,3,3,0.0026480430319505235,0.0025922725946132376,0.002757002095049108,0.00016472950043587044,3,3,0.0031147212891610987,0.0029607283605349814,0.003266113455573154,0.0003053850950381727,3,3,1.847109521911902e-05,1.5944675779862186e-05,2.289176260737553e-05,6.947086827513346e-06,3,3,2.2247334395969142e-05,1.5883734999628428e-05,2.560379181172569e-05,9.720056812097261e-06,3,3,1.0,1.0,1.0,0.0,3,3,1.0,1.0,1.0,0.0,3,3
0.05,0.2,epoch_025,2.0,14.46612011851173,6.933345701565063,22.818014061925695,15.884668360360632,3,3,-2.609058298424991,-4.883091306352554,-0.4628603147657486,4.420230991586806,3,3,0.005093307467166662,0.004907361665317531,0.005199578517789063,0.00029221685247153226,3,3,0.005822048847997631,0.005560083271450978,0.006027124140178629,0.00046704086872765074,3,3,3.079387243644233e-05,2.5677098696503056e-05,3.93172619167438e-05,1.3640163220240747e-05,3,3,3.6428269826139016e-05,2.977605367696728e-05,4.28580651834987e-05,1.3082011506531416e-05,3,3,1.0,1.0,1.0,0.0,3,3,1.0,1.0,1.0,0.0,3,3
0.05,0.2,epoch_025,4.0,10.23564867575057,6.5211343471783145,17.35951626212303,10.838381914944716,3,3,-3.2048473529903068,-4.975987998416031,-1.1146739763529467,3.861314022063084,3,3,0.013725251034499756,0.013355121100747875,0.014067560239366651,0.0007124391386187767,3,3,0.015117095672777322,0.014649928048212624,0.015673505517732104,0.00102357746951948,3,3,5.060978798101034e-05,2.878719646335512e-05,6.753678948718202e-05,3.87495930238269e-05,3,3,6.798525233194633e-05,4.05282733341527e-05,8.75516669653606e-05,4.7023393631207904e-05,3,3,1.0,1.0,1.0,0.0,3,3,1.0,1.0,1.0,0.0,3,3
0.05,0.2,epoch_025,8.0,6.1872789944381905,2.98653563903174,8.703220273349332,5.716684634317593,3,3,-0.8298076396869195,-2.462782459892452,0.9753196012331102,3.438102061125562,3,3,0.02506885410963629,0.024383396268876846,0.02617203420328261,0.0017886379344057637,3,3,0.026603096571363827,0.026059043099708277,0.026953671320762124,0.0008946282210538468,3,3,0.00012894058993458642,3.599942641013505e-05,0.00022248958422958558,0.00018649015781945053,3,3,0.00017423861092028277,9.171052741474995e-05,0.00030683938567142963,0.00021512885825667968,3,3,1.0,1.0,1.0,0.0,3,3,1.0,1.0,1.0,0.0,3,3
0.05,0.2,initial,0.5,11.367339143999992,6.144031699632224,19.756045474286132,13.612013774653908,3,3,0.47049917627987997,-1.665256950088093,3.498039792779366,5.163296742867459,3,3,0.0018584238715428272,0.00043869886395161333,0.0036686725150034487,0.0032299736510518354,3,3,0.0020176772484763804,0.0005253684110082756,0.003969574842948756,0.0034442064319404803,3,3,3.576946104978334e-05,1.0307200442474374e-05,7.010867109952078e-05,5.98014706570464e-05,3,3,3.612350927972212e-05,1.061308471357858e-05,6.94100270945561e-05,5.8796942380977525e-05,3,3,1.0,1.0,1.0,0.0,3,3,1.0,1.0,1.0,0.0,3,3
0.05,0.2,initial,1.0,8.603271858649675,5.20858185737093,13.015699269776427,7.807117412405496,3,3,0.9945380145513768,-7.865270624289394,10.513863824606176,18.37913444889557,3,3,0.0018894813862328306,0.00013785758314733879,0.0048443448971762,0.004706487314028862,3,3,0.0020441377292929855,0.00014503800821259836,0.005211814348170244,0.005066776339957646,3,3,2.8349951681935784e-05,1.1862279547620145e-05,5.165132507672331e-05,3.978904552910316e-05,3,3,2.8996096274332353e-05,1.2234494795767674e-05,5.056085411191816e-05,3.832635931615048e-05,3,3,1.0,1.0,1.0,0.0,3,3,1.0,1.0,1.0,0.0,3,3
0.05,0.2,initial,2.0,20.35666707660624,8.789288249640592,29.836542272935738,21.047254023295146,3,3,1.4074571566998608,-0.3329877195655797,3.6857449171771464,4.018732636742726,3,3,0.002982543796996325,0.000473083926176058,0.007587122177101554,0.007114038250925496,3,3,0.0033284807380058244,0.00057926369009734,0.008253976215099875,0.007674712525002535,3,3,3.529525741433187e-05,1.3952199175083061e-05,4.940453921953028e-05,3.5452340044447216e-05,3,3,3.732644634263697e-05,1.3952990820339679e-05,5.1446567313416095e-05,3.7493576493076416e-05,3,3,1.0,1.0,1.0,0.0,3,3,1.0,1.0,1.0,0.0,3,3
0.05,0.2,initial,4.0,16.29563158641967,9.42223120741571,21.030161290655926,11.607930083240216,3,3,-1.06544128773688,-4.814764073520479,0.8959465096274357,5.710710583147915,3,3,0.007450411575499018,0.0029897404106371266,0.015864549646276718,0.012874809235639592,3,3,0.008377528717977928,0.003540884171346512,0.017359344211830677,0.013818460040484166,3,3,0.00019316804500890187,4.1581979871412614e-05,0.00039445074451016095,0.00035286876463874837,3,3,0.00020068069539568552,4.5622311178569516e-05,0.0003920248505332299,0.0003464025393546604,3,3,1.0,1.0,1.0,0.0,3,3,1.0,1.0,1.0,0.0,3,3
0.05,0.2,initial,8.0,14.67824586776427,8.568319147560409,21.434015856749376,12.865696709188967,3,3,-0.9164871437536216,-3.797629089146966,0.7739319371407589,4.571561026287725,3,3,0.007798672641784969,0.005871596244243315,0.009641838110275414,0.003770241866032099,3,3,0.008894307692659881,0.00713011512383268,0.010994819677687468,0.0038647045538547885,3,3,0.00041155250796336964,0.00024694686542644985,0.0007333287407803552,0.0004863818753539054,3,3,0.00041645044978075107,0.00024638654253880714,0.0007265818158632458,0.00048019527332443865,3,3,1.0,1.0,1.0,0.0,3,3,1.0,1.0,1.0,0.0,3,3
0.05,0.2,selected,0.5,15.935894999318036,8.376872678264101,22.614218226538476,14.237345548274375,3,3,-0.1797151785316218,-3.2569596346100127,2.8635616859178867,6.120521320527899,3,3,0.0018252096585335796,0.0017717657926757172,0.0018977152701833858,0.0001259494775076686,3,3,0.002113000571202134,0.0020566844621628657,0.002172436775494459,0.00011575231333159309,3,3,7.4716501762719896e-06,6.288849050424211e-06,8.541891825600387e-06,2.253042775176176e-06,3,3,9.058325882695334e-06,4.314976182742267e-06,1.4176000378229753e-05,9.861024195487486e-06,3,3,1.0,1.0,1.0,0.0,3,3,1.0,1.0,1.0,0.0,3,3
0.05,0.2,selected,1.0,15.613356127873354,8.081268666567354,21.073484482327576,12.992215815760222,3,3,-1.6120085996925546,-4.647851259294157,0.5113035393983125,5.1591547986924695,3,3,0.002531594138103806,0.0024659903937829576,0.00263845274122995,0.00017246234744699258,3,3,0.002922974101782968,0.002851673195889016,0.003015140540878354,0.00016346734498933835,3,3,1.1413283679030264e-05,9.15390179913659e-06,1.535466516300049e-05,6.200763363863901e-06,3,3,1.32799746095381e-05,8.675446858142334e-06,1.720980356836806e-05,8.534356710225726e-06,3,3,1.0,1.0,1.0,0.0,3,3,1.0,1.0,1.0,0.0,3,3
0.05,0.2,selected,2.0,12.696002557020174,7.124598642135727,19.37816415275655,12.253565510620824,3,3,-2.351594544741527,-4.590090847699258,-0.8098476069758931,3.7802432407233653,3,3,0.004895433987624181,0.004793524248855578,0.004998125632190558,0.00020460138333497965,3,3,0.005512784260317062,0.005354222023115057,0.005722421246496526,0.0003681992233814692,3,3,2.644920029002314e-05,1.9008345794255638e-05,3.445808642550574e-05,1.54497406312501e-05,3,3,2.8833741438624865e-05,2.1233053827519703e-05,3.713254393338628e-05,1.5899490105866574e-05,3,3,1.0,1.0,1.0,0.0,3,3,1.0,1.0,1.0,0.0,3,3
0.05,0.2,selected,4.0,8.802345665190803,5.2851622913018375,14.992052782613808,9.70689049131197,3,3,-2.7914675203605976,-3.9350495927896247,-1.1946689013069545,2.7403806914826703,3,3,0.013736764997068026,0.01368303654319784,0.013771979752409354,8.894320921151375e-05,3,3,0.014944236204745394,0.01449985122572553,0.015734404603855636,0.0012345533781301064,3,3,5.707535126334473e-05,2.671821527914443e-05,9.764328363766998e-05,7.092506835852555e-05,3,3,5.64935047541637e-05,2.3571032763735615e-05,9.684148712412428e-05,7.327045436038868e-05,3,3,1.0,1.0,1.0,0.0,3,3,1.0,1.0,1.0,0.0,3,3
0.05,0.2,selected,8.0,5.3713695148623115,3.485867575108259,6.958938636914025,3.4730710618057663,3,3,-0.7571204834112197,-2.3267288106644344,0.8184114446839885,3.145140255348423,3,3,0.024862912090716126,0.024738637111216245,0.02504073725499882,0.0003021001437825757,3,3,0.0261965626727125,0.025913624190433776,0.026460184157215433,0.0005465599667816567,3,3,0.00010054160205030863,9.935740070394762e-05,0.00010262474583459252,3.2673451306448962e-06,3,3,0.00010421037018866867,5.9403300230333914e-05,0.00015224268120000154,9.283938096966762e-05,3,3,1.0,1.0,1.0,0.0,3,3,1.0,1.0,1.0,0.0,3,3
0.05,1.0,epoch_025,0.5,18.18472447333869,6.377198817458362,24.596691656053103,18.21949283859474,3,3,-0.11844356653667179,-2.822530155154766,1.4238860697121538,4.24641622486692,3,3,0.0018143329033681415,0.0017980156400591897,0.0018406451689334876,4.2629528874297846e-05,3,3,0.002144782209062001,0.0019194041164045596,0.0022746745078091038,0.00035527039140454417,3,3,1.495147090081233e-05,1.153500798613943e-05,2.0806803954379947e-05,9.271795968240517e-06,3,3,1.6918431748846757e-05,1.182960416701816e-05,1.9817994458105643e-05,7.988390291087482e-06,3,3,1.0,1.0,1.0,0.0,3,3,1.0,1.0,1.0,0.0,3,3
0.05,1.0,epoch_025,1.0,17.76228045530056,7.838728130316264,25.22700529889844,17.388277168582178,3,3,-1.5245016883699343,-4.413016112996161,0.6889601970406147,5.101976310036775,3,3,0.00256378303513408,0.0024998098206335294,0.0026125856973877575,0.0001127758767542281,3,3,0.00301935754669486,0.0027811107477027286,0.003271662829706081,0.0004905520820033525,3,3,1.9823839725489064e-05,1.2333039744667174e-05,2.5300317991726116e-05,1.2967278247058942e-05,3,3,2.330169778519719e-05,2.063187147785002e-05,2.652299814559168e-05,5.891126667741659e-06,3,3,1.0,1.0,1.0,0.0,3,3,1.0,1.0,1.0,0.0,3,3
0.05,1.0,epoch_025,2.0,15.283082993376524,8.284650981675167,23.463439314115885,15.178788332440718,3,3,-2.27580874178251,-4.763264991361012,0.17626334090255114,4.9395283322635635,3,3,0.004775486305565752,0.004647244571700019,0.004953782027664124,0.00030653745596410497,3,3,0.005497868862507416,0.005364185579047833,0.005737647981555828,0.00037346240250799544,3,3,3.0109604645452673e-05,1.4014360735512593e-05,4.515686226822752e-05,3.114250153271493e-05,3,3,3.7387304503216146e-05,2.5991992148621386e-05,5.46087640918361e-05,2.861677194321471e-05,3,3,1.0,1.0,1.0,0.0,3,3,1.0,1.0,1.0,0.0,3,3
0.05,1.0,epoch_025,4.0,10.725186943643891,6.384417209537041,17.397799592190054,11.013382382653013,3,3,-3.1507542893348854,-5.1395058872957975,-0.9693056057202796,4.170200281575518,3,3,0.013064796022257267,0.012513493094029082,0.013553055315043437,0.0010395622210143552,3,3,0.014449050367762345,0.013965975703615848,0.014690609856559244,0.0007246341529433958,3,3,7.97180010922035e-05,3.088643521283897e-05,0.00016377977670518229,0.00013289334149234333,3,3,0.00012063704865437018,6.167954826993877e-05,0.00022389505390741165,0.00016221550563747287,3,3,1.0,1.0,1.0,0.0,3,3,1.0,1.0,1.0,0.0,3,3
0.05,1.0,epoch_025,8.0,6.901509733839217,3.6967518057199333,9.369427666019714,5.672675860299781,3,3,-0.8549426382708714,-2.350486282848607,1.220145207534955,3.570631490383562,3,3,0.024303005092530115,0.023556150509667622,0.024948358730129672,0.0013922082204620503,3,3,0.025972387050108726,0.02535545183550899,0.026691071746777206,0.0013356199112682168,3,3,0.00027375623847190417,9.812913508623539e-05,0.00043396262273580696,0.00033583348764957156,3,3,0.0003072810172090683,6.302286396102087e-05,0.0005690448489022329,0.0005060219849412121,3,3,1.0,1.0,1.0,0.0,3,3,1.0,1.0,1.0,0.0,3,3
0.05,1.0,initial,0.5,11.367339143999992,6.144031699632224,19.756045474286132,13.612013774653908,3,3,0.47049917627987997,-1.665256950088093,3.498039792779366,5.163296742867459,3,3,0.0018584238715428272,0.00043869886395161333,0.0036686725150034487,0.0032299736510518354,3,3,0.0020176772484763804,0.0005253684110082756,0.003969574842948756,0.0034442064319404803,3,3,3.576946104978334e-05,1.0307200442474374e-05,7.010867109952078e-05,5.98014706570464e-05,3,3,3.612350927972212e-05,1.061308471357858e-05,6.94100270945561e-05,5.8796942380977525e-05,3,3,1.0,1.0,1.0,0.0,3,3,1.0,1.0,1.0,0.0,3,3
0.05,1.0,initial,1.0,8.603271858649675,5.20858185737093,13.015699269776427,7.807117412405496,3,3,0.9945380145513768,-7.865270624289394,10.513863824606176,18.37913444889557,3,3,0.0018894813862328306,0.00013785758314733879,0.0048443448971762,0.004706487314028862,3,3,0.0020441377292929855,0.00014503800821259836,0.005211814348170244,0.005066776339957646,3,3,2.8349951681935784e-05,1.1862279547620145e-05,5.165132507672331e-05,3.978904552910316e-05,3,3,2.8996096274332353e-05,1.2234494795767674e-05,5.056085411191816e-05,3.832635931615048e-05,3,3,1.0,1.0,1.0,0.0,3,3,1.0,1.0,1.0,0.0,3,3
0.05,1.0,initial,2.0,20.35666707660624,8.789288249640592,29.836542272935738,21.047254023295146,3,3,1.4074571566998608,-0.3329877195655797,3.6857449171771464,4.018732636742726,3,3,0.002982543796996325,0.000473083926176058,0.007587122177101554,0.007114038250925496,3,3,0.0033284807380058244,0.00057926369009734,0.008253976215099875,0.007674712525002535,3,3,3.529525741433187e-05,1.3952199175083061e-05,4.940453921953028e-05,3.5452340044447216e-05,3,3,3.732644634263697e-05,1.3952990820339679e-05,5.1446567313416095e-05,3.7493576493076416e-05,3,3,1.0,1.0,1.0,0.0,3,3,1.0,1.0,1.0,0.0,3,3
0.05,1.0,initial,4.0,16.29563158641967,9.42223120741571,21.030161290655926,11.607930083240216,3,3,-1.06544128773688,-4.814764073520479,0.8959465096274357,5.710710583147915,3,3,0.007450411575499018,0.0029897404106371266,0.015864549646276718,0.012874809235639592,3,3,0.008377528717977928,0.003540884171346512,0.017359344211830677,0.013818460040484166,3,3,0.00019316804500890187,4.1581979871412614e-05,0.00039445074451016095,0.00035286876463874837,3,3,0.00020068069539568552,4.5622311178569516e-05,0.0003920248505332299,0.0003464025393546604,3,3,1.0,1.0,1.0,0.0,3,3,1.0,1.0,1.0,0.0,3,3
0.05,1.0,initial,8.0,14.67824586776427,8.568319147560409,21.434015856749376,12.865696709188967,3,3,-0.9164871437536216,-3.797629089146966,0.7739319371407589,4.571561026287725,3,3,0.007798672641784969,0.005871596244243315,0.009641838110275414,0.003770241866032099,3,3,0.008894307692659881,0.00713011512383268,0.010994819677687468,0.0038647045538547885,3,3,0.00041155250796336964,0.00024694686542644985,0.0007333287407803552,0.0004863818753539054,3,3,0.00041645044978075107,0.00024638654253880714,0.0007265818158632458,0.00048019527332443865,3,3,1.0,1.0,1.0,0.0,3,3,1.0,1.0,1.0,0.0,3,3
0.05,1.0,selected,0.5,15.006905656243985,7.7073679479075725,19.892616021989262,12.18524807408169,3,3,1.1175588080510586,-0.36479814449756987,3.2117310281560947,3.5765291726536645,3,3,0.0017334162037269945,0.001704095900701834,0.0017655528342866915,6.145693358485752e-05,3,3,0.0019924846165293893,0.0019016304875399915,0.0020748614644405996,0.00017323097690060806,3,3,8.666592531321371e-06,8.02955396554527e-06,9.437721356651773e-06,1.408167391106502e-06,3,3,9.690911929673978e-06,5.869605485763463e-06,1.2449045839857786e-05,6.579440354094323e-06,3,3,1.0,1.0,1.0,0.0,3,3,1.0,1.0,1.0,0.0,3,3
0.05,1.0,selected,1.0,16.67703800687567,8.464635120042207,24.49931510749652,16.034679987454314,3,3,-0.4436250082631952,-1.6788738160372816,0.29007100758752813,1.9689448236248097,3,3,0.0024487859203037162,0.0024065991564081604,0.002476114532846619,6.951537643845856e-05,3,3,0.0028556996919870746,0.002672182552978343,0.0029961994671108927,0.0003240169141325495,3,3,1.3062552561827728e-05,9.82213603462175e-06,1.703809407989327e-05,7.215958045271521e-06,3,3,1.4851261521257148e-05,1.1718998459888074e-05,1.8998602600917973e-05,7.2796041410299e-06,3,3,1.0,1.0,1.0,0.0,3,3,1.0,1.0,1.0,0.0,3,3
0.05,1.0,selected,2.0,14.840619144918534,8.197978912163562,22.38503804097207,14.187059128808508,3,3,-1.6047011904909234,-2.6276824329272586,-0.3176538762055259,2.3100285567217327,3,3,0.004753622582884534,0.004601787360120275,0.004873639281180611,0.0002718519210603357,3,3,0.005454205952552189,0.00517775056018695,0.005631899211240039,0.00045414865105308875,3,3,2.680673837420779e-05,2.097032520840141e-05,2.9919261985373292e-05,8.948936776971881e-06,3,3,3.088544312123518e-05,2.3586725919271153e-05,3.460187809831749e-05,1.1015152179046337e-05,3,3,1.0,1.0,1.0,0.0,3,3,1.0,1.0,1.0,0.0,3,3
0.05,1.0,selected,4.0,11.23425810810424,7.7026715540505215,16.760238090556456,9.057566536505934,3,3,-2.7927152663758177,-4.535322294371724,-1.097980381947508,3.437341912424216,3,3,0.013476271058311312,0.012931041430999261,0.013838765904201633,0.0009077244732023718,3,3,0.014975626033674805,0.014711114195076305,0.015117449145851409,0.000406334950775104,3,3,8.862177375562478e-05,5.991039645916843e-05,0.0001303572961961785,7.044689973701007e-05,3,3,0.00011021257643925076,5.996529573263754e-05,0.00017104758337874697,0.00011108228764610942,3,3,1.0,1.0,1.0,0.0,3,3,1.0,1.0,1.0,0.0,3,3
0.05,1.0,selected,8.0,6.311744955808037,3.9975683872481405,7.548230646175435,3.5506622589272947,3,3,-1.1937217579808526,-2.2719232976883177,-0.1272971897656987,2.144626107922619,3,3,0.02403193921256422,0.023612316144236124,0.02445145429153775,0.0008391381473016254,3,3,0.025544031232829528,0.02535713318816621,0.025846042646703673,0.0004889094585374641,3,3,0.00016926370973380735,7.088048480161222e-05,0.0002516891474223192,0.00018080866262070697,3,3,0.00018308332153311394,4.2562328588071245e-05,0.0003234632938271749,0.00028090096523910365,3,3,1.0,1.0,1.0,0.0,3,3,1.0,1.0,1.0,0.0,3,3
0.1,0.01,epoch_025,0.5,5.539685770685769,2.3324811711893934,9.67025667485455,7.337775503665156,3,3,1.6414792211999156,0.8511633916400569,3.1255578391621555,2.2743944475220985,3,3,0.004750388004136464,0.004622722043489664,0.004847022296611573,0.00022430025312190904,3,3,0.005015039240828289,0.004730546164750465,0.005243795227322341,0.000513249062571876,3,3,2.0545581360442606e-05,1.8063873696031226e-05,2.380390942747009e-05,5.740035731438864e-06,3,3,1.7431649185161018e-05,1.0814908575990297e-05,2.9085840553666062e-05,1.8270931977675765e-05,3,3,1.0,1.0,1.0,0.0,3,3,1.0,1.0,1.0,0.0,3,3
0.1,0.01,epoch_025,1.0,8.104510789784927,5.859260817004808,11.00837375257052,5.149112935565713,3,3,1.7780828294706092,0.9070378533801602,3.349669278811376,2.442631425431216,3,3,0.006165628907524375,0.005987046517205779,0.00640378624201822,0.00041673972481244114,3,3,0.006663355955790653,0.006432835882102174,0.006779000780101539,0.00034616489799936534,3,3,2.401682257493236e-05,8.559781670483771e-06,4.9568118001846166e-05,4.1008336331362396e-05,3,3,2.4866462335337358e-05,5.218846548806169e-06,5.94494086098851e-05,5.423056206107893e-05,3,3,1.0,1.0,1.0,0.0,3,3,1.0,1.0,1.0,0.0,3,3
0.1,0.01,epoch_025,2.0,10.229057754224412,7.696289662039735,12.458697647796424,4.762407985756688,3,3,0.6433798588322026,0.34519733152626486,1.02623642715551,0.6810390956292451,3,3,0.012806254324061656,0.012664015191183804,0.013004135366423916,0.00034012017524011166,3,3,0.014113985592011186,0.013997812820214457,0.01433917266355185,0.0003413598433373924,3,3,6.24092944280058e-05,3.257106945854271e-05,7.839003595498797e-05,4.581896649644526e-05,3,3,7.144054672276552e-05,3.632258884081771e-05,0.00011219110793821591,7.58685190973982e-05,3,3,1.0,1.0,1.0,0.0,3,3,1.0,1.0,1.0,0.0,3,3
0.1,0.01,epoch_025,4.0,9.373987707811692,7.68600009381265,11.55805777300316,3.87205767919051,3,3,-0.8048563982217823,-0.9812895500443517,-0.7105429176232292,0.2707466324211225,3,3,0.015455700421978233,0.015376233959101938,0.015562590036998114,0.000186356077896176,3,3,0.01690338126085182,0.016758730712145793,0.01715342796188464,0.00039469724973884707,3,3,5.4674187284666676e-05,1.975899473526235e-05,9.95654881223746e-05,7.980649338711225e-05,3,3,6.589008517300265e-05,1.8729664548012122e-05,9.993665935524967e-05,8.120699480723754e-05,3,3,1.0,1.0,1.0,0.0,3,3,1.0,1.0,1.0,0.0,3,3
0.1,0.01,epoch_025,8.0,6.55922213214902,3.7245817251945312,9.904592768200327,6.180011043005797,3,3,-0.4729714864276779,-1.187489760003217,-0.09382536686695175,1.0936643931362653,3,3,0.0047858084051868996,0.004712262294168371,0.0048542772122304265,0.0001420149180620554,3,3,0.005098735541226903,0.004969326162751933,0.005178992684564586,0.00020966652181265283,3,3,1.0241042351945653e-05,8.055767501352135e-06,1.415463245133769e-05,6.098864949985555e-06,3,3,9.147323282895434e-06,6.237534042409036e-06,1.2730665017020755e-05,6.493130974611719e-06,3,3,1.0,1.0,1.0,0.0,3,3,1.0,1.0,1.0,0.0,3,3
0.1,0.01,initial,0.5,13.29319356427512,-22.019647570620503,50.231532928698655,72.25118049931916,3,3,-0.2749854930663883,-7.38810799586625,5.78820801733886,13.17631601320511,3,3,0.0025664251029176664,0.000497766644748862,0.006452744902549145,0.0059549782578002825,3,3,0.0029062236597354667,0.00038816018385103305,0.007205631518507009,0.006817471334655976,3,3,4.40204212387044e-05,9.061323194825046e-06,0.00010093860769869821,9.187728450387317e-05,3,3,4.7700636536926806e-05,8.782573732838095e-06,0.00010838244550748682,9.959987177464873e-05,3,3,1.0,1.0,1.0,0.0,3,3,1.0,1.0,1.0,0.0,3,3
0.1,0.01,initial,1.0,41.07394164969637,12.817745536606818,61.798312535180784,48.98056699857396,3,3,-12.36345455182906,-22.093219384785954,1.4991109526785351,23.59233033746449,3,3,0.0027767002971846046,0.00027549190381934954,0.007377251850885713,0.007101759947066364,3,3,0.0032583940799965822,0.00044574125155070175,0.008322849220726847,0.007877107969176145,3,3,4.0191755650196335e-05,1.3898644229839862e-05,8.90151263180638e-05,7.511648208822393e-05,3,3,4.696297864700626e-05,1.596186131149766e-05,0.00010502438518899588,8.906252387749822e-05,3,3,1.0,1.0,1.0,0.0,3,3,1.0,1.0,1.0,0.0,3,3
0.1,0.01,initial,2.0,26.16323968878704,14.90081097998689,32.01932404766579,17.1185130676789,3,3,-1.1339734474474463,-6.127895572939167,1.5401061098758078,7.668001682814975,3,3,0.005760825180703026,0.0017113812762529351,0.013517466005662643,0.011806084729409708,3,3,0.006831507146161378,0.0022516572264798898,0.015531678064449954,0.013280020837970065,3,3,0.00016431601166646368,9.092888007919253e-06,0.00039790684226489163,0.0003888139542569724,3,3,0.00018664621262093516,1.9987464246169824e-05,0.00044433723084261987,0.00042434976659645003,3,3,1.0,1.0,1.0,0.0,3,3,1.0,1.0,1.0,0.0,3,3
0.1,0.01,initial,4.0,20.715890438226126,16.63860136233093,22.882771562067127,6.244170199736196,3,3,-0.9545851761277437,-6.788047845900223,1.9590638446929631,8.747111690593186,3,3,0.006189924650347042,0.0033931875609517245,0.011264933800613306,0.007871746239661581,3,3,0.007368982868361455,0.004160940259046267,0.013139261231194438,0.00897832097214817,3,3,0.0001963337092846662,5.995954293899201e-05,0.000431070922999794,0.000371111380060802,3,3,0.00021508877670524528,7.949688904057709e-05,0.00045208578808822003,0.00037258889904764295,3,3,1.0,1.0,1.0,0.0,3,3,1.0,1.0,1.0,0.0,3,3
0.1,0.01,initial,8.0,9.847636843300307,-9.221724767558975,22.390104401326617,31.611829168885592,3,3,3.2633585606115676,-3.883998614412093,12.443030316354736,16.32702893076683,3,3,0.0012339619145161967,0.0007184010296328587,0.0019606490654646516,0.0012422480358317929,3,3,0.0013952326114489797,0.0006521520639527025,0.002281696152401302,0.0016295440884485993,3,3,1.1054698487980196e-05,4.469139501535693e-06,2.027449648325895e-05,1.5805356981723257e-05,3,3,1.0976046976254398e-05,3.7824397310593455e-06,2.030581583809292e-05,1.6523376107033576e-05,3,3,1.0,1.0,1.0,0.0,3,3,1.0,1.0,1.0,0.0,3,3
0.1,0.01,selected,0.5,7.5123946596808615,6.808206404975992,8.918059187122306,2.109852782146315,3,3,0.7166856256913967,-0.03669589407587637,1.1934553502228198,1.2301512442986962,3,3,0.004914278425740046,0.004886011844903006,0.0049613428989015405,7.533105399853447e-05,3,3,0.005283789242857499,0.005218661616275577,0.005403798395101666,0.00018513677882608937,3,3,2.0002402910084124e-05,1.4663086959630884e-05,2.9104979843395967e-05,1.4441892883765083e-05,3,3,1.7649811525199396e-05,9.097295606272443e-06,3.369752582029856e-05,2.4600230214026114e-05,3,3,1.0,1.0,1.0,0.0,3,3,1.0,1.0,1.0,0.0,3,3
0.1,0.01,selected,1.0,8.753821322609893,6.8650248573305035,10.451292551325341,3.586267693994838,3,3,0.8122800978008705,-0.11919129341109169,1.5721142280410731,1.6913055214521648,3,3,0.006215562690103264,0.00615270470293911,0.006259080553162192,0.00010637585022308174,3,3,0.00675921226513201,0.006662930442234302,0.006818964481899302,0.0001560340396649998,3,3,2.59114153679671e-05,9.235266449861722e-06,5.325434368635222e-05,4.40190772364905e-05,3,3,2.7611585049960416e-05,7.605343796159516e-06,6.346455385821685e-05,5.585921006205733e-05,3,3,1.0,1.0,1.0,0.0,3,3,1.0,1.0,1.0,0.0,3,3
0.1,0.01,selected,2.0,9.798981943480099,6.82181297314729,11.906201915342919,5.084388942195629,3,3,0.139466931016374,-0.4634380054378653,0.5770600028681088,1.040498008305974,3,3,0.01276989489521349,0.012687153414544324,0.012922526337159075,0.00023537292261475128,3,3,0.014021987401585825,0.013552647292100997,0.014301221748025889,0.0007485744559248917,3,3,5.006363703609362e-05,2.863785659751431e-05,7.598645117027815e-05,4.734859457276385e-05,3,3,6.209126310146382e-05,3.091168708754963e-05,0.00012108089238472421,9.016920529717457e-05,3,3,1.0,1.0,1.0,0.0,3,3,1.0,1.0,1.0,0.0,3,3
0.1,0.01,selected,4.0,8.779080968450508,5.655383978002115,10.845910093768385,5.19052611576627,3,3,-0.5409788922047918,-0.7883605744646616,-0.3144222245041135,0.47393834996054807,3,3,0.01535322331882416,0.015276137538193086,0.015492950365848173,0.00021681282765508708,3,3,0.016701958546388975,0.016140061766858033,0.01701682903753126,0.0008767672706732274,3,3,4.811647321367768e-05,3.614068011996575e-05,6.5051749578196e-05,2.891106945823026e-05,3,3,5.082017243335638e-05,1.695144718664723e-05,8.473493234435576e-05,6.778348515770853e-05,3,3,1.0,1.0,1.0,0.0,3,3,1.0,1.0,1.0,0.0,3,3
0.1,0.01,selected,8.0,8.191211976456884,5.503096503570837,9.971854798792624,4.468758295221787,3,3,0.14765241633975604,-0.13262876467331353,0.5288021723714564,0.66143093704477,3,3,0.004803581988060547,0.004712197160203569,0.004859278645270794,0.0001470814850672254,3,3,0.005196787946804884,0.005105579865609397,0.005343838856050467,0.0002382589904410693,3,3,1.2391985792313165e-05,9.925845139193231e-06,1.4193999996426083e-05,4.268154857232852e-06,3,3,1.2025803951125386e-05,7.366079110560815e-06,1.5131118552009028e-05,7.765039441448213e-06,3,3,1.0,1.0,1.0,0.0,3,3,1.0,1.0,1.0,0.0,3,3
0.1,0.05,epoch_025,0.5,9.320571377047623,6.650131179572705,10.711998096172671,4.061866916599966,3,3,1.1673778884146497,0.5581769529183305,1.5806274379782224,1.022450485059892,3,3,0.004902643597115509,0.004774919660890355,0.0050758528317672805,0.0003009331708769252,3,3,0.00535730067628596,0.005281041322123488,0.005413403703561855,0.00013236238143836745,3,3,1.1150861456610129e-05,7.638775714891276e-06,1.772000475243443e-05,1.0081229037543155e-05,3,3,1.0947673455177618e-05,4.50693872980931e-06,1.98047349409179e-05,1.529779621110859e-05,3,3,1.0,1.0,1.0,0.0,3,3,1.0,1.0,1.0,0.0,3,3
0.1,0.05,epoch_025,1.0,11.31983963498793,7.562032211505709,13.463696752492815,5.901664540987106,3,3,1.3149404435546166,0.9143609494871043,1.6096185172938249,0.6952575678067205,3,3,0.00608983667525309,0.0059533034155280235,0.006299794552035092,0.00034649113650706866,3,3,0.006775307250750494,0.0067232911738407345,0.006826443533092077,0.00010315235925134267,3,3,1.5671485391093834e-05,5.947487025336712e-06,3.4599868119849266e-05,2.8652381094512555e-05,3,3,1.8711326798269426e-05,4.561041599229199e-06,3.968644490903906e-05,3.512540330980986e-05,3,3,1.0,1.0,1.0,0.0,3,3,1.0,1.0,1.0,0.0,3,3
0.1,0.05,epoch_025,2.0,13.27416396898944,9.741315234097414,15.402085460447811,5.660770226350397,3,3,0.3574189389672134,0.15042436390842795,0.5827176325778112,0.4322932686693832,3,3,0.012614177001197248,0.012432210054801976,0.012784477454474912,0.00035226739967293523,3,3,0.014285828637407745,0.01402985370434694,0.014570486699410603,0.0005406329950636626,3,3,4.5679194636802905e-05,2.812990452945215e-05,6.569104113144316e-05,3.7561136601991005e-05,3,3,4.320440576915683e-05,1.5032437391316164e-05,6.312574693548398e-05,4.809330954416782e-05,3,3,1.0,1.0,1.0,0.0,3,3,1.0,1.0,1.0,0.0,3,3
0.1,0.05,epoch_025,4.0,12.048778124992475,9.119835959504885,13.536849819334396,4.4170138598295114,3,3,-1.207555548650688,-1.6648478019814092,-0.7710934113399901,0.8937543906414191,3,3,0.015374660784940411,0.01531553862032359,0.015454693999704828,0.0001391553793812384,3,3,0.017225944481523637,0.01686413674017944,0.017424916620014285,0.0005607798798348447,3,3,3.446154657594172e-05,1.737589218618741e-05,6.341530961122361e-05,4.60394174250362e-05,3,3,3.6139411492239155e-05,1.8641873127416518e-05,6.537896650338985e-05,4.673709337597333e-05,3,3,1.0,1.0,1.0,0.0,3,3,1.0,1.0,1.0,0.0,3,3
0.1,0.05,epoch_025,8.0,8.566440637432397,4.441412637067432,11.821991472717663,7.380578835650231,3,3,-0.6345993256421809,-1.2636227893299008,-0.053203988825600845,1.2104188005043,3,3,0.004808105762821892,0.004605342753627846,0.005042762571331344,0.0004374198177034983,3,3,0.00521890757632857,0.004988343245226902,0.005518593502520384,0.000530250257293482,3,3,8.473455410228922e-06,3.66745761159844e-06,1.189505854032276e-05,8.22760092872432e-06,3,3,1.1231949821679648e-05,9.321277042103257e-06,1.4077116355883317e-05,4.75583931378006e-06,3,3,1.0,1.0,1.0,0.0,3,3,1.0,1.0,1.0,0.0,3,3
0.1,0.05,initial,0.5,13.29319356427512,-22.019647570620503,50.231532928698655,72.25118049931916,3,3,-0.2749854930663883,-7.38810799586625,5.78820801733886,13.17631601320511,3,3,0.0025664251029176664,0.000497766644748862,0.006452744902549145,0.0059549782578002825,3,3,0.0029062236597354667,0.00038816018385103305,0.007205631518507009,0.006817471334655976,3,3,4.40204212387044e-05,9.061323194825046e-06,0.00010093860769869821,9.187728450387317e-05,3,3,4.7700636536926806e-05,8.782573732838095e-06,0.00010838244550748682,9.959987177464873e-05,3,3,1.0,1.0,1.0,0.0,3,3,1.0,1.0,1.0,0.0,3,3
0.1,0.05,initial,1.0,41.07394164969637,12.817745536606818,61.798312535180784,48.98056699857396,3,3,-12.36345455182906,-22.093219384785954,1.4991109526785351,23.59233033746449,3,3,0.0027767002971846046,0.00027549190381934954,0.007377251850885713,0.007101759947066364,3,3,0.0032583940799965822,0.00044574125155070175,0.008322849220726847,0.007877107969176145,3,3,4.0191755650196335e-05,1.3898644229839862e-05,8.90151263180638e-05,7.511648208822393e-05,3,3,4.696297864700626e-05,1.596186131149766e-05,0.00010502438518899588,8.906252387749822e-05,3,3,1.0,1.0,1.0,0.0,3,3,1.0,1.0,1.0,0.0,3,3
0.1,0.05,initial,2.0,26.16323968878704,14.90081097998689,32.01932404766579,17.1185130676789,3,3,-1.1339734474474463,-6.127895572939167,1.5401061098758078,7.668001682814975,3,3,0.005760825180703026,0.0017113812762529351,0.013517466005662643,0.011806084729409708,3,3,0.006831507146161378,0.0022516572264798898,0.015531678064449954,0.013280020837970065,3,3,0.00016431601166646368,9.092888007919253e-06,0.00039790684226489163,0.0003888139542569724,3,3,0.00018664621262093516,1.9987464246169824e-05,0.00044433723084261987,0.00042434976659645003,3,3,1.0,1.0,1.0,0.0,3,3,1.0,1.0,1.0,0.0,3,3
0.1,0.05,initial,4.0,20.715890438226126,16.63860136233093,22.882771562067127,6.244170199736196,3,3,-0.9545851761277437,-6.788047845900223,1.9590638446929631,8.747111690593186,3,3,0.006189924650347042,0.0033931875609517245,0.011264933800613306,0.007871746239661581,3,3,0.007368982868361455,0.004160940259046267,0.013139261231194438,0.00897832097214817,3,3,0.0001963337092846662,5.995954293899201e-05,0.000431070922999794,0.000371111380060802,3,3,0.00021508877670524528,7.949688904057709e-05,0.00045208578808822003,0.00037258889904764295,3,3,1.0,1.0,1.0,0.0,3,3,1.0,1.0,1.0,0.0,3,3
0.1,0.05,initial,8.0,9.847636843300307,-9.221724767558975,22.390104401326617,31.611829168885592,3,3,3.2633585606115676,-3.883998614412093,12.443030316354736,16.32702893076683,3,3,0.0012339619145161967,0.0007184010296328587,0.0019606490654646516,0.0012422480358317929,3,3,0.0013952326114489797,0.0006521520639527025,0.002281696152401302,0.0016295440884485993,3,3,1.1054698487980196e-05,4.469139501535693e-06,2.027449648325895e-05,1.5805356981723257e-05,3,3,1.0976046976254398e-05,3.7824397310593455e-06,2.030581583809292e-05,1.6523376107033576e-05,3,3,1.0,1.0,1.0,0.0,3,3,1.0,1.0,1.0,0.0,3,3
0.1,0.05,selected,0.5,9.329990123678085,8.057844184378215,10.341509613430278,2.2836654290520624,3,3,0.8608199052616659,-0.19708139619541498,1.4905746899805763,1.6876560861759913,3,3,0.004902913369966976,0.004832697222820681,0.004970514260763323,0.00013781703794264223,3,3,0.00535983356450713,0.005332471070706652,0.005375999067756808,4.352799705015578e-05,3,3,1.591648360158283e-05,1.0370940814052683e-05,2.3106072619315524e-05,1.2735131805262841e-05,3,3,1.533083219932766e-05,5.665433977705574e-06,2.5706517144886763e-05,2.004108316718119e-05,3,3,1.0,1.0,1.0,0.0,3,3,1.0,1.0,1.0,0.0,3,3
0.1,0.05,selected,1.0,10.817677438402614,7.823339474559776,12.79902430690768,4.975684832347905,3,3,0.983624390612132,0.002174919699768907,1.50844040613552,1.5062654864357512,3,3,0.006181387557546304,0.006078138849594223,0.006354434650470522,0.0002762958008762986,3,3,0.006847533303695437,0.0067972233099101755,0.006893812956310248,9.658964640007258e-05,3,3,2.0456223779517173e-05,8.448349952571144e-06,4.246876881734662e-05,3.4020418864775475e-05,3,3,2.209123498762864e-05,7.899259914651245e-06,4.805789399310424e-05,4.0158634078452996e-05,3,3,1.0,1.0,1.0,0.0,3,3,1.0,1.0,1.0,0.0,3,3
0.1,0.05,selected,2.0,12.367876355109457,8.705722115987314,14.681703455656447,5.975981339669133,3,3,0.22310123843294968,-0.24680361657084404,0.6672379651052154,0.9140415816760594,3,3,0.01270191937410775,0.0125851101967704,0.012830137954454425,0.000245027757684025,3,3,0.01427069888173207,0.013947094111866697,0.014553693012065598,0.0006065989001989014,3,3,3.816940023454405e-05,2.886506044026642e-05,4.705708650955723e-05,1.8192026069290808e-05,3,3,3.849369353136689e-05,1.8472003541164163e-05,7.022993478513224e-05,5.175793124396808e-05,3,3,1.0,1.0,1.0,0.0,3,3,1.0,1.0,1.0,0.0,3,3
0.1,0.05,selected,4.0,11.127547579177929,7.54664024609768,13.038851500487203,5.492211254389523,3,3,-0.9622894161576457,-1.3543368539145604,-0.7386596971656161,0.6156771567489443,3,3,0.015240481112858405,0.015130051707385381,0.015316188871639828,0.00018613716425444626,3,3,0.01693836659738739,0.016271862279301604,0.01731324399353849,0.0010413817142368859,3,3,3.2143527357313715e-05,1.6942182104646752e-05,5.548569574892415e-05,3.85435136442774e-05,3,3,3.0485674621684633e-05,1.677969563692905e-05,5.6043215201488904e-05,3.926351956455985e-05,3,3,1.0,1.0,1.0,0.0,3,3,1.0,1.0,1.0,0.0,3,3
0.1,0.05,selected,8.0,8.985116140130515,6.343458627756727,10.799187443144698,4.455728815387971,3,3,-0.23776041576165688,-0.37462629480370424,-0.1618452862980746,0.21278100850562964,3,3,0.004733681949813692,0.004658859930503308,0.004812367706410525,0.0001535077759072176,3,3,0.005158807415499996,0.005029852274006067,0.005284591025382684,0.0002547387513766163,3,3,1.1530224221880895e-05,2.8883382122945947e-06,2.0716881462758222e-05,1.782854325046363e-05,3,3,1.2439876831156992e-05,3.5013306793502564e-06,2.4269237089496355e-05,2.0767906410146097e-05,3,3,1.0,1.0,1.0,0.0,3,3,1.0,1.0,1.0,0.0,3,3
0.1,0.2,epoch_025,0.5,7.320248935007293,4.85771090757674,8.738454847037769,3.880743939461029,3,3,0.9391760584824905,-0.13709636458401064,2.187056897632999,2.32415326221701,3,3,0.004908542551430033,0.004731282815101645,0.005175048019184185,0.0004437652040825404,3,3,0.0052698209527301644,0.0049611148564791,0.005607919105146342,0.0006468042486672421,3,3,1.0473484483531101e-05,4.797059575258048e-06,1.5125689254899356e-05,1.0328629679641308e-05,3,3,1.3417736350293913e-05,9.948738977318187e-06,1.8354496550318455e-05,8.405757573000268e-06,3,3,1.0,1.0,1.0,0.0,3,3,1.0,1.0,1.0,0.0,3,3
0.1,0.2,epoch_025,1.0,8.779718411834947,5.908222688951847,12.11111806728331,6.202895378331464,3,3,1.1365936307791422,-0.10994754279090557,2.1288044296140924,2.238751972404998,3,3,0.006120020178524634,0.0059254288184633665,0.006441774091711873,0.0005163452732485068,3,3,0.006657297927221442,0.006275516348333508,0.006977717745315956,0.0007022013969824482,3,3,1.6451903791104645e-05,3.635908909875049e-06,3.098284308700846e-05,2.734693417713341e-05,3,3,2.1232456322254234e-05,6.754799947471917e-06,3.934683573706455e-05,3.259203578959263e-05,3,3,1.0,1.0,1.0,0.0,3,3,1.0,1.0,1.0,0.0,3,3
0.1,0.2,epoch_025,2.0,10.271543957918512,7.698041770496267,14.381765884471365,6.6837241139750985,3,3,0.6320496902176066,-0.5735797085198726,1.4702979502795586,2.043877658799431,3,3,0.01267961611393028,0.012402959885402475,0.013026895907282574,0.0006239360218800987,3,3,0.013977044989062081,0.013579638062374742,0.014186724538864371,0.0006070864764896287,3,3,4.079218539841902e-05,2.204589956116677e-05,6.811611407849625e-05,4.607021451732948e-05,3,3,4.1116004106086785e-05,2.2732415353293323e-05,5.2192084574610645e-05,2.9459669221317323e-05,3,3,1.0,1.0,1.0,0.0,3,3,1.0,1.0,1.0,0.0,3,3
0.1,0.2,epoch_025,4.0,10.073306221866341,7.069302600947269,13.64233299525608,6.573030394308811,3,3,-0.13111636637912358,-0.997447327571308,1.2523790818880798,2.249826409459388,3,3,0.015368648263300278,0.015139366368826075,0.015765005054183566,0.0006256386853574908,3,3,0.016910397366742536,0.016646981988924336,0.01720472914372482,0.0005577471548004823,3,3,4.4397098858026964e-05,3.3875992869521906e-05,5.5647023130021516e-05,2.177103026049961e-05,3,3,5.998433396662447e-05,4.649165153965596e-05,7.398020809404551e-05,2.7488556554389555e-05,3,3,1.0,1.0,1.0,0.0,3,3,1.0,1.0,1.0,0.0,3,3
0.1,0.2,epoch_025,8.0,9.620573371286842,5.893794040218426,11.568321107323232,5.6745270671048065,3,3,0.10744195552303899,-0.21483360937639873,0.7206486581077058,0.9354822674841046,3,3,0.004733761344156568,0.004339769715019904,0.004990193716002626,0.0006504240009827219,3,3,0.0051867959575548775,0.004834486318971751,0.005567475348955905,0.0007329890299841539,3,3,1.4281550096184974e-05,9.226699097246079e-06,1.8209587671120257e-05,8.982888573874179e-06,3,3,1.4986610029521306e-05,5.728082188187819e-06,2.203937884007619e-05,1.631129665188837e-05,3,3,1.0,1.0,1.0,0.0,3,3,1.0,1.0,1.0,0.0,3,3
0.1,0.2,initial,0.5,13.29319356427512,-22.019647570620503,50.231532928698655,72.25118049931916,3,3,-0.2749854930663883,-7.38810799586625,5.78820801733886,13.17631601320511,3,3,0.0025664251029176664,0.000497766644748862,0.006452744902549145,0.0059549782578002825,3,3,0.0029062236597354667,0.00038816018385103305,0.007205631518507009,0.006817471334655976,3,3,4.40204212387044e-05,9.061323194825046e-06,0.00010093860769869821,9.187728450387317e-05,3,3,4.7700636536926806e-05,8.782573732838095e-06,0.00010838244550748682,9.959987177464873e-05,3,3,1.0,1.0,1.0,0.0,3,3,1.0,1.0,1.0,0.0,3,3
0.1,0.2,initial,1.0,41.07394164969637,12.817745536606818,61.798312535180784,48.98056699857396,3,3,-12.36345455182906,-22.093219384785954,1.4991109526785351,23.59233033746449,3,3,0.0027767002971846046,0.00027549190381934954,0.007377251850885713,0.007101759947066364,3,3,0.0032583940799965822,0.00044574125155070175,0.008322849220726847,0.007877107969176145,3,3,4.0191755650196335e-05,1.3898644229839862e-05,8.90151263180638e-05,7.511648208822393e-05,3,3,4.696297864700626e-05,1.596186131149766e-05,0.00010502438518899588,8.906252387749822e-05,3,3,1.0,1.0,1.0,0.0,3,3,1.0,1.0,1.0,0.0,3,3
0.1,0.2,initial,2.0,26.16323968878704,14.90081097998689,32.01932404766579,17.1185130676789,3,3,-1.1339734474474463,-6.127895572939167,1.5401061098758078,7.668001682814975,3,3,0.005760825180703026,0.0017113812762529351,0.013517466005662643,0.011806084729409708,3,3,0.006831507146161378,0.0022516572264798898,0.015531678064449954,0.013280020837970065,3,3,0.00016431601166646368,9.092888007919253e-06,0.00039790684226489163,0.0003888139542569724,3,3,0.00018664621262093516,1.9987464246169824e-05,0.00044433723084261987,0.00042434976659645003,3,3,1.0,1.0,1.0,0.0,3,3,1.0,1.0,1.0,0.0,3,3
0.1,0.2,initial,4.0,20.715890438226126,16.63860136233093,22.882771562067127,6.244170199736196,3,3,-0.9545851761277437,-6.788047845900223,1.9590638446929631,8.747111690593186,3,3,0.006189924650347042,0.0033931875609517245,0.011264933800613306,0.007871746239661581,3,3,0.007368982868361455,0.004160940259046267,0.013139261231194438,0.00897832097214817,3,3,0.0001963337092846662,5.995954293899201e-05,0.000431070922999794,0.000371111380060802,3,3,0.00021508877670524528,7.949688904057709e-05,0.00045208578808822003,0.00037258889904764295,3,3,1.0,1.0,1.0,0.0,3,3,1.0,1.0,1.0,0.0,3,3
0.1,0.2,initial,8.0,9.847636843300307,-9.221724767558975,22.390104401326617,31.611829168885592,3,3,3.2633585606115676,-3.883998614412093,12.443030316354736,16.32702893076683,3,3,0.0012339619145161967,0.0007184010296328587,0.0019606490654646516,0.0012422480358317929,3,3,0.0013952326114489797,0.0006521520639527025,0.002281696152401302,0.0016295440884485993,3,3,1.1054698487980196e-05,4.469139501535693e-06,2.027449648325895e-05,1.5805356981723257e-05,3,3,1.0976046976254398e-05,3.7824397310593455e-06,2.030581583809292e-05,1.6523376107033576e-05,3,3,1.0,1.0,1.0,0.0,3,3,1.0,1.0,1.0,0.0,3,3
0.1,0.2,selected,0.5,7.476430352580938,5.238049172565473,8.75827289950103,3.5202237269355567,3,3,0.813374714829075,-0.1447148267166085,1.9938518094130302,2.1385666361296387,3,3,0.004918805493878229,0.004842054496109194,0.004965428611265785,0.0001233741151565916,3,3,0.005285976812402106,0.0052255202035525125,0.005366275390832814,0.00014075518728030173,3,3,8.228098140150711e-06,4.2573433777276225e-06,1.2853865388404373e-05,8.59652201067675e-06,3,3,9.778264945585496e-06,4.6897593643691115e-06,1.69301431386023e-05,1.2240383774233187e-05,3,3,1.0,1.0,1.0,0.0,3,3,1.0,1.0,1.0,0.0,3,3
0.1,0.2,selected,1.0,8.734129997706875,5.986396961349671,11.838434958198896,5.852037996849225,3,3,0.9628745288684918,-0.1259726572873774,1.8644631928299589,1.9904358501173363,3,3,0.006225008400065588,0.006084462428278184,0.00633314576795118,0.00024868333967299587,3,3,0.006766225438849312,0.006712273013761656,0.006804767555405947,9.249454164429044e-05,3,3,1.1864625770069369e-05,2.8513768843737803e-06,2.572048592664804e-05,2.286910904227426e-05,3,3,1.6759990428626574e-05,6.074701689134235e-06,3.5463571208678016e-05,2.938886951954378e-05,3,3,1.0,1.0,1.0,0.0,3,3,1.0,1.0,1.0,0.0,3,3
0.1,0.2,selected,2.0,10.083744709846469,7.650790889458737,13.841169463860147,6.190378574401411,3,3,0.510135688939486,-0.5804371032855045,1.2952853301002847,1.8757224333857891,3,3,0.012880107695067658,0.01266098450738572,0.01315397417813098,0.0004929896707452589,3,3,0.014174181081750684,0.01394877318025256,0.014413412828846096,0.00046463964859353585,3,3,3.270155984094753e-05,1.083454911743178e-05,6.309226517604085e-05,5.2257716058609066e-05,3,3,3.885565466944325e-05,2.2472572081665474e-05,4.960596605070312e-05,2.7133393969037646e-05,3,3,1.0,1.0,1.0,0.0,3,3,1.0,1.0,1.0,0.0,3,3
0.1,0.2,selected,4.0,9.787836673827305,7.185188168330214,12.993002023986222,5.807813855656008,3,3,-0.26701277313397825,-1.0371429060914465,1.0689174325387114,2.106060338630158,3,3,0.015464117311911696,0.015285491064215926,0.015681015131318508,0.0003955240671025817,3,3,0.016978425024014455,0.016383782362980805,0.017430126189378725,0.0010463438263979205,3,3,3.273277155334697e-05,1.946455870647569e-05,4.7729729212852174e-05,2.8265170506376485e-05,3,3,3.374046866011397e-05,1.6471563188502275e-05,4.753540847444714e-05,3.106384528594487e-05,3,3,1.0,1.0,1.0,0.0,3,3,1.0,1.0,1.0,0.0,3,3
0.1,0.2,selected,8.0,8.989869334956188,5.734420149451813,10.979451913490834,5.245031764039021,3,3,0.013797695198471455,-0.38478527882327285,0.6955719168334156,1.0803571956566884,3,3,0.004696272046300993,0.00463148296298658,0.004811954384609681,0.00018047142162310077,3,3,0.005119506852313402,0.004911764328721752,0.005340280602359516,0.0004285162736377638,3,3,1.4875021232090748e-05,9.692012129816352e-06,2.0532688615481984e-05,1.0840676485665633e-05,3,3,1.5569734414598356e-05,5.917525728386143e-06,2.44673035746564e-05,1.854977784627026e-05,3,3,1.0,1.0,1.0,0.0,3,3,1.0,1.0,1.0,0.0,3,3
0.1,1.0,epoch_025,0.5,5.8123360214818645,5.017969037438252,6.265687566715227,1.247718529276975,3,3,0.3476070571130911,-0.6191403787823333,1.6066310468382596,2.225771425620593,3,3,0.004765587083898847,0.004570559300114144,0.0050413100457730314,0.00047075074565888775,3,3,0.005041505298656028,0.004851801877551234,0.005294281422951157,0.0004424795453999231,3,3,1.3654685585014671e-05,9.92223198800755e-06,1.8264999893025975e-05,8.342767905018425e-06,3,3,1.629273175649168e-05,1.2642474513265256e-05,2.0152418354891073e-05,7.5099438416258176e-06,3,3,1.0,1.0,1.0,0.0,3,3,1.0,1.0,1.0,0.0,3,3
0.1,1.0,epoch_025,1.0,6.246949736085258,4.673408305563765,8.902790478483979,4.229382172920214,3,3,0.732990748240707,-0.2625395261009089,1.8759897687075124,2.1385292948084214,3,3,0.005841124744907375,0.005587781979976211,0.006222244425755774,0.0006344624457795631,3,3,0.0062048395538410565,0.005848921847125219,0.006543601598885814,0.0006946797517605949,3,3,2.4354248072053257e-05,1.4880072956014602e-05,4.244788626005563e-05,2.7567813304041026e-05,3,3,2.6989188377698987e-05,1.8422477111357415e-05,3.83558632650957e-05,1.9933386153738285e-05,3,3,1.0,1.0,1.0,0.0,3,3,1.0,1.0,1.0,0.0,3,3
0.1,1.0,epoch_025,2.0,7.867139034916581,4.868623760372481,11.546311002320897,6.677687241948416,3,3,0.7225227597698638,0.293488985979792,1.0788047645402514,0.7853157785604594,3,3,0.012186608009887974,0.011962153668200415,0.012442371512117937,0.00048021784391752247,3,3,0.013142325364781542,0.012747094617269028,0.01334334113330616,0.0005962465160371314,3,3,8.923087134818712e-05,1.5441653415164373e-05,0.00013141736744790727,0.0001159757140327429,3,3,9.567674345927769e-05,1.8973251842392097e-05,0.0001397985907638146,0.00012082533892142251,3,3,1.0,1.0,1.0,0.0,3,3,1.0,1.0,1.0,0.0,3,3
0.1,1.0,epoch_025,4.0,8.304251923330712,6.925617678245644,10.50363805123834,3.5780203729926967,3,3,0.00014741667093308013,-1.0290678538690088,1.892996034542648,2.9220638884116568,3,3,0.015701851542861436,0.015324700502757027,0.01599778043558638,0.000673079932829352,3,3,0.017006040181699596,0.01647152447362748,0.017440870525790953,0.0009693460521634743,3,3,0.0001544413830835034,3.3734467575136486e-05,0.0002340274250187625,0.000200292957443626,3,3,0.00016493019742672816,1.6491601138467734e-05,0.0002551249313588807,0.00023863333022041298,3,3,1.0,1.0,1.0,0.0,3,3,1.0,1.0,1.0,0.0,3,3
0.1,1.0,epoch_025,8.0,7.3392670939590126,3.1683202406186384,11.627507113978519,8.45918687335988,3,3,-0.4482915488907147,-1.6727864647944557,1.286533504436079,2.9593199692305348,3,3,0.003734525736149219,0.003479451997168938,0.0038762659031819197,0.00039681390601298185,3,3,0.004009162641160718,0.003730737113221137,0.004326978996829878,0.0005962418836087408,3,3,1.627371092051554e-05,1.0930047844115356e-05,2.569392603574927e-05,1.4763878191633912e-05,3,3,1.8211505194963854e-05,1.3228392845160176e-05,2.6889393256940138e-05,1.3661000411779962e-05,3,3,1.0,1.0,1.0,0.0,3,3,1.0,1.0,1.0,0.0,3,3
0.1,1.0,initial,0.5,13.29319356427512,-22.019647570620503,50.231532928698655,72.25118049931916,3,3,-0.2749854930663883,-7.38810799586625,5.78820801733886,13.17631601320511,3,3,0.0025664251029176664,0.000497766644748862,0.006452744902549145,0.0059549782578002825,3,3,0.0029062236597354667,0.00038816018385103305,0.007205631518507009,0.006817471334655976,3,3,4.40204212387044e-05,9.061323194825046e-06,0.00010093860769869821,9.187728450387317e-05,3,3,4.7700636536926806e-05,8.782573732838095e-06,0.00010838244550748682,9.959987177464873e-05,3,3,1.0,1.0,1.0,0.0,3,3,1.0,1.0,1.0,0.0,3,3
0.1,1.0,initial,1.0,41.07394164969637,12.817745536606818,61.798312535180784,48.98056699857396,3,3,-12.36345455182906,-22.093219384785954,1.4991109526785351,23.59233033746449,3,3,0.0027767002971846046,0.00027549190381934954,0.007377251850885713,0.007101759947066364,3,3,0.0032583940799965822,0.00044574125155070175,0.008322849220726847,0.007877107969176145,3,3,4.0191755650196335e-05,1.3898644229839862e-05,8.90151263180638e-05,7.511648208822393e-05,3,3,4.696297864700626e-05,1.596186131149766e-05,0.00010502438518899588,8.906252387749822e-05,3,3,1.0,1.0,1.0,0.0,3,3,1.0,1.0,1.0,0.0,3,3
0.1,1.0,initial,2.0,26.16323968878704,14.90081097998689,32.01932404766579,17.1185130676789,3,3,-1.1339734474474463,-6.127895572939167,1.5401061098758078,7.668001682814975,3,3,0.005760825180703026,0.0017113812762529351,0.013517466005662643,0.011806084729409708,3,3,0.006831507146161378,0.0022516572264798898,0.015531678064449954,0.013280020837970065,3,3,0.00016431601166646368,9.092888007919253e-06,0.00039790684226489163,0.0003888139542569724,3,3,0.00018664621262093516,1.9987464246169824e-05,0.00044433723084261987,0.00042434976659645003,3,3,1.0,1.0,1.0,0.0,3,3,1.0,1.0,1.0,0.0,3,3
0.1,1.0,initial,4.0,20.715890438226126,16.63860136233093,22.882771562067127,6.244170199736196,3,3,-0.9545851761277437,-6.788047845900223,1.9590638446929631,8.747111690593186,3,3,0.006189924650347042,0.0033931875609517245,0.011264933800613306,0.007871746239661581,3,3,0.007368982868361455,0.004160940259046267,0.013139261231194438,0.00897832097214817,3,3,0.0001963337092846662,5.995954293899201e-05,0.000431070922999794,0.000371111380060802,3,3,0.00021508877670524528,7.949688904057709e-05,0.00045208578808822003,0.00037258889904764295,3,3,1.0,1.0,1.0,0.0,3,3,1.0,1.0,1.0,0.0,3,3
0.1,1.0,initial,8.0,9.847636843300307,-9.221724767558975,22.390104401326617,31.611829168885592,3,3,3.2633585606115676,-3.883998614412093,12.443030316354736,16.32702893076683,3,3,0.0012339619145161967,0.0007184010296328587,0.0019606490654646516,0.0012422480358317929,3,3,0.0013952326114489797,0.0006521520639527025,0.002281696152401302,0.0016295440884485993,3,3,1.1054698487980196e-05,4.469139501535693e-06,2.027449648325895e-05,1.5805356981723257e-05,3,3,1.0976046976254398e-05,3.7824397310593455e-06,2.030581583809292e-05,1.6523376107033576e-05,3,3,1.0,1.0,1.0,0.0,3,3,1.0,1.0,1.0,0.0,3,3
0.1,1.0,selected,0.5,6.018922426282555,5.361368967521718,6.394324990392519,1.0329560228708008,3,3,0.22988828274250322,-0.5319325789674849,1.3455850575319914,1.8775176364994763,3,3,0.004917982719027163,0.004896823818175621,0.004949016534913,5.219271673737903e-05,3,3,0.005213892005609371,0.005205376277355789,0.005221948167858978,1.6571890503189364e-05,3,3,9.165614016088567e-06,8.26807761044414e-06,9.678985328640583e-06,1.4109077181964436e-06,3,3,1.1863017461473761e-05,9.579544294844004e-06,1.6061971598494755e-05,6.4824273036507504e-06,3,3,1.0,1.0,1.0,0.0,3,3,1.0,1.0,1.0,0.0,3,3
0.1,1.0,selected,1.0,6.283022179539825,5.086392042873156,8.498286869636152,3.411894826762996,3,3,0.5752462220737196,-0.17970358746183024,1.5869355034080854,1.7666390908699157,3,3,0.006208544006465327,0.006125293182743033,0.00631802583489849,0.0001927326521554574,3,3,0.0065977463508417765,0.0064967696783412,0.00665063120516533,0.0001538615268241294,3,3,1.801968794926291e-05,1.1314640275770032e-05,2.4163497824917342e-05,1.284885754914731e-05,3,3,2.1478156903439744e-05,1.9179962271548848e-05,2.3156553731136935e-05,3.976591459588087e-06,3,3,1.0,1.0,1.0,0.0,3,3,1.0,1.0,1.0,0.0,3,3
0.1,1.0,selected,2.0,7.686997836210288,5.244830747665552,10.971583326059175,5.726752578393623,3,3,0.6290083129223777,0.12327486280040034,0.9240487434547333,0.800773880654333,3,3,0.012870219954450653,0.012592352516943564,0.013079078671180286,0.0004867261542367222,3,3,0.013855362961843578,0.013617869319296209,0.013974286600183034,0.00035641728088682545,3,3,5.681222875363796e-05,1.5788233412145676e-05,0.00010395657316060881,8.816833974846313e-05,3,3,6.35401723245137e-05,2.729193808689679e-05,0.0001017638399130328,7.447190182613601e-05,3,3,1.0,1.0,1.0,0.0,3,3,1.0,1.0,1.0,0.0,3,3
0.1,1.0,selected,4.0,8.198641328304022,6.663615203669282,10.459092796282132,3.7954775926128494,3,3,-0.07729488761827864,-1.0691037921485247,1.8203852105680483,2.889489002716573,3,3,0.01564381051686467,0.015482402379693897,0.015753500216008257,0.00027109783631435944,3,3,0.01692660914514699,0.016639435752850724,0.017337138830185173,0.0006977030773344488,3,3,0.0001380006686271892,7.058894116524289e-05,0.0001939609328590405,0.0001233719916937976,3,3,0.00014462595890388558,4.840461755595572e-05,0.00021573676188786964,0.00016733214433191392,3,3,1.0,1.0,1.0,0.0,3,3,1.0,1.0,1.0,0.0,3,3
0.1,1.0,selected,8.0,6.935802565873221,2.6548143129875745,11.57785085308598,8.923036540098405,3,3,-0.37971166707453524,-1.3225922313785077,1.1140168477774637,2.4366090791559714,3,3,0.004352238431762335,0.0041764293218061795,0.004489558342554234,0.00031312902074805485,3,3,0.004652948701363956,0.004451018796644937,0.004899079527396261,0.00044806073075132416,3,3,1.8551216685363956e-05,1.355241031173334e-05,2.737484635421144e-05,1.3822436042478098e-05,3,3,1.998264999104683e-05,1.4500953000059858e-05,2.879075552943953e-05,1.428980252937967e-05,3,3,1.0,1.0,1.0,0.0,3,3,1.0,1.0,1.0,0.0,3,3
0.2,0.01,epoch_025,0.5,9.07145981822926,4.213592103586006,13.009278405944736,8.79568630235873,3,3,-0.3906367861869008,-1.435320676620961,0.4329309665938297,1.8682516432147906,3,3,0.006317608540338745,0.006146434132237386,0.006490411717556461,0.000343977585319075,3,3,0.006892477497360025,0.0065821093961265995,0.007334767447585454,0.0007526580514588543,3,3,4.477658660562996e-05,3.248673927602173e-05,6.693708339823172e-05,3.445034412220999e-05,3,3,5.610720810456314e-05,4.707193979646701e-05,7.159309673002514e-05,2.4521156933558133e-05,3,3,1.0,1.0,1.0,0.0,3,3,1.0,1.0,1.0,0.0,3,3
0.2,0.01,epoch_025,1.0,8.71504647345735,4.716218757599833,11.191348807921575,6.4751300503217415,3,3,-0.45936654695014284,-1.3765991461444287,0.06924831894244221,1.445847465086871,3,3,0.011370840765109297,0.011132749417714527,0.01149265396970542,0.0003599045519908934,3,3,0.01236006205535554,0.012028876564550494,0.012778836962742601,0.0007499603981921069,3,3,9.415145890913172e-05,7.1635318283574e-05,0.00012110826049388824,4.9472942210314236e-05,3,3,0.00011389071913515931,9.055490847767743e-05,0.00014845248957612425,5.789758109844682e-05,3,3,1.0,1.0,1.0,0.0,3,3,1.0,1.0,1.0,0.0,3,3
0.2,0.01,epoch_025,2.0,8.488871870374858,4.064497975218129,11.201268316893032,7.136770341674903,3,3,-0.7041350202505849,-1.3880839740309625,-0.19147393680427172,1.1966100372266908,3,3,0.010595293443119084,0.010553404853847675,0.010649640267967659,9.623541411998317e-05,3,3,0.011493561145571408,0.011082494681027222,0.011768246974672868,0.0006857522936456455,3,3,9.685887878948197e-05,6.567577479208902e-05,0.00012316316431524088,5.7487389523151866e-05,3,3,0.0001047272296718113,7.034030463801952e-05,0.00012751914609411156,5.717884145609205e-05,3,3,1.0,1.0,1.0,0.0,3,3,1.0,1.0,1.0,0.0,3,3
0.2,0.01,epoch_025,4.0,7.620079049236576,3.6697401277909325,9.60000142368187,5.930261295890938,3,3,-1.2262958129689703,-2.6110336952261264,-0.32293121263543867,2.2881024825906877,3,3,0.0033596006242201265,0.003123592479833139,0.0035577904539575386,0.0004341979741243995,3,3,0.003614864750742949,0.0034231604790547227,0.003899338388194999,0.00047617790914027645,3,3,8.937019741978957e-06,3.232762597101542e-06,1.3533872349717945e-05,1.0301109752616404e-05,3,3,9.303128890606977e-06,3.2548986312962275e-06,1.3108442490546764e-05,9.853543859250538e-06,3,3,1.0,1.0,1.0,0.0,3,3,1.0,1.0,1.0,0.0,3,3
0.2,0.01,epoch_025,8.0,4.017554473589199,1.3356834973645038,7.665361702276785,6.329678204912281,3,3,-1.448817399595998,-3.6163464396319966,-0.10312856549762728,3.5132178741343694,3,3,0.0010339273064329318,0.0009965708606658919,0.001092065183589488,9.549432292359607e-05,3,3,0.0010748137625190444,0.001026982398604083,0.0011066517180216072,7.966931941752421e-05,3,3,1.3979027827601053e-06,4.740637401360967e-07,2.989437244161158e-06,2.5153735040250613e-06,3,3,1.478319861979171e-06,4.2482791208373235e-07,3.4134760300114876e-06,2.988648117927755e-06,3,3,1.0,1.0,1.0,0.0,3,3,1.0,1.0,1.0,0.0,3,3
0.2,0.01,initial,0.5,37.24310401560535,17.170054125211433,56.08626461846511,38.91621049325367,3,3,6.059186301730842,-0.5185641547785735,16.12215887415448,16.640723028933053,3,3,0.0024877485109382797,0.0002862336590478127,0.006382693751515938,0.006096460092468126,3,3,0.003008431076672069,0.0004467714264885128,0.007478605723297695,0.007031834296809182,3,3,8.12941174970605e-05,1.0369643751439578e-05,0.00019454875562008797,0.00018417911186864838,3,3,9.103868300302009e-05,8.223182744051605e-06,0.00022224468204504807,0.00021402149930099647,3,3,1.0,1.0,1.0,0.0,3,3,1.0,1.0,1.0,0.0,3,3
0.2,0.01,initial,1.0,5.0113021927818755,-24.411991171654197,24.594383318192236,49.006374489846436,3,3,-5.7843089457964805,-18.318015088290622,4.1400677183193295,22.45808280660995,3,3,0.003702995505991364,0.0008249097759944914,0.0073958754168577286,0.006570965640863237,3,3,0.004385173734220669,0.0006235328743044575,0.009214845366615574,0.008591312492311116,3,3,6.567971855102371e-05,2.946931938817446e-05,0.00012948508374182666,0.0001000157643536522,3,3,8.99170499002174e-05,3.097287465725469e-05,0.0002034311662816022,0.0001724582916243475,3,3,1.0,1.0,1.0,0.0,3,3,1.0,1.0,1.0,0.0,3,3
0.2,0.01,initial,2.0,25.263181254625536,17.760700223361393,31.542477084561238,13.781776861199845,3,3,-4.039642224556206,-13.317126191561698,1.2689081386033365,14.586034330165035,3,3,0.003363954556429046,0.0013824279986894982,0.0068257432985510055,0.005443315299861508,3,3,0.004223454680901523,0.0018184800333819117,0.00863363468194667,0.006815154648564759,3,3,0.0001521546750913858,4.437659278582826e-05,0.00031376656301460937,0.0002693899702287811,3,3,0.00017434874426835358,5.2146836655446894e-05,0.0003643516696344071,0.00031220483297896023,3,3,1.0,1.0,1.0,0.0,3,3,1.0,1.0,1.0,0.0,3,3
0.2,0.01,initial,4.0,23.759255091564114,14.594771084875912,34.63737890834834,20.042607823472427,3,3,-1.234992197769918,-5.762038852293614,3.903351885507817,9.665390737801431,3,3,0.001007151981673178,0.0008373271355619062,0.001342332211419309,0.0005050050758574028,3,3,0.0012646189482494823,0.0009646548845325146,0.0018072809056990896,0.000842626021166575,3,3,9.301107924032036e-06,3.357792627382602e-06,1.6298893503041526e-05,1.2941100875658924e-05,3,3,1.0343869435194542e-05,3.6047258397623616e-06,1.8618542050952047e-05,1.5013816211189685e-05,3,3,1.0,1.0,1.0,0.0,3,3,1.0,1.0,1.0,0.0,3,3
0.2,0.01,initial,8.0,8.871235895173841,-5.0745684688214165,16.22034727579169,21.294915744613107,3,3,-0.2608565066757587,-1.3405074859310844,1.4421224896913998,2.782629975622484,3,3,0.000573985400964938,0.0003867317633406567,0.0007170171585855823,0.0003302853952449256,3,3,0.0006146412578908529,0.00044946099832204823,0.0007138311434469427,0.0002643701451248945,3,3,1.21206039024953e-06,1.0243092763185338e-06,1.4518142621354347e-06,4.2750498581690093e-07,3,3,1.2331940902501816e-06,1.043856760772564e-06,1.5271473858417934e-06,4.832906250692294e-07,3,3,1.0,1.0,1.0,0.0,3,3,1.0,1.0,1.0,0.0,3,3
0.2,0.01,selected,0.5,8.771895646688526,4.694757472669664,12.186189110192814,7.491431637523149,3,3,-0.21603600788448726,-1.1020042565938866,0.4067178306399626,1.5087220872338492,3,3,0.006886284403104761,0.0068011017788943105,0.006959666371194445,0.0001585645923001342,3,3,0.007491796195150599,0.007120397012882848,0.0077386987495247205,0.0006183017366418724,3,3,2.7746646188809714e-05,1.302799471206455e-05,4.4707248261210666e-05,3.1679253549146115e-05,3,3,3.846395478304993e-05,2.8648849539928287e-05,4.829527396227101e-05,1.9646424422342724e-05,3,3,1.0,1.0,1.0,0.0,3,3,1.0,1.0,1.0,0.0,3,3
0.2,0.01,selected,1.0,8.586486736115651,5.211339144923799,10.70841347253787,5.497074327614071,3,3,-0.26073652056788715,-1.0869660383803534,0.31959155343326984,1.4065575918136233,3,3,0.011751506834679145,0.011686314997300625,0.011848607018954162,0.00016229202165353625,3,3,0.012758861583794029,0.012466078114661116,0.012937733926914673,0.00047165581225355746,3,3,5.1393021494432286e-05,3.1772654958716344e-05,6.288393113968954e-05,3.111127618097319e-05,3,3,6.90259896463768e-05,5.144445271007611e-05,8.858670501783301e-05,3.71422523077569e-05,3,3,1.0,1.0,1.0,0.0,3,3,1.0,1.0,1.0,0.0,3,3
0.2,0.01,selected,2.0,8.856255456901009,4.897704850725571,11.33860854959483,6.44090369886926,3,3,-0.5652576062497258,-1.1458034325650601,-0.24040063413991675,0.9054027984251434,3,3,0.010432647179388665,0.01024612312816661,0.010558826171039627,0.0003127030428730169,3,3,0.011354870289799068,0.011006908028831561,0.011649811919386757,0.0006429038905551958,3,3,6.670948585814626e-05,2.1068619313958212e-05,9.992700934523216e-05,7.885839003127394e-05,3,3,7.495057357718817e-05,2.7833915946343832e-05,0.00011424907740106347,8.641516145471963e-05,3,3,1.0,1.0,1.0,0.0,3,3,1.0,1.0,1.0,0.0,3,3
0.2,0.01,selected,4.0,7.694934502407112,4.106555663531797,9.556148019357234,5.4495923558254376,3,3,-1.3169743433093368,-2.8425507361452844,-0.4976680750738183,2.344882661071466,3,3,0.0034895313020692586,0.003397020799204651,0.003561223956410614,0.000164203157205963,3,3,0.0037567874672791352,0.003707467600478461,0.0038458033114285896,0.00013833571095012848,3,3,8.647474542225712e-06,4.122117990684423e-06,1.249130245558377e-05,8.369184464899346e-06,3,3,9.128044316540778e-06,4.082349629298482e-06,1.4296985481285379e-05,1.0214635851986897e-05,3,3,1.0,1.0,1.0,0.0,3,3,1.0,1.0,1.0,0.0,3,3
0.2,0.01,selected,8.0,4.2310415081887305,1.1569898309925386,8.172621525139578,7.015631694147039,3,3,-0.995442998831414,-2.4789878607160745,-0.09516342909344644,2.383824431622628,3,3,0.0014555342324781078,0.0013762082151592076,0.0015162251013933292,0.00014001688623412165,3,3,0.0015186748355952107,0.0013921308042662852,0.0016401404403873266,0.00024800963612104147,3,3,2.2159384759779903e-06,1.0751152741324794e-06,4.3860973066179686e-06,3.310982032485489e-06,3,3,2.344350937554168e-06,9.329566066205863e-07,5.035012504301754e-06,4.102055897681168e-06,3,3,1.0,1.0,1.0,0.0,3,3,1.0,1.0,1.0,0.0,3,3
0.2,0.05,epoch_025,0.5,9.756739644728082,6.33157012287281,13.00881368771546,6.67724356484265,3,3,-0.5918049029386756,-1.1474684669964006,-0.19001835855110016,0.9574501084453004,3,3,0.007044934215399427,0.006956835663530421,0.00709222205222039,0.0001353863886899686,3,3,0.007732141775433697,0.007541271064726597,0.008007516286835914,0.00046624522210931673,3,3,2.991708271631403e-05,1.2497774333338564e-05,5.751339143271815e-05,4.501561709937959e-05,3,3,3.679468012889287e-05,1.965396899495471e-05,6.458176955156602e-05,4.492780055661132e-05,3,3,1.0,1.0,1.0,0.0,3,3,1.0,1.0,1.0,0.0,3,3
0.2,0.05,epoch_025,1.0,9.329460731843314,6.074912258468245,11.841123273137143,5.766211014668897,3,3,-0.47267782446747925,-0.9407105297280793,0.40895817630374154,1.3496687060318209,3,3,0.011890430762698509,0.011660163653402139,0.012107975400112703,0.00044781174671056426,3,3,0.012996920107525999,0.012834615758153731,0.013312620282477816,0.0004780045243240848,3,3,5.817468273934529e-05,4.709659544227849e-05,7.730440281753404e-05,3.020780737525555e-05,3,3,6.713578384203205e-05,5.387898406832593e-05,8.872610289510296e-05,3.484711882677703e-05,3,3,1.0,1.0,1.0,0.0,3,3,1.0,1.0,1.0,0.0,3,3
0.2,0.05,epoch_025,2.0,9.504818031646485,4.780091838735768,12.346167443098855,7.566075604363087,3,3,-1.208329009045014,-1.6751078771571315,-0.5992159917593938,1.0758918853977377,3,3,0.010722460017988038,0.010478306268249582,0.010949171256414056,0.0004708649881644735,3,3,0.011736672258678553,0.011472551698051206,0.012065868878793531,0.0005933171807423251,3,3,3.949280094491197e-05,2.1794960068788102e-05,6.935397180247719e-05,4.755901173368909e-05,3,3,4.298648949255187e-05,2.688771069198979e-05,7.241079763972302e-05,4.552308694773323e-05,3,3,1.0,1.0,1.0,0.0,3,3,1.0,1.0,1.0,0.0,3,3
0.2,0.05,epoch_025,4.0,7.3055532195599895,2.637701557750882,9.995853012767885,7.358151455017003,3,3,-1.8664232748113623,-2.780889360824034,-1.3066594060763066,1.4742299547477273,3,3,0.0037119833527282015,0.003515178158129331,0.0038507918102852834,0.0003356136521559523,3,3,0.003979621903034623,0.0038665501999539265,0.004119951303298156,0.00025340110334422933,3,3,7.481223366598664e-06,3.364190168039226e-06,1.2052427749925374e-05,8.688237581886148e-06,3,3,7.849876303177422e-06,3.882069950079692e-06,1.3318504277208738e-05,9.436434327129045e-06,3,3,1.0,1.0,1.0,0.0,3,3,1.0,1.0,1.0,0.0,3,3
0.2,0.05,epoch_025,8.0,3.454000738880403,0.5163901286251771,6.760136934333194,6.243746805708017,3,3,-1.2249727014193696,-2.0102161038126383,-0.6641629812720851,1.3460531225405532,3,3,0.0012765398155903797,0.001189180713304067,0.0013617383557893372,0.0001725576424852701,3,3,0.0013224232061787404,0.0011953215251076141,0.001453793733308535,0.00025847220820092096,3,3,1.991543070629989e-06,1.304004565318185e-06,3.2093059008243424e-06,1.9053013355061573e-06,3,3,2.0562471907086915e-06,1.2580871634651621e-06,3.6072542414263906e-06,2.3491670779612284e-06,3,3,1.0,1.0,1.0,0.0,3,3,1.0,1.0,1.0,0.0,3,3
0.2,0.05,initial,0.5,37.24310401560535,17.170054125211433,56.08626461846511,38.91621049325367,3,3,6.059186301730842,-0.5185641547785735,16.12215887415448,16.640723028933053,3,3,0.0024877485109382797,0.0002862336590478127,0.006382693751515938,0.006096460092468126,3,3,0.003008431076672069,0.0004467714264885128,0.007478605723297695,0.007031834296809182,3,3,8.12941174970605e-05,1.0369643751439578e-05,0.00019454875562008797,0.00018417911186864838,3,3,9.103868300302009e-05,8.223182744051605e-06,0.00022224468204504807,0.00021402149930099647,3,3,1.0,1.0,1.0,0.0,3,3,1.0,1.0,1.0,0.0,3,3
0.2,0.05,initial,1.0,5.0113021927818755,-24.411991171654197,24.594383318192236,49.006374489846436,3,3,-5.7843089457964805,-18.318015088290622,4.1400677183193295,22.45808280660995,3,3,0.003702995505991364,0.0008249097759944914,0.0073958754168577286,0.006570965640863237,3,3,0.004385173734220669,0.0006235328743044575,0.009214845366615574,0.008591312492311116,3,3,6.567971855102371e-05,2.946931938817446e-05,0.00012948508374182666,0.0001000157643536522,3,3,8.99170499002174e-05,3.097287465725469e-05,0.0002034311662816022,0.0001724582916243475,3,3,1.0,1.0,1.0,0.0,3,3,1.0,1.0,1.0,0.0,3,3
0.2,0.05,initial,2.0,25.263181254625536,17.760700223361393,31.542477084561238,13.781776861199845,3,3,-4.039642224556206,-13.317126191561698,1.2689081386033365,14.586034330165035,3,3,0.003363954556429046,0.0013824279986894982,0.0068257432985510055,0.005443315299861508,3,3,0.004223454680901523,0.0018184800333819117,0.00863363468194667,0.006815154648564759,3,3,0.0001521546750913858,4.437659278582826e-05,0.00031376656301460937,0.0002693899702287811,3,3,0.00017434874426835358,5.2146836655446894e-05,0.0003643516696344071,0.00031220483297896023,3,3,1.0,1.0,1.0,0.0,3,3,1.0,1.0,1.0,0.0,3,3
0.2,0.05,initial,4.0,23.759255091564114,14.594771084875912,34.63737890834834,20.042607823472427,3,3,-1.234992197769918,-5.762038852293614,3.903351885507817,9.665390737801431,3,3,0.001007151981673178,0.0008373271355619062,0.001342332211419309,0.0005050050758574028,3,3,0.0012646189482494823,0.0009646548845325146,0.0018072809056990896,0.000842626021166575,3,3,9.301107924032036e-06,3.357792627382602e-06,1.6298893503041526e-05,1.2941100875658924e-05,3,3,1.0343869435194542e-05,3.6047258397623616e-06,1.8618542050952047e-05,1.5013816211189685e-05,3,3,1.0,1.0,1.0,0.0,3,3,1.0,1.0,1.0,0.0,3,3
0.2,0.05,initial,8.0,8.871235895173841,-5.0745684688214165,16.22034727579169,21.294915744613107,3,3,-0.2608565066757587,-1.3405074859310844,1.4421224896913998,2.782629975622484,3,3,0.000573985400964938,0.0003867317633406567,0.0007170171585855823,0.0003302853952449256,3,3,0.0006146412578908529,0.00044946099832204823,0.0007138311434469427,0.0002643701451248945,3,3,1.21206039024953e-06,1.0243092763185338e-06,1.4518142621354347e-06,4.2750498581690093e-07,3,3,1.2331940902501816e-06,1.043856760772564e-06,1.5271473858417934e-06,4.832906250692294e-07,3,3,1.0,1.0,1.0,0.0,3,3,1.0,1.0,1.0,0.0,3,3
0.2,0.05,selected,0.5,9.59519397842451,7.409737381869297,12.695367415544379,5.285630033675082,3,3,-0.46327804337569556,-1.0585043528172378,-0.09817527608657883,0.9603290767306589,3,3,0.006997055086141728,0.006965630521220199,0.007017149164680301,5.151864346010157e-05,3,3,0.007667967546835284,0.007527688538157431,0.007849942908698473,0.00032225437054104154,3,3,1.6183650220254813e-05,4.804454397174286e-06,2.6874843013012743e-05,2.2070388615838457e-05,3,3,2.2344996839093978e-05,1.1092435729129125e-05,3.251389786504499e-05,2.1421462135915863e-05,3,3,1.0,1.0,1.0,0.0,3,3,1.0,1.0,1.0,0.0,3,3
0.2,0.05,selected,1.0,9.205299203178186,7.099597895818444,11.59264882653892,4.493050930720476,3,3,-0.3974108779981909,-0.8070743915753553,0.3580655786988416,1.165139970274197,3,3,0.011832101207452936,0.011738154304185209,0.011965127404905499,0.00022697310072028985,3,3,0.012920125027658358,0.012785626214888865,0.013160145529710046,0.0003745193148211815,3,3,3.167944407992646e-05,2.4130054698675373e-05,4.4306173176279935e-05,2.0176118477604563e-05,3,3,3.946324804883513e-05,3.2788058928960546e-05,4.7477449821944625e-05,1.468939089298408e-05,3,3,1.0,1.0,1.0,0.0,3,3,1.0,1.0,1.0,0.0,3,3
0.2,0.05,selected,2.0,9.575115046827891,6.345888026138791,12.48037609099233,6.134488064853539,3,3,-0.972229560686856,-1.545653516146558,-0.2998201115915151,1.245833404555043,3,3,0.010460827080104504,0.010358768696624934,0.010565429209841205,0.0002066605132162707,3,3,0.011460346260018147,0.011235899516978443,0.011651581988359722,0.0004156824713812783,3,3,2.3792713769411504e-05,1.3550822226125368e-05,3.338984147307836e-05,1.983901924695299e-05,3,3,2.65582607374184e-05,1.586696518972117e-05,3.590707469333089e-05,2.0040109503609716e-05,3,3,1.0,1.0,1.0,0.0,3,3,1.0,1.0,1.0,0.0,3,3
0.2,0.05,selected,4.0,7.4904265429870875,4.402940256489307,9.143321201698406,4.740380945209099,3,3,-1.7372067795687631,-2.997999965298362,-0.8216240333429141,2.176375931955448,3,3,0.003600988000663588,0.003567419124428705,0.0036546791938194224,8.726006939071759e-05,3,3,0.0038698836151824997,0.0038155925352871996,0.003900458596687747,8.486606140054725e-05,3,3,5.293088427990549e-06,3.0983102897636248e-06,8.989785503871512e-06,5.891475214107887e-06,3,3,5.617644215189038e-06,2.4107269808229807e-06,1.0122468366041037e-05,7.711741385218057e-06,3,3,1.0,1.0,1.0,0.0,3,3,1.0,1.0,1.0,0.0,3,3
0.2,0.05,selected,8.0,4.095671003933117,2.3892111540554817,6.927508183079012,4.53829702902353,3,3,-0.8707115477639686,-1.5311739767934398,-0.5120279665543706,1.0191460102390693,3,3,0.001496018298716541,0.001481912281519569,0.0015079361797190865,2.6023898199517385e-05,3,3,0.0015572960652272313,0.0015259294282769778,0.0016019948082893077,7.606538001232992e-05,3,3,2.2576546371760013e-06,1.629000752016565e-06,3.215391720282174e-06,1.586390968265609e-06,3,3,2.3660120427460553e-06,1.6177922742390142e-06,3.651248269581485e-06,2.033455995342471e-06,3,3,1.0,1.0,1.0,0.0,3,3,1.0,1.0,1.0,0.0,3,3
0.2,0.2,epoch_025,0.5,9.5792131185276,6.526614845125289,14.167811067800685,7.641196222675395,3,3,-0.3384993418698356,-0.7955014595093246,0.023496522936937936,0.8189979824462625,3,3,0.006920949977136131,0.0068224442675678355,0.007044847438062936,0.00022240317049510017,3,3,0.007586580295904152,0.007345604752595442,0.008042948113102428,0.0006973433605069858,3,3,1.890780076377499e-05,3.7461209799346225e-06,2.8928502453197543e-05,2.518238147326292e-05,3,3,2.5124998826576653e-05,1.1482866032057353e-05,3.493389276726185e-05,2.3451026735204497e-05,3,3,1.0,1.0,1.0,0.0,3,3,1.0,1.0,1.0,0.0,3,3
0.2,0.2,epoch_025,1.0,9.419837945162195,6.240081445365931,13.336422827939797,7.096341382573867,3,3,-0.429101334712973,-0.9815001887444623,0.5877137396106207,1.569213928355083,3,3,0.011599359293835201,0.011338613138655999,0.011768491906018991,0.00042987876736299245,3,3,0.012693877604128738,0.012323146001704194,0.013337987747077572,0.0010148417453733783,3,3,4.489750834434674e-05,1.9964371018852896e-05,7.238165019584421e-05,5.2417279176991315e-05,3,3,5.124015556336893e-05,2.9293719780257294e-05,8.05227320009e-05,5.1229012220642704e-05,3,3,1.0,1.0,1.0,0.0,3,3,1.0,1.0,1.0,0.0,3,3
0.2,0.2,epoch_025,2.0,9.14751868626309,4.769845962006736,13.205874213576019,8.436028251569283,3,3,-1.0968519487786645,-1.5069941798515174,-0.3824427070842944,1.124551472767223,3,3,0.01090031629878799,0.010859518720740617,0.010977113025704241,0.00011759430496362418,3,3,0.011895773716915395,0.011500704408105723,0.012299045206901383,0.0007983407987956596,3,3,4.478461360599241e-05,2.7970276322651726e-05,7.246577756150416e-05,4.449550123885244e-05,3,3,4.74927949132503e-05,3.1079249796708456e-05,7.31775871247348e-05,4.209833732802634e-05,3,3,1.0,1.0,1.0,0.0,3,3,1.0,1.0,1.0,0.0,3,3
0.2,0.2,epoch_025,4.0,7.397726893239199,2.7512469635883163,10.695766537396102,7.944519573807785,3,3,-1.4498288942963966,-2.2852119106086946,-0.6551827683705085,1.630029142238186,3,3,0.003824955959550921,0.0035620432686441546,0.003995162225399196,0.0004331189567550412,3,3,0.004105116979893836,0.0038735855278939097,0.004336686406984182,0.0004631008790902721,3,3,6.46242210074815e-06,3.496125889003729e-06,1.1577453637477847e-05,8.081327748474119e-06,3,3,6.780828122895121e-06,3.839052949129665e-06,1.2621192077800229e-05,8.782139128670564e-06,3,3,1.0,1.0,1.0,0.0,3,3,1.0,1.0,1.0,0.0,3,3
0.2,0.2,epoch_025,8.0,4.404083289500431,1.0001523262910816,6.932583404076609,5.932431077785527,3,3,-1.548380106693184,-2.791151062385012,-0.8581277186303851,1.933023343754627,3,3,0.0009433917086331796,0.0008948892123524498,0.001014843858432586,0.00011995464608013614,3,3,0.0009849995715049472,0.0009296478777384027,0.001068422683401053,0.00013877480566265035,3,3,1.5048378886400568e-06,1.0513825670026444e-06,2.0593700377335968e-06,1.0079874707309524e-06,3,3,1.5190547161981814e-06,8.864604401794054e-07,2.328162061955672e-06,1.4417016217762667e-06,3,3,1.0,1.0,1.0,0.0,3,3,1.0,1.0,1.0,0.0,3,3
0.2,0.2,initial,0.5,37.24310401560535,17.170054125211433,56.08626461846511,38.91621049325367,3,3,6.059186301730842,-0.5185641547785735,16.12215887415448,16.640723028933053,3,3,0.0024877485109382797,0.0002862336590478127,0.006382693751515938,0.006096460092468126,3,3,0.003008431076672069,0.0004467714264885128,0.007478605723297695,0.007031834296809182,3,3,8.12941174970605e-05,1.0369643751439578e-05,0.00019454875562008797,0.00018417911186864838,3,3,9.103868300302009e-05,8.223182744051605e-06,0.00022224468204504807,0.00021402149930099647,3,3,1.0,1.0,1.0,0.0,3,3,1.0,1.0,1.0,0.0,3,3
0.2,0.2,initial,1.0,5.0113021927818755,-24.411991171654197,24.594383318192236,49.006374489846436,3,3,-5.7843089457964805,-18.318015088290622,4.1400677183193295,22.45808280660995,3,3,0.003702995505991364,0.0008249097759944914,0.0073958754168577286,0.006570965640863237,3,3,0.004385173734220669,0.0006235328743044575,0.009214845366615574,0.008591312492311116,3,3,6.567971855102371e-05,2.946931938817446e-05,0.00012948508374182666,0.0001000157643536522,3,3,8.99170499002174e-05,3.097287465725469e-05,0.0002034311662816022,0.0001724582916243475,3,3,1.0,1.0,1.0,0.0,3,3,1.0,1.0,1.0,0.0,3,3
0.2,0.2,initial,2.0,25.263181254625536,17.760700223361393,31.542477084561238,13.781776861199845,3,3,-4.039642224556206,-13.317126191561698,1.2689081386033365,14.586034330165035,3,3,0.003363954556429046,0.0013824279986894982,0.0068257432985510055,0.005443315299861508,3,3,0.004223454680901523,0.0018184800333819117,0.00863363468194667,0.006815154648564759,3,3,0.0001521546750913858,4.437659278582826e-05,0.00031376656301460937,0.0002693899702287811,3,3,0.00017434874426835358,5.2146836655446894e-05,0.0003643516696344071,0.00031220483297896023,3,3,1.0,1.0,1.0,0.0,3,3,1.0,1.0,1.0,0.0,3,3
0.2,0.2,initial,4.0,23.759255091564114,14.594771084875912,34.63737890834834,20.042607823472427,3,3,-1.234992197769918,-5.762038852293614,3.903351885507817,9.665390737801431,3,3,0.001007151981673178,0.0008373271355619062,0.001342332211419309,0.0005050050758574028,3,3,0.0012646189482494823,0.0009646548845325146,0.0018072809056990896,0.000842626021166575,3,3,9.301107924032036e-06,3.357792627382602e-06,1.6298893503041526e-05,1.2941100875658924e-05,3,3,1.0343869435194542e-05,3.6047258397623616e-06,1.8618542050952047e-05,1.5013816211189685e-05,3,3,1.0,1.0,1.0,0.0,3,3,1.0,1.0,1.0,0.0,3,3
0.2,0.2,initial,8.0,8.871235895173841,-5.0745684688214165,16.22034727579169,21.294915744613107,3,3,-0.2608565066757587,-1.3405074859310844,1.4421224896913998,2.782629975622484,3,3,0.000573985400964938,0.0003867317633406567,0.0007170171585855823,0.0003302853952449256,3,3,0.0006146412578908529,0.00044946099832204823,0.0007138311434469427,0.0002643701451248945,3,3,1.21206039024953e-06,1.0243092763185338e-06,1.4518142621354347e-06,4.2750498581690093e-07,3,3,1.2331940902501816e-06,1.043856760772564e-06,1.5271473858417934e-06,4.832906250692294e-07,3,3,1.0,1.0,1.0,0.0,3,3,1.0,1.0,1.0,0.0,3,3
0.2,0.2,selected,0.5,9.381747733068197,6.467052467374746,13.388113004892709,6.921060537517963,3,3,-0.34388829279629896,-0.7177081808182209,-0.14126721267189168,0.5764409681463292,3,3,0.007077169420813447,0.007020232479539427,0.007188538279641934,0.00016830580010250736,3,3,0.007743354912955293,0.0074769016222405935,0.008150947907920408,0.0006740462856798142,3,3,1.1500133935337994e-05,4.552956875971562e-06,1.5125588997587558e-05,1.0572632121615996e-05,3,3,1.631386119042607e-05,1.0411508966820652e-05,2.0236271933370537e-05,9.824762966549885e-06,3,3,1.0,1.0,1.0,0.0,3,3,1.0,1.0,1.0,0.0,3,3
0.2,0.2,selected,1.0,9.098961034769959,6.357142898463131,12.539507344687916,6.182364446224785,3,3,-0.3520117339309145,-0.7734956125841563,0.4175598607100426,1.191055473294199,3,3,0.011939640575696952,0.011818387523222269,0.012058679322063337,0.00024029179884106806,3,3,0.013027651186100539,0.012701015661368708,0.013570778301325831,0.0008697626399571234,3,3,2.5219420503684506e-05,1.4779443558417736e-05,3.131833628722231e-05,1.6538892728804576e-05,3,3,3.1616050269410335e-05,2.5995999398966678e-05,4.211039447518793e-05,1.611439507622125e-05,3,3,1.0,1.0,1.0,0.0,3,3,1.0,1.0,1.0,0.0,3,3
0.2,0.2,selected,2.0,9.425467030123496,5.268673654328149,13.322897733333829,8.05422407900568,3,3,-0.8734949172309081,-1.2751356543293753,-0.16292631606958707,1.1122093382597882,3,3,0.010673998828413791,0.010625363402850297,0.010740855000170926,0.00011549159732062927,3,3,0.011678499114533438,0.011306755597813843,0.012040969702805252,0.0007342141049914083,3,3,2.1674297688917787e-05,4.5028340958560505e-06,3.890251202629509e-05,3.439967793043904e-05,3,3,2.2118057171259813e-05,3.047800051863535e-06,4.0936185284471714e-05,3.788838523260818e-05,3,3,1.0,1.0,1.0,0.0,3,3,1.0,1.0,1.0,0.0,3,3
0.2,0.2,selected,4.0,7.565428296685828,3.111445617200903,10.601537664707116,7.490092047506213,3,3,-1.534757427644011,-2.4314902276299506,-0.7267735904987092,1.7047166371312414,3,3,0.0037710370345376935,0.003671249717079529,0.003840185153663641,0.000168935436584112,3,3,0.004055143982951958,0.00395967042632072,0.004204712370586958,0.0002450419442662378,3,3,6.0251082132207505e-06,5.063813501662405e-06,7.86503998582224e-06,2.8012264841598354e-06,3,3,6.288565723399385e-06,4.627591383000225e-06,8.631024532387815e-06,4.003433149387591e-06,3,3,1.0,1.0,1.0,0.0,3,3,1.0,1.0,1.0,0.0,3,3
0.2,0.2,selected,8.0,4.183625501084065,1.2103311756730184,6.690418631559181,5.480087455886163,3,3,-1.1843812659079678,-2.1783721111386853,-0.5701005864304136,1.6082715247082717,3,3,0.001236109393531969,0.0011829135162933985,0.0013135783914729154,0.00013066487517951692,3,3,0.001288960389041481,0.0011972306873523476,0.0014014622849235637,0.00020423159757121606,3,3,2.1286848890647766e-06,1.6079689426010909e-06,3.073644341546064e-06,1.465675398944973e-06,3,3,2.1659520345312823e-06,1.5059292761395802e-06,3.453440743895655e-06,1.947511467756075e-06,3,3,1.0,1.0,1.0,0.0,3,3,1.0,1.0,1.0,0.0,3,3
0.2,1.0,epoch_025,0.5,7.729943752124828,3.177055158052844,11.738719253140495,8.56166409508765,3,3,-0.08642417795743168,-0.6344656766924857,0.21192238288344356,0.8463880595759292,3,3,0.006983388598332234,0.006823455771472456,0.0070698195912118275,0.0002463638197393713,3,3,0.0075225810093908505,0.007294431659199473,0.00788527898816314,0.0005908473289636673,3,3,2.074500596357708e-05,1.1614486334065228e-05,2.7038049614629504e-05,1.5423563280564276e-05,3,3,2.8453675494548612e-05,2.460527771844107e-05,3.276486607067139e-05,8.159588352230319e-06,3,3,1.0,1.0,1.0,0.0,3,3,1.0,1.0,1.0,0.0,3,3
0.2,1.0,epoch_025,1.0,7.882847041988913,3.5622099525780326,10.971462885664273,7.409252933086241,3,3,-0.1876586585720114,-0.901321647511395,0.45782014261033055,1.3591417901217255,3,3,0.011651033202977494,0.011394098012010516,0.01182630015165044,0.0004322021396399242,3,3,0.012566727753626307,0.012247577792674283,0.013019950429825306,0.0007723726371510233,3,3,5.64439333228826e-05,3.532011317803264e-05,8.317269700068665e-05,4.7852583822654014e-05,3,3,6.922854611029095e-05,3.598220919042641e-05,9.397389948814189e-05,5.799169029771548e-05,3,3,1.0,1.0,1.0,0.0,3,3,1.0,1.0,1.0,0.0,3,3
0.2,1.0,epoch_025,2.0,7.452075212188318,2.9414758846821876,10.326614291332682,7.385138406650494,3,3,-0.6413452754056579,-1.058963052815983,-0.39351171776903016,0.6654513350469529,3,3,0.011531034037275359,0.011514295966410352,0.011562644574989473,4.8348608579121266e-05,3,3,0.012390570987290196,0.011854906685861071,0.012703332899223716,0.0008484262133626446,3,3,7.261682483231245e-05,5.8348135040526766e-05,8.97129010852227e-05,3.136476604469593e-05,3,3,7.622825358111555e-05,6.451298920899504e-05,9.142288093811222e-05,2.690989172911718e-05,3,3,1.0,1.0,1.0,0.0,3,3,1.0,1.0,1.0,0.0,3,3
0.2,1.0,epoch_025,4.0,7.015703826953701,2.5115805619378317,9.918622407096933,7.407041845159101,3,3,-0.8445371339313696,-1.6825513281680742,-0.41377757610169397,1.2687737520663802,3,3,0.003719725974272363,0.0034742219728146244,0.004003504919051127,0.0005292829462365022,3,3,0.003974749643305238,0.003773592501709432,0.004104056170392915,0.0003304636686834832,3,3,8.523940735963556e-06,7.491594689276228e-06,1.0074382441609325e-05,2.582787752333097e-06,3,3,8.547490190176373e-06,7.338724266756395e-06,9.732524612243025e-06,2.3938003454866303e-06,3,3,1.0,1.0,1.0,0.0,3,3,1.0,1.0,1.0,0.0,3,3
0.2,1.0,epoch_025,8.0,5.504815125993645,2.527110226892104,8.234568052229108,5.707457825337004,3,3,-2.5337843233908424,-6.3228262801148105,-0.6129932113121868,5.709833068802624,3,3,0.0006800403492781751,0.0005509837983938028,0.0008119733331211257,0.00026098953472732296,3,3,0.0007149891025811079,0.0005963549342199803,0.0008324927942588707,0.00023613786003889034,3,3,8.468658462655639e-07,6.028776901414864e-07,1.1571781880027564e-06,5.5430049786127e-07,3,3,8.317948312772594e-07,5.103719325567928e-07,1.3122491967788295e-06,8.018772642220367e-07,3,3,1.0,1.0,1.0,0.0,3,3,1.0,1.0,1.0,0.0,3,3
0.2,1.0,initial,0.5,37.24310401560535,17.170054125211433,56.08626461846511,38.91621049325367,3,3,6.059186301730842,-0.5185641547785735,16.12215887415448,16.640723028933053,3,3,0.0024877485109382797,0.0002862336590478127,0.006382693751515938,0.006096460092468126,3,3,0.003008431076672069,0.0004467714264885128,0.007478605723297695,0.007031834296809182,3,3,8.12941174970605e-05,1.0369643751439578e-05,0.00019454875562008797,0.00018417911186864838,3,3,9.103868300302009e-05,8.223182744051605e-06,0.00022224468204504807,0.00021402149930099647,3,3,1.0,1.0,1.0,0.0,3,3,1.0,1.0,1.0,0.0,3,3
0.2,1.0,initial,1.0,5.0113021927818755,-24.411991171654197,24.594383318192236,49.006374489846436,3,3,-5.7843089457964805,-18.318015088290622,4.1400677183193295,22.45808280660995,3,3,0.003702995505991364,0.0008249097759944914,0.0073958754168577286,0.006570965640863237,3,3,0.004385173734220669,0.0006235328743044575,0.009214845366615574,0.008591312492311116,3,3,6.567971855102371e-05,2.946931938817446e-05,0.00012948508374182666,0.0001000157643536522,3,3,8.99170499002174e-05,3.097287465725469e-05,0.0002034311662816022,0.0001724582916243475,3,3,1.0,1.0,1.0,0.0,3,3,1.0,1.0,1.0,0.0,3,3
0.2,1.0,initial,2.0,25.263181254625536,17.760700223361393,31.542477084561238,13.781776861199845,3,3,-4.039642224556206,-13.317126191561698,1.2689081386033365,14.586034330165035,3,3,0.003363954556429046,0.0013824279986894982,0.0068257432985510055,0.005443315299861508,3,3,0.004223454680901523,0.0018184800333819117,0.00863363468194667,0.006815154648564759,3,3,0.0001521546750913858,4.437659278582826e-05,0.00031376656301460937,0.0002693899702287811,3,3,0.00017434874426835358,5.2146836655446894e-05,0.0003643516696344071,0.00031220483297896023,3,3,1.0,1.0,1.0,0.0,3,3,1.0,1.0,1.0,0.0,3,3
0.2,1.0,initial,4.0,23.759255091564114,14.594771084875912,34.63737890834834,20.042607823472427,3,3,-1.234992197769918,-5.762038852293614,3.903351885507817,9.665390737801431,3,3,0.001007151981673178,0.0008373271355619062,0.001342332211419309,0.0005050050758574028,3,3,0.0012646189482494823,0.0009646548845325146,0.0018072809056990896,0.000842626021166575,3,3,9.301107924032036e-06,3.357792627382602e-06,1.6298893503041526e-05,1.2941100875658924e-05,3,3,1.0343869435194542e-05,3.6047258397623616e-06,1.8618542050952047e-05,1.5013816211189685e-05,3,3,1.0,1.0,1.0,0.0,3,3,1.0,1.0,1.0,0.0,3,3
0.2,1.0,initial,8.0,8.871235895173841,-5.0745684688214165,16.22034727579169,21.294915744613107,3,3,-0.2608565066757587,-1.3405074859310844,1.4421224896913998,2.782629975622484,3,3,0.000573985400964938,0.0003867317633406567,0.0007170171585855823,0.0003302853952449256,3,3,0.0006146412578908529,0.00044946099832204823,0.0007138311434469427,0.0002643701451248945,3,3,1.21206039024953e-06,1.0243092763185338e-06,1.4518142621354347e-06,4.2750498581690093e-07,3,3,1.2331940902501816e-06,1.043856760772564e-06,1.5271473858417934e-06,4.832906250692294e-07,3,3,1.0,1.0,1.0,0.0,3,3,1.0,1.0,1.0,0.0,3,3
0.2,1.0,selected,0.5,7.712218704280697,3.47417341347227,11.329771901864493,7.855598488392223,3,3,-0.19294906204682333,-0.8794347194145189,0.21055841155302346,1.0899931309675424,3,3,0.006912673543554873,0.006850266521704418,0.006969433700597715,0.00011916717889329676,3,3,0.007446861148372001,0.007088256659953397,0.007702150330070184,0.0006138936701167875,3,3,1.116233573328753e-05,2.644703129116106e-06,2.451394699453169e-05,2.1869243865415583e-05,3,3,1.7586111755144968e-05,3.151882339945075e-06,3.109521752316151e-05,2.7943335183216435e-05,3,3,1.0,1.0,1.0,0.0,3,3,1.0,1.0,1.0,0.0,3,3
0.2,1.0,selected,1.0,7.689374254686594,3.826592264168849,10.195585599509094,6.368993335340246,3,3,-0.15675215624724612,-0.9153819230576232,0.5207893406887933,1.4361712637464166,3,3,0.011708059506392572,0.01158286530736638,0.011854071229876141,0.00027120592250976135,3,3,0.012609257736537241,0.012134465079510617,0.013062663209144926,0.0009281981296343084,3,3,4.214380544939113e-05,1.3787439084247541e-05,6.725796834826262e-05,5.3470529264015076e-05,3,3,5.189667837769601e-05,1.3034544373206732e-05,7.889151559720516e-05,6.585697122399843e-05,3,3,1.0,1.0,1.0,0.0,3,3,1.0,1.0,1.0,0.0,3,3
0.2,1.0,selected,2.0,7.727026413217206,3.3675835579923485,10.401970604798505,7.034387046806156,3,3,-0.6145697609910512,-1.1073785238077676,-0.3327857729483412,0.7745927508594264,3,3,0.011167751486742594,0.010926112632562945,0.011477732303061544,0.0005516196704985991,3,3,0.01203126567621877,0.011473191414788163,0.012557961957018807,0.0010847705422306446,3,3,3.807426407087858e-05,1.4025961002525484e-05,5.5326874995889226e-05,4.130091399336374e-05,3,3,3.9734974980456575e-05,1.3923129814821014e-05,6.163946951165603e-05,4.771633969683502e-05,3,3,1.0,1.0,1.0,0.0,3,3,1.0,1.0,1.0,0.0,3,3
0.2,1.0,selected,4.0,7.0163820086049045,2.925751291966705,9.259902346506488,6.334151054539783,3,3,-0.992567795032082,-2.1022779753683096,-0.4110368762154337,1.691241099152876,3,3,0.0037402418239022212,0.0035709280677732186,0.003944038441423388,0.00037311037365016925,3,3,0.00399859227530726,0.003887437005215105,0.004059431197079795,0.0001719941918646899,3,3,5.361810481788718e-06,2.0087921723433564e-06,9.701182819050674e-06,7.692390646707318e-06,3,3,5.339532415152707e-06,1.9633197024510764e-06,1.055425118246458e-05,8.590931480013504e-06,3,3,1.0,1.0,1.0,0.0,3,3,1.0,1.0,1.0,0.0,3,3
0.2,1.0,selected,8.0,4.290902558657687,2.367320753930202,8.040537107879464,5.673216353949262,3,3,-2.197908186833124,-5.119558658259535,-0.6685571777761652,4.45100148048337,3,3,0.0007923160955980727,0.0006379386535485319,0.0008902729720457152,0.00025233431849718327,3,3,0.0008234125605838128,0.0006892323476974476,0.0009113485888757721,0.00022211624117832456,3,3,1.1388988436853718e-06,7.559202139235701e-07,1.5595687321349098e-06,8.036485182113397e-07,3,3,1.1345869828166282e-06,7.357520579549172e-07,1.7514796322826234e-06,1.0157275743277062e-06,3,3,1.0,1.0,1.0,0.0,3,3,1.0,1.0,1.0,0.0,3,3
0.5,0.01,epoch_025,0.5,7.592914119032764,4.982122102383457,9.929566658264177,4.94744455588072,3,3,-0.4006820926037904,-1.140937413422506,0.1507505926294357,1.2916880060519418,3,3,0.012014119969090622,0.011721989454756113,0.012220616304390102,0.0004986268496339884,3,3,0.012924944759495266,0.012644164647829824,0.013301207301715162,0.0006570426538853383,3,3,5.5319752007211775e-05,4.725286016158943e-05,6.113564896835707e-05,1.388278880676764e-05,3,3,6.38386241904876e-05,5.501611106494361e-05,7.45896235013833e-05,1.9573512436439687e-05,3,3,1.0,1.0,1.0,0.0,3,3,1.0,1.0,1.0,0.0,3,3
0.5,0.01,epoch_025,1.0,7.577770707487086,2.8539444060407315,10.231867050835952,7.37792264479522,3,3,-0.2761946851219901,-1.6967970971015518,0.9926233017135644,2.689420398815116,3,3,0.0051968964839256195,0.005095715445119739,0.005316490894058907,0.00022077544893916827,3,3,0.005587961278525927,0.005468220590099317,0.005708338619939263,0.0002401180298399466,3,3,1.5558503445135036e-05,7.536742943896492e-06,2.3404682739658996e-05,1.5867939795762505e-05,3,3,1.6486534900140953e-05,7.614586398016513e-06,2.6345082872365264e-05,1.8730496474348752e-05,3,3,1.0,1.0,1.0,0.0,3,3,1.0,1.0,1.0,0.0,3,3
0.5,0.01,epoch_025,2.0,7.82809668207769,2.290209695350265,10.692477795194232,8.402268099843967,3,3,-0.5241423125488277,-0.8765537529575056,-0.16820153805863924,0.7083522148988664,3,3,0.0017341039318551183,0.001649143126717593,0.0017935637417070731,0.00014442061498948005,3,3,0.0018681697150050105,0.001825477388968092,0.0019443916430872954,0.00011891425411920346,3,3,3.7395174593841793e-06,2.0320422804692315e-06,6.693226565516539e-06,4.661184285047307e-06,3,3,3.8576492538218345e-06,2.1083353090564068e-06,6.784712830680199e-06,4.676377521623792e-06,3,3,1.0,1.0,1.0,0.0,3,3,1.0,1.0,1.0,0.0,3,3
0.5,0.01,epoch_025,4.0,8.546819276245243,2.7311058253822518,11.536461312743938,8.805355487361687,3,3,-1.003223775651289,-1.1904304447432708,-0.7833056427331542,0.4071248020101166,3,3,0.0006127812537465897,0.0005677875623563259,0.0006886510403991996,0.00012086347804287365,3,3,0.0006629445267178121,0.0006332901550307887,0.00070745882909418,7.416867406339137e-05,3,3,8.868019063745164e-07,7.104964132764478e-07,1.0615256013726555e-06,3.510291880962077e-07,3,3,9.358493409657262e-07,7.500800193412887e-07,1.1095288321634512e-06,3.594488128221625e-07,3,3,1.0,1.0,1.0,0.0,3,3,1.0,1.0,1.0,0.0,3,3
0.5,0.01,epoch_025,8.0,,,,,3,1,,,,,3,1,0.00010982459338442813,6.433524131693159e-05,0.00017407630498791375,0.00010974106367098216,3,3,0.0001179680202568482,7.443870047298103e-05,0.0001926623021669714,0.00011822360169399036,3,3,4.277702250357963e-07,3.614644290922549e-07,5.322018339704212e-07,1.7073740487816634e-07,3,3,4.473014214682971e-07,3.7828554512753925e-07,5.472669969176784e-07,1.6898145179013916e-07,3,3,0.3333333333333333,0.0,1.0,1.0,3,3,0.3333333333333333,0.0,1.0,1.0,3,3
0.5,0.01,initial,0.5,41.55763059354577,38.75409232681518,43.993424673315744,5.239332346500561,3,3,4.933024341364047,2.1812666842089072,10.125075451939892,7.943808767730985,3,3,0.0031668859607848526,0.0018977464101430097,0.00507987857168706,0.0031821321615440505,3,3,0.004481026044726611,0.002732630043889503,0.007209636691747326,0.004477006647857823,3,3,0.00014911610216814864,3.3832814701696185e-05,0.00021271311290034427,0.0001788802981986481,3,3,0.0001726208652549955,1.4913473466074206e-05,0.0002794651936793704,0.0002645517202132962,3,3,1.0,1.0,1.0,0.0,3,3,1.0,1.0,1.0,0.0,3,3
0.5,0.01,initial,1.0,25.281994251725248,15.967118199650121,37.83842867069308,21.871310471042953,3,3,-6.651666633369051,-10.453645142769346,0.7742930438074609,11.227938186576807,3,3,0.002028166635782203,0.0007007560556677295,0.003316769671514716,0.0026160136158469866,3,3,0.0024449392139705315,0.0009659111357575346,0.0038463622067395047,0.0028804510709819703,3,3,2.863019728251647e-05,8.687623595014864e-06,5.659911855878964e-05,4.7911494963774776e-05,3,3,2.6220854661001136e-05,8.541721598265832e-06,4.985672969895146e-05,4.131500810068563e-05,3,3,1.0,1.0,1.0,0.0,3,3,1.0,1.0,1.0,0.0,3,3
0.5,0.01,initial,2.0,20.35093371495577,4.6527096479824,34.6206583564549,29.967948708472505,3,3,-3.790296191936898,-8.368534910323348,-0.1345717022452959,8.233963208078052,3,3,0.0007295771309423355,0.00042648582385949223,0.0010454276998791505,0.0006189418760196583,3,3,0.0008658077585859972,0.0005741380236219192,0.001273115927227558,0.0006989779036056388,3,3,7.103866859299327e-06,3.5336480961247573e-06,9.94925697831381e-06,6.415608882189053e-06,3,3,7.533899763821091e-06,3.6577220340379456e-06,1.0646191673373131e-05,6.988469639335186e-06,3,3,1.0,1.0,1.0,0.0,3,3,1.0,1.0,1.0,0.0,3,3
0.5,0.01,initial,4.0,19.75095273578434,5.473793368560409,32.30291478152301,26.8291214129626,3,3,-2.5170135931654314,-6.571475285098103,0.21339044862799028,6.784865733726093,3,3,0.0003169697894403987,0.00024059828451335186,0.0004119473145719325,0.00017134903005858063,3,3,0.0003717519409659113,0.00031831854347386503,0.000434496459439761,0.00011617791596589598,3,3,9.641964142697742e-07,9.56998215627985e-07,9.775975616910964e-07,2.059934606311139e-08,3,3,1.0227403809089368e-06,9.97787552405861e-07,1.059302193026466e-06,6.151464062060486e-08,3,3,1.0,1.0,1.0,0.0,3,3,1.0,1.0,1.0,0.0,3,3
0.5,0.01,initial,8.0,5.160785306270646,-4.980193439173824,13.227801508046323,18.207994947220147,3,3,-0.0253298058201009,-1.9100620609377188,1.3298315935778362,3.239893654515555,3,3,0.00021235055509229305,0.00016428008871190348,0.0002405942196255221,7.631413091361861e-05,3,3,0.0002256628480964752,0.00015609862262545434,0.0002628893168590436,0.00010679069423358926,3,3,2.951946886320691e-07,2.2095310296168082e-07,3.623924623559394e-07,1.4143935939425856e-07,3,3,3.1617969348626575e-07,2.3055642291395634e-07,4.101914284534132e-07,1.7963500553945683e-07,3,3,1.0,1.0,1.0,0.0,3,3,1.0,1.0,1.0,0.0,3,3
0.5,0.01,selected,0.5,7.746456278845019,5.502504749652026,10.300209196802944,4.7977044471509185,3,3,-0.16874980123224648,-0.6913093724853638,0.42674690556788164,1.1180562780532455,3,3,0.012752629017790194,0.012692068239054112,0.012794933622812728,0.00010286538375861576,3,3,0.013740407362573585,0.013498975452686557,0.014086313082433346,0.0005873376297467897,3,3,3.597259757112784e-05,1.3438199416619772e-05,5.0881222670515554e-05,3.7443023253895785e-05,3,3,4.6015794672324695e-05,2.6168703099369034e-05,6.566498431030592e-05,3.949628121093689e-05,3,3,1.0,1.0,1.0,0.0,3,3,1.0,1.0,1.0,0.0,3,3
0.5,0.01,selected,1.0,7.655535732737484,3.8530301865345784,10.43609979718788,6.583069610653302,3,3,-0.4423837249023787,-1.5105646348507094,0.43907994745302403,1.9496445823037334,3,3,0.005574071977136145,0.00548135281937072,0.005659780570001412,0.00017842775063069225,3,3,0.006002329207968099,0.005692550998928068,0.006163529885924518,0.00047097888699644975,3,3,1.52628899703656e-05,1.0846066839409395e-05,2.0857210464757537e-05,1.0011143625348142e-05,3,3,1.649054685491823e-05,1.0735094792231286e-05,2.4202810020085335e-05,1.3467715227854049e-05,3,3,1.0,1.0,1.0,0.0,3,3,1.0,1.0,1.0,0.0,3,3
0.5,0.01,selected,2.0,7.340644313438989,2.883879852571003,10.57387066311578,7.689990810544778,3,3,-0.5008557024804223,-1.0665993715908542,-0.1529183333455819,0.9136810382452722,3,3,0.002084366400962357,0.0020310578109845536,0.0021189568798976226,8.789906891306905e-05,3,3,0.0022366607974229876,0.0021637349428515152,0.0023004282125035384,0.00013669326965202316,3,3,4.97072115822909e-06,1.969866535567594e-06,9.724667106195295e-06,7.754800570627701e-06,3,3,5.196040416129101e-06,2.0074529425642404e-06,1.0126893500013844e-05,8.119440557449603e-06,3,3,1.0,1.0,1.0,0.0,3,3,1.0,1.0,1.0,0.0,3,3
0.5,0.01,selected,4.0,7.836339868490157,2.517963037177906,11.958820939147962,9.440857901970055,3,3,-0.941194772386048,-1.3225436224960276,-0.6594742612276718,0.6630693612683558,3,3,0.0007627692347752603,0.0006880829733387079,0.0008537428863770261,0.0001656599130383182,3,3,0.0008198384148623136,0.0007703695840615675,0.0008752398167011223,0.00010487023263955483,3,3,1.0537244281784104e-06,7.107180514465885e-07,1.646416271795836e-06,9.356982203492476e-07,3,3,1.125538887683714e-06,7.64392165613083e-07,1.7278427618868882e-06,9.634505962738052e-07,3,3,1.0,1.0,1.0,0.0,3,3,1.0,1.0,1.0,0.0,3,3
0.5,0.01,selected,8.0,,,,,3,2,,,,,3,2,0.00013149274225344296,9.669724608278799e-05,0.0001736160096217578,7.69187635389698e-05,3,3,0.00013503069979950793,0.0001037055268461835,0.00018081195702052144,7.710643017433794e-05,3,3,4.98486710945619e-07,3.702985528271255e-07,7.400464093157656e-07,3.697478564886401e-07,3,3,5.200757187270551e-07,3.8822443131561506e-07,7.632351475128734e-07,3.750107161972584e-07,3,3,0.6666666666666666,0.0,1.0,1.0,3,3,0.6666666666666666,0.0,1.0,1.0,3,3
0.5,0.05,epoch_025,0.5,8.514906387711621,5.180592060470657,11.55068509362489,6.370093033154234,3,3,-0.25257176685636157,-0.873196054302241,0.3672917114932659,1.240487765795507,3,3,0.012981474432937167,0.012863911922379286,0.013084726998071023,0.0002208150756917368,3,3,0.014085715057495141,0.013762593325210733,0.014496886507326324,0.0007342931821155904,3,3,4.567334219625507e-05,3.19328527893762e-05,5.685973543498059e-05,2.492688264560439e-05,3,3,5.745134752762413e-05,4.545531593386603e-05,7.877317475556359e-05,3.331785882169756e-05,3,3,1.0,1.0,1.0,0.0,3,3,1.0,1.0,1.0,0.0,3,3
0.5,0.05,epoch_025,1.0,8.583951516693345,3.230870808582731,11.73224855669892,8.50137774811619,3,3,-0.5506514070603603,-1.792359500829832,0.6308766768196108,2.423236177649443,3,3,0.005751518490091489,0.005694717867090857,0.005813159434183087,0.00011844156709223033,3,3,0.006245169350080139,0.005932345917139576,0.006440325811118176,0.0005079798939785999,3,3,1.2335845946315259e-05,8.067491778358832e-06,1.6136023927543346e-05,8.068532149184515e-06,3,3,1.3191205098671599e-05,8.891764387897729e-06,1.5732528646817136e-05,6.840764258919407e-06,3,3,1.0,1.0,1.0,0.0,3,3,1.0,1.0,1.0,0.0,3,3
0.5,0.05,epoch_025,2.0,7.903811676814924,1.9991749720957186,11.28669732224259,9.287522350146872,3,3,-0.795136962039985,-1.323798556766036,-0.5230063414771564,0.8007922152888796,3,3,0.00225904731030655,0.002198401286841772,0.0023033572371951075,0.00010495595035333542,3,3,0.0024361794987793166,0.0023494053790117358,0.00251260493131024,0.0001631995522985044,3,3,3.6585048137452626e-06,2.219023741534138e-06,6.4015509548618615e-06,4.1825272133277235e-06,3,3,3.857198284036631e-06,2.3947460157854065e-06,6.690422796310341e-06,4.2956767805249345e-06,3,3,1.0,1.0,1.0,0.0,3,3,1.0,1.0,1.0,0.0,3,3
0.5,0.05,epoch_025,4.0,8.158787843763145,1.2891647468507794,12.324507182733047,11.035342435882267,3,3,-1.1872520135133866,-1.4589464386666293,-0.8715027118995522,0.5874437267670771,3,3,0.0008672885153900804,0.0007790231925036964,0.0010067426223270342,0.00022771942982333787,3,3,0.000933168427761713,0.0008750339617633717,0.0010197211934362778,0.00014468723167290602,3,3,9.917970652033316e-07,7.753530663139163e-07,1.4018300462400542e-06,6.26476979926138e-07,3,3,1.059924324472377e-06,8.418670614577936e-07,1.4788538237359308e-06,6.369867622781373e-07,3,3,1.0,1.0,1.0,0.0,3,3,1.0,1.0,1.0,0.0,3,3
0.5,0.05,epoch_025,8.0,4.724308565360752,-2.4863249588865823,10.731558868754266,13.217883827640849,3,3,-6.500897399064577,-8.138874017580065,-3.444358045775516,4.694515971804549,3,3,0.0001636276578312558,0.00010733584476920296,0.00023396636611034476,0.0001266305213411418,3,3,0.0001708505080197764,0.00011885465412564158,0.0002478351711774232,0.00012898051705178165,3,3,5.081248389365514e-07,3.594522683906596e-07,7.68899465624209e-07,4.094471972335494e-07,3,3,5.280252877191836e-07,3.8043890677433315e-07,7.782030974727925e-07,3.977641906984594e-07,3,3,1.0,1.0,1.0,0.0,3,3,1.0,1.0,1.0,0.0,3,3
0.5,0.05,initial,0.5,41.55763059354577,38.75409232681518,43.993424673315744,5.239332346500561,3,3,4.933024341364047,2.1812666842089072,10.125075451939892,7.943808767730985,3,3,0.0031668859607848526,0.0018977464101430097,0.00507987857168706,0.0031821321615440505,3,3,0.004481026044726611,0.002732630043889503,0.007209636691747326,0.004477006647857823,3,3,0.00014911610216814864,3.3832814701696185e-05,0.00021271311290034427,0.0001788802981986481,3,3,0.0001726208652549955,1.4913473466074206e-05,0.0002794651936793704,0.0002645517202132962,3,3,1.0,1.0,1.0,0.0,3,3,1.0,1.0,1.0,0.0,3,3
0.5,0.05,initial,1.0,25.281994251725248,15.967118199650121,37.83842867069308,21.871310471042953,3,3,-6.651666633369051,-10.453645142769346,0.7742930438074609,11.227938186576807,3,3,0.002028166635782203,0.0007007560556677295,0.003316769671514716,0.0026160136158469866,3,3,0.0024449392139705315,0.0009659111357575346,0.0038463622067395047,0.0028804510709819703,3,3,2.863019728251647e-05,8.687623595014864e-06,5.659911855878964e-05,4.7911494963774776e-05,3,3,2.6220854661001136e-05,8.541721598265832e-06,4.985672969895146e-05,4.131500810068563e-05,3,3,1.0,1.0,1.0,0.0,3,3,1.0,1.0,1.0,0.0,3,3
0.5,0.05,initial,2.0,20.35093371495577,4.6527096479824,34.6206583564549,29.967948708472505,3,3,-3.790296191936898,-8.368534910323348,-0.1345717022452959,8.233963208078052,3,3,0.0007295771309423355,0.00042648582385949223,0.0010454276998791505,0.0006189418760196583,3,3,0.0008658077585859972,0.0005741380236219192,0.001273115927227558,0.0006989779036056388,3,3,7.103866859299327e-06,3.5336480961247573e-06,9.94925697831381e-06,6.415608882189053e-06,3,3,7.533899763821091e-06,3.6577220340379456e-06,1.0646191673373131e-05,6.988469639335186e-06,3,3,1.0,1.0,1.0,0.0,3,3,1.0,1.0,1.0,0.0,3,3
0.5,0.05,initial,4.0,19.75095273578434,5.473793368560409,32.30291478152301,26.8291214129626,3,3,-2.5170135931654314,-6.571475285098103,0.21339044862799028,6.784865733726093,3,3,0.0003169697894403987,0.00024059828451335186,0.0004119473145719325,0.00017134903005858063,3,3,0.0003717519409659113,0.00031831854347386503,0.000434496459439761,0.00011617791596589598,3,3,9.641964142697742e-07,9.56998215627985e-07,9.775975616910964e-07,2.059934606311139e-08,3,3,1.0227403809089368e-06,9.97787552405861e-07,1.059302193026466e-06,6.151464062060486e-08,3,3,1.0,1.0,1.0,0.0,3,3,1.0,1.0,1.0,0.0,3,3
0.5,0.05,initial,8.0,5.160785306270646,-4.980193439173824,13.227801508046323,18.207994947220147,3,3,-0.0253298058201009,-1.9100620609377188,1.3298315935778362,3.239893654515555,3,3,0.00021235055509229305,0.00016428008871190348,0.0002405942196255221,7.631413091361861e-05,3,3,0.0002256628480964752,0.00015609862262545434,0.0002628893168590436,0.00010679069423358926,3,3,2.951946886320691e-07,2.2095310296168082e-07,3.623924623559394e-07,1.4143935939425856e-07,3,3,3.1617969348626575e-07,2.3055642291395634e-07,4.101914284534132e-07,1.7963500553945683e-07,3,3,1.0,1.0,1.0,0.0,3,3,1.0,1.0,1.0,0.0,3,3
0.5,0.05,selected,0.5,8.543207470043795,6.3570170041882035,11.010846777358886,4.653829773170682,3,3,-0.07304821968390121,-0.38726726338330764,0.4823774889664776,0.8696447523497852,3,3,0.013105026556283905,0.01303729042945197,0.013173030799034834,0.0001357403695828631,3,3,0.014225241031803984,0.013937830162703639,0.014623493036067022,0.0006856628733633834,3,3,2.0197505933145313e-05,1.695276011943337e-05,2.6574718597275502e-05,9.621958477842133e-06,3,3,2.5430066621288952e-05,1.3669420716791928e-05,4.129165833221712e-05,2.762223761542519e-05,3,3,1.0,1.0,1.0,0.0,3,3,1.0,1.0,1.0,0.0,3,3
0.5,0.05,selected,1.0,8.652771398244152,5.235109114823377,11.234560491361922,5.999451376538545,3,3,-0.5744813195206053,-1.4701220216276454,0.28678664896321493,1.7569086705908603,3,3,0.005645869279168066,0.0055451566380044105,0.005730129599281387,0.00018497296127697668,3,3,0.006135917138681623,0.0058354516390359545,0.006298458545708279,0.0004630069066723242,3,3,1.4984223340147885e-05,9.182687476222095e-06,1.9668503747943867e-05,1.0485816271721772e-05,3,3,1.5963451122633898e-05,1.1247468264820358e-05,2.0858716580834342e-05,9.611248316013984e-06,3,3,1.0,1.0,1.0,0.0,3,3,1.0,1.0,1.0,0.0,3,3
0.5,0.05,selected,2.0,7.784905044346272,3.7051567879237135,10.688299958233394,6.98314317030968,3,3,-0.9274195079838418,-1.391663350846983,-0.4161333333119046,0.9755300175350783,3,3,0.002297342993460015,0.0022437389615437018,0.0023526465122998812,0.00010890755075617948,3,3,0.0024759101517556983,0.002380700697948394,0.0025634732452312035,0.00018277254728280967,3,3,3.936277408904645e-06,2.9352957092707957e-06,5.615693646379457e-06,2.680397937108661e-06,3,3,4.285020018072699e-06,3.1178521399288648e-06,6.0335087038051775e-06,2.9156565638763127e-06,3,3,1.0,1.0,1.0,0.0,3,3,1.0,1.0,1.0,0.0,3,3
0.5,0.05,selected,4.0,7.3336775407221095,2.307225241590738,10.681445440449679,8.374220198858941,3,3,-1.3333640967028206,-1.7499201631696621,-0.736466753892671,1.0134534092769911,3,3,0.0009523151294014904,0.0008690918190954586,0.00107717818239481,0.00020808636329935144,3,3,0.0010189010818892463,0.0009619233876684004,0.0011020311094177954,0.00014010772174939505,3,3,9.777614071620184e-07,7.329945965687919e-07,1.3571845532867648e-06,6.241899567179728e-07,3,3,1.0731119390555776e-06,8.13940669035509e-07,1.4635889385512805e-06,6.496482695157716e-07,3,3,1.0,1.0,1.0,0.0,3,3,1.0,1.0,1.0,0.0,3,3
0.5,0.05,selected,8.0,2.0212987666228774,-0.4422310018451836,5.025203901022435,5.467434902867618,3,3,-4.176957235926843,-5.3328774058966815,-3.5964210281159126,1.736456377780769,3,3,0.00021799561940557337,0.000183193222580667,0.0002504052101471749,6.721198756650786e-05,3,3,0.00022197545814475216,0.00019239905524557602,0.0002541135195888234,6.171446434324738e-05,3,3,4.975760558014498e-07,3.9704187509392837e-07,6.892036576981321e-07,2.9216178260420374e-07,3,3,5.246922931886343e-07,4.2895407732699427e-07,7.12164243216824e-07,2.832101658898297e-07,3,3,1.0,1.0,1.0,0.0,3,3,1.0,1.0,1.0,0.0,3,3
0.5,0.2,epoch_025,0.5,8.658778386136408,5.176693898480189,11.630797628027732,6.454103729547543,3,3,-0.22600229157440344,-0.76531276544668,0.44904084799776456,1.2143536134444446,3,3,0.013160087515778018,0.013068317691550629,0.013212743053968794,0.00014442536241816503,3,3,0.014298136522745156,0.013896726316780517,0.014588267275574981,0.0006915409587944649,3,3,2.843021467558533e-05,1.835848400203043e-05,3.5320717950370054e-05,1.6962233948339625e-05,3,3,3.865057445057943e-05,2.8517673530176556e-05,5.096662377592306e-05,2.2448950245746502e-05,3,3,1.0,1.0,1.0,0.0,3,3,1.0,1.0,1.0,0.0,3,3
0.5,0.2,epoch_025,1.0,8.677925061263432,3.185532579228789,11.443384954774283,8.257852375545493,3,3,-0.6116952411505583,-1.8263835168696403,0.5762667526789755,2.402650269548616,3,3,0.005920717098199454,0.0058349746054877465,0.006001681905011899,0.00016670729952415232,3,3,0.006434370581930033,0.006114253351442826,0.006686165182635588,0.0005719118311927618,3,3,1.3897631431928722e-05,7.728332481194734e-06,2.3108838840068326e-05,1.538050635887359e-05,3,3,1.4930700914634981e-05,7.854027279687784e-06,2.3423859020122778e-05,1.5569831740434995e-05,3,3,1.0,1.0,1.0,0.0,3,3,1.0,1.0,1.0,0.0,3,3
0.5,0.2,epoch_025,2.0,7.774495509652279,1.7335492437071998,11.033785742411363,9.300236498704162,3,3,-0.7519356319960846,-1.326047664794885,-0.35693132213108925,0.9691163426637956,3,3,0.0024142614129103643,0.0022968059097951653,0.0024760768148247105,0.00017927090502954527,3,3,0.002600134753974794,0.0025127184734660105,0.0027374552356476557,0.00022473676218164517,3,3,3.4406324732758063e-06,1.995642052296228e-06,5.457003258303909e-06,3.461361206007681e-06,3,3,3.700220593982883e-06,2.280798503749151e-06,5.777321292920605e-06,3.4965227891714537e-06,3,3,1.0,1.0,1.0,0.0,3,3,1.0,1.0,1.0,0.0,3,3
0.5,0.2,epoch_025,4.0,8.140823221122213,1.0319196359002913,12.29739532357711,11.265475687676819,3,3,-1.002510212641531,-1.316183869288551,-0.8421809440387165,0.47400292524983456,3,3,0.0009272649145554619,0.000798792098495666,0.0010968274919252344,0.0002980353934295683,3,3,0.0009965495083463687,0.0008970227208057418,0.0011081458702558162,0.0002111231494500744,3,3,9.637208752056945e-07,7.699025643472621e-07,1.2803098618729828e-06,5.104072975257207e-07,3,3,1.0332847437618112e-06,8.332581237401552e-07,1.35671504723691e-06,5.234569234967547e-07,3,3,1.0,1.0,1.0,0.0,3,3,1.0,1.0,1.0,0.0,3,3
0.5,0.2,epoch_025,8.0,5.286739662946028,-1.859731916408347,12.006037835745865,13.865769752154211,3,3,-6.808279258527576,-9.604059156352747,-2.604408532738887,6.99965062361386,3,3,0.0001658211366661604,0.00011152789334931097,0.00025888093773079955,0.00014735304438148858,3,3,0.00017442761602448858,0.00012469170439075066,0.0002736731694719705,0.00014898146508121986,3,3,5.081035697724569e-07,3.6417343033554846e-07,7.619480316497445e-07,3.9777460131419603e-07,3,3,5.278356849905971e-07,3.850335861835951e-07,7.690811103906601e-07,3.84047524207065e-07,3,3,1.0,1.0,1.0,0.0,3,3,1.0,1.0,1.0,0.0,3,3
0.5,0.2,initial,0.5,41.55763059354577,38.75409232681518,43.993424673315744,5.239332346500561,3,3,4.933024341364047,2.1812666842089072,10.125075451939892,7.943808767730985,3,3,0.0031668859607848526,0.0018977464101430097,0.00507987857168706,0.0031821321615440505,3,3,0.004481026044726611,0.002732630043889503,0.007209636691747326,0.004477006647857823,3,3,0.00014911610216814864,3.3832814701696185e-05,0.00021271311290034427,0.0001788802981986481,3,3,0.0001726208652549955,1.4913473466074206e-05,0.0002794651936793704,0.0002645517202132962,3,3,1.0,1.0,1.0,0.0,3,3,1.0,1.0,1.0,0.0,3,3
0.5,0.2,initial,1.0,25.281994251725248,15.967118199650121,37.83842867069308,21.871310471042953,3,3,-6.651666633369051,-10.453645142769346,0.7742930438074609,11.227938186576807,3,3,0.002028166635782203,0.0007007560556677295,0.003316769671514716,0.0026160136158469866,3,3,0.0024449392139705315,0.0009659111357575346,0.0038463622067395047,0.0028804510709819703,3,3,2.863019728251647e-05,8.687623595014864e-06,5.659911855878964e-05,4.7911494963774776e-05,3,3,2.6220854661001136e-05,8.541721598265832e-06,4.985672969895146e-05,4.131500810068563e-05,3,3,1.0,1.0,1.0,0.0,3,3,1.0,1.0,1.0,0.0,3,3
0.5,0.2,initial,2.0,20.35093371495577,4.6527096479824,34.6206583564549,29.967948708472505,3,3,-3.790296191936898,-8.368534910323348,-0.1345717022452959,8.233963208078052,3,3,0.0007295771309423355,0.00042648582385949223,0.0010454276998791505,0.0006189418760196583,3,3,0.0008658077585859972,0.0005741380236219192,0.001273115927227558,0.0006989779036056388,3,3,7.103866859299327e-06,3.5336480961247573e-06,9.94925697831381e-06,6.415608882189053e-06,3,3,7.533899763821091e-06,3.6577220340379456e-06,1.0646191673373131e-05,6.988469639335186e-06,3,3,1.0,1.0,1.0,0.0,3,3,1.0,1.0,1.0,0.0,3,3
0.5,0.2,initial,4.0,19.75095273578434,5.473793368560409,32.30291478152301,26.8291214129626,3,3,-2.5170135931654314,-6.571475285098103,0.21339044862799028,6.784865733726093,3,3,0.0003169697894403987,0.00024059828451335186,0.0004119473145719325,0.00017134903005858063,3,3,0.0003717519409659113,0.00031831854347386503,0.000434496459439761,0.00011617791596589598,3,3,9.641964142697742e-07,9.56998215627985e-07,9.775975616910964e-07,2.059934606311139e-08,3,3,1.0227403809089368e-06,9.97787552405861e-07,1.059302193026466e-06,6.151464062060486e-08,3,3,1.0,1.0,1.0,0.0,3,3,1.0,1.0,1.0,0.0,3,3
0.5,0.2,initial,8.0,5.160785306270646,-4.980193439173824,13.227801508046323,18.207994947220147,3,3,-0.0253298058201009,-1.9100620609377188,1.3298315935778362,3.239893654515555,3,3,0.00021235055509229305,0.00016428008871190348,0.0002405942196255221,7.631413091361861e-05,3,3,0.0002256628480964752,0.00015609862262545434,0.0002628893168590436,0.00010679069423358926,3,3,2.951946886320691e-07,2.2095310296168082e-07,3.623924623559394e-07,1.4143935939425856e-07,3,3,3.1617969348626575e-07,2.3055642291395634e-07,4.101914284534132e-07,1.7963500553945683e-07,3,3,1.0,1.0,1.0,0.0,3,3,1.0,1.0,1.0,0.0,3,3
0.5,0.2,selected,0.5,8.683334183364208,6.219508026960452,11.274169835025626,5.054661808065174,3,3,-0.024941832344671767,-0.38290443884309866,0.5170133318532066,0.8999177706963053,3,3,0.013233239258310039,0.013209476543496104,0.01326947743632981,6.00008928337073e-05,3,3,0.014382207544722423,0.014043030260519996,0.014698735363227876,0.0006557051027078799,3,3,1.797016651308235e-05,1.2399149993420817e-05,2.3031453740387968e-05,1.0632303746967151e-05,3,3,1.8635107030579905e-05,1.6676315912491436e-05,2.0752278694351573e-05,4.075962781860137e-06,3,3,1.0,1.0,1.0,0.0,3,3,1.0,1.0,1.0,0.0,3,3
0.5,0.2,selected,1.0,8.830836235061119,5.153122166073976,11.414852798839537,6.261730632765561,3,3,-0.579075238513567,-1.4238151998731894,0.2825830829028746,1.706398282776064,3,3,0.005765076287235677,0.005695046012640587,0.005872535999335915,0.00017748998669532817,3,3,0.00627510860464381,0.005988518691437746,0.006455357815885494,0.00046683912444774826,3,3,1.659743171592728e-05,1.0501621048098055e-05,2.211446703112097e-05,1.1612845983022914e-05,3,3,1.771617149529285e-05,1.2678993550549802e-05,2.352101524979205e-05,1.0842021699242249e-05,3,3,1.0,1.0,1.0,0.0,3,3,1.0,1.0,1.0,0.0,3,3
0.5,0.2,selected,2.0,7.750575550717723,3.486112563057464,10.6043990657823,7.118286502724835,3,3,-0.8743420275289682,-1.3167700799042166,-0.43212819828767124,0.8846418816165453,3,3,0.002427764865321956,0.0023843738550053803,0.0024980880387200765,0.00011371418371469624,3,3,0.002616231354060882,0.002484528432889886,0.0027269432553265627,0.00024241482243667675,3,3,4.004375167186951e-06,2.709787256715407e-06,5.597206233306829e-06,2.887418976591422e-06,3,3,4.382849443413019e-06,2.951008409228115e-06,6.030292058495403e-06,3.079283649267288e-06,3,3,1.0,1.0,1.0,0.0,3,3,1.0,1.0,1.0,0.0,3,3
0.5,0.2,selected,4.0,7.5588701340476945,2.2810953678861434,11.019059287055377,8.737963919169234,3,3,-1.1148374185244514,-1.418650545482933,-0.650078812796977,0.768571732685956,3,3,0.0009913639051099708,0.0008972112416321433,0.0011242519126336168,0.00022704067100147354,3,3,0.0010626413358894211,0.0009960754802209029,0.001149897170951719,0.00015382169073081603,3,3,1.0181165705163413e-06,7.303023542199341e-07,1.439437428476523e-06,7.091350742565888e-07,3,3,1.1156267161439273e-06,8.185893844605328e-07,1.541874928944004e-06,7.232855444834712e-07,3,3,1.0,1.0,1.0,0.0,3,3,1.0,1.0,1.0,0.0,3,3
0.5,0.2,selected,8.0,3.2803425417972285,-0.22344580472898334,6.673469787174402,6.896915591903385,3,3,-4.727554690224555,-6.1653009085356985,-3.3772921743637596,2.788008734171939,3,3,0.00019771693783540118,0.0001555224814203122,0.0002398981605973748,8.43756791770626e-05,3,3,0.00020374089827390786,0.00016590122704736093,0.00024803311595052906,8.213188890316813e-05,3,3,5.25929174111494e-07,3.818502452776478e-07,7.893496049354628e-07,4.07499359657815e-07,3,3,5.515566092554563e-07,4.0996103247822896e-07,8.092362479811664e-07,3.992752155029375e-07,3,3,1.0,1.0,1.0,0.0,3,3,1.0,1.0,1.0,0.0,3,3
0.5,1.0,epoch_025,0.5,8.535513866385395,4.760925910837422,11.688898648443157,6.927972737605735,3,3,-0.3184451090449465,-0.7056781743744693,0.23074846943626426,0.9364266438107336,3,3,0.013248099064142196,0.013069728579005914,0.01334104959408811,0.0002713210150821956,3,3,0.014382290553284459,0.01369196867274355,0.014900471359594963,0.0012085026868514127,3,3,2.310125537650058e-05,1.8495125651074667e-05,2.5563933865970278e-05,7.068808214895611e-06,3,3,3.377545015029193e-05,1.947208781115881e-05,4.478642587176419e-05,2.5314338060605383e-05,3,3,1.0,1.0,1.0,0.0,3,3,1.0,1.0,1.0,0.0,3,3
0.5,1.0,epoch_025,1.0,8.227320881582623,2.7618515576948943,11.131858933081595,8.3700073753867,3,3,-0.6037851400443621,-1.728455084386752,0.47048964539624194,2.198944729782994,3,3,0.006085807019276933,0.006011264216163801,0.0062218484923259754,0.0002105842761621745,3,3,0.006588429821269584,0.006177286411064919,0.006893077196056561,0.000715790784991642,3,3,1.4810938909565996e-05,1.2710511605518012e-05,1.888461329745195e-05,6.174101691933939e-06,3,3,1.5932118327188562e-05,1.3862500936306555e-05,1.8266871881454517e-05,4.404370945147961e-06,3,3,1.0,1.0,1.0,0.0,3,3,1.0,1.0,1.0,0.0,3,3
0.5,1.0,epoch_025,2.0,7.7799160976662805,1.41578172946899,11.367510641867806,9.951728912398817,3,3,-0.5465054364750728,-1.1395371119161268,-0.07845900515536641,1.0610781067607604,3,3,0.002344156946130506,0.002229339520376715,0.0024140903794608285,0.00018475085908411333,3,3,0.0025240891833743172,0.0024482686304278843,0.0026412389920671716,0.0001929703616392873,3,3,3.309614460484421e-06,1.9680157413648873e-06,5.258681569687828e-06,3.2906658283229404e-06,3,3,3.5678979311452115e-06,2.1257099832083686e-06,5.502609218984888e-06,3.3768992357765197e-06,3,3,1.0,1.0,1.0,0.0,3,3,1.0,1.0,1.0,0.0,3,3
0.5,1.0,epoch_025,4.0,8.427726179707783,1.1022847871560715,12.996440469863845,11.894155682707774,3,3,-0.8144449770469206,-1.1165129195335055,-0.5271699483519399,0.5893429711815656,3,3,0.0008649868215126422,0.0007470000556138853,0.0010193361742278505,0.0002723361186139652,3,3,0.0009319856534199469,0.0008440834731139672,0.001030572162095774,0.0001864886889818069,3,3,8.689547899019222e-07,8.319080247036519e-07,9.186207890398173e-07,8.671276433616544e-08,3,3,9.48863044065658e-07,9.147115202845949e-07,9.944847581015541e-07,7.977323781695922e-08,3,3,1.0,1.0,1.0,0.0,3,3,1.0,1.0,1.0,0.0,3,3
0.5,1.0,epoch_025,8.0,,,,,3,2,,,,,3,2,0.00014690863811548296,8.564694648868264e-05,0.00024485767640344364,0.000159210729914761,3,3,0.00015474517924140053,9.941844634736917e-05,0.00026114655484144506,0.0001617281084940759,3,3,4.4775492196234535e-07,3.6569594557688413e-07,5.867547412833858e-07,2.2105879570650162e-07,3,3,4.6833828289286186e-07,3.8536857378083454e-07,5.977325962622885e-07,2.1236402248145396e-07,3,3,0.6666666666666666,0.0,1.0,1.0,3,3,0.6666666666666666,0.0,1.0,1.0,3,3
0.5,1.0,initial,0.5,41.55763059354577,38.75409232681518,43.993424673315744,5.239332346500561,3,3,4.933024341364047,2.1812666842089072,10.125075451939892,7.943808767730985,3,3,0.0031668859607848526,0.0018977464101430097,0.00507987857168706,0.0031821321615440505,3,3,0.004481026044726611,0.002732630043889503,0.007209636691747326,0.004477006647857823,3,3,0.00014911610216814864,3.3832814701696185e-05,0.00021271311290034427,0.0001788802981986481,3,3,0.0001726208652549955,1.4913473466074206e-05,0.0002794651936793704,0.0002645517202132962,3,3,1.0,1.0,1.0,0.0,3,3,1.0,1.0,1.0,0.0,3,3
0.5,1.0,initial,1.0,25.281994251725248,15.967118199650121,37.83842867069308,21.871310471042953,3,3,-6.651666633369051,-10.453645142769346,0.7742930438074609,11.227938186576807,3,3,0.002028166635782203,0.0007007560556677295,0.003316769671514716,0.0026160136158469866,3,3,0.0024449392139705315,0.0009659111357575346,0.0038463622067395047,0.0028804510709819703,3,3,2.863019728251647e-05,8.687623595014864e-06,5.659911855878964e-05,4.7911494963774776e-05,3,3,2.6220854661001136e-05,8.541721598265832e-06,4.985672969895146e-05,4.131500810068563e-05,3,3,1.0,1.0,1.0,0.0,3,3,1.0,1.0,1.0,0.0,3,3
0.5,1.0,initial,2.0,20.35093371495577,4.6527096479824,34.6206583564549,29.967948708472505,3,3,-3.790296191936898,-8.368534910323348,-0.1345717022452959,8.233963208078052,3,3,0.0007295771309423355,0.00042648582385949223,0.0010454276998791505,0.0006189418760196583,3,3,0.0008658077585859972,0.0005741380236219192,0.001273115927227558,0.0006989779036056388,3,3,7.103866859299327e-06,3.5336480961247573e-06,9.94925697831381e-06,6.415608882189053e-06,3,3,7.533899763821091e-06,3.6577220340379456e-06,1.0646191673373131e-05,6.988469639335186e-06,3,3,1.0,1.0,1.0,0.0,3,3,1.0,1.0,1.0,0.0,3,3
0.5,1.0,initial,4.0,19.75095273578434,5.473793368560409,32.30291478152301,26.8291214129626,3,3,-2.5170135931654314,-6.571475285098103,0.21339044862799028,6.784865733726093,3,3,0.0003169697894403987,0.00024059828451335186,0.0004119473145719325,0.00017134903005858063,3,3,0.0003717519409659113,0.00031831854347386503,0.000434496459439761,0.00011617791596589598,3,3,9.641964142697742e-07,9.56998215627985e-07,9.775975616910964e-07,2.059934606311139e-08,3,3,1.0227403809089368e-06,9.97787552405861e-07,1.059302193026466e-06,6.151464062060486e-08,3,3,1.0,1.0,1.0,0.0,3,3,1.0,1.0,1.0,0.0,3,3
0.5,1.0,initial,8.0,5.160785306270646,-4.980193439173824,13.227801508046323,18.207994947220147,3,3,-0.0253298058201009,-1.9100620609377188,1.3298315935778362,3.239893654515555,3,3,0.00021235055509229305,0.00016428008871190348,0.0002405942196255221,7.631413091361861e-05,3,3,0.0002256628480964752,0.00015609862262545434,0.0002628893168590436,0.00010679069423358926,3,3,2.951946886320691e-07,2.2095310296168082e-07,3.623924623559394e-07,1.4143935939425856e-07,3,3,3.1617969348626575e-07,2.3055642291395634e-07,4.101914284534132e-07,1.7963500553945683e-07,3,3,1.0,1.0,1.0,0.0,3,3,1.0,1.0,1.0,0.0,3,3
0.5,1.0,selected,0.5,7.646398291492983,3.3544220856628226,11.299776466797372,7.94535438113455,3,3,0.15857629616806387,-0.4728434126611205,0.578846518826424,1.0516899314875445,3,3,0.013311399192855353,0.013225518980025462,0.013365878454953113,0.00014035947492765065,3,3,0.014328661969796985,0.0138142264340332,0.014850506734074918,0.0010362803000417177,3,3,2.08489403441156e-05,1.4820133688154722e-05,3.239432203811764e-05,1.7574188349962917e-05,3,3,2.2445948740982e-05,1.592700091341731e-05,2.8024129674382226e-05,1.2097128760964916e-05,3,3,1.0,1.0,1.0,0.0,3,3,1.0,1.0,1.0,0.0,3,3
0.5,1.0,selected,1.0,8.054238532703073,3.9803762718810143,10.874126233377158,6.893749961496144,3,3,-0.016971483237781436,-0.5978014297271272,0.359537771304133,0.9573392010312602,3,3,0.005989921911122197,0.005934024397554505,0.0060877988466896,0.00015377444913509432,3,3,0.006473138098776325,0.006170220896577027,0.006654464135897222,0.00048424323932019526,3,3,1.7202153848346957e-05,1.541539930723144e-05,2.024404304441618e-05,4.828643737184742e-06,3,3,1.8921929114654605e-05,1.6416604016021546e-05,2.0525120372776533e-05,4.108516356754987e-06,3,3,1.0,1.0,1.0,0.0,3,3,1.0,1.0,1.0,0.0,3,3
0.5,1.0,selected,2.0,7.877803124558113,4.005090803465194,10.79859361932678,6.793502815861586,3,3,-0.201798312456911,-0.34085551993882746,0.0632497440523423,0.40410526399116975,3,3,0.0023867804980412695,0.002298754051072353,0.0024437658453064833,0.0001450117942341303,3,3,0.0025737294518847088,0.0025146575482534153,0.002659543647871107,0.00014488609961769159,3,3,4.035806394505844e-06,2.363849306675105e-06,7.017594576469276e-06,4.653745269794171e-06,3,3,4.338680282824158e-06,2.621953660472466e-06,7.339778279033642e-06,4.7178246185611755e-06,3,3,1.0,1.0,1.0,0.0,3,3,1.0,1.0,1.0,0.0,3,3
0.5,1.0,selected,4.0,8.287490973834569,3.6262710464074255,11.993658744638335,8.36738769823091,3,3,-0.4754599190687934,-0.7821310686770744,-0.04109064057658429,0.7410404281004901,3,3,0.0009030157946643249,0.0007941163859394629,0.0010403885593422684,0.00024627217340280553,3,3,0.0009742827549310775,0.0008893599953919452,0.0010781158685475658,0.0001887558731556206,3,3,9.536962673218998e-07,7.76229562238457e-07,1.2598221674921304e-06,4.835926052536734e-07,3,3,1.0216058067177943e-06,8.627746311506541e-07,1.286834515836845e-06,4.2405988468619076e-07,3,3,1.0,1.0,1.0,0.0,3,3,1.0,1.0,1.0,0.0,3,3
0.5,1.0,selected,8.0,3.1297451450201037,-3.439180581223683,10.525096838603343,13.964277419827026,3,3,-4.804804500399249,-8.103998290416342,1.0181572680423585,9.1221555584587,3,3,0.0001445314521681935,0.00010115031869631358,0.00019818338543474157,9.7033066738428e-05,3,3,0.00014806261844464816,0.00011179648780574978,0.00020274818134213634,9.095169353638655e-05,3,3,4.900436110557385e-07,3.4745215995540256e-07,7.354542766656861e-07,3.8800211671028353e-07,3,3,5.12883122897409e-07,3.699860798007502e-07,7.522612072572712e-07,3.82275127456521e-07,3,3,1.0,1.0,1.0,0.0,3,3,1.0,1.0,1.0,0.0,3,3
