tau,noise_tau,seed,epoch,train_mse,validation_mse
0.05,0.01,11,1,0.22853331658759235,0.08949744456098895
0.05,0.01,11,2,0.07499942514631483,0.05380287876835576
0.05,0.01,11,3,0.038045408457149696,0.026576801582618995
0.05,0.01,11,4,0.01885707178555521,0.011736924756211018
0.05,0.01,11,5,0.008037141932427515,0.009131610148237566
0.05,0.01,11,6,0.00516663995904871,0.009330258938510722
0.05,0.01,11,7,0.0048549404068861475,0.005806613360903391
0.05,0.01,11,8,0.003649832013948464,0.004602822256676945
0.05,0.01,11,9,0.0027412854797597744,0.003901855445202486
0.05,0.01,11,10,0.0019397013633868393,0.003863704547960572
0.05,0.01,11,11,0.0015171367795792994,0.0038297885239369583
0.05,0.01,11,12,0.001326718427999704,0.0038685857513804495
0.05,0.01,11,13,0.001479518988577902,0.0033540237587665824
0.05,0.01,11,14,0.0010934537865888373,0.0030843402132575896
0.05,0.01,11,15,0.0008507996192489417,0.0035070190704408494
0.05,0.01,11,16,0.0012075292775809857,0.0033936758100250623
0.05,0.01,11,17,0.0009391477236662198,0.0044979597805949395
0.05,0.01,11,18,0.0016588774124551334,0.002713536284097428
0.05,0.01,11,19,0.0008536131177988639,0.0026151319590125063
0.05,0.01,11,20,0.0006722676550486574,0.002374583065755083
0.05,0.01,11,21,0.0006541931400949389,0.0024701933311336815
0.05,0.01,11,22,0.000623222767809452,0.002305555000226684
0.05,0.01,11,23,0.0004865011390022658,0.002012109805527047
0.05,0.01,11,24,0.0004961041806921087,0.001915753378299038
0.05,0.01,11,25,0.0005413269786520596,0.0020602411693996852
0.05,0.01,11,26,0.0005715797054523855,0.0021121722680551036
0.05,0.01,11,27,0.00047841411943397956,0.0018091952359234845
0.05,0.01,11,28,0.0005246313787974491,0.0018270345627035133
0.05,0.01,11,29,0.00033871750543138337,0.0017137802186816809
0.05,0.01,11,30,0.0004696927398420226,0.0014789742206840358
0.05,0.01,11,31,0.00023836957795235017,0.0015881504296275323
0.05,0.01,11,32,0.0002883089211177265,0.0015313031742111645
0.05,0.01,11,33,0.000387976889607761,0.001554302840566439
0.05,0.01,11,34,0.000329099217556233,0.0014538529478473428
0.05,0.01,11,35,0.00030518709114223813,0.001558138509836707
0.05,0.01,11,36,0.00038529162612789666,0.001350244990101567
0.05,0.01,11,37,0.00026524660876739404,0.001798955869282224
0.05,0.01,11,38,0.0006105094710810478,0.0013833332944799353
0.05,0.01,11,39,0.00046682490983023596,0.001205304522573212
0.05,0.01,11,40,0.00021211449868896586,0.001882102999667572
0.05,0.01,11,41,0.000609815172796471,0.0021007963659341444
0.05,0.01,11,42,0.0004921817538015153,0.0013148269535582743
0.05,0.01,11,43,0.00022405256935104982,0.001081406456943402
0.05,0.01,11,44,0.00016404927890017676,0.0011254736670741328
0.05,0.01,11,45,0.00011249277816171309,0.0010709549173896695
0.05,0.01,11,46,0.00012150834843424367,0.0011932990923830512
0.05,0.01,11,47,0.0003029496752496027,0.0010557466573675963
0.05,0.01,11,48,0.00019788678037002683,0.001039848528771734
0.05,0.01,11,49,0.00028792176885030196,0.0010695339720926168
0.05,0.01,11,50,0.0003047923228335509,0.0010390363848258438
0.05,0.01,22,1,0.18381886239405032,0.055194399484391074
0.05,0.01,22,2,0.05221258168235237,0.02831511634858057
0.05,0.01,22,3,0.02493166196861385,0.01992868494104456
0.05,0.01,22,4,0.014511415700393694,0.016857129556161386
0.05,0.01,22,5,0.009187250110654183,0.009734790511582613
0.05,0.01,22,6,0.004856303069786525,0.007238768255759659
0.05,0.01,22,7,0.0037266006865711125,0.00763152656241209
0.05,0.01,22,8,0.00355796346851958,0.004142941761409304
0.05,0.01,22,9,0.0021777781514151964,0.00403218480294624
0.05,0.01,22,10,0.0018426783118442988,0.0025444881906234677
0.05,0.01,22,11,0.001487420751396308,0.00265661630120297
0.05,0.01,22,12,0.0012414043921586356,0.0028853553803369343
0.05,0.01,22,13,0.0013461986076615659,0.00214174671918767
0.05,0.01,22,14,0.0009351728001126537,0.001869060375072338
0.05,0.01,22,15,0.0008784232425422948,0.0025705322316644614
0.05,0.01,22,16,0.0010333928426175757,0.0023817162454864123
0.05,0.01,22,17,0.0008864651224288492,0.0015218460265501047
0.05,0.01,22,18,0.0005528720772687208,0.002186556657155355
0.05,0.01,22,19,0.0008866464773790888,0.0013047274002813017
0.05,0.01,22,20,0.001016839733634742,0.0017253793316122927
0.05,0.01,22,21,0.0006099350694394498,0.0011665152669443515
0.05,0.01,22,22,0.0004516513209738251,0.001435592096038316
0.05,0.01,22,23,0.0005439594136493534,0.0011773819540753776
0.05,0.01,22,24,0.0004736654550975396,0.0016175916901341192
0.05,0.01,22,25,0.0008538473867466328,0.002333416369716817
0.05,0.01,22,26,0.000914855652494517,0.0017338660028245714
0.05,0.01,22,27,0.0005371985413754979,0.0013028041080192284
0.05,0.01,22,28,0.00046223900597082613,0.0009092309592682638
0.05,0.01,22,29,0.0003173773893425356,0.0009699368182523751
0.05,0.01,22,30,0.0003470188559372162,0.0007550831071633861
0.05,0.01,22,31,0.00019807326585847746,0.000839918974495719
0.05,0.01,22,32,0.00020987638834659816,0.0007793309757248364
0.05,0.01,22,33,0.00019362715703872158,0.0007767436926256972
0.05,0.01,22,34,0.0002691119069946401,0.0006530378090501322
0.05,0.01,22,35,0.00022769305719577213,0.0007384225051589463
0.05,0.01,22,36,0.00018046096626260995,0.0006957176781485601
0.05,0.01,22,37,0.00016439101841289228,0.0007164261223357401
0.05,0.01,22,38,0.00015987197045354677,0.0006530661396528958
0.05,0.01,22,39,0.00026787443260409304,0.0006079722824410647
0.05,0.01,22,40,0.0002600272541095353,0.000627948546115263
0.05,0.01,22,41,0.00018291844394241954,0.0008157045262340655
0.05,0.01,22,42,0.0006822145861619509,0.0006162530355492737
0.05,0.01,22,43,0.00024550298500495654,0.00084109598226508
0.05,0.01,22,44,0.0002978012472553535,0.0007210348736602092
0.05,0.01,22,45,0.0002133350055463566,0.0008572790112515046
0.05,0.01,22,46,0.0005396267476083458,0.0005672659280368821
0.05,0.01,22,47,0.0002417131837307947,0.0007683596125355473
0.05,0.01,22,48,0.00035335978832279824,0.0005780822700924344
0.05,0.01,22,49,0.0002945749431181653,0.0005814101960923937
0.05,0.01,22,50,0.0001785315586779307,0.000525990140781481
0.05,0.01,33,1,0.18524831156303853,0.06952861110859937
0.05,0.01,33,2,0.041542349498213074,0.03435804029551062
0.05,0.01,33,3,0.028672255989578035,0.024089414886976957
0.05,0.01,33,4,0.017022286369292823,0.014886981665842817
0.05,0.01,33,5,0.008575859864782771,0.007107822983353226
0.05,0.01,33,6,0.003720741351077586,0.004603408491660538
0.05,0.01,33,7,0.0039413817410851705,0.00778314409923161
0.05,0.01,33,8,0.0028719656215405757,0.00337532052287349
0.05,0.01,33,9,0.0015661573600897819,0.0034187480255409523
0.05,0.01,33,10,0.0013886425632661508,0.004163214699231058
0.05,0.01,33,11,0.00123176764967035,0.0033041515958652573
0.05,0.01,33,12,0.0013586142923924381,0.0027242347046181007
0.05,0.01,33,13,0.0010563820430916952,0.003202955663940053
0.05,0.01,33,14,0.0008434145610756529,0.0024669751708890184
0.05,0.01,33,15,0.0007532772636486586,0.002070819399484391
0.05,0.01,33,16,0.000620592724715854,0.0017111432650452289
0.05,0.01,33,17,0.0005196509480384397,0.001718705083117073
0.05,0.01,33,18,0.0003744753862351731,0.0015141984808101575
0.05,0.01,33,19,0.00035501431737003136,0.0021713611520366902
0.05,0.01,33,20,0.0005769767018069548,0.0017908914589587553
0.05,0.01,33,21,0.0004376630844220657,0.001416291964888082
0.05,0.01,33,22,0.0002860255650083684,0.0021851776558675885
0.05,0.01,33,23,0.00069689715243761,0.0017856506653773931
0.05,0.01,33,24,0.0005764236208770056,0.0012978798568003462
0.05,0.01,33,25,0.0003836519878219675,0.0013760730562877262
0.05,0.01,33,26,0.0005387474386090482,0.001986735519558314
0.05,0.01,33,27,0.001562815064702321,0.0017597797966788335
0.05,0.01,33,28,0.0006936523232632029,0.001539433198701207
0.05,0.01,33,29,0.0003804526073329243,0.0010809061949145157
0.05,0.01,33,30,0.00027188985809011175,0.0011346508200767108
0.05,0.01,33,31,0.0003015200318596153,0.001390622353848116
0.05,0.01,33,32,0.00045158364720222896,0.0012139506300780998
0.05,0.01,33,33,0.00029358662662015835,0.0011019174454143508
0.05,0.01,33,34,0.00022149063362222578,0.0009583865173559621
0.05,0.01,33,35,0.00016889099087738605,0.0010814510991053326
0.05,0.01,33,36,0.0002463791213274278,0.001215675976050734
0.05,0.01,33,37,0.0002621520618925354,0.0009580947489404875
0.05,0.01,33,38,0.00024134352699749998,0.0013456708855099147
0.05,0.01,33,39,0.0004054409233324322,0.0013547136214534933
0.05,0.01,33,40,0.0005408035662028088,0.0010343347312001044
0.05,0.01,33,41,0.00020523974348583983,0.0009925661018355884
0.05,0.01,33,42,0.00014818110395464355,0.0010066130524309575
0.05,0.01,33,43,0.000135317470940882,0.0008832207677786242
0.05,0.01,33,44,0.00015624599473085254,0.0009281208485732844
0.05,0.01,33,45,0.0001379057425821637,0.0015085828892978622
0.05,0.01,33,46,0.0005561359231015322,0.001042449670564
0.05,0.01,33,47,0.00044357736974402713,0.0008668441463399817
0.05,0.01,33,48,0.00022240675869757126,0.0009897520512710382
0.05,0.01,33,49,0.0002683607339866195,0.0007835554242624668
0.05,0.01,33,50,0.0001622777438311504,0.0007825203147935278
0.05,0.05,11,1,0.22832445717520183,0.09422236313054591
0.05,0.05,11,2,0.08111107330999257,0.05131289792158967
0.05,0.05,11,3,0.0386645834846997,0.02250996734870314
0.05,0.05,11,4,0.014176013362076547,0.011187201174198354
0.05,0.05,11,5,0.00817673525163605,0.0066275429823761615
0.05,0.05,11,6,0.004812078062519661,0.00636489253966406
0.05,0.05,11,7,0.003790302363074856,0.00533268579239708
0.05,0.05,11,8,0.0029338949279468737,0.0046485951898519885
0.05,0.05,11,9,0.0027217670001756446,0.0034799416369371452
0.05,0.05,11,10,0.0022895059283868768,0.0040048929889506275
0.05,0.05,11,11,0.0018387872518764602,0.003230259251692658
0.05,0.05,11,12,0.0014649435998526988,0.0029206187636763963
0.05,0.05,11,13,0.0014350829350641343,0.0031102549882582676
0.05,0.05,11,14,0.0015815270872050781,0.004387171180159958
0.05,0.05,11,15,0.003323549473727191,0.004551630451846024
0.05,0.05,11,16,0.0019125067945109841,0.0025289031703776294
0.05,0.05,11,17,0.0011831908537086422,0.003374649664011512
0.05,0.05,11,18,0.0012769992463290691,0.0020468173694218137
0.05,0.05,11,19,0.0007029355249948294,0.002029120431515415
0.05,0.05,11,20,0.0005129739149174665,0.0019834396034601786
0.05,0.05,11,21,0.0005021554843327146,0.001955887663021009
0.05,0.05,11,22,0.0006013061149896662,0.0019361325252203294
0.05,0.05,11,23,0.001111708203457112,0.004118958618415236
0.05,0.05,11,24,0.00139922429635017,0.004557191099159021
0.05,0.05,11,25,0.003020391391337286,0.002362987877410135
0.05,0.05,11,26,0.003118640541984343,0.003481920854544934
0.05,0.05,11,27,0.0027715425857883177,0.0032225871772923096
0.05,0.05,11,28,0.0025621561554869934,0.0025682672551629966
0.05,0.05,11,29,0.0009522332607216582,0.0016120245427261163
0.05,0.05,11,30,0.0007693777277628765,0.0016560474786248226
0.05,0.05,11,31,0.00041878821682558615,0.0013589576929194447
0.05,0.05,11,32,0.0002711114960860599,0.0013069198945912805
0.05,0.05,11,33,0.00027433210907699425,0.0012373725573221843
0.05,0.05,11,34,0.00022942930521776923,0.0012596545150741138
0.05,0.05,11,35,0.0002184459439444321,0.0011930950139285115
0.05,0.05,11,36,0.0002452241584520649,0.001351863636401455
0.05,0.05,11,37,0.00035577890104585453,0.0012615627222100404
0.05,0.05,11,38,0.00029989560838949715,0.0012430676216941801
0.05,0.05,11,39,0.0002959245534895425,0.0011103952863088852
0.05,0.05,11,40,0.0001834073041265336,0.0009940763314565022
0.05,0.05,11,41,0.00015634775034548647,0.0009856769822752525
0.05,0.05,11,42,0.00015171390475222357,0.0011892422972392643
0.05,0.05,11,43,0.00023373661553458436,0.0010159184290057838
0.05,0.05,11,44,0.0002042245187000429,0.0008997712360978617
0.05,0.05,11,45,0.0001514336668432081,0.0008811638556390142
0.05,0.05,11,46,0.00013434418360702693,0.0009068174617280685
0.05,0.05,11,47,0.00016607706349509779,0.0008765327219119287
0.05,0.05,11,48,0.00019042071330154108,0.0010560140197659717
0.05,0.05,11,49,0.0002569137266865805,0.00086855630815765
0.05,0.05,11,50,0.00011984187334252774,0.0009225330357688935
0.05,0.05,22,1,0.19036653403330733,0.047169222262661153
0.05,0.05,22,2,0.050899861127506066,0.032814812758331924
0.05,0.05,22,3,0.02586272492268939,0.015446312633561499
0.05,0.05,22,4,0.010608619469919322,0.005804709446283035
0.05,0.05,22,5,0.004696585306966746,0.006296738185019159
0.05,0.05,22,6,0.0038090828377868474,0.0035138772838890797
0.05,0.05,22,7,0.0022148208643804177,0.003738911063582809
0.05,0.05,22,8,0.0021175955016924826,0.002377241481969386
0.05,0.05,22,9,0.002438625179944031,0.002232374968352141
0.05,0.05,22,10,0.0015697630774804655,0.0018740615236415784
0.05,0.05,22,11,0.0012506257899301011,0.001763023098800408
0.05,0.05,22,12,0.0011556279356160235,0.001632690674974104
0.05,0.05,22,13,0.0010786965147327678,0.0017676217320524617
0.05,0.05,22,14,0.0009926953870389196,0.0014963492199226661
0.05,0.05,22,15,0.000993341027850998,0.0014187126983830959
0.05,0.05,22,16,0.0007972773437583704,0.0013100745256055038
0.05,0.05,22,17,0.0009722654811210103,0.0016815880689110775
0.05,0.05,22,18,0.0010351117392771957,0.0011200227855164327
0.05,0.05,22,19,0.0006244119133133395,0.0010393217757896141
0.05,0.05,22,20,0.0011656546238004977,0.0016787017814416454
0.05,0.05,22,21,0.0007044879258265373,0.0009197183106661824
0.05,0.05,22,22,0.00041771214437400807,0.0009087123007440763
0.05,0.05,22,23,0.00039359968425821005,0.0010939366778228508
0.05,0.05,22,24,0.0005584840366708827,0.0007088788374951838
0.05,0.05,22,25,0.00033414647856980196,0.0008371510378127235
0.05,0.05,22,26,0.0011237115860790198,0.00242923586456864
0.05,0.05,22,27,0.00201851833027135,0.0019305576512843002
0.05,0.05,22,28,0.0013839321147742464,0.0006283429056528664
0.05,0.05,22,29,0.0008832668802229526,0.0007802046866083342
0.05,0.05,22,30,0.00037315680063688944,0.0007656165111212083
0.05,0.05,22,31,0.00030654740292021293,0.000811968259360074
0.05,0.05,22,32,0.00027848734128012976,0.0006106932467393914
0.05,0.05,22,33,0.0002509145474673628,0.000799592753006107
0.05,0.05,22,34,0.0003728027499344108,0.0004901686690962363
0.05,0.05,22,35,0.00024643680170598084,0.0005490021941102581
0.05,0.05,22,36,0.0003148665427831059,0.0006333075678397599
0.05,0.05,22,37,0.00026546783111472096,0.0006671025429242923
0.05,0.05,22,38,0.00019480908488248255,0.0005015098018410765
0.05,0.05,22,39,0.00021121995509199707,0.0012823733282677921
0.05,0.05,22,40,0.0005674285614391628,0.0004942295114689893
0.05,0.05,22,41,0.0002985588489761461,0.00042283513541084257
0.05,0.05,22,42,0.00022188162472081818,0.000539402105680709
0.05,0.05,22,43,0.0001945732812466169,0.00039600654516691044
0.05,0.05,22,44,0.00020572169591172564,0.0003910632842362172
0.05,0.05,22,45,0.00013109383081304438,0.00036849756054426906
0.05,0.05,22,46,0.0002465751938332148,0.0006041598540765268
0.05,0.05,22,47,0.0004904109145296209,0.00040987302614337625
0.05,0.05,22,48,0.0003006125817917586,0.0005195874858785559
0.05,0.05,22,49,0.0005537046537803555,0.0004001171500594528
0.05,0.05,22,50,0.0004940726528415618,0.0004102699305294963
0.05,0.05,33,1,0.19929175111062733,0.0820392247580697
0.05,0.05,33,2,0.0516311713942775,0.03581750736315064
0.05,0.05,33,3,0.031389579406858964,0.02404622678403501
0.05,0.05,33,4,0.01950469330229141,0.01174254868746785
0.05,0.05,33,5,0.007184445800512661,0.006906319547582556
0.05,0.05,33,6,0.004551624127571689,0.004221682685883447
0.05,0.05,33,7,0.0019739934510585888,0.0034310412995609235
0.05,0.05,33,8,0.0018354286633742352,0.002716414231822324
0.05,0.05,33,9,0.0014998409839599956,0.003394852449864517
0.05,0.05,33,10,0.0015223883329545734,0.002443973910170818
0.05,0.05,33,11,0.0011350016244744629,0.0018739772676930997
0.05,0.05,33,12,0.0007107820502700813,0.0018769819059489686
0.05,0.05,33,13,0.0009963973008533134,0.001693973570694158
0.05,0.05,33,14,0.0005872751798848679,0.0020623319924123
0.05,0.05,33,15,0.0007194401678359021,0.0015638558952896684
0.05,0.05,33,16,0.000674555770891868,0.0015335659431331933
0.05,0.05,33,17,0.0005983988018591462,0.0014832545945673813
0.05,0.05,33,18,0.0003696931693142418,0.0012869810371241943
0.05,0.05,33,19,0.00048709085159417655,0.003244003395975372
0.05,0.05,33,20,0.0010373722503168716,0.0011685509004710634
0.05,0.05,33,21,0.0004164542405317066,0.0010466244485643175
0.05,0.05,33,22,0.00037828594069628987,0.0009684090506392742
0.05,0.05,33,23,0.0004362238137724085,0.0009124249587824315
0.05,0.05,33,24,0.0002803893603189032,0.0009650471524446589
0.05,0.05,33,25,0.0002914974239603099,0.0009585175617241565
0.05,0.05,33,26,0.0003545699809263978,0.0008931751113860205
0.05,0.05,33,27,0.0009140814273664153,0.0012444997275317157
0.05,0.05,33,28,0.0003777349070950561,0.0008459478126141269
0.05,0.05,33,29,0.0005938058246910158,0.0009905753557574112
0.05,0.05,33,30,0.0002222543283736471,0.0010889788223392189
0.05,0.05,33,31,0.0008276566919830432,0.0008362910016573997
0.05,0.05,33,32,0.000271620781859383,0.0008958753489663081
0.05,0.05,33,33,0.0002493702865458657,0.001012022357909277
0.05,0.05,33,34,0.0006156311245393698,0.0007677563914546261
0.05,0.05,33,35,0.00022027446152886698,0.0009126315514246622
0.05,0.05,33,36,0.0003057354576109598,0.0010024857987101677
0.05,0.05,33,37,0.0003057831767544058,0.0008156620916515712
0.05,0.05,33,38,0.0010276438789097247,0.0016981162161493497
0.05,0.05,33,39,0.0010401559339686768,0.002039794813948894
0.05,0.05,33,40,0.001087163712248712,0.002016185242452739
0.05,0.05,33,41,0.0005858392800695987,0.0012211012251583146
0.05,0.05,33,42,0.0003028210597637362,0.0006718043805149848
0.05,0.05,33,43,0.00013622070553448098,0.0007022044050350111
0.05,0.05,33,44,0.00015863358656829799,0.000644824571079678
0.05,0.05,33,45,0.00014751899899788384,0.0009148983675756572
0.05,0.05,33,46,0.00024880365679474595,0.0006730152378356996
0.05,0.05,33,47,0.00024169967883484966,0.0005812220612671149
0.05,0.05,33,48,0.00014381498449775218,0.0007089238475870203
0.05,0.05,33,49,0.000136883130813029,0.0007735739764853269
0.05,0.05,33,50,0.00012139586653103363,0.0007718870178662209
0.05,0.2,11,1,0.18117506084618745,0.06506693804705585
0.05,0.2,11,2,0.05157945700633673,0.035217395044648596
0.05,0.2,11,3,0.02473450415296319,0.017095966103636187
0.05,0.2,11,4,0.010387071419829204,0.008898850821663813
0.05,0.2,11,5,0.004586566225223151,0.01063463226757913
0.05,0.2,11,6,0.006334430630100362,0.014206299565947106
0.05,0.2,11,7,0.010548600432589466,0.010133075125423479
0.05,0.2,11,8,0.003328400893987697,0.004353980468624413
0.05,0.2,11,9,0.002297691757974709,0.0036617468413992675
0.05,0.2,11,10,0.0017078853601066649,0.0038443646803804875
0.05,0.2,11,11,0.001455455496734767,0.0036646323930088877
0.05,0.2,11,12,0.0014843053333921197,0.0035407177705333065
0.05,0.2,11,13,0.0012038687129438865,0.0034290301946946133
0.05,0.2,11,14,0.0009903406097703142,0.0056987691808629915
0.05,0.2,11,15,0.001804410305339843,0.003531828338717237
0.05,0.2,11,16,0.0009034195611969119,0.0031874003233733
0.05,0.2,11,17,0.0008070263235519329,0.003244054170302403
0.05,0.2,11,18,0.0007849783431106235,0.0027552028742346742
0.05,0.2,11,19,0.0006278658423710753,0.0032315170813980417
0.05,0.2,11,20,0.0006196496894663591,0.002422169402793602
0.05,0.2,11,21,0.00047487697210507813,0.0023206791269435806
0.05,0.2,11,22,0.0004991112267210459,0.0026634048532556604
0.05,0.2,11,23,0.0007974678567139271,0.00212540081989618
0.05,0.2,11,24,0.00038043214769941974,0.0020717026765454455
0.05,0.2,11,25,0.0003948315911937827,0.002059499667995751
0.05,0.2,11,26,0.00046020745512466004,0.002364862848211218
0.05,0.2,11,27,0.0006752989857089648,0.0020743942064512903
0.05,0.2,11,28,0.0004897045198307706,0.0017314760527983614
0.05,0.2,11,29,0.00027563036735641,0.0016203744666566575
0.05,0.2,11,30,0.0003633239409989781,0.00176084470847016
0.05,0.2,11,31,0.00030404578910186243,0.0016833753497512251
0.05,0.2,11,32,0.00025122706152435486,0.0015243638935403079
0.05,0.2,11,33,0.0002671758289287948,0.0014982041998655216
0.05,0.2,11,34,0.0002836593768823846,0.0015740852051801643
0.05,0.2,11,35,0.00033846867639416206,0.001459800166848265
0.05,0.2,11,36,0.0002612630620363088,0.002310847303994889
0.05,0.2,11,37,0.0011386801481511398,0.004198505554670169
0.05,0.2,11,38,0.003661425261079897,0.00454807183379499
0.05,0.2,11,39,0.0049391311225423845,0.0018262297773557435
0.05,0.2,11,40,0.0016539361217220165,0.001828907693855066
0.05,0.2,11,41,0.0007043217296602871,0.00163212945922412
0.05,0.2,11,42,0.0003494479024084285,0.0014854217017138446
0.05,0.2,11,43,0.00028720667264510495,0.0012923075583736593
0.05,0.2,11,44,0.0002387752681022027,0.001223532138047395
0.05,0.2,11,45,0.00017120634718729115,0.0012743178709053698
0.05,0.2,11,46,0.00017091661100965684,0.001197902140793977
0.05,0.2,11,47,0.00022548206443725912,0.0010924474202065801
0.05,0.2,11,48,0.0002199314166554595,0.0010995179292105843
0.05,0.2,11,49,0.00017378016024322053,0.0010785281412886004
0.05,0.2,11,50,0.0001702127138506276,0.0010056707226199868
0.05,0.2,22,1,0.12056992202997208,0.03733519958370507
0.05,0.2,22,2,0.029267569704924102,0.030780056376516082
0.05,0.2,22,3,0.01800311443016485,0.02188362309962143
0.05,0.2,22,4,0.014931989419791434,0.00821717383930222
0.05,0.2,22,5,0.006361944885510538,0.006111237737867568
0.05,0.2,22,6,0.0034470389263681423,0.003939178254869249
0.05,0.2,22,7,0.0024228242411347173,0.004625901273248617
0.05,0.2,22,8,0.0016045862342443686,0.003106169004008603
0.05,0.2,22,9,0.0010114860215028863,0.003434211138344596
0.05,0.2,22,10,0.0011163725557932515,0.0027290410956237543
0.05,0.2,22,11,0.0010234830894918514,0.0026105124763991117
0.05,0.2,22,12,0.0008426809902259804,0.0020879813673074354
0.05,0.2,22,13,0.0007255299740476695,0.002129241272255226
0.05,0.2,22,14,0.0005896031773177746,0.001836483370620037
0.05,0.2,22,15,0.00048212998170825297,0.0018892004901980175
0.05,0.2,22,16,0.000748506430996421,0.0017457875449961595
0.05,0.2,22,17,0.0008163320275747941,0.0016988742743990549
0.05,0.2,22,18,0.0006046821008904199,0.0016281293252858606
0.05,0.2,22,19,0.0003914042005177449,0.001648564397552867
0.05,0.2,22,20,0.0005821156025185813,0.0014965528078039977
0.05,0.2,22,21,0.00040266400614155477,0.0013965944694393456
0.05,0.2,22,22,0.0003421134651382741,0.0012868570447458652
0.05,0.2,22,23,0.0004674253308352221,0.001194649395138148
0.05,0.2,22,24,0.0005019931539456233,0.0012464832376550745
0.05,0.2,22,25,0.00043812690857498917,0.001318586461337996
0.05,0.2,22,26,0.0002896357701378472,0.001233219855116228
0.05,0.2,22,27,0.0003095194554555713,0.0011459704289220488
0.05,0.2,22,28,0.00022922333740962693,0.0012973901420954323
0.05,0.2,22,29,0.0007772148088451452,0.0009827911853790283
0.05,0.2,22,30,0.0003305474591921486,0.0008902730642522804
0.05,0.2,22,31,0.00016864984637423832,0.000893711185259093
0.05,0.2,22,32,0.00018707268248329423,0.000890949993957708
0.05,0.2,22,33,0.0004561115555712424,0.0011397587909619995
0.05,0.2,22,34,0.00027303870790350586,0.0011729127095069414
0.05,0.2,22,35,0.000208308700907596,0.0008441065073994452
0.05,0.2,22,36,0.00015832551964846107,0.0010708171889615157
0.05,0.2,22,37,0.00026859369928040254,0.0007798520257934131
0.05,0.2,22,38,0.00020953547047813318,0.0009121237468327024
0.05,0.2,22,39,0.0002781580673691667,0.00137838929768943
0.05,0.2,22,40,0.000354155997442438,0.0008464503435441005
0.05,0.2,22,41,0.00020760687568978074,0.0009239575377217045
0.05,0.2,22,42,0.00024812535870026933,0.0008129268394085605
0.05,0.2,22,43,0.00013050285633653402,0.0008065842184019678
0.05,0.2,22,44,0.0003911379371183338,0.0026103478890878184
0.05,0.2,22,45,0.0006514709854888713,0.0007918030636791339
0.05,0.2,22,46,0.00016741448421215202,0.000919096631768309
0.05,0.2,22,47,0.0004956186432851317,0.0005951880672831594
0.05,0.2,22,48,0.0003793433013610703,0.0008221785595387589
0.05,0.2,22,49,0.0002004472673748459,0.0008999077380929955
0.05,0.2,22,50,0.0002864230493152583,0.0007265352417902692
0.05,0.2,33,1,0.12484749714717452,0.039838182582776736
0.05,0.2,33,2,0.0290055977249587,0.020205277964902024
0.05,0.2,33,3,0.023700074879107653,0.014859387904037664
0.05,0.2,33,4,0.017153557585437358,0.01219821761174457
0.05,0.2,33,5,0.01185641443517841,0.008586938489121175
0.05,0.2,33,6,0.0056537680966020736,0.00691521903614939
0.05,0.2,33,7,0.004307814362102452,0.004789161584014265
0.05,0.2,33,8,0.002985938208933667,0.0034383444629088353
0.05,0.2,33,9,0.0011878847173288649,0.003654047294899269
0.05,0.2,33,10,0.0014480318914363046,0.003309292067225578
0.05,0.2,33,11,0.0011127885060246896,0.00226466891206341
0.05,0.2,33,12,0.0007258367000354661,0.002226251388282933
0.05,0.2,33,13,0.0010111849772295467,0.0023525568192878377
0.05,0.2,33,14,0.0006264978258031202,0.003046589623753426
0.05,0.2,33,15,0.000969425152791779,0.0018408059337992728
0.05,0.2,33,16,0.0006498789420512355,0.001994661710880421
0.05,0.2,33,17,0.0006781401670319431,0.0018309931205623925
0.05,0.2,33,18,0.00031781415375995873,0.0016814451894642394
0.05,0.2,33,19,0.00046692202643801767,0.0014619873874962576
0.05,0.2,33,20,0.0002908452053232417,0.0014683187253190656
0.05,0.2,33,21,0.00034955154492140366,0.0016311024442131137
0.05,0.2,33,22,0.0002797947504236449,0.0012917841167606934
0.05,0.2,33,23,0.0002101868415110526,0.0012448732990296288
0.05,0.2,33,24,0.00021547165319875435,0.001230772753311283
0.05,0.2,33,25,0.00020488906173138984,0.0012669979054250834
0.05,0.2,33,26,0.0003133369674388733,0.0011058848335909746
0.05,0.2,33,27,0.0003747622458045773,0.0012151357323053932
0.05,0.2,33,28,0.0003466889924042065,0.0013989710513456369
0.05,0.2,33,29,0.0016031996275148825,0.0030735439233819154
0.05,0.2,33,30,0.01470876857638359,0.016071461846308453
0.05,0.2,33,31,0.010198132922573959,0.003841683697798615
0.05,0.2,33,32,0.002923778215147279,0.00506032592475169
0.05,0.2,33,33,0.002896813670012318,0.0024082670486512987
0.05,0.2,33,34,0.0021951319764793656,0.002219872464858946
0.05,0.2,33,35,0.0010189898434256055,0.001324878553304162
0.05,0.2,33,36,0.0004019526222916205,0.0010806986824475199
0.05,0.2,33,37,0.0002325852839908574,0.0012302360662217002
0.05,0.2,33,38,0.000390846762995891,0.0015300054854326286
0.05,0.2,33,39,0.00029567569597727724,0.0010521588502106843
0.05,0.2,33,40,0.00023131185100934136,0.0013190200054105908
0.05,0.2,33,41,0.00022290578905355047,0.0009659282832479281
0.05,0.2,33,42,0.00016721021304953338,0.0009330124153521817
0.05,0.2,33,43,0.00013414493276533545,0.0009624932896453167
0.05,0.2,33,44,0.0001089344583351142,0.0009124835822807908
0.05,0.2,33,45,0.00011954357830324659,0.0008858127113232397
0.05,0.2,33,46,0.0001447318766027528,0.0009259650246106057
0.05,0.2,33,47,0.00012988955989576314,0.0008715347007468894
0.05,0.2,33,48,0.00010415947793790334,0.0008553665116000078
0.05,0.2,33,49,8.866562002143006e-05,0.000802722180821768
0.05,0.2,33,50,9.269963782481895e-05,0.0007877047537776178
0.05,1.0,11,1,0.16369304254099173,0.04838874408737622
0.05,1.0,11,2,0.03902411962180962,0.03184377999953282
0.05,1.0,11,3,0.017943655640852672,0.025345199883229447
0.05,1.0,11,4,0.010348157669750996,0.011881307319358544
0.05,1.0,11,5,0.006192395900502617,0.008141703075832792
0.05,1.0,11,6,0.004556796930293426,0.006694880532629696
0.05,1.0,11,7,0.0027150200467188786,0.0053415175818612055
0.05,1.0,11,8,0.0026986700436675256,0.005496088859966263
0.05,1.0,11,9,0.002156114958824567,0.004000306129455566
0.05,1.0,11,10,0.0013537150006425096,0.004012640121051804
0.05,1.0,11,11,0.0009192895362682548,0.003640505266778263
0.05,1.0,11,12,0.0009189599335917996,0.003419497621402819
0.05,1.0,11,13,0.000742746493078475,0.0033650086740407434
0.05,1.0,11,14,0.0006506397319888627,0.003038100009101899
0.05,1.0,11,15,0.0007332428020747079,0.002861185574237211
0.05,1.0,11,16,0.000506718899913845,0.0026645081524005153
0.05,1.0,11,17,0.0005393877674331084,0.0024630083959289047
0.05,1.0,11,18,0.0004767890643029485,0.0024473564124401705
0.05,1.0,11,19,0.000366343982427174,0.0024449457356959213
0.05,1.0,11,20,0.00028822741637949225,0.0026935726526833366
0.05,1.0,11,21,0.00036742520104679797,0.0021681550108356242
0.05,1.0,11,22,0.0003647100720065933,0.002062189480895368
0.05,1.0,11,23,0.00020632106908898869,0.0019395297446859227
0.05,1.0,11,24,0.00022904906331354546,0.002333943735915447
0.05,1.0,11,25,0.000342597271585952,0.0019472126116968477
0.05,1.0,11,26,0.000549408651738899,0.002648421766336072
0.05,1.0,11,27,0.0010377431976792896,0.0016764013610259005
0.05,1.0,11,28,0.00042970130222930034,0.0022323644210281686
0.05,1.0,11,29,0.0005575295893064366,0.002206002488548373
0.05,1.0,11,30,0.00037142151429887034,0.001625165404606258
0.05,1.0,11,31,0.00020437210530220863,0.001494041931482009
0.05,1.0,11,32,0.00021309820187053884,0.0015850626392129026
0.05,1.0,11,33,0.00016699627375612496,0.0014281348927030837
0.05,1.0,11,34,0.00018076722941865833,0.001490071109292929
0.05,1.0,11,35,0.00032897691553556303,0.0014771885342068141
0.05,1.0,11,36,0.00032443687518092767,0.0012850733205614757
0.05,1.0,11,37,0.0003564003183086759,0.0020712189713623297
0.05,1.0,11,38,0.000568799563036099,0.001429282711366567
0.05,1.0,11,39,0.00025410601629568034,0.0013501281110347544
0.05,1.0,11,40,0.00016466018761419058,0.0013803650812847625
0.05,1.0,11,41,0.00010390890410808088,0.001205658471142804
0.05,1.0,11,42,0.00010315638989854006,0.001162359498655845
0.05,1.0,11,43,9.928751591988983e-05,0.0011944515714920106
0.05,1.0,11,44,9.857962643842638e-05,0.0012864279158321427
0.05,1.0,11,45,0.0001435382055430558,0.0011802661566086758
0.05,1.0,11,46,0.00019177760178637173,0.0013725647219905146
0.05,1.0,11,47,0.0004194603333203697,0.0027159165453027796
0.05,1.0,11,48,0.0006484694408474168,0.0017218735728244232
0.05,1.0,11,49,0.0003735441364201338,0.0010707751223089272
0.05,1.0,11,50,9.834745850201687e-05,0.0010981321825412076
0.05,1.0,22,1,0.0881149552670526,0.04024989124188207
0.05,1.0,22,2,0.023654895156254,0.015014856440540203
0.05,1.0,22,3,0.009640822422771174,0.009888325208499108
0.05,1.0,22,4,0.00720024549252825,0.0074416776743445375
0.05,1.0,22,5,0.0045105865710978335,0.005977024266749252
0.05,1.0,22,6,0.003325016806936926,0.005194733662860384
0.05,1.0,22,7,0.0024843887443205823,0.00548689797091386
0.05,1.0,22,8,0.002418660542950678,0.005323607244609315
0.05,1.0,22,9,0.0021663462932876966,0.0032616466161154915
0.05,1.0,22,10,0.001026943754289805,0.00310474437941249
0.05,1.0,22,11,0.001002371482576968,0.0027648531850963955
0.05,1.0,22,12,0.0007296634832954747,0.002643257011601954
0.05,1.0,22,13,0.0005821192238794605,0.0027729979267826785
0.05,1.0,22,14,0.0006046707675085161,0.002105382980142601
0.05,1.0,22,15,0.0004884040582835974,0.0022628839614460008
0.05,1.0,22,16,0.00032381416818724924,0.001866638047214398
0.05,1.0,22,17,0.00029913289750923324,0.00187268362614353
0.05,1.0,22,18,0.00027852186913487794,0.0018806899035418475
0.05,1.0,22,19,0.00029157865113423515,0.0016309042526370704
0.05,1.0,22,20,0.0004527864318030576,0.0020335197694017074
0.05,1.0,22,21,0.0009630780112297263,0.0016312615125758168
0.05,1.0,22,22,0.0005296805961902633,0.0015906112674823024
0.05,1.0,22,23,0.0006282177811594864,0.0016826961511447105
0.05,1.0,22,24,0.0003459674010145259,0.0014494159584673345
0.05,1.0,22,25,0.00024906854952949983,0.0013602049753008555
0.05,1.0,22,26,0.0004885293044621286,0.0014416976475421293
0.05,1.0,22,27,0.00031141182554154196,0.001674374067243725
0.05,1.0,22,28,0.00021272185862202336,0.0013135669162734546
0.05,1.0,22,29,0.00021541170267651237,0.0010768286730526897
0.05,1.0,22,30,0.00013669672455167236,0.0011225195578586909
0.05,1.0,22,31,0.0001662155792686979,0.0013988248605296444
0.05,1.0,22,32,0.0001982340730777381,0.0010677643518879581
0.05,1.0,22,33,0.00014709141068584516,0.0011941022833678947
0.05,1.0,22,34,0.0002008674829410688,0.001180359856091409
0.05,1.0,22,35,0.0004935401008912811,0.0012482401029563245
0.05,1.0,22,36,0.00022494525461454795,0.0011400910316671363
0.05,1.0,22,37,0.00014388823398837336,0.0010243139762446713
0.05,1.0,22,38,0.00019000986746201912,0.00135989542360659
0.05,1.0,22,39,0.0003535974782282188,0.0017148351963655448
0.05,1.0,22,40,0.0004202613305590794,0.0013492001918117696
0.05,1.0,22,41,0.00029101057400651,0.0009457424834922508
0.05,1.0,22,42,0.00013225342640739486,0.0010091742125067692
0.05,1.0,22,43,8.256409718241129e-05,0.0013388288609775497
0.05,1.0,22,44,0.0005330097923388728,0.0012282704620204346
0.05,1.0,22,45,0.0004633259528351051,0.0012067914499667447
0.05,1.0,22,46,0.00045999594285716245,0.001324599662435398
0.05,1.0,22,47,0.0003277425144735816,0.0008427864362182931
0.05,1.0,22,48,0.00023937595679056773,0.0009285065617580964
0.05,1.0,22,49,0.000178680298339725,0.0011155599183997008
0.05,1.0,22,50,0.000289274564653888,0.0009617942841455279
0.05,1.0,33,1,0.10291122645139694,0.036548728314937384
0.05,1.0,33,2,0.021821778727534377,0.023583902743618185
0.05,1.0,33,3,0.010116515520178242,0.010896201977513946
0.05,1.0,33,4,0.005916952943130408,0.007941287731437527
0.05,1.0,33,5,0.0043068736285707095,0.005984986269915545
0.05,1.0,33,6,0.003385419011644927,0.005056404282526715
0.05,1.0,33,7,0.002969155918783796,0.003950815632510087
0.05,1.0,33,8,0.001903402823149974,0.004530012852861067
0.05,1.0,33,9,0.001684702079122265,0.0038642414803367582
0.05,1.0,33,10,0.0019392074620420182,0.0036579348422862866
0.05,1.0,33,11,0.0014986429553203008,0.0027025131041130412
0.05,1.0,33,12,0.001476030450394768,0.0027692133997693474
0.05,1.0,33,13,0.0017562787124691646,0.00316345004878417
0.05,1.0,33,14,0.0010874025835540652,0.002054853939715727
0.05,1.0,33,15,0.0006158278484679298,0.00199806481722451
0.05,1.0,33,16,0.0007560376629785255,0.0019693613788227976
0.05,1.0,33,17,0.0009046754416043836,0.0019989266317077133
0.05,1.0,33,18,0.000965707144199836,0.002995305345872793
0.05,1.0,33,19,0.0008953335891868689,0.0016888669488851916
0.05,1.0,33,20,0.0003546388553208269,0.0015772166566103084
0.05,1.0,33,21,0.0002501463354241827,0.0015582475397321912
0.05,1.0,33,22,0.0003252744954582419,0.0016673419455932492
0.05,1.0,33,23,0.0003437530185580311,0.0013327182810983541
0.05,1.0,33,24,0.00020214531158907684,0.0015137215210086524
0.05,1.0,33,25,0.00051612711229856,0.0012851516896314583
0.05,1.0,33,26,0.000190597807954031,0.0013116692564615006
0.05,1.0,33,27,0.000501969621522513,0.0020350518295303784
0.05,1.0,33,28,0.0005069811962096503,0.002747216587694584
0.05,1.0,33,29,0.0010830928387557282,0.0013161973698149001
0.05,1.0,33,30,0.00040044940729269093,0.0011780812661834215
0.05,1.0,33,31,0.00027615783583763757,0.0014925030033284255
0.05,1.0,33,32,0.0004748782914787255,0.0014595278987178096
0.05,1.0,33,33,0.0003562197416164211,0.0010852489942385826
0.05,1.0,33,34,0.0001752090234888637,0.0013629404115088192
0.05,1.0,33,35,0.0003778076770910878,0.0017779695153726962
0.05,1.0,33,36,0.0005082699648438045,0.0018322840639593179
0.05,1.0,33,37,0.0007643584437944271,0.0014415991649706177
0.05,1.0,33,38,0.00030701223726349846,0.0010726543856255802
0.05,1.0,33,39,0.00019323001227652034,0.0012352706964123886
0.05,1.0,33,40,0.00022984765661179007,0.0009456318592338405
0.05,1.0,33,41,0.00014833629006997073,0.00097617506980896
0.05,1.0,33,42,0.00017865721990043917,0.0009626491692821675
0.05,1.0,33,43,0.0003089051216518805,0.000919905219058441
0.05,1.0,33,44,0.00011150582496257912,0.0011147817466484666
0.05,1.0,33,45,0.0005521057195168127,0.0023054740556473596
0.05,1.0,33,46,0.0007639385764860767,0.0011484438990369255
0.05,1.0,33,47,0.0003777705571315263,0.000830144180682461
0.05,1.0,33,48,9.850741354719863e-05,0.0009365823165870007
0.05,1.0,33,49,9.566394658543652e-05,0.0010615458459029962
0.05,1.0,33,50,0.0001988550451372888,0.0008875280005451093
0.1,0.01,11,1,0.18877188548629667,0.04044388743585029
0.1,0.01,11,2,0.03541776276894926,0.03157094672874168
0.1,0.01,11,3,0.01903491502880682,0.01646571100494008
0.1,0.01,11,4,0.012194321387343936,0.014312722555403846
0.1,0.01,11,5,0.010152106483777365,0.00994682017667794
0.1,0.01,11,6,0.006015502428061065,0.007983100757677369
0.1,0.01,11,7,0.00343250794865099,0.005629323146961353
0.1,0.01,11,8,0.002506375335800795,0.004378106858995225
0.1,0.01,11,9,0.0019559758660716957,0.0052254881878448615
0.1,0.01,11,10,0.001447018981842255,0.004741917421788346
0.1,0.01,11,11,0.0012595374331188698,0.0037095863142131286
0.1,0.01,11,12,0.000796720145534678,0.003473190368448265
0.1,0.01,11,13,0.000587413204800809,0.00268340503237375
0.1,0.01,11,14,0.0006143938201008203,0.002889129850599501
0.1,0.01,11,15,0.0005958095066433335,0.0027149820033414863
0.1,0.01,11,16,0.0008786734711683505,0.0028459885973989227
0.1,0.01,11,17,0.0004703252598568567,0.001938325878033422
0.1,0.01,11,18,0.0003638100137727128,0.0018140651561595776
0.1,0.01,11,19,0.00028801299902872057,0.001817292637295193
0.1,0.01,11,20,0.0002473051208653487,0.0016179124023688674
0.1,0.01,11,21,0.00018989108493882174,0.0015798973939055768
0.1,0.01,11,22,0.00023343488193163073,0.00158610559785317
0.1,0.01,11,23,0.00023713174218924164,0.0014060940516829
0.1,0.01,11,24,0.00025342736015222784,0.0014493693540125717
0.1,0.01,11,25,0.00019249465764948614,0.0013812996232460556
0.1,0.01,11,26,0.0002635236392782162,0.0016611619496051176
0.1,0.01,11,27,0.0009054892957296774,0.0012164594214639547
0.1,0.01,11,28,0.00035596423136375065,0.0011507780463607222
0.1,0.01,11,29,0.00019881899887552187,0.0010993408322824863
0.1,0.01,11,30,0.0002147504132108786,0.0010958309036223487
0.1,0.01,11,31,0.00018667796321995096,0.0012295178670451473
0.1,0.01,11,32,0.00027356699690615104,0.0010236867783982076
0.1,0.01,11,33,0.00039952739003907753,0.00120136534235605
0.1,0.01,11,34,0.0001889238567709532,0.0009498352131235257
0.1,0.01,11,35,0.00018547552714647471,0.0009378257357043984
0.1,0.01,11,36,0.00011801100149175819,0.0009572873880833756
0.1,0.01,11,37,0.0001460056193963406,0.000896963072411808
0.1,0.01,11,38,8.932066173005251e-05,0.0009251371210004076
0.1,0.01,11,39,0.0002144227558200788,0.0008481933501522236
0.1,0.01,11,40,9.787059676500014e-05,0.0008084964727668605
0.1,0.01,11,41,0.00012046187242240081,0.0009031829274730918
0.1,0.01,11,42,0.0004598954471509421,0.001718567722618825
0.1,0.01,11,43,0.0006850274052631892,0.0010013724428145484
0.1,0.01,11,44,0.00023051084415918148,0.0010289433316438778
0.1,0.01,11,45,0.0002174276106180278,0.0007672161477092853
0.1,0.01,11,46,0.00013197810075786195,0.0008265326420466105
0.1,0.01,11,47,0.00013959291696485224,0.0007878792138747227
0.1,0.01,11,48,0.0001187011502348289,0.0006916232928327082
0.1,0.01,11,49,0.00012972079401398883,0.0008801822186497504
0.1,0.01,11,50,0.0001283987387720162,0.0007517372752413338
0.1,0.01,22,1,0.08809456785703883,0.04789044729476112
0.1,0.01,22,2,0.029915365137527756,0.015823795962235564
0.1,0.01,22,3,0.012709244602808246,0.010916689295827606
0.1,0.01,22,4,0.008254614382706306,0.007967920950901361
0.1,0.01,22,5,0.0049850150776084194,0.005277291737466192
0.1,0.01,22,6,0.003188123202158345,0.0034176577265861104
0.1,0.01,22,7,0.002529742386634749,0.004365115989873439
0.1,0.01,22,8,0.0019496703681386547,0.0023908911909095542
0.1,0.01,22,9,0.0013870903762218394,0.003337651368521859
0.1,0.01,22,10,0.0010466525190291397,0.0014165064680232923
0.1,0.01,22,11,0.0005351563332276131,0.0012587584831096508
0.1,0.01,22,12,0.00034034380079879436,0.001016853829470191
0.1,0.01,22,13,0.0003730735531720666,0.0013991134402192669
0.1,0.01,22,14,0.0004059396961554425,0.0007920262744887867
0.1,0.01,22,15,0.0002700770769647702,0.001080439414507077
0.1,0.01,22,16,0.0003932187770979111,0.0007878821573139708
0.1,0.01,22,17,0.00022456126738868562,0.0009477198614505093
0.1,0.01,22,18,0.00022494415342980237,0.0007720520344290714
0.1,0.01,22,19,0.00019095723942927527,0.0006254069476461214
0.1,0.01,22,20,0.00014851229782015038,0.000868818887467247
0.1,0.01,22,21,0.0004631857624684208,0.0007782070111835935
0.1,0.01,22,22,0.00030520925209225145,0.0006173925757898715
0.1,0.01,22,23,0.00028914181435808403,0.0008305822625572299
0.1,0.01,22,24,0.00026735088379800686,0.0005514723528559807
0.1,0.01,22,25,0.00029795397328856736,0.0004060333709657928
0.1,0.01,22,26,0.00014824908559581042,0.0003880320630446383
0.1,0.01,22,27,0.00028176009036991515,0.0003884949801880636
0.1,0.01,22,28,0.00028726106788388186,0.0014367935098247764
0.1,0.01,22,29,0.0006148300378782428,0.0006368195814360316
0.1,0.01,22,30,0.00029053526461975257,0.0005587856955979587
0.1,0.01,22,31,0.00016611001082770757,0.0004104859053843306
0.1,0.01,22,32,0.00022492878157702952,0.0003659278154373169
0.1,0.01,22,33,7.61916660310278e-05,0.00033525628930747265
0.1,0.01,22,34,8.586925707030237e-05,0.00034774812283339324
0.1,0.01,22,35,8.01008258641548e-05,0.00034750617825935896
0.1,0.01,22,36,8.249878207865505e-05,0.0005225157173572745
0.1,0.01,22,37,0.0001724334351034306,0.00037367920939323834
0.1,0.01,22,38,8.66508893029086e-05,0.00031594536554666215
0.1,0.01,22,39,0.00010914837795648908,0.00037324026901535535
0.1,0.01,22,40,8.64822977297238e-05,0.000628827591982398
0.1,0.01,22,41,0.00024373286380719993,0.0004043708490246117
0.1,0.01,22,42,8.74030986408427e-05,0.0004988573031660951
0.1,0.01,22,43,0.00011324645508724598,0.00047953055841932574
0.1,0.01,22,44,0.00026357884376516775,0.00038449984396436086
0.1,0.01,22,45,9.155680909091722e-05,0.0003079920087331607
0.1,0.01,22,46,7.831769381695783e-05,0.00027407405307754075
0.1,0.01,22,47,6.982243841192053e-05,0.0003184706831174623
0.1,0.01,22,48,0.0002486770473173417,0.0002073139074898551
0.1,0.01,22,49,0.0001488545046110327,0.0002486528560457897
0.1,0.01,22,50,0.00025874542651437856,0.00027822905484540964
0.1,0.01,33,1,0.05908185627633407,0.02476126078224967
0.1,0.01,33,2,0.0143072987895137,0.015023649474720896
0.1,0.01,33,3,0.009856288493783385,0.009279298193660784
0.1,0.01,33,4,0.005840328728987111,0.007216376532252433
0.1,0.01,33,5,0.004440319321957635,0.004085132614575296
0.1,0.01,33,6,0.002755510337639278,0.003806382785608739
0.1,0.01,33,7,0.0018506142897186456,0.002953418733651746
0.1,0.01,33,8,0.0011756441693890978,0.002954144781999627
0.1,0.01,33,9,0.00146314491989252,0.0030021429552462855
0.1,0.01,33,10,0.0011129704293978894,0.0019158189924656118
0.1,0.01,33,11,0.001352673072732962,0.0019340397399148824
0.1,0.01,33,12,0.0005185625625107391,0.0016379967147921338
0.1,0.01,33,13,0.000605999816203329,0.0016433511987144565
0.1,0.01,33,14,0.0005213124418838157,0.0014984123255490276
0.1,0.01,33,15,0.0005890032539523587,0.0017543990670898814
0.1,0.01,33,16,0.000710134247869805,0.0012577686290191526
0.1,0.01,33,17,0.00043138163379841934,0.0013213655585614741
0.1,0.01,33,18,0.0003229662988702824,0.0011593481150183659
0.1,0.01,33,19,0.00039346962894117575,0.000999467853656031
0.1,0.01,33,20,0.00033589258120268766,0.0030025565084606533
0.1,0.01,33,21,0.001227556158685022,0.001870852929574472
0.1,0.01,33,22,0.0005887376337116699,0.001044400680212327
0.1,0.01,33,23,0.0004388278028295364,0.0009308281381434374
0.1,0.01,33,24,0.00021020864638827602,0.0008099872634244063
0.1,0.01,33,25,0.00012590206779911826,0.0007803691512763255
0.1,0.01,33,26,0.00013728460036850545,0.0010931784969298438
0.1,0.01,33,27,0.0003328115763670886,0.000846650926664533
0.1,0.01,33,28,0.00016609313145939572,0.0006186497922787451
0.1,0.01,33,29,0.00010647729334182876,0.0007106534247535737
0.1,0.01,33,30,0.00012901901972787685,0.00064086791419198
0.1,0.01,33,31,9.852661578743546e-05,0.0009424800490155632
0.1,0.01,33,32,0.00041898201456161237,0.0008663812905182073
0.1,0.01,33,33,0.0001773292289591929,0.0006004794512265994
0.1,0.01,33,34,8.222654430960293e-05,0.0005391081296857983
0.1,0.01,33,35,0.00012091492833770857,0.0005735648267063094
0.1,0.01,33,36,7.488349850367133e-05,0.000690142558925927
0.1,0.01,33,37,0.00014835100672725175,0.0005650274424886507
0.1,0.01,33,38,0.00019821500636344017,0.0005249071391031085
0.1,0.01,33,39,0.00013877757728663216,0.0005659862065020903
0.1,0.01,33,40,0.00046125571221906556,0.0006376975848350996
0.1,0.01,33,41,0.00032125310296836644,0.00048368556018719457
0.1,0.01,33,42,0.00040116329838372307,0.001306015154952375
0.1,0.01,33,43,0.0008111710108264729,0.0004781023771674545
0.1,0.01,33,44,0.00030835622628391893,0.0006684139064310018
0.1,0.01,33,45,0.0001583177083240891,0.0005479701507238694
0.1,0.01,33,46,0.00013102444620331587,0.0005183674303101904
0.1,0.01,33,47,0.00011556702208317914,0.00044917876337781365
0.1,0.01,33,48,6.747262855635289e-05,0.0004174181340653219
0.1,0.01,33,49,4.617639017481081e-05,0.0004361591037408805
0.1,0.01,33,50,6.830034481812797e-05,0.0003869323818771927
0.1,0.05,11,1,0.18429771921149007,0.048825110918209874
0.1,0.05,11,2,0.03792551730150058,0.02378704910906254
0.1,0.05,11,3,0.018688078693769598,0.01603579128720633
0.1,0.05,11,4,0.013048862831460105,0.014339101657945923
0.1,0.05,11,5,0.01022000477741254,0.009133915842315297
0.1,0.05,11,6,0.005796133644051022,0.007355869552235545
0.1,0.05,11,7,0.0026672794109923238,0.009053342136335962
0.1,0.05,11,8,0.006075376949422521,0.004253318770922751
0.1,0.05,11,9,0.0029868910600787694,0.004848025953818741
0.1,0.05,11,10,0.0016940543402911934,0.0034239608564494567
0.1,0.05,11,11,0.0008781441486653309,0.0029823289486606425
0.1,0.05,11,12,0.0007314538686639733,0.0034105063956460834
0.1,0.05,11,13,0.0007087268638798254,0.0022355322975190087
0.1,0.05,11,14,0.0005301820713578274,0.002382984622515769
0.1,0.05,11,15,0.0005591601711111489,0.0023784107632107204
0.1,0.05,11,16,0.0008440565973244331,0.002228749141771607
0.1,0.05,11,17,0.0006874882149722795,0.002360066759242933
0.1,0.05,11,18,0.0005123602222064855,0.0016187869717554791
0.1,0.05,11,19,0.0003933218314260658,0.0016940501001146105
0.1,0.05,11,20,0.0003432958339409972,0.0017285930766980835
0.1,0.05,11,21,0.0002985516096677999,0.0014108950463832652
0.1,0.05,11,22,0.00021827914647867236,0.001291019926345888
0.1,0.05,11,23,0.00026206164257917093,0.0013160094802762256
0.1,0.05,11,24,0.00023940011719169877,0.0012039309175907338
0.1,0.05,11,25,0.0001782227119281428,0.001316704745155303
0.1,0.05,11,26,0.00034001551641806683,0.0014129884449052223
0.1,0.05,11,27,0.0004719604276707051,0.002051410483725277
0.1,0.05,11,28,0.0005526438946145828,0.0010288840949290083
0.1,0.05,11,29,0.00020948406017851084,0.0010865167580514287
0.1,0.05,11,30,0.00024970869852063236,0.0009960694077574177
0.1,0.05,11,31,0.00021938867629850629,0.0011824806040697136
0.1,0.05,11,32,0.00033794349543807777,0.0011848798749868761
0.1,0.05,11,33,0.0003267811141681087,0.0009172319630045949
0.1,0.05,11,34,0.00018252772483888462,0.0011927383672062752
0.1,0.05,11,35,0.00020627541281426624,0.001144899139679018
0.1,0.05,11,36,0.00022706993960453496,0.000925864211816356
0.1,0.05,11,37,0.0002353475991656995,0.0009401576141271081
0.1,0.05,11,38,0.000315399984017095,0.0007801222703093854
0.1,0.05,11,39,0.00019733196327083365,0.0007682282615590979
0.1,0.05,11,40,0.00017460088691470088,0.000752074299035249
0.1,0.05,11,41,0.0001241793833747736,0.0008559732280150362
0.1,0.05,11,42,0.00040097997371498265,0.001155046769130377
0.1,0.05,11,43,0.00029873272105311274,0.0007666851022115951
0.1,0.05,11,44,0.00011929972723369302,0.0007300416751162996
0.1,0.05,11,45,0.00012996153371339596,0.0014172272427091872
0.1,0.05,11,46,0.0004165818207655792,0.0006863098944165579
0.1,0.05,11,47,0.00028921598079901785,0.0008818759226504667
0.1,0.05,11,48,0.00024543889046554673,0.0009406625979231218
0.1,0.05,11,49,0.00025177360388355466,0.0007325360559141685
0.1,0.05,11,50,0.00033378044652097205,0.0007277391084427697
0.1,0.05,22,1,0.10535105216650316,0.048217534037774484
0.1,0.05,22,2,0.03802065933008253,0.017141722847895367
0.1,0.05,22,3,0.01739501352939341,0.01415529565065486
0.1,0.05,22,4,0.010708381318383746,0.010253322467882447
0.1,0.05,22,5,0.006105189349640299,0.004883857911506307
0.1,0.05,22,6,0.002939190574703209,0.003192035504329352
0.1,0.05,22,7,0.001987486818652991,0.0029172325821079834
0.1,0.05,22,8,0.00112077947864079,0.0021192063519984115
0.1,0.05,22,9,0.0008589039976352159,0.001997269107481089
0.1,0.05,22,10,0.0007061423567830827,0.0011333586502467654
0.1,0.05,22,11,0.0004078801538986384,0.0010158405505090093
0.1,0.05,22,12,0.00039750049616509107,0.0010825751249682266
0.1,0.05,22,13,0.0005023616078104192,0.0009261662822691992
0.1,0.05,22,14,0.0002795469380892169,0.000828545770527404
0.1,0.05,22,15,0.0003941838610141228,0.0010646016264158021
0.1,0.05,22,16,0.0003541695807570373,0.001309302976592578
0.1,0.05,22,17,0.0004602429044884227,0.0012245988894882516
0.1,0.05,22,18,0.00040366080946024554,0.0009449709958009759
0.1,0.05,22,19,0.0005745880451645518,0.0008447538187474381
0.1,0.05,22,20,0.0002769657121798782,0.0008128976503026828
0.1,0.05,22,21,0.0002933266095854457,0.0007298157661540027
0.1,0.05,22,22,0.00025206123964493105,0.0007532431510250264
0.1,0.05,22,23,0.0005149944831996605,0.0014716937463469958
0.1,0.05,22,24,0.0005147465623995681,0.0009937600343806264
0.1,0.05,22,25,0.0005808996502310038,0.000577163181187194
0.1,0.05,22,26,0.00025012916425403987,0.00043963144222895306
0.1,0.05,22,27,0.00014964913592578982,0.0004495414502826738
0.1,0.05,22,28,0.00013378294318466,0.0007856499265741419
0.1,0.05,22,29,0.0007152534481626648,0.0005052968737029245
0.1,0.05,22,30,0.00028731748538974233,0.0004614784761711403
0.1,0.05,22,31,0.00014062624487215308,0.00044947240210364386
0.1,0.05,22,32,0.0002142343598088813,0.0004150936142407327
0.1,0.05,22,33,9.488290446892347e-05,0.00038529901838106384
0.1,0.05,22,34,0.00014776220398934927,0.0005343896739276839
0.1,0.05,22,35,0.00015230755691587593,0.0003650082359588686
0.1,0.05,22,36,8.485090191602522e-05,0.000586250804579307
0.1,0.05,22,37,0.00022985046239171672,0.00039258455175431175
0.1,0.05,22,38,0.00016088568713993156,0.000518184446503596
0.1,0.05,22,39,0.0002019771246848927,0.0004098075346201045
0.1,0.05,22,40,0.00020135608307706812,0.000702555532808657
0.1,0.05,22,41,0.00029673233784930665,0.0005864419441654849
0.1,0.05,22,42,0.0002413829168761839,0.00045189669225441576
0.1,0.05,22,43,0.00012639252559488846,0.0006215591366889546
0.1,0.05,22,44,0.0004977135977242142,0.00038884859148857526
0.1,0.05,22,45,0.00034454322770743824,0.0005934700799086457
0.1,0.05,22,46,0.0006479549334516726,0.0004236757019419729
0.1,0.05,22,47,0.00023531091232772595,0.0004250245329774456
0.1,0.05,22,48,0.0002822474304178477,0.00032683612142570716
0.1,0.05,22,49,0.00026423460781469334,0.00031347266195242297
0.1,0.05,22,50,0.0001010450853047789,0.0003008023211004312
0.1,0.05,33,1,0.07016151064983857,0.027621689156740292
0.1,0.05,33,2,0.019507521050579756,0.015573928385605047
0.1,0.05,33,3,0.01055285234556154,0.00883137345804599
0.1,0.05,33,4,0.0064744627172196355,0.007162278571737156
0.1,0.05,33,5,0.0041131570498332565,0.003997135064238874
0.1,0.05,33,6,0.002331062894096069,0.0027852171242482376
0.1,0.05,33,7,0.0015185698579398938,0.0024458577112896453
0.1,0.05,33,8,0.0016884357656961606,0.001944493854977957
0.1,0.05,33,9,0.0013889536163827151,0.0018086098594430051
0.1,0.05,33,10,0.000959629301997879,0.0017304600756845357
0.1,0.05,33,11,0.0005387931409648355,0.002601781254442631
0.1,0.05,33,12,0.0005675228916246582,0.0014655955534413029
0.1,0.05,33,13,0.0005320970065687656,0.0013441171175167885
0.1,0.05,33,14,0.0005915018803164087,0.0021301208700172203
0.1,0.05,33,15,0.00064248269147895,0.001666829051304256
0.1,0.05,33,16,0.0006540653965562398,0.0014423030148808357
0.1,0.05,33,17,0.0005938508060532996,0.0012266123245773001
0.1,0.05,33,18,0.00029414684140198163,0.0010527905858593223
0.1,0.05,33,19,0.0002785425029197754,0.0010011465951739024
0.1,0.05,33,20,0.00022853951057545658,0.0011409682992063923
0.1,0.05,33,21,0.0003515802850920914,0.0010812021332022585
0.1,0.05,33,22,0.0004932293305489706,0.000933000028378679
0.1,0.05,33,23,0.00017865419489860443,0.0011163851851789057
0.1,0.05,33,24,0.0003333885494309167,0.0011092971381827146
0.1,0.05,33,25,0.00036502001809968074,0.0011951781104131
0.1,0.05,33,26,0.00038032589069234186,0.0008026501892034899
0.1,0.05,33,27,0.00029136222139731,0.0011894182903776443
0.1,0.05,33,28,0.0007964444416251758,0.0006768168122680099
0.1,0.05,33,29,0.00013228495376052358,0.0008535470368930833
0.1,0.05,33,30,0.0003141461299189056,0.0006353541166203503
0.1,0.05,33,31,0.0001427221942310693,0.00084025268692048
0.1,0.05,33,32,0.00038506578821846985,0.0007092796971277936
0.1,0.05,33,33,0.0006747147209229476,0.0006543037945350992
0.1,0.05,33,34,0.0003458368105553004,0.0009705368506074442
0.1,0.05,33,35,0.0005006485045197662,0.0008238476122357718
0.1,0.05,33,36,0.00028070876515688903,0.0009648660696092457
0.1,0.05,33,37,0.00023520929935779192,0.0006827123984387873
0.1,0.05,33,38,0.00019124196375214299,0.0005088407438968925
0.1,0.05,33,39,0.0001365327769258048,0.0005426841630857178
0.1,0.05,33,40,9.882182375467555e-05,0.0004807185734250418
0.1,0.05,33,41,0.00017181817258213772,0.0005166514052285089
0.1,0.05,33,42,0.0002496999622064637,0.000660030378235711
0.1,0.05,33,43,0.0004181740550399057,0.002063399234426365
0.1,0.05,33,44,0.001059180367766753,0.0004824295394705156
0.1,0.05,33,45,0.0004608740327293398,0.0004291714096265565
0.1,0.05,33,46,0.00015522373705832173,0.00040449290977093415
0.1,0.05,33,47,7.120510471631187e-05,0.0004096083925584707
0.1,0.05,33,48,9.6232788227671e-05,0.00041558703890553226
0.1,0.05,33,49,6.926188017794989e-05,0.00035189677781038325
0.1,0.05,33,50,5.383809525763938e-05,0.0003724162899908215
0.1,0.2,11,1,0.20457254294995908,0.051118477872369714
0.1,0.2,11,2,0.0455106684225209,0.03361251815356345
0.1,0.2,11,3,0.02646767964333664,0.023571616828196335
0.1,0.2,11,4,0.016921821383782374,0.01668084697958864
0.1,0.2,11,5,0.01080513613321531,0.011140257242775748
0.1,0.2,11,6,0.007213559553579048,0.00890670489872434
0.1,0.2,11,7,0.0046847051952356175,0.009288702482058679
0.1,0.2,11,8,0.0046245350651902915,0.006347197073477286
0.1,0.2,11,9,0.0032411594264335746,0.006605184617847082
0.1,0.2,11,10,0.002334423018993097,0.005668926140899031
0.1,0.2,11,11,0.0014990110598493045,0.0037178635106655798
0.1,0.2,11,12,0.0008971501383599883,0.003048824920575805
0.1,0.2,11,13,0.0006325700396476429,0.0027647302965077844
0.1,0.2,11,14,0.0005825991400253074,0.0031919278235101895
0.1,0.2,11,15,0.0008305486875160793,0.002385735757066389
0.1,0.2,11,16,0.0007064753682007668,0.0022785077369752733
0.1,0.2,11,17,0.0004551257556563036,0.0021753306251494483
0.1,0.2,11,18,0.0003414500909311306,0.0017406240166950619
0.1,0.2,11,19,0.0002908562669346546,0.0017229680416515334
0.1,0.2,11,20,0.00025480354402751814,0.0017320626557118608
0.1,0.2,11,21,0.0003134447933579968,0.0015456811390786504
0.1,0.2,11,22,0.00022825560378727077,0.0013926619119604918
0.1,0.2,11,23,0.0002719516476780107,0.001421144592418592
0.1,0.2,11,24,0.00022948120565643754,0.0012660053531819411
0.1,0.2,11,25,0.00016505503667702461,0.0018309736202773734
0.1,0.2,11,26,0.0005668830733752039,0.0013645686239862637
0.1,0.2,11,27,0.00027185947027770274,0.0015192207240273432
0.1,0.2,11,28,0.0003942404737132659,0.0011056781796270928
0.1,0.2,11,29,0.0001771793951191307,0.0011296734643080598
0.1,0.2,11,30,0.0001617741255796756,0.001067743993099825
0.1,0.2,11,31,0.00017868599891777577,0.0010993651156562837
0.1,0.2,11,32,0.00019822921981189952,0.0010282183257640635
0.1,0.2,11,33,0.00016810676894282899,0.0009465865760183138
0.1,0.2,11,34,0.00011160896776997151,0.0009186500875057016
0.1,0.2,11,35,0.0001028847859013268,0.0009111862614321611
0.1,0.2,11,36,0.00018631297567525855,0.00087579949893088
0.1,0.2,11,37,0.00015691564979612322,0.001035400624137847
0.1,0.2,11,38,0.00020015540401261574,0.0007781138635957192
0.1,0.2,11,39,0.00024088121184225506,0.0008770672627437262
0.1,0.2,11,40,0.00022245975021548844,0.0007847509511704308
0.1,0.2,11,41,0.00012727739162927057,0.0008359729262536446
0.1,0.2,11,42,0.00038991933530426506,0.0015884984913186282
0.1,0.2,11,43,0.000559751136964302,0.0008915744323298764
0.1,0.2,11,44,0.0001895277602648374,0.0007744350551087179
0.1,0.2,11,45,0.00011864077604525252,0.0008834502947183303
0.1,0.2,11,46,0.00015886506954291375,0.000683885542944135
0.1,0.2,11,47,0.00010959425528625739,0.0009829694474184955
0.1,0.2,11,48,0.0001873647608006672,0.00100915287257222
0.1,0.2,11,49,0.0001983663709841404,0.0006699689008571484
0.1,0.2,11,50,0.0003547699285533141,0.0007373198192306016
0.1,0.2,22,1,0.09460704539109159,0.03998055477691776
0.1,0.2,22,2,0.0317098069821059,0.025074428982204862
0.1,0.2,22,3,0.016890500867624343,0.013248941044748566
0.1,0.2,22,4,0.00960014500643736,0.008598568017590683
0.1,0.2,22,5,0.004835718048357025,0.004782381862279319
0.1,0.2,22,6,0.002789610772635098,0.003650907381081287
0.1,0.2,22,7,0.0026806111183063485,0.004982709884643555
0.1,0.2,22,8,0.0020335736069368358,0.002304203471038567
0.1,0.2,22,9,0.0012389582029923244,0.0026937242398046173
0.1,0.2,22,10,0.0008481702397945395,0.0019374529030097365
0.1,0.2,22,11,0.0007184856725040318,0.001705624439098217
0.1,0.2,22,12,0.0006330283574277053,0.0014157654571925662
0.1,0.2,22,13,0.0005177435929381093,0.001207995193975943
0.1,0.2,22,14,0.00038524266162795234,0.0008491049578160416
0.1,0.2,22,15,0.00032720287592023794,0.001173078523251255
0.1,0.2,22,16,0.00042111449284327394,0.0010550192599433931
0.1,0.2,22,17,0.00033062530205769025,0.0008981327829046995
0.1,0.2,22,18,0.00027328043946864104,0.0009464582298027635
0.1,0.2,22,19,0.00027006476420304094,0.0007700233302489229
0.1,0.2,22,20,0.00020022319779259922,0.0010967817571428088
0.1,0.2,22,21,0.0004287481007603124,0.0008617266092771365
0.1,0.2,22,22,0.0003547920618367232,0.0018693477283289403
0.1,0.2,22,23,0.0008258436343713124,0.001162936535391788
0.1,0.2,22,24,0.00042055021787499203,0.0007033302705474351
0.1,0.2,22,25,0.000251808209505714,0.0005092499126132133
0.1,0.2,22,26,0.00025667045477427035,0.0006232220572208671
0.1,0.2,22,27,0.000216935090088274,0.0004432274051654486
0.1,0.2,22,28,0.00019798828087701106,0.0007742451419555602
0.1,0.2,22,29,0.0002690007269488832,0.00044766172705363835
0.1,0.2,22,30,0.00012746156713591865,0.00044655266367358925
0.1,0.2,22,31,0.00019248443661328766,0.0004834626866466224
0.1,0.2,22,32,0.00012026316689576718,0.0004098898589365767
0.1,0.2,22,33,0.00012016536098082814,0.0003697620436487865
0.1,0.2,22,34,0.00011313197508031778,0.0004210648406680229
0.1,0.2,22,35,0.00010496483677635286,0.0003417837031093645
0.1,0.2,22,36,7.702591643959031e-05,0.0003697692489427794
0.1,0.2,22,37,0.00013989217458637777,0.000374156751750428
0.1,0.2,22,38,0.00015190675679341327,0.00039890221484894617
0.1,0.2,22,39,0.00017575396136466966,0.0003582619345237198
0.1,0.2,22,40,0.00016143033694171198,0.0003903255234529943
0.1,0.2,22,41,0.00030207712516579547,0.0006403304299209344
0.1,0.2,22,42,0.00016760909914601032,0.00033993755348425345
0.1,0.2,22,43,8.571659140058874e-05,0.0005180515624858715
0.1,0.2,22,44,0.0004120737107263671,0.0003967270745662014
0.1,0.2,22,45,0.00029144183384760476,0.0005785479467101548
0.1,0.2,22,46,0.0002217801049909336,0.0011320883109245772
0.1,0.2,22,47,0.0004954354975510527,0.0012011509618641417
0.1,0.2,22,48,0.00042798017283878577,0.0005925592694262908
0.1,0.2,22,49,0.00022067760608164756,0.0003619782105394842
0.1,0.2,22,50,0.0001168289512142907,0.00036180644859502343
0.1,0.2,33,1,0.06348905521502465,0.02751418101934739
0.1,0.2,33,2,0.017054681102802723,0.01592871975996857
0.1,0.2,33,3,0.009922410022283409,0.008744542981371468
0.1,0.2,33,4,0.005073810220454578,0.005470149311018579
0.1,0.2,33,5,0.003541800958092934,0.004181272699018565
0.1,0.2,33,6,0.0023885820726404126,0.003584425635789157
0.1,0.2,33,7,0.0023048436111069203,0.0024697201732745387
0.1,0.2,33,8,0.0010688558973969869,0.002450407041934292
0.1,0.2,33,9,0.0011567236384215913,0.002862249627525424
0.1,0.2,33,10,0.0009872730908323264,0.001803717495482645
0.1,0.2,33,11,0.0010697854629625784,0.001804951287100835
0.1,0.2,33,12,0.0008020815123332503,0.0014168927944246143
0.1,0.2,33,13,0.0005871534482633442,0.001561636787383154
0.1,0.2,33,14,0.0006373516056847609,0.0013631795659477329
0.1,0.2,33,15,0.00038851916223741424,0.0013215695143727118
0.1,0.2,33,16,0.0005434740875146271,0.001116876494246746
0.1,0.2,33,17,0.0005130328280767886,0.0011615989875400998
0.1,0.2,33,18,0.00021590757055098858,0.0009784002485589236
0.1,0.2,33,19,0.0004839986036524441,0.0010284251023712472
0.1,0.2,33,20,0.0002326880801572568,0.000968229991418344
0.1,0.2,33,21,0.00027789335725196627,0.0013015381838559124
0.1,0.2,33,22,0.0003299721880287024,0.0009668137678884184
0.1,0.2,33,23,0.0005363289013154299,0.0007446763937365371
0.1,0.2,33,24,0.0004395523054107023,0.0014091490963358939
0.1,0.2,33,25,0.0006210785754381414,0.0008459901858749704
0.1,0.2,33,26,0.00038242981521941627,0.0009166457893426527
0.1,0.2,33,27,0.0003806747845374048,0.0013649161951041517
0.1,0.2,33,28,0.0007597268767436438,0.0007825160222779576
0.1,0.2,33,29,0.0003554226017131666,0.0012653441831408214
0.1,0.2,33,30,0.00038655033769131994,0.0016647565021436401
0.1,0.2,33,31,0.0004699685356441747,0.0010253476753156372
0.1,0.2,33,32,0.0002487659592499071,0.0009015491347254058
0.1,0.2,33,33,0.00024043758619680174,0.0006365725778257896
0.1,0.2,33,34,0.00014642419517730122,0.0006146109030570513
0.1,0.2,33,35,0.0002837468906633418,0.000730629013889611
0.1,0.2,33,36,0.0002005721250531712,0.0008385231710755776
0.1,0.2,33,37,0.0001923346724562393,0.0006951985903728156
0.1,0.2,33,38,0.00023740531594986902,0.0005676902125401752
0.1,0.2,33,39,0.00022380181425107345,0.0005610396342022429
0.1,0.2,33,40,0.0001192322253902805,0.0005224673958962837
0.1,0.2,33,41,0.00010852094895614564,0.0005051193475232693
0.1,0.2,33,42,9.92370356178992e-05,0.0006648080093870438
0.1,0.2,33,43,0.0005147568940797269,0.0010788855238706486
0.1,0.2,33,44,0.00038317797193878597,0.0004955980267544343
0.1,0.2,33,45,0.00027612285554857443,0.0005896141744935464
0.1,0.2,33,46,0.00024236958397747834,0.0006461925957919148
0.1,0.2,33,47,0.00026800252500699435,0.00044385049446129507
0.1,0.2,33,48,7.35509394961596e-05,0.00044711617898548584
0.1,0.2,33,49,5.2807398911502305e-05,0.0004047707888324565
0.1,0.2,33,50,6.336426295204962e-05,0.00040317161215676204
0.1,1.0,11,1,0.1930973380804062,0.042444323316032505
0.1,1.0,11,2,0.03447580973353283,0.029855280746648342
0.1,1.0,11,3,0.01955081346548266,0.018262431454756624
0.1,1.0,11,4,0.013870279132216065,0.013029073982081786
0.1,1.0,11,5,0.00904464446882039,0.009912761641137394
0.1,1.0,11,6,0.005747957801860239,0.00842258567182125
0.1,1.0,11,7,0.003858408879166768,0.007948442741676612
0.1,1.0,11,8,0.003542056606139666,0.007422364788290895
0.1,1.0,11,9,0.00288479935872242,0.006477263238694932
0.1,1.0,11,10,0.0020547344609462646,0.005205863787804121
0.1,1.0,11,11,0.0012987539622024346,0.004235028239434639
0.1,1.0,11,12,0.0010946487237549858,0.0038270815409750603
0.1,1.0,11,13,0.0010394779282599043,0.0037135933161763007
0.1,1.0,11,14,0.0010194460326736724,0.003082822870325159
0.1,1.0,11,15,0.0006768392552736641,0.003105686770545112
0.1,1.0,11,16,0.000929062205142583,0.0026669561127085745
0.1,1.0,11,17,0.0006260666748319097,0.0023127168784906837
0.1,1.0,11,18,0.000427242588714616,0.0020576609996120626
0.1,1.0,11,19,0.0004284874639218029,0.0020925591511981477
0.1,1.0,11,20,0.0003330534742462426,0.0018280630494341438
0.1,1.0,11,21,0.00040429004649114277,0.002026268361527243
0.1,1.0,11,22,0.00036784386279185036,0.0015182091620723898
0.1,1.0,11,23,0.00021766553766577057,0.0015005638569961358
0.1,1.0,11,24,0.0002117403572709817,0.0014384139957741946
0.1,1.0,11,25,0.00024045286355195222,0.0015127000249462363
0.1,1.0,11,26,0.0004961932678764433,0.0012973728493898494
0.1,1.0,11,27,0.00031488581293228046,0.0017272913406905814
0.1,1.0,11,28,0.0003166735570383385,0.0018292530573935175
0.1,1.0,11,29,0.0004109832548743321,0.0016769974074736544
0.1,1.0,11,30,0.0003700493392965722,0.0014931580412044447
0.1,1.0,11,31,0.0005013175045691982,0.00122516832233947
0.1,1.0,11,32,0.0003116256014852106,0.0010990279692190666
0.1,1.0,11,33,0.0001391363464925369,0.0010297437018327751
0.1,1.0,11,34,0.00010847428457953041,0.0010154763612236996
0.1,1.0,11,35,8.980023123490636e-05,0.0009250133125870316
0.1,1.0,11,36,0.0001389796645840469,0.0009676078219472626
0.1,1.0,11,37,0.00015177517496250617,0.0008988815202634521
0.1,1.0,11,38,0.000123928064792302,0.000817505911053944
0.1,1.0,11,39,0.00022579127161642882,0.0008615689513124065
0.1,1.0,11,40,0.00018334542552043718,0.001080192165610231
0.1,1.0,11,41,0.00017588593591763465,0.0008548240602752309
0.1,1.0,11,42,0.0003636056847617398,0.000968792985496207
0.1,1.0,11,43,0.0002782501815315221,0.0009399573989365817
0.1,1.0,11,44,0.00013072936839487312,0.0008189337856975603
0.1,1.0,11,45,0.00010067353278030584,0.0008393112769342745
0.1,1.0,11,46,9.344389022940218e-05,0.0007370184233159195
0.1,1.0,11,47,9.320268432974792e-05,0.0007467481457156899
0.1,1.0,11,48,0.00011738668893676619,0.0007761345846662796
0.1,1.0,11,49,0.00010690371556937649,0.0006861821000958666
0.1,1.0,11,50,7.460651669797149e-05,0.0007190379340952807
0.1,1.0,22,1,0.08221381148438395,0.031020121319303786
0.1,1.0,22,2,0.02436839270600934,0.02697258623539175
0.1,1.0,22,3,0.013504052293245439,0.009792176784311303
0.1,1.0,22,4,0.0065545094670888815,0.006809844892211411
0.1,1.0,22,5,0.003412938077451178,0.00442855887942844
0.1,1.0,22,6,0.0021666857862362157,0.0032088153156233424
0.1,1.0,22,7,0.0025976914969951283,0.004656824064843449
0.1,1.0,22,8,0.001897511310317772,0.002529689559230098
0.1,1.0,22,9,0.0015033467480176945,0.0019488395977412722
0.1,1.0,22,10,0.0009399202629279943,0.0018079354439252688
0.1,1.0,22,11,0.0006608373175064722,0.001686077426981043
0.1,1.0,22,12,0.0005653260364110961,0.0012821566175531458
0.1,1.0,22,13,0.00048260880637063106,0.0012041228543583748
0.1,1.0,22,14,0.0003804900833652757,0.0019303359121942715
0.1,1.0,22,15,0.0008455639421928352,0.002087603625937254
0.1,1.0,22,16,0.0008158749946749504,0.0010435085728335283
0.1,1.0,22,17,0.0003622988764236877,0.000885430370829233
0.1,1.0,22,18,0.0002274536328278137,0.0010803241298031905
0.1,1.0,22,19,0.0003333827714223047,0.0007433307514269165
0.1,1.0,22,20,0.00018201334499696523,0.0014100642606554698
0.1,1.0,22,21,0.0007576724129188576,0.0012525977421199343
0.1,1.0,22,22,0.0007470598082161612,0.001064845809230098
0.1,1.0,22,23,0.00048337719150974107,0.0009372811381218364
0.1,1.0,22,24,0.00028651440156807683,0.0006973035786868123
0.1,1.0,22,25,0.00032437953847908865,0.0004627013831962774
0.1,1.0,22,26,0.00029983447884772847,0.0006805159795431443
0.1,1.0,22,27,0.00031593655148753896,0.0006194382660673479
0.1,1.0,22,28,0.0002682905918688594,0.00045388234863555973
0.1,1.0,22,29,0.00016439786481952732,0.00037523843501330404
0.1,1.0,22,30,0.00012886658401435448,0.0003814732525574327
0.1,1.0,22,31,0.00014947812514161163,0.0004333481805805316
0.1,1.0,22,32,0.0001265855680460924,0.00033393244684478383
0.1,1.0,22,33,7.714123942459542e-05,0.0003495827439881156
0.1,1.0,22,34,0.00010091699925711218,0.00033723912489267045
0.1,1.0,22,35,8.79628065758655e-05,0.00033026777299833887
0.1,1.0,22,36,0.00010517320351712521,0.0003454126570940999
0.1,1.0,22,37,8.89792585282667e-05,0.0003067154452633956
0.1,1.0,22,38,9.832150097304012e-05,0.0004344386021786757
0.1,1.0,22,39,0.000185570564267605,0.000350556777092655
0.1,1.0,22,40,0.00019960166656223189,0.00041271399691271686
0.1,1.0,22,41,0.000433809484632177,0.0005672968341489878
0.1,1.0,22,42,0.0002743659151522558,0.0003583420512607559
0.1,1.0,22,43,0.00011615163330807937,0.0003725049610981725
0.1,1.0,22,44,0.00011272302593024056,0.0002780740030508473
0.1,1.0,22,45,0.000140899040284969,0.0006934209370318754
0.1,1.0,22,46,0.00016213176602405716,0.00030584418724593804
0.1,1.0,22,47,0.00018295389061138309,0.0003358730011516147
0.1,1.0,22,48,0.00014667528811526014,0.0003097970728520994
0.1,1.0,22,49,6.92668320958928e-05,0.00022252696593111926
0.1,1.0,22,50,5.750811015101966e-05,0.00023454185498594747
0.1,1.0,33,1,0.05570851184749677,0.021894415710198047
0.1,1.0,33,2,0.012573656677785847,0.01016323654739945
0.1,1.0,33,3,0.005872009040350899,0.00633274822078124
0.1,1.0,33,4,0.003394946944612412,0.004222337601116165
0.1,1.0,33,5,0.0027943606528648994,0.003529646759661137
0.1,1.0,33,6,0.0025187537812823317,0.003733008732030421
0.1,1.0,33,7,0.0014033470256828967,0.0026258605497854726
0.1,1.0,33,8,0.0011855412639654528,0.003008444613390008
0.1,1.0,33,9,0.0010957254893088967,0.0022272259119606804
0.1,1.0,33,10,0.0014539872275314719,0.002185523264692644
0.1,1.0,33,11,0.0011560328212785133,0.00201756632867664
0.1,1.0,33,12,0.0007915688451540507,0.002914180235607634
0.1,1.0,33,13,0.0015471704982589055,0.002161685331368152
0.1,1.0,33,14,0.001397070873034313,0.0037772773224630475
0.1,1.0,33,15,0.0013068634556767382,0.0018612621007142243
0.1,1.0,33,16,0.0011640100389213107,0.0013431111971537273
0.1,1.0,33,17,0.0006168707551285164,0.002603217898082341
0.1,1.0,33,18,0.0008533804490228103,0.002035654130786535
0.1,1.0,33,19,0.0008236651422375422,0.001726227164759067
0.1,1.0,33,20,0.0006617774488404393,0.001348223215267982
0.1,1.0,33,21,0.00042887487920162116,0.000984118983088207
0.1,1.0,33,22,0.0003562994239518396,0.0015889282334488606
0.1,1.0,33,23,0.0003493766036828876,0.0008755615709249865
0.1,1.0,33,24,0.00023971948358388387,0.000957172655274348
0.1,1.0,33,25,0.00020113070912222252,0.0009002851115332709
0.1,1.0,33,26,0.0002978318514601316,0.0007786003282531299
0.1,1.0,33,27,0.00041540105429041074,0.0015182748988822655
0.1,1.0,33,28,0.000543879181125782,0.0008289790693133946
0.1,1.0,33,29,0.00023201271148907295,0.0006822217639091084
0.1,1.0,33,30,0.00022305042467103052,0.0010115839694262532
0.1,1.0,33,31,0.0002509741458242736,0.000776562793755237
0.1,1.0,33,32,0.00014892665130002885,0.0007548101031731186
0.1,1.0,33,33,0.00021267132772517932,0.0006253014744063954
0.1,1.0,33,34,0.00017503445179713314,0.0007230866961027859
0.1,1.0,33,35,0.00020306780941519933,0.0007338827406918561
0.1,1.0,33,36,0.0002571634030584706,0.00090758079363976
0.1,1.0,33,37,0.0005586320558781333,0.000806184585202378
0.1,1.0,33,38,0.00026705280955259997,0.0006576648955482514
0.1,1.0,33,39,0.0003559707157690377,0.0009182735725685403
0.1,1.0,33,40,0.0003069433481375008,0.000662912434511224
0.1,1.0,33,41,0.00018307295276490213,0.0005771125295034652
0.1,1.0,33,42,0.00013319913346038694,0.0006133021763813348
0.1,1.0,33,43,0.00029192762492500523,0.0004889106860867253
0.1,1.0,33,44,0.0001435202682415242,0.0006213901955404399
0.1,1.0,33,45,0.00017817711862189305,0.000565242558840371
0.1,1.0,33,46,0.00015726881849085106,0.0007613328871903596
0.1,1.0,33,47,0.0003168366550838713,0.0005364636334862728
0.1,1.0,33,48,9.226272815772344e-05,0.0005332644829534208
0.1,1.0,33,49,8.952010149961872e-05,0.0004198420256253623
0.1,1.0,33,50,7.294026179380002e-05,0.0004187089548189454
0.2,0.01,11,1,0.23170983322240687,0.042442494459112974
0.2,0.01,11,2,0.034758421741885905,0.019608358296837828
0.2,0.01,11,3,0.013575222561664787,0.009015623924663528
0.2,0.01,11,4,0.008779459483461616,0.0088009481076841
0.2,0.01,11,5,0.007040419940618269,0.0073072405018433624
0.2,0.01,11,6,0.005011466622099649,0.0056077683413470235
0.2,0.01,11,7,0.0040285645489707405,0.004854187062738363
0.2,0.01,11,8,0.0033277414687391785,0.004628075984279805
0.2,0.01,11,9,0.0028240656980347855,0.004443166677843887
0.2,0.01,11,10,0.0023411890408484106,0.003828534373530635
0.2,0.01,11,11,0.0018735075093529842,0.0033150940765569238
0.2,0.01,11,12,0.0014675387668561329,0.003294089203508793
0.2,0.01,11,13,0.0013254187651909888,0.0031856921474629468
0.2,0.01,11,14,0.0012263661080879377,0.003112199129881682
0.2,0.01,11,15,0.0010620531810010658,0.0029300838831520866
0.2,0.01,11,16,0.0011569136936206048,0.0023089848428106113
0.2,0.01,11,17,0.0008503408156864253,0.0019057735248848243
0.2,0.01,11,18,0.0007397764000213809,0.0030081171557736494
0.2,0.01,11,19,0.0007864846970115639,0.0020357548209374824
0.2,0.01,11,20,0.0005691672900237465,0.0016662263821181937
0.2,0.01,11,21,0.0004602616791538664,0.0016491657176626073
0.2,0.01,11,22,0.0003941935290550859,0.001498296550271933
0.2,0.01,11,23,0.00042084435627646284,0.0013365729600804332
0.2,0.01,11,24,0.0004110451332109486,0.001205095293099988
0.2,0.01,11,25,0.00034661497345861095,0.0011088611412440798
0.2,0.01,11,26,0.0003543642297801044,0.0012660193345183698
0.2,0.01,11,27,0.0004943922531423101,0.0017765114091551353
0.2,0.01,11,28,0.0003209653925610545,0.001143388419484896
0.2,0.01,11,29,0.0002169896834846126,0.0009203938299736368
0.2,0.01,11,30,0.00019135532748345055,0.0008354058236251643
0.2,0.01,11,31,0.00015065525058386732,0.0008117749735161111
0.2,0.01,11,32,0.00013323101023913442,0.0010418368219838711
0.2,0.01,11,33,0.00030571779517893805,0.0008113578636459853
0.2,0.01,11,34,0.0002256791016811298,0.0012307149883160375
0.2,0.01,11,35,0.00038803242259072485,0.0007545206649803821
0.2,0.01,11,36,0.00038308819847894304,0.0010171793861153684
0.2,0.01,11,37,0.0006437561443121529,0.0011724807597972729
0.2,0.01,11,38,0.0007829206775051806,0.0012689123673694123
0.2,0.01,11,39,0.0005079390352482643,0.0009380479653676351
0.2,0.01,11,40,0.0002691464309643862,0.0006832086745603585
0.2,0.01,11,41,0.0001638343034565081,0.0008750206526414848
0.2,0.01,11,42,0.00023072012926503603,0.0006190680059385889
0.2,0.01,11,43,0.0001784091816071053,0.0006376542917494911
0.2,0.01,11,44,9.67794987423357e-05,0.000553887444759102
0.2,0.01,11,45,6.853503377279583e-05,0.0005004913718612106
0.2,0.01,11,46,6.121201865571942e-05,0.0005129605470370854
0.2,0.01,11,47,0.00010494930577323554,0.0004823942795211886
0.2,0.01,11,48,9.281875279640066e-05,0.0005429295723330337
0.2,0.01,11,49,0.00011192034399294996,0.0005061612023738186
0.2,0.01,11,50,6.605780541621591e-05,0.00043833982429386655
0.2,0.01,22,1,0.07523657004406423,0.027619658183659055
0.2,0.01,22,2,0.018857133287338564,0.013750036066942254
0.2,0.01,22,3,0.008389491242942986,0.011350669978577414
0.2,0.01,22,4,0.006560647906160649,0.008085061983807098
0.2,0.01,22,5,0.005127514511300826,0.00513120443242077
0.2,0.01,22,6,0.0034946062843556757,0.0062633870560445904
0.2,0.01,22,7,0.004024371123918688,0.004355858873437952
0.2,0.01,22,8,0.002417297056519691,0.003863687868471499
0.2,0.01,22,9,0.002003372557760205,0.002899430906821671
0.2,0.01,22,10,0.001411242581570498,0.002473704118296933
0.2,0.01,22,11,0.0012193149664255297,0.002390392523243594
0.2,0.01,22,12,0.001176624543056536,0.0017462044095796813
0.2,0.01,22,13,0.0010075274025618938,0.0015559830538039345
0.2,0.01,22,14,0.000682723368546799,0.0020861544726807394
0.2,0.01,22,15,0.000737125590087179,0.001168493380762422
0.2,0.01,22,16,0.0004906371375258414,0.0010283227565357224
0.2,0.01,22,17,0.0004273384969744739,0.0011037865293369372
0.2,0.01,22,18,0.0003877605929040856,0.0010388446933448068
0.2,0.01,22,19,0.00046213024890878133,0.001047985053356783
0.2,0.01,22,20,0.0004225536828061543,0.0007262375251746472
0.2,0.01,22,21,0.00035040261018029587,0.0008585400296827403
0.2,0.01,22,22,0.0002973983736197108,0.0006648124858675671
0.2,0.01,22,23,0.00027595323285542104,0.0005039120468583126
0.2,0.01,22,24,0.000194695508711178,0.00068458736923987
0.2,0.01,22,25,0.00033619496497084146,0.0005341755387223797
0.2,0.01,22,26,0.0003730360480358847,0.0005143790088072725
0.2,0.01,22,27,0.00016937657643144053,0.0004620139981493538
0.2,0.01,22,28,0.00028612004107232263,0.0008598621244783755
0.2,0.01,22,29,0.00046760493524395573,0.00042467634864304783
0.2,0.01,22,30,0.00013403145216957287,0.0006151212218367024
0.2,0.01,22,31,0.0005425198045329271,0.0005508920660725346
0.2,0.01,22,32,0.0003996211641078619,0.0007103049338109209
0.2,0.01,22,33,0.0002378593973260672,0.0003733119233645529
0.2,0.01,22,34,0.0001402220675825245,0.0003642334368984395
0.2,0.01,22,35,0.00013883861048933244,0.0003269709064146128
0.2,0.01,22,36,7.035287067812959e-05,0.00031878314759015055
0.2,0.01,22,37,0.00010638067015176524,0.0004867407274834904
0.2,0.01,22,38,0.00017663424246783517,0.0003737668380325223
0.2,0.01,22,39,6.594142555345402e-05,0.00034034046739217185
0.2,0.01,22,40,7.717184394376674e-05,0.0003287806616398533
0.2,0.01,22,41,0.00012310287777915092,0.0003280696677572933
0.2,0.01,22,42,0.00014633747090511513,0.00038826873395668627
0.2,0.01,22,43,0.0002530019631160906,0.00032901187492496195
0.2,0.01,22,44,0.00032560266360330087,0.0008688387556821721
0.2,0.01,22,45,0.00021012580511950668,0.00033512306802066755
0.2,0.01,22,46,9.965090520168299e-05,0.00036288960357752355
0.2,0.01,22,47,0.00017889402519313642,0.0002906167335471008
0.2,0.01,22,48,0.0002081054985023069,0.0005926928279821764
0.2,0.01,22,49,0.000322382001207716,0.0003931382556020478
0.2,0.01,22,50,0.00018802595671185834,0.00038834728699162175
0.2,0.01,33,1,0.06594751158982147,0.016789567813951783
0.2,0.01,33,2,0.014165814460059743,0.008150712452798223
0.2,0.01,33,3,0.007472812790239667,0.005872605759420513
0.2,0.01,33,4,0.004950474763726011,0.006049982804820371
0.2,0.01,33,5,0.0035199951869148162,0.004496803499543618
0.2,0.01,33,6,0.002788982317455251,0.00390160696987262
0.2,0.01,33,7,0.0022542204472155852,0.0036635298297238448
0.2,0.01,33,8,0.0018585951679765626,0.0033241530014163673
0.2,0.01,33,9,0.0014450607625882566,0.0028924399933206693
0.2,0.01,33,10,0.0014617746296327239,0.005456435336988159
0.2,0.01,33,11,0.0022136665072958962,0.002696970362722138
0.2,0.01,33,12,0.001265242506094553,0.0029129118585782777
0.2,0.01,33,13,0.0012989840412765373,0.0026073102597837096
0.2,0.01,33,14,0.0010849049682786435,0.0018914960048816822
0.2,0.01,33,15,0.001375672092695755,0.0032533836462860736
0.2,0.01,33,16,0.001029938868287215,0.0018517058572651427
0.2,0.01,33,17,0.000845589396367022,0.0014953497996546114
0.2,0.01,33,18,0.00044049110362754653,0.0013958214487067957
0.2,0.01,33,19,0.00036503828129225217,0.0012640739664619351
0.2,0.01,33,20,0.0003628130128354202,0.0016407661231947533
0.2,0.01,33,21,0.00045034689627541805,0.0011329858146086641
0.2,0.01,33,22,0.0004408203854432537,0.0021779547012391893
0.2,0.01,33,23,0.0008365369824416659,0.0017218847333649058
0.2,0.01,33,24,0.0005772999083777073,0.0012945579403221854
0.2,0.01,33,25,0.0002736827771087396,0.0011185878588829512
0.2,0.01,33,26,0.0002898519563547588,0.001474178499645657
0.2,0.01,33,27,0.00037855787862402696,0.001356905870476868
0.2,0.01,33,28,0.0003337194197408763,0.0008922918956466172
0.2,0.01,33,29,0.0001943624941495615,0.0009938634840058692
0.2,0.01,33,30,0.00017797645157343928,0.0008560953807438352
0.2,0.01,33,31,0.00017376429510746944,0.0009447518935419405
0.2,0.01,33,32,0.0001358169770187319,0.0008925753243175554
0.2,0.01,33,33,0.0001452773407728262,0.0007889154884550306
0.2,0.01,33,34,8.49208877803499e-05,0.0007083612827607143
0.2,0.01,33,35,8.937977798740138e-05,0.0008649367363855182
0.2,0.01,33,36,0.0001023385166151041,0.000713543330200415
0.2,0.01,33,37,0.00017415264184460227,0.0007525261782814936
0.2,0.01,33,38,0.00038971744095446704,0.0017708537509902515
0.2,0.01,33,39,0.0006644428358413279,0.0014795026906723838
0.2,0.01,33,40,0.00040497036469686363,0.0010017811516184866
0.2,0.01,33,41,0.00039194347311736854,0.0011683200857766861
0.2,0.01,33,42,0.0003339029700541294,0.0007029263448322751
0.2,0.01,33,43,0.00016208323125474524,0.0006815617589793578
0.2,0.01,33,44,7.48574863713275e-05,0.0007223768979924206
0.2,0.01,33,45,5.9387153826573474e-05,0.0008518897579530629
0.2,0.01,33,46,9.283306514398759e-05,0.0006430620028648848
0.2,0.01,33,47,7.34948476343157e-05,0.0006740821119198584
0.2,0.01,33,48,6.340428490709458e-05,0.0006410950495872969
0.2,0.01,33,49,6.552724912187752e-05,0.0006503354252120595
0.2,0.01,33,50,7.921361935182681e-05,0.0006170087635762407
0.2,0.05,11,1,0.25322794592306935,0.04828905961150495
0.2,0.05,11,2,0.034370808563206665,0.021179603451073416
0.2,0.05,11,3,0.014848940445248175,0.012069041836899495
0.2,0.05,11,4,0.009958525958620472,0.009147685251118224
0.2,0.05,11,5,0.008226689537642178,0.007951906679098498
0.2,0.05,11,6,0.006326189638333924,0.0067099965648886595
0.2,0.05,11,7,0.005008353449312257,0.008053164423247914
0.2,0.05,11,8,0.00486441518260557,0.004588306686024607
0.2,0.05,11,9,0.003656951838494911,0.006072391207816669
0.2,0.05,11,10,0.003138882399789621,0.0041932024582913875
0.2,0.05,11,11,0.002365690434673502,0.0036483392303372606
0.2,0.05,11,12,0.0019273210868791298,0.003889127523320202
0.2,0.05,11,13,0.001778609268827203,0.002895581378858276
0.2,0.05,11,14,0.0013289140913934436,0.004039906179953995
0.2,0.05,11,15,0.0014722868024061124,0.003535435523515866
0.2,0.05,11,16,0.0014510113935641668,0.0022949382601451483
0.2,0.05,11,17,0.0008223120275493941,0.0019380095809575463
0.2,0.05,11,18,0.0007288362902738614,0.002450022923112406
0.2,0.05,11,19,0.0007430364501398103,0.0019603263694072458
0.2,0.05,11,20,0.0005836842283764624,0.001783836035080898
0.2,0.05,11,21,0.00047326603592488407,0.0014553583943794784
0.2,0.05,11,22,0.00035541537560933604,0.001316861973868476
0.2,0.05,11,23,0.000306739529880787,0.0012881238274122953
0.2,0.05,11,24,0.0002711531375592322,0.001157609523569115
0.2,0.05,11,25,0.00023546776966763843,0.001091725909660873
0.2,0.05,11,26,0.00020913333620554134,0.0013899441363880174
0.2,0.05,11,27,0.0005297621289544084,0.0011691134652973693
0.2,0.05,11,28,0.0003605780118420996,0.0010174194603790473
0.2,0.05,11,29,0.00019772432099188458,0.0010086300441757641
0.2,0.05,11,30,0.00023985061762900447,0.0009488882228670788
0.2,0.05,11,31,0.00020130695563160388,0.0008461263812618491
0.2,0.05,11,32,0.00014301074525850888,0.0008024725403805329
0.2,0.05,11,33,0.00012360296135245145,0.000783102318583202
0.2,0.05,11,34,0.00017189320486202768,0.0008001935825426392
0.2,0.05,11,35,0.00014974006518497372,0.0007179833856629736
0.2,0.05,11,36,0.000307771345646477,0.0007812818627298614
0.2,0.05,11,37,0.00024082583800963568,0.0007505839989509111
0.2,0.05,11,38,0.00021410715558931208,0.000679649627257767
0.2,0.05,11,39,0.00013197733655774587,0.0006636888892562301
0.2,0.05,11,40,0.00020042615452203554,0.0006236877338385876
0.2,0.05,11,41,0.00010667741047160952,0.0009949105511967537
0.2,0.05,11,42,0.00035393000411047213,0.0008280182203638211
0.2,0.05,11,43,0.00015374267043367627,0.0007569748187751927
0.2,0.05,11,44,0.00018308841671243477,0.0006288311486381562
0.2,0.05,11,45,0.0001548672116769012,0.0005367370054064465
0.2,0.05,11,46,7.23578300101418e-05,0.0005793291845439393
0.2,0.05,11,47,0.00012104647989703894,0.0005464719401465522
0.2,0.05,11,48,0.00015737235375082144,0.000540279434541616
0.2,0.05,11,49,0.0001098113852218196,0.0005061557140860538
0.2,0.05,11,50,6.569726327951584e-05,0.00048615194765138037
0.2,0.05,22,1,0.08535978906316521,0.03757274690478918
0.2,0.05,22,2,0.024402341150023318,0.012365392206137072
0.2,0.05,22,3,0.009441328206226045,0.01060567176881641
0.2,0.05,22,4,0.007228922282839998,0.00743380397435569
0.2,0.05,22,5,0.005195924086657203,0.004965530501471626
0.2,0.05,22,6,0.003533941153206943,0.0038042995664808485
0.2,0.05,22,7,0.003970348212959958,0.003643507820097998
0.2,0.05,22,8,0.002018328014485262,0.0034202989727381327
0.2,0.05,22,9,0.0016924018697111788,0.002087445170791061
0.2,0.05,22,10,0.0009441466945982365,0.001541419529620512
0.2,0.05,22,11,0.000642029190203175,0.0012914544515648988
0.2,0.05,22,12,0.0005845698929696493,0.0016429829008785294
0.2,0.05,22,13,0.0005209105715218839,0.0012226505779925688
0.2,0.05,22,14,0.0003754830903755961,0.001468763797862049
0.2,0.05,22,15,0.0005844379185963376,0.0008655563303472574
0.2,0.05,22,16,0.0004232553880155822,0.0012101832731270495
0.2,0.05,22,17,0.0004713837129931989,0.0011802460431071466
0.2,0.05,22,18,0.0006026876975356797,0.0009355740046795504
0.2,0.05,22,19,0.0003183104774597055,0.0014789338710376756
0.2,0.05,22,20,0.00048397852030272287,0.0015514951674535933
0.2,0.05,22,21,0.0007756036256416989,0.0008376305731235709
0.2,0.05,22,22,0.0004141810853149236,0.001307582168422118
0.2,0.05,22,23,0.0005215853459868626,0.0007819385562904577
0.2,0.05,22,24,0.00043919242567808174,0.0007031098192120776
0.2,0.05,22,25,0.00022712632665916542,0.00045274403482798196
0.2,0.05,22,26,0.00018164956885430227,0.0009960384403236609
0.2,0.05,22,27,0.00047758568500823995,0.0008228827773788829
0.2,0.05,22,28,0.00020515271539751003,0.0005652998332624082
0.2,0.05,22,29,0.0002830385109754624,0.0009124985447636357
0.2,0.05,22,30,0.00031672147667483877,0.000509271160565286
0.2,0.05,22,31,0.00033680452835130976,0.0006969947628523587
0.2,0.05,22,32,0.0002616360488226982,0.00046818335483103624
0.2,0.05,22,33,0.00015853045516888852,0.00040582122871414626
0.2,0.05,22,34,0.00010805735044773484,0.0003985500752680586
0.2,0.05,22,35,0.00010424773647150968,0.0003258625788943758
0.2,0.05,22,36,8.565133234865411e-05,0.00033390264452239614
0.2,0.05,22,37,6.261018180664928e-05,0.0003973367650813036
0.2,0.05,22,38,0.00011914755026579916,0.00030838109460877783
0.2,0.05,22,39,6.0310153334464785e-05,0.0002931852828818584
0.2,0.05,22,40,8.175003694989834e-05,0.0003060843841529187
0.2,0.05,22,41,7.240849135771975e-05,0.0003847647534966959
0.2,0.05,22,42,0.00017035430290788,0.0004068652298224806
0.2,0.05,22,43,0.00012912890222785926,0.0002887362744582533
0.2,0.05,22,44,0.00018531421211477725,0.0004966299168366954
0.2,0.05,22,45,0.00042020589845142913,0.0003062903329178139
0.2,0.05,22,46,7.605987784587836e-05,0.00037477475134924115
0.2,0.05,22,47,0.00022080587510617426,0.0002790144932122878
0.2,0.05,22,48,8.635338554647463e-05,0.0004019073130171976
0.2,0.05,22,49,0.0002527678648389324,0.0006047356030577985
0.2,0.05,22,50,0.00042003776768889325,0.0003752888414104289
0.2,0.05,33,1,0.06854865510292628,0.020055305810622228
0.2,0.05,33,2,0.0129106732338299,0.011396024452806009
0.2,0.05,33,3,0.008588848578065265,0.0068409511581860455
0.2,0.05,33,4,0.00540575488573975,0.00638597492327906
0.2,0.05,33,5,0.004355369917588469,0.006529003504372428
0.2,0.05,33,6,0.003965640574245265,0.004484911023834606
0.2,0.05,33,7,0.00284747598135131,0.0035305143383795342
0.2,0.05,33,8,0.0019577263199068882,0.0035399895146059892
0.2,0.05,33,9,0.0015373436136194218,0.002753398791262152
0.2,0.05,33,10,0.0013587915649016697,0.0038800607492894303
0.2,0.05,33,11,0.0016793567215862833,0.0028684016608406977
0.2,0.05,33,12,0.0011027687700626292,0.0022806733724021126
0.2,0.05,33,13,0.0009655748863336573,0.0020281448040479497
0.2,0.05,33,14,0.000872581159512018,0.0020496406182340145
0.2,0.05,33,15,0.0009343049741913507,0.0015910363491670584
0.2,0.05,33,16,0.0005657630332998563,0.0015621039357204987
0.2,0.05,33,17,0.00036478134459258277,0.0013486749105492738
0.2,0.05,33,18,0.000344790290483492,0.0015657400643384015
0.2,0.05,33,19,0.00040173253517333465,0.0017453950864297371
0.2,0.05,33,20,0.0005539018120207065,0.0013243583004170485
0.2,0.05,33,21,0.00018087784216428796,0.001076781210094813
0.2,0.05,33,22,0.0002311400628205314,0.0013218643488707366
0.2,0.05,33,23,0.0002834927215223649,0.0011372680281415398
0.2,0.05,33,24,0.000198591772425937,0.0012419296144948575
0.2,0.05,33,25,0.0003152715892352762,0.0012482116497102588
0.2,0.05,33,26,0.0002982837958606305,0.0009477917304254854
0.2,0.05,33,27,0.0002907481145855315,0.0013772689511255963
0.2,0.05,33,28,0.0003945545556043838,0.0009356073023360453
0.2,0.05,33,29,0.00018224437443688972,0.001025063756071491
0.2,0.05,33,30,0.00021710310775907365,0.0008689748897473999
0.2,0.05,33,31,0.0001322021753704003,0.0008700756133829125
0.2,0.05,33,32,0.00012054094339772646,0.001214902832674882
0.2,0.05,33,33,0.00045284966185091084,0.0016689179120240388
0.2,0.05,33,34,0.0003384827248760022,0.0008481914491810426
0.2,0.05,33,35,0.00015579681151135492,0.0009449484907550576
0.2,0.05,33,36,0.00016661948685384826,0.0007760862018836379
0.2,0.05,33,37,0.00020582563557121672,0.0007373467394353922
0.2,0.05,33,38,0.0005594324687047413,0.003859842019807164
0.2,0.05,33,39,0.0017665636317551504,0.0025622040155983757
0.2,0.05,33,40,0.0008495771728548003,0.002205580840876073
0.2,0.05,33,41,0.0007047868094099455,0.0011414840142913317
0.2,0.05,33,42,0.0002238818289001363,0.0008599854423185435
0.2,0.05,33,43,0.00011662584941483528,0.0008307810060281321
0.2,0.05,33,44,0.00011890740589243015,0.0008324692524019092
0.2,0.05,33,45,8.443168405426183e-05,0.0009128039879072841
0.2,0.05,33,46,0.00010896655060796435,0.0007481215667332151
0.2,0.05,33,47,6.687165609441258e-05,0.0007246587992695624
0.2,0.05,33,48,4.7683304818533937e-05,0.000795742427861249
0.2,0.05,33,49,7.7471218250094e-05,0.0006904568937089709
0.2,0.05,33,50,6.922714668757248e-05,0.0007813169387142354
0.2,0.2,11,1,0.2676067983294711,0.051114459096649544
0.2,0.2,11,2,0.030623610188931595,0.017197079128689237
0.2,0.2,11,3,0.013754437959258571,0.010913532947807156
0.2,0.2,11,4,0.009126985468614249,0.009725539282025623
0.2,0.2,11,5,0.007826222704700481,0.007439481868665405
0.2,0.2,11,6,0.00528576624016335,0.005299135490700051
0.2,0.2,11,7,0.004067193854738165,0.005589733398500293
0.2,0.2,11,8,0.0036566124159704756,0.004813406202528212
0.2,0.2,11,9,0.0030756698056112653,0.004382582358372064
0.2,0.2,11,10,0.002314770693048536,0.0037329643351550947
0.2,0.2,11,11,0.0018015589804336843,0.0032482429296391492
0.2,0.2,11,12,0.001429631657370964,0.0032035806542070806
0.2,0.2,11,13,0.0013039884341443763,0.002965076470080717
0.2,0.2,11,14,0.0010993715755089565,0.003236179979740347
0.2,0.2,11,15,0.0011141391249695494,0.0031636229758399996
0.2,0.2,11,16,0.0012953384846943305,0.0024238567293426135
0.2,0.2,11,17,0.0007351883802057048,0.001818591552506749
0.2,0.2,11,18,0.0006878931969289242,0.0020865542898452823
0.2,0.2,11,19,0.0006292003629453204,0.0019523730739153952
0.2,0.2,11,20,0.0005097014554287595,0.0015497917746320183
0.2,0.2,11,21,0.0005150198922808753,0.0014732704486375974
0.2,0.2,11,22,0.00038467724318903536,0.0014589847115332208
0.2,0.2,11,23,0.0003863644845823953,0.0013088672249405473
0.2,0.2,11,24,0.000435162169634606,0.0011659460793797371
0.2,0.2,11,25,0.0003774538887722165,0.0011705436088420727
0.2,0.2,11,26,0.0002730597559014841,0.0012111840424714265
0.2,0.2,11,27,0.0006917495331525757,0.0018981048844969321
0.2,0.2,11,28,0.00037804446549637724,0.001060152004775687
0.2,0.2,11,29,0.0002182127539942294,0.0011548943235059825
0.2,0.2,11,30,0.0002612048326373491,0.0008628839941181764
0.2,0.2,11,31,0.0001890771514966072,0.001128887443385497
0.2,0.2,11,32,0.00030425543962247717,0.0008755631039662616
0.2,0.2,11,33,0.0001782498688560646,0.00080444372485204
0.2,0.2,11,34,0.0002047508659651848,0.0009664459606256996
0.2,0.2,11,35,0.0002172120047710192,0.0007273971789167742
0.2,0.2,11,36,0.0003066456130774761,0.0009838502102918587
0.2,0.2,11,37,0.00023429345301450173,0.0007595316863354342
0.2,0.2,11,38,0.00018051553558540978,0.00105067609268942
0.2,0.2,11,39,0.00029281467572285757,0.0007713280710173242
0.2,0.2,11,40,0.0001483645075809981,0.0006507709315774862
0.2,0.2,11,41,0.0001161165361545612,0.0006265924178033208
0.2,0.2,11,42,0.0004503975405334782,0.0012424609052791517
0.2,0.2,11,43,0.00033276469804588015,0.0006967052020163203
0.2,0.2,11,44,0.00013330385748607418,0.0005791702388245382
0.2,0.2,11,45,9.54784633826039e-05,0.000500471534307111
0.2,0.2,11,46,8.329749143291495e-05,0.0005525838077804189
0.2,0.2,11,47,0.00010019692665621362,0.0006364775292667342
0.2,0.2,11,48,0.00014267672811933783,0.0005338942563092267
0.2,0.2,11,49,0.00012002400134080721,0.001315664362024378
0.2,0.2,11,50,0.00036440418517924155,0.0005795684616261549
0.2,0.2,22,1,0.08628319525792275,0.033366238629376446
0.2,0.2,22,2,0.02070494472152657,0.020290417926301683
0.2,0.2,22,3,0.011416749804522152,0.012669709484273024
0.2,0.2,22,4,0.007839905190063112,0.009229951434665255
0.2,0.2,22,5,0.005965744314807249,0.005318417470641587
0.2,0.2,22,6,0.004030283931412815,0.006031072188797311
0.2,0.2,22,7,0.0041342803749922705,0.004615055680765537
0.2,0.2,22,8,0.0025229191804235734,0.0034569967921378683
0.2,0.2,22,9,0.001554198465367526,0.0022727231429928124
0.2,0.2,22,10,0.0011050379044594773,0.002018118223535671
0.2,0.2,22,11,0.0008395884608573935,0.0016431072611867645
0.2,0.2,22,12,0.0007473933021825404,0.0014421591542875816
0.2,0.2,22,13,0.0006174987428505434,0.0013744782027884275
0.2,0.2,22,14,0.0004720411042073443,0.001333755720790031
0.2,0.2,22,15,0.00043926013035004106,0.0009898090190848204
0.2,0.2,22,16,0.00034239819222331094,0.0010070293037979692
0.2,0.2,22,17,0.0003711114138836202,0.0009691409245440008
0.2,0.2,22,18,0.0003532239384690507,0.0009040260388527388
0.2,0.2,22,19,0.0002986844927273737,0.0008617650579523157
0.2,0.2,22,20,0.000306555985496092,0.0009687104465539564
0.2,0.2,22,21,0.0005191762216265578,0.0008602256392255241
0.2,0.2,22,22,0.0003978034551830295,0.0008544696824540817
0.2,0.2,22,23,0.00030771628658885115,0.0006633486767364628
0.2,0.2,22,24,0.00031094990360240143,0.0005355241857928994
0.2,0.2,22,25,0.00027976937435371916,0.0005271651862580099
0.2,0.2,22,26,0.00017908425411686623,0.000647795114497589
0.2,0.2,22,27,0.0004604096011686955,0.0009625577387005214
0.2,0.2,22,28,0.0002722546040011501,0.0003881889851495562
0.2,0.2,22,29,0.00014770872848551077,0.0006060565940637156
0.2,0.2,22,30,0.00019331665150533762,0.00036204134117919233
0.2,0.2,22,31,0.0002330206839416613,0.0006367429293722773
0.2,0.2,22,32,0.00041240743339136473,0.0003853768355561873
0.2,0.2,22,33,0.0001611479555894793,0.00042498921170646764
0.2,0.2,22,34,0.00016670831569677425,0.0004057423077493048
0.2,0.2,22,35,0.00013270377202849134,0.00031260492992989813
0.2,0.2,22,36,0.00012077220535390137,0.00032016852632962134
0.2,0.2,22,37,9.209059993017832e-05,0.0003699357372252539
0.2,0.2,22,38,0.0001753770770004916,0.0003480288226908617
0.2,0.2,22,39,0.00010833701975413679,0.00051357955844314
0.2,0.2,22,40,0.00018951231686514802,0.00034634597262237296
0.2,0.2,22,41,0.00013006184601607978,0.00029429934397646426
0.2,0.2,22,42,0.0001326847595470256,0.000322245582631586
0.2,0.2,22,43,0.0001338724230910525,0.00028933762522881905
0.2,0.2,22,44,9.34929259169565e-05,0.0002627606377189542
0.2,0.2,22,45,0.0004004937421277533,0.001112133755114834
0.2,0.2,22,46,0.0004889317615716545,0.0007846982758722187
0.2,0.2,22,47,0.0005872621126242994,0.000668962060669322
0.2,0.2,22,48,0.0003533553941833591,0.00046327799068066316
0.2,0.2,22,49,0.0003859070639907854,0.0004595759412879316
0.2,0.2,22,50,0.000193837144993099,0.0003111157949569294
0.2,0.2,33,1,0.07088901678583136,0.020341839809967167
0.2,0.2,33,2,0.012574744629271236,0.012617625326776702
0.2,0.2,33,3,0.008425978138858889,0.006276627626929264
0.2,0.2,33,4,0.004837702382010994,0.006623487413665394
0.2,0.2,33,5,0.00391577632183692,0.006420785507547512
0.2,0.2,33,6,0.004191244397611346,0.004214642960348247
0.2,0.2,33,7,0.0027377826038081153,0.0033974051475524902
0.2,0.2,33,8,0.001975775078329959,0.004006371576599624
0.2,0.2,33,9,0.0018420082367496726,0.00278504125375316
0.2,0.2,33,10,0.0016911581581182502,0.005279123537824968
0.2,0.2,33,11,0.002323936094690896,0.0029110633787304287
0.2,0.2,33,12,0.0011586965159455568,0.0022060979050373343
0.2,0.2,33,13,0.0010849297661794188,0.002016600390030033
0.2,0.2,33,14,0.0009262122236836104,0.002111407709710392
0.2,0.2,33,15,0.0011882950274423225,0.0017896530068950889
0.2,0.2,33,16,0.0007623366732725207,0.0021996431880527073
0.2,0.2,33,17,0.0008598359712732979,0.0017076947806793966
0.2,0.2,33,18,0.0008519661492800317,0.0019148607803470314
0.2,0.2,33,19,0.0006549296387540246,0.0014949719356411278
0.2,0.2,33,20,0.0006567284365667513,0.001841302761815703
0.2,0.2,33,21,0.0005800900290961619,0.0013505046259719158
0.2,0.2,33,22,0.0004452143987657985,0.0014577048060334758
0.2,0.2,33,23,0.0004060226981240658,0.0015481185520627371
0.2,0.2,33,24,0.0003884764529051788,0.0010800258612927095
0.2,0.2,33,25,0.00026033756795287546,0.0010366358874756613
0.2,0.2,33,26,0.00019075849864568653,0.0009945681310975503
0.2,0.2,33,27,0.00015611023003275702,0.0008964753199997262
0.2,0.2,33,28,0.00014051183784936761,0.0008737248648341301
0.2,0.2,33,29,0.00013855796930362918,0.0008629095652466449
0.2,0.2,33,30,0.0001553022075425776,0.0007848339193642385
0.2,0.2,33,31,0.0001313090629812422,0.0009560622428179768
0.2,0.2,33,32,0.00032717401641823446,0.0015768727647914808
0.2,0.2,33,33,0.000558779494446001,0.0007826365193221795
0.2,0.2,33,34,0.00030221507067498924,0.0013338597223101329
0.2,0.2,33,35,0.0005096210480127253,0.0010914721606690206
0.2,0.2,33,36,0.0002320929095192157,0.0009555703818552779
0.2,0.2,33,37,0.00032889612455978807,0.0007162672992596411
0.2,0.2,33,38,0.0007082454006498059,0.005224169527061682
0.2,0.2,33,39,0.002101940751064247,0.0011085376082133854
0.2,0.2,33,40,0.0006531654453957108,0.0014774879065070133
0.2,0.2,33,41,0.0005219656875986537,0.0008683823386337531
0.2,0.2,33,42,0.00015496352469558644,0.0007269315022990537
0.2,0.2,33,43,0.00011563150393259194,0.0007987091080151467
0.2,0.2,33,44,0.00010554870208085767,0.0006906759959680063
0.2,0.2,33,45,8.259873289649409e-05,0.0008035407635410137
0.2,0.2,33,46,0.0001073201922365654,0.0006194491199995755
0.2,0.2,33,47,6.415226687996987e-05,0.0006027790744608813
0.2,0.2,33,48,5.786484078630621e-05,0.0006599397448355278
0.2,0.2,33,49,7.056959473203155e-05,0.0005641615194548305
0.2,0.2,33,50,4.5736723458739344e-05,0.0006827969609955211
0.2,1.0,11,1,0.2561535001904876,0.05030242700145078
0.2,1.0,11,2,0.030498025823890426,0.017244611747961477
0.2,1.0,11,3,0.012752975925032831,0.011592617741337529
0.2,1.0,11,4,0.008857690602724936,0.010586566885802971
0.2,1.0,11,5,0.007331155145678807,0.0075216788813901045
0.2,1.0,11,6,0.004619902916781512,0.005422067249753347
0.2,1.0,11,7,0.0034773382530720147,0.005051481380384155
0.2,1.0,11,8,0.0029395597492471153,0.004929232989809641
0.2,1.0,11,9,0.00257635297883233,0.00449515615471106
0.2,1.0,11,10,0.0019966644521681935,0.0038913888205226064
0.2,1.0,11,11,0.001567228211098592,0.003311771914792159
0.2,1.0,11,12,0.0012025037646742054,0.0031141812909287188
0.2,1.0,11,13,0.0010226253354720725,0.0028495675742380906
0.2,1.0,11,14,0.0009042063776840582,0.002677968500082385
0.2,1.0,11,15,0.0008347780345996589,0.0037334735501450274
0.2,1.0,11,16,0.0013997423129133236,0.0022940817193239315
0.2,1.0,11,17,0.0007904624073467229,0.002347254458768868
0.2,1.0,11,18,0.000681065758805216,0.002150276806128859
0.2,1.0,11,19,0.0006593716514791235,0.0019572584472075413
0.2,1.0,11,20,0.0005665081215412988,0.001688274459093196
0.2,1.0,11,21,0.00042679265427495133,0.0016354194884437593
0.2,1.0,11,22,0.00040469211824439513,0.0016215309929945832
0.2,1.0,11,23,0.00037340015815398483,0.0014136307278778328
0.2,1.0,11,24,0.00042131662700773667,0.0013348560764956377
0.2,1.0,11,25,0.0003067974125489271,0.0012376767127111616
0.2,1.0,11,26,0.0003316523244943654,0.0015471726042743572
0.2,1.0,11,27,0.0003222740356979984,0.0012020365691479342
0.2,1.0,11,28,0.00029183649625068666,0.0014455347885320216
0.2,1.0,11,29,0.0003990443361589662,0.0010589861575468088
0.2,1.0,11,30,0.00021162291558999798,0.001249884381706332
0.2,1.0,11,31,0.0002903339622274938,0.0010888092066525432
0.2,1.0,11,32,0.0002653971910879108,0.0008774510749573571
0.2,1.0,11,33,0.0001749787524552372,0.0008960802859239618
0.2,1.0,11,34,0.00022060979110257768,0.0011066621468390947
0.2,1.0,11,35,0.00026986266886614216,0.0007706504667737357
0.2,1.0,11,36,0.0003576428980859755,0.0009489551247883236
0.2,1.0,11,37,0.0002885154313889309,0.0008230649026823633
0.2,1.0,11,38,0.0002956886820345657,0.0009290268146452099
0.2,1.0,11,39,0.0002667477757189952,0.0008667756500558108
0.2,1.0,11,40,0.0002079853047128123,0.0007922057016396228
0.2,1.0,11,41,0.00015362042266829515,0.0007281871244250012
0.2,1.0,11,42,0.0001892928318098981,0.0006500336613674714
0.2,1.0,11,43,0.00011533929536659501,0.000622551382323842
0.2,1.0,11,44,0.0001316819050569191,0.0006114224224914739
0.2,1.0,11,45,0.00016274017207813161,0.0005878080065848896
0.2,1.0,11,46,0.00018126862414646894,0.0007780243339852542
0.2,1.0,11,47,0.00013866238037331236,0.0008434593186947544
0.2,1.0,11,48,0.00016130178083125272,0.0006909061974458734
0.2,1.0,11,49,0.0002168511215850343,0.0005785021394368552
0.2,1.0,11,50,0.00023427164418490627,0.0005635337697135077
0.2,1.0,22,1,0.08260392112496459,0.03424113473774475
0.2,1.0,22,2,0.020678700120360764,0.016480080875349634
0.2,1.0,22,3,0.009381551091432756,0.010528075842209805
0.2,1.0,22,4,0.006744912871516046,0.008829885058932833
0.2,1.0,22,5,0.00501482138686158,0.005007871875056514
0.2,1.0,22,6,0.003325831214034999,0.004868815955801756
0.2,1.0,22,7,0.003513402909897038,0.0038457377947897576
0.2,1.0,22,8,0.0019265348264188677,0.00268864018436322
0.2,1.0,22,9,0.0011862894724249656,0.0024594186264791608
0.2,1.0,22,10,0.0009343617029465091,0.002334854975649359
0.2,1.0,22,11,0.0007433909218597375,0.001762124981899811
0.2,1.0,22,12,0.000730191652065166,0.001644362883312712
0.2,1.0,22,13,0.0006310305961286994,0.0020922846754882563
0.2,1.0,22,14,0.000655169053690186,0.0016504531044037743
0.2,1.0,22,15,0.0005657318828592974,0.0012007964000780396
0.2,1.0,22,16,0.0004451886131313204,0.0012251200008784793
0.2,1.0,22,17,0.00042600337420245287,0.0009251910227316397
0.2,1.0,22,18,0.0003080064898649989,0.001219525749300733
0.2,1.0,22,19,0.00046840440722636554,0.0017523983869042416
0.2,1.0,22,20,0.0006169027535325308,0.0009672302032203831
0.2,1.0,22,21,0.00041520539750230075,0.0007968623451735257
0.2,1.0,22,22,0.000318569718302446,0.0012706689873840584
0.2,1.0,22,23,0.00047292936820375885,0.0006288388138445316
0.2,1.0,22,24,0.00028495142454810346,0.0007954177297191856
0.2,1.0,22,25,0.0005648147536119745,0.0005706973649837353
0.2,1.0,22,26,0.0003525401004963773,0.0005595374377176105
0.2,1.0,22,27,0.00021096798472744585,0.000532686035819505
0.2,1.0,22,28,0.00014104234790544452,0.0007668739115750348
0.2,1.0,22,29,0.00030303566283108033,0.0004784738330684081
0.2,1.0,22,30,0.00016088928361883225,0.00039678925472031893
0.2,1.0,22,31,0.00016106200272599696,0.0005156261685453816
0.2,1.0,22,32,0.0001601132286323039,0.0003710429302949474
0.2,1.0,22,33,0.0001067865542373275,0.00036433887947734
0.2,1.0,22,34,0.00011628490091548704,0.0003381952520751168
0.2,1.0,22,35,0.00010863057419263907,0.0003605780226212961
0.2,1.0,22,36,0.00012479881510960605,0.0004526593802887716
0.2,1.0,22,37,0.00017820014154831706,0.0006713621900895986
0.2,1.0,22,38,0.00029522943436915495,0.0004926444694338513
0.2,1.0,22,39,0.00018695917413110076,0.0007041050696078642
0.2,1.0,22,40,0.00029716031937744976,0.0004420886621063138
0.2,1.0,22,41,0.00021437289017930996,0.0006232777986016293
0.2,1.0,22,42,0.00021027570695833327,0.0003918926289052139
0.2,1.0,22,43,0.00019072726071398292,0.0003219637789843995
0.2,1.0,22,44,0.00011124075158645778,0.0003222420566366533
0.2,1.0,22,45,0.0001457939233435433,0.00035175684180279327
0.2,1.0,22,46,0.00011862730743926892,0.00041134959017788923
0.2,1.0,22,47,0.0002621821445638578,0.00042147781132670587
0.2,1.0,22,48,0.00016900398128918935,0.0003608315263265445
0.2,1.0,22,49,0.0002647517281325741,0.00035525410754199874
0.2,1.0,22,50,0.00015026613189907096,0.0003130844345799199
0.2,1.0,33,1,0.06920893559301342,0.018406501032197427
0.2,1.0,33,2,0.011089681095823093,0.009419755189997669
0.2,1.0,33,3,0.006954823071596983,0.005792028619428721
0.2,1.0,33,4,0.003765017721215608,0.005414401552804703
0.2,1.0,33,5,0.0028078011366435224,0.004589851501056686
0.2,1.0,33,6,0.0026124675494451997,0.0034049550692240396
0.2,1.0,33,7,0.0016921370931222667,0.0033191832495324406
0.2,1.0,33,8,0.0014409331405782543,0.002611274091304575
0.2,1.0,33,9,0.001087426708114368,0.0023706609329569
0.2,1.0,33,10,0.0012687084173070796,0.004907744902151602
0.2,1.0,33,11,0.0016167134137818429,0.003300627563225389
0.2,1.0,33,12,0.001353701501854776,0.0037684394008338207
0.2,1.0,33,13,0.0012437040582701656,0.001996787487234108
0.2,1.0,33,14,0.0007809594339679604,0.0018399744122116655
0.2,1.0,33,15,0.0011384786727527778,0.002369001569080745
0.2,1.0,33,16,0.0009940146845133033,0.002531677116582423
0.2,1.0,33,17,0.00112404380666299,0.0016608508035479259
0.2,1.0,33,18,0.0007262096487353613,0.0015458089333993416
0.2,1.0,33,19,0.0004678985792396153,0.0017317030655503763
0.2,1.0,33,20,0.0004794796049180958,0.0012708264613838353
0.2,1.0,33,21,0.0004385597170273095,0.001099687667540562
0.2,1.0,33,22,0.000350391361639651,0.0014910316516342477
0.2,1.0,33,23,0.00039091240686513944,0.0017069197976540146
0.2,1.0,33,24,0.0005144304240174177,0.0010530069286440625
0.2,1.0,33,25,0.0003158908498503647,0.001008067540671109
0.2,1.0,33,26,0.00026937921759298783,0.0008989022469814913
0.2,1.0,33,27,0.0002702071401865486,0.0010650092927516734
0.2,1.0,33,28,0.0002981163180479205,0.0009000184236730567
0.2,1.0,33,29,0.00029598059632849916,0.0008383880181567659
0.2,1.0,33,30,0.0003251745854216961,0.0010447575722211673
0.2,1.0,33,31,0.00034455684309014705,0.0010468650747228552
0.2,1.0,33,32,0.0004000982172991276,0.0007431138567473172
0.2,1.0,33,33,0.0001789912075540166,0.0007305747442284729
0.2,1.0,33,34,0.00015244477918590016,0.0007343572476273211
0.2,1.0,33,35,0.00018535998458025493,0.00101764512405474
0.2,1.0,33,36,0.0001865014854968054,0.0006532651284104022
0.2,1.0,33,37,0.0001818874971596179,0.0007072503797311351
0.2,1.0,33,38,0.000680175865712909,0.0036149348741696206
0.2,1.0,33,39,0.006676350639742098,0.006100321993415738
0.2,1.0,33,40,0.0062894504632294915,0.0045672257741292315
0.2,1.0,33,41,0.002632323212714659,0.0021667259710806386
0.2,1.0,33,42,0.001184419272136932,0.0012076459058518272
0.2,1.0,33,43,0.0005356442811323996,0.001951101508160187
0.2,1.0,33,44,0.00060859772687157,0.0011022908942689622
0.2,1.0,33,45,0.0003420225650727473,0.0009718839646366889
0.2,1.0,33,46,0.000364888902648674,0.0009240362133999421
0.2,1.0,33,47,0.00026571252588096457,0.0008368765007811809
0.2,1.0,33,48,0.00020060708315505497,0.0008524403650574233
0.2,1.0,33,49,0.00017620820568638773,0.0007363259792327881
0.2,1.0,33,50,0.00014322996094613048,0.0007298220209624051
0.5,0.01,11,1,0.2154077994234768,0.030390178225167985
0.5,0.01,11,2,0.01749613425222996,0.008930149392335994
0.5,0.01,11,3,0.007295871478286974,0.006853679570641537
0.5,0.01,11,4,0.004953991955169189,0.009683882748639142
0.5,0.01,11,5,0.005637235706672072,0.005101555659447188
0.5,0.01,11,6,0.0028045742339914506,0.004749787687764737
0.5,0.01,11,7,0.0023667257779312356,0.004372854291656871
0.5,0.01,11,8,0.0022021859828928875,0.004145296512807838
0.5,0.01,11,9,0.0019291336561932607,0.0034114571265232417
0.5,0.01,11,10,0.0015769521227928546,0.003308048464143227
0.5,0.01,11,11,0.0015670809618852756,0.003157375035462556
0.5,0.01,11,12,0.0013291231000129087,0.002838278748861556
0.5,0.01,11,13,0.0012631059130567505,0.0026075594709733876
0.5,0.01,11,14,0.0009831688697392374,0.0021671956949273256
0.5,0.01,11,15,0.0008312792367773292,0.002099315570705712
0.5,0.01,11,16,0.00092794422497168,0.0020327522676177475
0.5,0.01,11,17,0.0007107152709921385,0.0019386468355547745
0.5,0.01,11,18,0.000633784522012129,0.0016217132409413655
0.5,0.01,11,19,0.0007039458779431305,0.0016447901725769043
0.5,0.01,11,20,0.0005641055679995061,0.0014215280980239679
0.5,0.01,11,21,0.00044701601641632067,0.00128514568010966
0.5,0.01,11,22,0.00040692689916245456,0.001218137427122014
0.5,0.01,11,23,0.0003908510028131674,0.001232023837635056
0.5,0.01,11,24,0.0003960246071478145,0.0010410455273993221
0.5,0.01,11,25,0.0002785644743355842,0.001136989627845984
0.5,0.01,11,26,0.00031585506067243347,0.0009888421606134485
0.5,0.01,11,27,0.0002886253070620889,0.0009757104969809575
0.5,0.01,11,28,0.00033826407673553114,0.0011985126591513677
0.5,0.01,11,29,0.00034146510491458076,0.000881580229649328
0.5,0.01,11,30,0.0002490453288048207,0.0009926185931688474
0.5,0.01,11,31,0.00021586394534636014,0.00092869438997512
0.5,0.01,11,32,0.00021476179280858717,0.0008124284170292042
0.5,0.01,11,33,0.00017101159225861874,0.0007545009807304099
0.5,0.01,11,34,0.00016371784852113413,0.0007010766998730569
0.5,0.01,11,35,0.0001639650261854569,0.00103197139477043
0.5,0.01,11,36,0.00033868192105818493,0.0008188055621253119
0.5,0.01,11,37,0.0002374552241684639,0.0007136629074198719
0.5,0.01,11,38,0.00017708260080932328,0.0007734147854793219
0.5,0.01,11,39,0.00016083794985150481,0.0007031165645936879
0.5,0.01,11,40,0.00017740204427276312,0.0006671761289054965
0.5,0.01,11,41,0.00014774374740002792,0.0007610378687273818
0.5,0.01,11,42,0.000256650501942653,0.0006052874365951789
0.5,0.01,11,43,0.00024535214631921716,0.0006569433850025444
0.5,0.01,11,44,0.0002900388854969707,0.000562694398954572
0.5,0.01,11,45,0.00019339767746759555,0.000738012937851894
0.5,0.01,11,46,0.0001607630667736593,0.0006428487874843456
0.5,0.01,11,47,0.00014686901677460237,0.0005653650794990759
0.5,0.01,11,48,9.984622837366237e-05,0.0005196100522461252
0.5,0.01,11,49,0.00012513642744764824,0.0005359230218110261
0.5,0.01,11,50,0.00010932764084434804,0.0005019915447313599
0.5,0.01,22,1,0.05562440591093935,0.0178756988588184
0.5,0.01,22,2,0.009025131289007855,0.009594000906610686
0.5,0.01,22,3,0.006052535498675741,0.007728816059881767
0.5,0.01,22,4,0.00438037165440619,0.004836270348034769
0.5,0.01,22,5,0.002810181891416303,0.0030083403665833023
0.5,0.01,22,6,0.002022177170686148,0.0030897007067017105
0.5,0.01,22,7,0.002695591997406963,0.0030369282749945245
0.5,0.01,22,8,0.0013100704865208195,0.0020552188035391976
0.5,0.01,22,9,0.0008368274020203562,0.002042637072472906
0.5,0.01,22,10,0.0007380166588305139,0.0017815678698535808
0.5,0.01,22,11,0.000795474931142109,0.0016023607411011747
0.5,0.01,22,12,0.0005175079428159666,0.0016452205279236468
0.5,0.01,22,13,0.0005101914367391325,0.0017133470425389921
0.5,0.01,22,14,0.0004642507065673945,0.002206671630404123
0.5,0.01,22,15,0.001176325873080871,0.002528567373016734
0.5,0.01,22,16,0.0009227104903267766,0.0014968637085745855
0.5,0.01,22,17,0.0004005714391148362,0.0013784848368216935
0.5,0.01,22,18,0.00043660317447732124,0.0017062148439540784
0.5,0.01,22,19,0.0006789146734970725,0.0016856350525907037
0.5,0.01,22,20,0.0007086730839535134,0.0010745174600263682
0.5,0.01,22,21,0.0003232247592093722,0.0008382453226748808
0.5,0.01,22,22,0.00022516767875245417,0.0011027483537854482
0.5,0.01,22,23,0.0002951187388482791,0.0007118300032713776
0.5,0.01,22,24,0.00019849055262719407,0.0006537300078466596
0.5,0.01,22,25,0.0003507372931818719,0.0006102251172556308
0.5,0.01,22,26,0.0002534636758040798,0.0006600412321679386
0.5,0.01,22,27,0.00019214886533855288,0.0006086774201059538
0.5,0.01,22,28,0.00015376266171109436,0.0006569656447618586
0.5,0.01,22,29,0.00017060694418758452,0.0005878879086961471
0.5,0.01,22,30,0.00015106877307752493,0.000530964553110884
0.5,0.01,22,31,0.00019674383270565742,0.0005772142008008289
0.5,0.01,22,32,0.00019407690374071446,0.00044799185216181563
0.5,0.01,22,33,0.00020192072155129418,0.0005670169008121569
0.5,0.01,22,34,0.0002581776042248232,0.0006221521783758093
0.5,0.01,22,35,0.0001709018332253492,0.0004644810908125261
0.5,0.01,22,36,0.00013255591635063382,0.00048018440052315043
0.5,0.01,22,37,0.00011152636575445038,0.0008783267481336869
0.5,0.01,22,38,0.0003317129804701027,0.0007792055116268833
0.5,0.01,22,39,0.00020693672747627175,0.0006206748171598333
0.5,0.01,22,40,0.00020941072445431792,0.00038032448340835883
0.5,0.01,22,41,0.00017059165775994367,0.0006138099196516438
0.5,0.01,22,42,0.00014155477761107002,0.0003757582893096861
0.5,0.01,22,43,0.00018097764530713544,0.0007538960426432606
0.5,0.01,22,44,0.00040096027917986055,0.0006467617220348782
0.5,0.01,22,45,0.00023073603046618195,0.00039591511458526423
0.5,0.01,22,46,0.0001178586934218873,0.00040556968730172995
0.5,0.01,22,47,9.43588618408992e-05,0.00032602710488401814
0.5,0.01,22,48,8.564130266564956e-05,0.0003411551561865787
0.5,0.01,22,49,0.0002738025165551032,0.0004296998182932536
0.5,0.01,22,50,0.0001042251768708804,0.00042357593161579024
0.5,0.01,33,1,0.10025020969318754,0.0353942800451208
0.5,0.01,33,2,0.015141820489072505,0.014734281924526388
0.5,0.01,33,3,0.008897688182323803,0.010878049787670497
0.5,0.01,33,4,0.007417484804596982,0.006878003662015185
0.5,0.01,33,5,0.004912358714428581,0.00501093010843536
0.5,0.01,33,6,0.0034096826429846753,0.004582321202313459
0.5,0.01,33,7,0.00265691788683151,0.004157254234753519
0.5,0.01,33,8,0.0020757332677021623,0.00374848803374993
0.5,0.01,33,9,0.001500837990646193,0.003726349446018046
0.5,0.01,33,10,0.0014109787945118216,0.00445537998843095
0.5,0.01,33,11,0.0012082808897514357,0.003154090893121413
0.5,0.01,33,12,0.0008860600272906416,0.0029053344648070785
0.5,0.01,33,13,0.0007642617522462926,0.0024980721159726994
0.5,0.01,33,14,0.0006244475364018186,0.002370213530191178
0.5,0.01,33,15,0.0006086558116496437,0.002230364844632247
0.5,0.01,33,16,0.0005129125719476077,0.0034267715956448528
0.5,0.01,33,17,0.001000938094134822,0.002474054142280861
0.5,0.01,33,18,0.0006529635880544874,0.0017632954895741655
0.5,0.01,33,19,0.00044185085794141076,0.0017874732674885189
0.5,0.01,33,20,0.00041739615528372885,0.0016745023521376244
0.5,0.01,33,21,0.0004149648399713139,0.0012034167968687207
0.5,0.01,33,22,0.00030698984761486683,0.0014470499238850157
0.5,0.01,33,23,0.0003083638338814777,0.0015308839794049046
0.5,0.01,33,24,0.0002345180570652398,0.0015965415617075476
0.5,0.01,33,25,0.00028007307857343995,0.0013318353719672057
0.5,0.01,33,26,0.00022484747077450502,0.0012867930249422176
0.5,0.01,33,27,0.00018314068995410414,0.0011753065841188157
0.5,0.01,33,28,0.00016388987847833813,0.0011405916616259288
0.5,0.01,33,29,0.00015981403326063796,0.000986300623465958
0.5,0.01,33,30,0.00015054819645521082,0.0009500860186761299
0.5,0.01,33,31,0.00015127053107048764,0.0009417744207774661
0.5,0.01,33,32,0.00012221316236393228,0.0008204432181370111
0.5,0.01,33,33,0.0001257368019224363,0.0008819920045358163
0.5,0.01,33,34,0.00016520985710811168,0.0009451150403591831
0.5,0.01,33,35,0.0001377113236051145,0.0009620223393656099
0.5,0.01,33,36,0.00014071426473638433,0.0009052830713766592
0.5,0.01,33,37,0.00018187877607106427,0.0008941319744282789
0.5,0.01,33,38,0.0003432503277665855,0.001576961803828738
0.5,0.01,33,39,0.0005341576359142768,0.000750986268981494
0.5,0.01,33,40,0.0003082496135633577,0.000998604812739808
0.5,0.01,33,41,0.00023383789704422707,0.0009800645794888093
0.5,0.01,33,42,0.00038852040256362084,0.0010384555461475388
0.5,0.01,33,43,0.0002601108568387083,0.000684290633770664
0.5,0.01,33,44,0.00014971981996765222,0.0010481561407630826
0.5,0.01,33,45,0.00020840009394170784,0.0006640071486249382
0.5,0.01,33,46,0.00017615596017869257,0.0006990637553572164
0.5,0.01,33,47,0.00010725609109489776,0.0006961633025864024
0.5,0.01,33,48,9.142581292968474e-05,0.0006495465834935507
0.5,0.01,33,49,9.340736842541783e-05,0.0008091745062620061
0.5,0.01,33,50,0.00011578903335540406,0.000725830042803729
0.5,0.05,11,1,0.2195296608555464,0.02773868497997645
0.5,0.05,11,2,0.017371309001320674,0.009406980663660622
0.5,0.05,11,3,0.007725729653036889,0.007169778454941486
0.5,0.05,11,4,0.0055340352111760485,0.010791990492078993
0.5,0.05,11,5,0.006467431387001717,0.005818271833192174
0.5,0.05,11,6,0.0032342522905242665,0.0052545311029065294
0.5,0.05,11,7,0.002851231305365577,0.0045140128076812365
0.5,0.05,11,8,0.002537620699401071,0.0042203669685395165
0.5,0.05,11,9,0.0022958886628556582,0.0036121040214726952
0.5,0.05,11,10,0.0019155548853845691,0.0033857739020767526
0.5,0.05,11,11,0.001845336406359472,0.0033791793717278373
0.5,0.05,11,12,0.0015241701291000217,0.002982576442844093
0.5,0.05,11,13,0.0013745534715219688,0.0027099678545822333
0.5,0.05,11,14,0.001117668521337579,0.002286866123293653
0.5,0.05,11,15,0.0009721768991216833,0.0022476573049286267
0.5,0.05,11,16,0.001045703512104803,0.0021844562679651834
0.5,0.05,11,17,0.000871879457536349,0.0020913459636546948
0.5,0.05,11,18,0.0007504705353323831,0.0016744546438931438
0.5,0.05,11,19,0.0008232317276350739,0.0016388041982925477
0.5,0.05,11,20,0.0006453533154584606,0.0014483482258800617
0.5,0.05,11,21,0.0005509130438260826,0.001324930063491005
0.5,0.05,11,22,0.0004746800167831006,0.0012990156564202328
0.5,0.05,11,23,0.00046345779821736576,0.0012981701534961968
0.5,0.05,11,24,0.0004251045424614769,0.0010709043883492426
0.5,0.05,11,25,0.0003078003355767578,0.001041815236762718
0.5,0.05,11,26,0.0003043727724335766,0.001022391113234155
0.5,0.05,11,27,0.0002975055549428856,0.0010163743554809947
0.5,0.05,11,28,0.00034618807577867244,0.0012075664329921267
0.5,0.05,11,29,0.00043449279518775,0.0008775932798660341
0.5,0.05,11,30,0.0002963274699724912,0.0009914071226316224
0.5,0.05,11,31,0.00024133777135572064,0.0008208559741699156
0.5,0.05,11,32,0.00017750091914714165,0.0008520418969692026
0.5,0.05,11,33,0.00017432726815092825,0.0007299880186716715
0.5,0.05,11,34,0.0001419601726804193,0.0006800961101987235
0.5,0.05,11,35,0.00016918903494104283,0.001018348238105146
0.5,0.05,11,36,0.00037055223013193885,0.0010381674570311243
0.5,0.05,11,37,0.00022124193330657564,0.000687540865238802
0.5,0.05,11,38,0.0001652212712890756,0.0005961066042935407
0.5,0.05,11,39,0.00013811293176309216,0.0005598788153487468
0.5,0.05,11,40,0.0001040878325713695,0.0005521476268768311
0.5,0.05,11,41,0.00011415692243184664,0.0005793930203826339
0.5,0.05,11,42,0.00024009753398763958,0.0008515300451482765
0.5,0.05,11,43,0.0002442654259078906,0.0006062542950665509
0.5,0.05,11,44,0.00020384371537933655,0.0009177576121969968
0.5,0.05,11,45,0.00019306338027142632,0.0006031993730568592
0.5,0.05,11,46,0.00012997101042362184,0.0005479226877659928
0.5,0.05,11,47,0.0001223742967991756,0.0004979889885878857
0.5,0.05,11,48,9.98838774121171e-05,0.0005309966856560099
0.5,0.05,11,49,9.60788618411041e-05,0.0004947716868463367
0.5,0.05,11,50,9.315226221296154e-05,0.0005376135984075412
0.5,0.05,22,1,0.057047242827621504,0.01577297355903029
0.5,0.05,22,2,0.008873956921843834,0.008480489989857615
0.5,0.05,22,3,0.006147298151282249,0.006160733140545127
0.5,0.05,22,4,0.004242973844808193,0.005004832774032781
0.5,0.05,22,5,0.003537548976852616,0.0031614637178648645
0.5,0.05,22,6,0.0023322753654218013,0.0040498805144196185
0.5,0.05,22,7,0.0030116488694293814,0.002482012711434698
0.5,0.05,22,8,0.0015230196870196565,0.0027020519652974947
0.5,0.05,22,9,0.0010176260731424446,0.0021577516700995803
0.5,0.05,22,10,0.0008504584993603697,0.001919287099759765
0.5,0.05,22,11,0.0009213954362627349,0.001721201364886123
0.5,0.05,22,12,0.0008376643915350238,0.001836978113700333
0.5,0.05,22,13,0.0005716445778904736,0.001726284316537802
0.5,0.05,22,14,0.0005550175954811965,0.0022905878569363567
0.5,0.05,22,15,0.0013698991438385421,0.003770743377905324
0.5,0.05,22,16,0.0014190222955895242,0.001515683813840764
0.5,0.05,22,17,0.0005659695310851582,0.0013773468296223708
0.5,0.05,22,18,0.0005677230657943536,0.0015907563545085766
0.5,0.05,22,19,0.0006293563373792158,0.001505555684674424
0.5,0.05,22,20,0.0005676821556896615,0.00114360010182416
0.5,0.05,22,21,0.00031351747801872316,0.0009116120789767292
0.5,0.05,22,22,0.0002331994477527239,0.001192998003076624
0.5,0.05,22,23,0.0003569152173485584,0.0007313786097514777
0.5,0.05,22,24,0.0001949375620353277,0.0006828973445382137
0.5,0.05,22,25,0.0003389751072973013,0.000740507563936367
0.5,0.05,22,26,0.000227469072409871,0.000649869319342782
0.5,0.05,22,27,0.00022968770357647934,0.0006783243437362797
0.5,0.05,22,28,0.00018111992189746902,0.0009803481308030494
0.5,0.05,22,29,0.00031647792144931487,0.000658219611203229
0.5,0.05,22,30,0.00018890205818159438,0.00046770765212337666
0.5,0.05,22,31,0.00017776267378832454,0.0005629081662299702
0.5,0.05,22,32,0.00015029752439996055,0.000480018832065441
0.5,0.05,22,33,0.0001916603630237615,0.0004358634414005672
0.5,0.05,22,34,0.00021765949951921715,0.00048789884818434227
0.5,0.05,22,35,0.00022436691578161432,0.0005467921618080924
0.5,0.05,22,36,0.0001317189209074081,0.0004696519163900933
0.5,0.05,22,37,0.00010665476845504061,0.0006546576817830404
0.5,0.05,22,38,0.00022648326387157501,0.0005344747883792767
0.5,0.05,22,39,0.00021095414118507853,0.00039710598104775196
0.5,0.05,22,40,0.00025900351932778217,0.0005827305738818007
0.5,0.05,22,41,0.0001583962042292833,0.001425993172720136
0.5,0.05,22,42,0.0005981998053166647,0.000443480050367583
0.5,0.05,22,43,0.00020505253974359804,0.0005062266325754393
0.5,0.05,22,44,0.00020625081792169101,0.00043036356384371533
0.5,0.05,22,45,0.00011244910463035383,0.0003531041091361654
0.5,0.05,22,46,0.00015623817208832428,0.0005290449401478709
0.5,0.05,22,47,0.0002911351766670123,0.00033079983030327064
0.5,0.05,22,48,8.403240950249227e-05,0.00038527829166302464
0.5,0.05,22,49,0.00013724516683407588,0.00036274181839860515
0.5,0.05,22,50,9.455660489757178e-05,0.00033353701417828785
0.5,0.05,33,1,0.10015645236880691,0.03850772841967673
0.5,0.05,33,2,0.016702850314754027,0.018080562230490854
0.5,0.05,33,3,0.010712994044117722,0.0087083259237156
0.5,0.05,33,4,0.007815510586456017,0.006194526766553337
0.5,0.05,33,5,0.005161717654792247,0.005314736209288546
0.5,0.05,33,6,0.0037861495310394667,0.004439089033338759
0.5,0.05,33,7,0.002930314364889062,0.004524943269329306
0.5,0.05,33,8,0.002276652889257228,0.004273341025835202
0.5,0.05,33,9,0.0019364170385179696,0.0044008002850253886
0.5,0.05,33,10,0.0017181872878867534,0.004880248764414846
0.5,0.05,33,11,0.0015429186844554397,0.004284611945289643
0.5,0.05,33,12,0.0013305126821599256,0.0037770352245848856
0.5,0.05,33,13,0.0011596238085379202,0.002841304604408672
0.5,0.05,33,14,0.0008832880908071443,0.0027500675538930383
0.5,0.05,33,15,0.0007865049317191689,0.0027337768440874517
0.5,0.05,33,16,0.0006276864046805803,0.004140683162359543
0.5,0.05,33,17,0.0011431663929496283,0.003678175647562914
0.5,0.05,33,18,0.000909498892724514,0.0024313112345252016
0.5,0.05,33,19,0.0005946248107917469,0.0023896961545747985
0.5,0.05,33,20,0.0005393789205872626,0.0021478384119983564
0.5,0.05,33,21,0.0005507150824457683,0.001479275923206973
0.5,0.05,33,22,0.0003744364415373032,0.0015278935677720685
0.5,0.05,33,23,0.0002661534746028023,0.001562954221733313
0.5,0.05,33,24,0.0002438283559900743,0.001709619667304396
0.5,0.05,33,25,0.00029499384928149757,0.0013643297148339542
0.5,0.05,33,26,0.0002214997849803717,0.001356046018286497
0.5,0.05,33,27,0.00020186964873034782,0.0012002651092937453
0.5,0.05,33,28,0.0002020253603315027,0.0012236511020503418
0.5,0.05,33,29,0.000200514945368294,0.0011181930700937908
0.5,0.05,33,30,0.00018100574415717504,0.0010566226984738323
0.5,0.05,33,31,0.00017915048868608099,0.0010806019168822364
0.5,0.05,33,32,0.00014185555168588497,0.0010130620051803903
0.5,0.05,33,33,0.00016770226037256237,0.0009488253681748001
0.5,0.05,33,34,0.00017747743639816174,0.0009878464196444539
0.5,0.05,33,35,0.00016351650148503665,0.0009180079271763932
0.5,0.05,33,36,0.0001404598352778128,0.0009643826710343851
0.5,0.05,33,37,0.00019869722934715724,0.0008869922946019427
0.5,0.05,33,38,0.0003649415836359064,0.00198923462212331
0.5,0.05,33,39,0.0009029588193552177,0.0008593043427408477
0.5,0.05,33,40,0.0005648628478714576,0.0014285321343582844
0.5,0.05,33,41,0.0003650437452669405,0.0010153219533064728
0.5,0.05,33,42,0.00044306966348229274,0.0010377433564927843
0.5,0.05,33,43,0.00019414251293688092,0.0007012079282062044
0.5,0.05,33,44,0.00013522096569319313,0.0010202154823782022
0.5,0.05,33,45,0.00016864997433228303,0.0007560728386105823
0.5,0.05,33,46,0.00013663641162386256,0.0007581877610320416
0.5,0.05,33,47,9.54845493169283e-05,0.000735656837377038
0.5,0.05,33,48,8.615013247896216e-05,0.0007179565881014851
0.5,0.05,33,49,0.0001007893203037653,0.0007836869592038692
0.5,0.05,33,50,0.00011135296975866097,0.0006836424639195572
0.5,0.2,11,1,0.22969904670744767,0.029002519301426263
0.5,0.2,11,2,0.01762870502267263,0.011709718547240205
0.5,0.2,11,3,0.008260755658862584,0.007692310054606371
0.5,0.2,11,4,0.006036447706045928,0.010937461146601924
0.5,0.2,11,5,0.006967284141775267,0.006019572662227929
0.5,0.2,11,6,0.0035555685624583727,0.005676379910221806
0.5,0.2,11,7,0.003171740295250475,0.004731764518675
0.5,0.2,11,8,0.0028983484479357248,0.004343276161225244
0.5,0.2,11,9,0.002583797141495678,0.003697254039623119
0.5,0.2,11,10,0.0020985580035082904,0.003462798310896006
0.5,0.2,11,11,0.002049375015000502,0.003483399932767138
0.5,0.2,11,12,0.0015885713359306533,0.002993029576760751
0.5,0.2,11,13,0.0013148006296825859,0.002586825639622692
0.5,0.2,11,14,0.0010913213403079152,0.0022704885820302454
0.5,0.2,11,15,0.0009275580624141443,0.0023052672790401757
0.5,0.2,11,16,0.0010675411501807378,0.0021663555883085777
0.5,0.2,11,17,0.0009290185055614989,0.002092387695861942
0.5,0.2,11,18,0.0006961761221051055,0.001676320907019784
0.5,0.2,11,19,0.0007275852863748708,0.0016201494161974747
0.5,0.2,11,20,0.0006365962948126972,0.001504539707560598
0.5,0.2,11,21,0.0005811646388107796,0.0013269611592155424
0.5,0.2,11,22,0.000473272037062863,0.0012626965595370948
0.5,0.2,11,23,0.00044795667485299483,0.0012920469413568944
0.5,0.2,11,24,0.00041983218469806476,0.0011066244953453787
0.5,0.2,11,25,0.0002984021963511398,0.0010681756975228895
0.5,0.2,11,26,0.00030104805827485743,0.0010482823407208478
0.5,0.2,11,27,0.0002824030671035871,0.0010763410432839098
0.5,0.2,11,28,0.0003216230424759151,0.0012245124259603367
0.5,0.2,11,29,0.00034282491042962826,0.000883428096280667
0.5,0.2,11,30,0.00021250215668035786,0.0008452225614477087
0.5,0.2,11,31,0.00018959247065567192,0.0008149815439687344
0.5,0.2,11,32,0.00017635512114883353,0.0007915144839895114
0.5,0.2,11,33,0.00017211126297623217,0.0007580600280330014
0.5,0.2,11,34,0.00013582406631659395,0.000699108949414006
0.5,0.2,11,35,0.0001577137143747812,0.001021232379316793
0.5,0.2,11,36,0.0002988568197412669,0.0008439389153272527
0.5,0.2,11,37,0.0001630122592079131,0.0006952055197193789
0.5,0.2,11,38,0.00019472442785806862,0.0006243376820175736
0.5,0.2,11,39,0.00016057589130435157,0.0005730037335996274
0.5,0.2,11,40,9.098358543583962e-05,0.0005537993868682611
0.5,0.2,11,41,0.00012153208027248857,0.0005939932762350074
0.5,0.2,11,42,0.00027138307901892675,0.0008376376251134362
0.5,0.2,11,43,0.0002873505842598891,0.0006858635341189035
0.5,0.2,11,44,0.0001849577001175257,0.0008290604431442763
0.5,0.2,11,45,0.00019379187780245563,0.0005920626253748136
0.5,0.2,11,46,8.726724528385626e-05,0.0005444953593697567
0.5,0.2,11,47,8.808371019790403e-05,0.0004922563953654757
0.5,0.2,11,48,7.506107660312275e-05,0.0004696138969664711
0.5,0.2,11,49,6.508820418578883e-05,0.0004569651106748071
0.5,0.2,11,50,7.192351238048969e-05,0.0006286026028448662
0.5,0.2,22,1,0.06278046983995555,0.027692233584054704
0.5,0.2,22,2,0.013442704252852702,0.009176620240074127
0.5,0.2,22,3,0.007465779347299242,0.00904769563871156
0.5,0.2,22,4,0.005694004045914353,0.006918451423017086
0.5,0.2,22,5,0.004114503769942755,0.004182631096231594
0.5,0.2,22,6,0.002855847480442421,0.004813674055499795
0.5,0.2,22,7,0.003932135550443221,0.0043696120933250145
0.5,0.2,22,8,0.002753267895407331,0.003612608821303756
0.5,0.2,22,9,0.0018899941221914357,0.0027043314137085964
0.5,0.2,22,10,0.0013537415106389902,0.0023142298062642417
0.5,0.2,22,11,0.0009556053419034054,0.0023029753210122694
0.5,0.2,22,12,0.0012368219703389907,0.0023667204036634153
0.5,0.2,22,13,0.0010499747773275974,0.0023346884260452335
0.5,0.2,22,14,0.0007488431184794064,0.0019465991499002088
0.5,0.2,22,15,0.0007440813135838618,0.0020184442094324058
0.5,0.2,22,16,0.0006650009873052944,0.001634184960965757
0.5,0.2,22,17,0.0004916845865398185,0.0012175422391773741
0.5,0.2,22,18,0.0004319411236792803,0.001055442501978619
0.5,0.2,22,19,0.00043684377530474723,0.0010917738631919579
0.5,0.2,22,20,0.0002994929012026132,0.0011970530812141827
0.5,0.2,22,21,0.0003468909313080165,0.0009401149342580096
0.5,0.2,22,22,0.00027170440291318995,0.0011808398819754644
0.5,0.2,22,23,0.00035632311878150993,0.001123544610576865
0.5,0.2,22,24,0.00037232992227798626,0.000850325687922568
0.5,0.2,22,25,0.00044186234784622985,0.0008154330552850731
0.5,0.2,22,26,0.0004337556979239539,0.0006707505679424898
0.5,0.2,22,27,0.00032678644753486656,0.0007857111255818433
0.5,0.2,22,28,0.00023946285004911507,0.0009550313645429572
0.5,0.2,22,29,0.00021673674649561836,0.0007011331771136311
0.5,0.2,22,30,0.00014881717427748682,0.0004688912519702205
0.5,0.2,22,31,0.00013858394429265854,0.0004148506885202824
0.5,0.2,22,32,0.00014438219982871992,0.0004764731835435938
0.5,0.2,22,33,0.00014740828542185395,0.0003963225049737059
0.5,0.2,22,34,0.0001590420710451809,0.0004497945553971907
0.5,0.2,22,35,0.00018304372156027383,0.0004922207061645916
0.5,0.2,22,36,0.00016718933590181907,0.0004262745441723262
0.5,0.2,22,37,0.0001517496844983579,0.0008558186974545075
0.5,0.2,22,38,0.00031751882246074575,0.000498187364128882
0.5,0.2,22,39,0.00010123008964180855,0.000347181633421423
0.5,0.2,22,40,0.0001646876134830642,0.00048122702189433723
0.5,0.2,22,41,0.00015389171249684475,0.0006551164903758485
0.5,0.2,22,42,0.00017144250204530832,0.00034704090023237
0.5,0.2,22,43,0.00015201133799474734,0.000473198392754229
0.5,0.2,22,44,0.00021003683372170745,0.0004052560577176726
0.5,0.2,22,45,0.0001095105479988787,0.00032207063196127306
0.5,0.2,22,46,9.321698625744493e-05,0.0003929740362206604
0.5,0.2,22,47,8.153778653200946e-05,0.00034026157708815587
0.5,0.2,22,48,0.00011848544944106474,0.0002949590422979598
0.5,0.2,22,49,0.0001473770879121371,0.0003462655186162564
0.5,0.2,22,50,0.00010876657720080313,0.00030496753292319213
0.5,0.2,33,1,0.10171307959122422,0.04397891087787142
0.5,0.2,33,2,0.019895925439526268,0.01669478710786796
0.5,0.2,33,3,0.012296840916445225,0.007594543229405282
0.5,0.2,33,4,0.007005359270368461,0.007012116075052646
0.5,0.2,33,5,0.005029595589242232,0.005938073244605045
0.5,0.2,33,6,0.003798674849540363,0.004355393319463534
0.5,0.2,33,7,0.003013493770584004,0.004183513637432836
0.5,0.2,33,8,0.002665641720487196,0.0041915286225055965
0.5,0.2,33,9,0.0022159312840229197,0.00441400896865154
0.5,0.2,33,10,0.001956258929208105,0.0051089127858479815
0.5,0.2,33,11,0.0017085713124187249,0.004386504491170247
0.5,0.2,33,12,0.001363258242584121,0.004161938227743769
0.5,0.2,33,13,0.0012214759775770851,0.002508345454808616
0.5,0.2,33,14,0.0008785572193310033,0.0024333478491983295
0.5,0.2,33,15,0.000689157377138021,0.0025489646711467223
0.5,0.2,33,16,0.0005746580456257051,0.003683152512758357
0.5,0.2,33,17,0.0009603274369577843,0.0030691751236778227
0.5,0.2,33,18,0.0006700654598211662,0.0024396041293203094
0.5,0.2,33,19,0.0005319723706724076,0.002044419447580973
0.5,0.2,33,20,0.00045069851007105573,0.0017589720678918156
0.5,0.2,33,21,0.0003975992249813575,0.0012164575818144245
0.5,0.2,33,22,0.0002592667162254522,0.0012632810775144601
0.5,0.2,33,23,0.0002913642617195477,0.0011537217308954938
0.5,0.2,33,24,0.00019737240178568035,0.0010579606142554264
0.5,0.2,33,25,0.0002004857064385749,0.0009960983515766913
0.5,0.2,33,26,0.00017307776004510047,0.001050117084518872
0.5,0.2,33,27,0.0001695649392966089,0.0010148017617410102
0.5,0.2,33,28,0.00015272512843503248,0.0010134253972842368
0.5,0.2,33,29,0.00016714577456392968,0.0010655071019145196
0.5,0.2,33,30,0.00017070282397239848,0.0008593909289120647
0.5,0.2,33,31,0.00014905007336903824,0.0009667469272888246
0.5,0.2,33,32,0.00013259229281511916,0.0009240565721880752
0.5,0.2,33,33,0.00015747505703647794,0.0008123551376562551
0.5,0.2,33,34,0.00012784157890429788,0.0008462329582912931
0.5,0.2,33,35,0.0001592448483908227,0.0007820579495449616
0.5,0.2,33,36,0.000125440157178134,0.0007903810759140141
0.5,0.2,33,37,0.00014872527911247296,0.0007167682358266886
0.5,0.2,33,38,0.00041876143213924894,0.0016400038950727801
0.5,0.2,33,39,0.00088579596069147,0.001328603475672718
0.5,0.2,33,40,0.0006460660255088667,0.001255141732133465
0.5,0.2,33,41,0.00043822862251006344,0.0007414072751998901
0.5,0.2,33,42,0.0003411270779367812,0.001082144279048276
0.5,0.2,33,43,0.00022511149506533034,0.0006428055557203882
0.5,0.2,33,44,0.00011342133138110333,0.0007317077230524134
0.5,0.2,33,45,0.0001042218775384956,0.0006188347996998226
0.5,0.2,33,46,0.00010561671095072395,0.0007339325338724709
0.5,0.2,33,47,0.00011873353821696874,0.0006907899929172218
0.5,0.2,33,48,9.476285260551563e-05,0.0005915177211839966
0.5,0.2,33,49,8.509184417449927e-05,0.000552092498712579
0.5,0.2,33,50,7.423625796901086e-05,0.0005240664805895017
0.5,1.0,11,1,0.2284467788298189,0.033173015578784076
0.5,1.0,11,2,0.01916778120097279,0.013852357864379883
0.5,1.0,11,3,0.008501249151361853,0.007577015539255653
0.5,1.0,11,4,0.006031842281421025,0.00869670130097817
0.5,1.0,11,5,0.006174588578833658,0.005775337356598779
0.5,1.0,11,6,0.0034684784362598517,0.005728043155905641
0.5,1.0,11,7,0.003031114334769455,0.00595840308891893
0.5,1.0,11,8,0.0033001191109234902,0.0056108967266946174
0.5,1.0,11,9,0.00295185576836912,0.003995158299497125
0.5,1.0,11,10,0.0021719001348555825,0.0037645015696929807
0.5,1.0,11,11,0.0021900429942265705,0.0040906110908759475
0.5,1.0,11,12,0.0016325174049002889,0.0029116454438417537
0.5,1.0,11,13,0.0013108351073848705,0.002405875013688955
0.5,1.0,11,14,0.0010587891576708192,0.0023449298776226277
0.5,1.0,11,15,0.0009388259962707022,0.002340943725020797
0.5,1.0,11,16,0.001095347514628996,0.0021345693878676176
0.5,1.0,11,17,0.0009425676170518093,0.0020060465659624263
0.5,1.0,11,18,0.0006639989517646393,0.001575032379401564
0.5,1.0,11,19,0.0006560694865011437,0.0015708539221021864
0.5,1.0,11,20,0.0006186802379993929,0.0014493328063085737
0.5,1.0,11,21,0.0005302165633492907,0.0013241005041962298
0.5,1.0,11,22,0.00041955702253301157,0.0012305088249253639
0.5,1.0,11,23,0.00039514795989143076,0.0012330599282504109
0.5,1.0,11,24,0.00042108183113691387,0.0011841545624988068
0.5,1.0,11,25,0.00029140683703044037,0.0011590470257119387
0.5,1.0,11,26,0.0003233134457669048,0.0010264772201271214
0.5,1.0,11,27,0.0002631253869535781,0.0010492108731603427
0.5,1.0,11,28,0.00023525623691966757,0.0009826355510287816
0.5,1.0,11,29,0.00021024978249678734,0.0008526747364075586
0.5,1.0,11,30,0.00017981380360764394,0.0007768777417547909
0.5,1.0,11,31,0.00016596727980441634,0.0007849240621912137
0.5,1.0,11,32,0.00015380865380270004,0.0007351939815552637
0.5,1.0,11,33,0.0001688797004775282,0.00073555185471052
0.5,1.0,11,34,0.00013903040792088793,0.0006906771610793753
0.5,1.0,11,35,0.00014227282264511342,0.0008426556984583536
0.5,1.0,11,36,0.00021031326873020994,0.0008805862056865614
0.5,1.0,11,37,0.00015435117282681915,0.0007272564457277211
0.5,1.0,11,38,0.0001617538082315644,0.000629179026364299
0.5,1.0,11,39,0.0001169481501737782,0.0005967693686975864
0.5,1.0,11,40,9.396893931998307e-05,0.0005873093389189292
0.5,1.0,11,41,7.874226229219342e-05,0.000632396634714103
0.5,1.0,11,42,0.00021431289245317013,0.0006953987442416909
0.5,1.0,11,43,0.0002094346536416848,0.0007062489358485971
0.5,1.0,11,44,0.00013533193244560002,0.0007145063867294249
0.5,1.0,11,45,0.00014400267887308642,0.0005611669992713771
0.5,1.0,11,46,7.66050223229499e-05,0.0006653502767468676
0.5,1.0,11,47,0.00012177031582981682,0.0005047697221300729
0.5,1.0,11,48,7.18113538531736e-05,0.00046886040717976574
0.5,1.0,11,49,5.470724255123239e-05,0.0004548664691516892
0.5,1.0,11,50,5.6394582282303384e-05,0.0005803025431103177
0.5,1.0,22,1,0.061193530758221946,0.011682552565272453
0.5,1.0,22,2,0.008926906002064547,0.007769559636528109
0.5,1.0,22,3,0.0063453829663311255,0.006902417037712693
0.5,1.0,22,4,0.004350449866902681,0.00521931677688787
0.5,1.0,22,5,0.004034924997810136,0.0028567944534521536
0.5,1.0,22,6,0.0025668687555065127,0.003369113300072313
0.5,1.0,22,7,0.0031072224093670092,0.003793921980838226
0.5,1.0,22,8,0.0016055470073802604,0.0025668271775108305
0.5,1.0,22,9,0.0009493914958848445,0.0021697142977773407
0.5,1.0,22,10,0.0007932716477547346,0.001992345714765321
0.5,1.0,22,11,0.0006050338812695563,0.002262797375274784
0.5,1.0,22,12,0.0008556344941614862,0.0015118383331063352
0.5,1.0,22,13,0.0005724148589105885,0.001463880264219433
0.5,1.0,22,14,0.0003972058162886511,0.0014509169898405977
0.5,1.0,22,15,0.0009161958838870496,0.0021666521398128304
0.5,1.0,22,16,0.0010309208451804738,0.001536901105087971
0.5,1.0,22,17,0.000474647269224932,0.000962655914663778
0.5,1.0,22,18,0.00024880965029746064,0.0010559038860807693
0.5,1.0,22,19,0.0003291204966781488,0.0007688308694235092
0.5,1.0,22,20,0.00020434498071187623,0.0009991470187779808
0.5,1.0,22,21,0.00025995086733378287,0.0010249014376612848
0.5,1.0,22,22,0.00025642278746494814,0.0014053643240359585
0.5,1.0,22,23,0.0005426714592038389,0.0008291194345725417
0.5,1.0,22,24,0.00047357864807256393,0.001334002356470367
0.5,1.0,22,25,0.0005600344149660273,0.0006034314755059073
0.5,1.0,22,26,0.0003985443790615709,0.0010514048391899453
0.5,1.0,22,27,0.00032547764899784035,0.0006522245613145239
0.5,1.0,22,28,0.00020289007591566555,0.0005998796028364833
0.5,1.0,22,29,0.0002007030734266327,0.0004422132677011529
0.5,1.0,22,30,0.0001748444914550486,0.0003269672271155526
0.5,1.0,22,31,0.00013616681206729954,0.00033215178874294453
0.5,1.0,22,32,0.00022198592907645635,0.000652576424947982
0.5,1.0,22,33,0.0002119775595974154,0.00037835023285430155
0.5,1.0,22,34,0.00012931887757099223,0.00042422201653076296
0.5,1.0,22,35,0.00014249251380758245,0.00031277494420730526
0.5,1.0,22,36,9.17638978456653e-05,0.0003383883539541268
0.5,1.0,22,37,0.00010050962993301693,0.0005513151241428077
0.5,1.0,22,38,0.0001671441051358771,0.00046144229639704824
0.5,1.0,22,39,0.00010939462816078262,0.00033585941840591743
0.5,1.0,22,40,0.00015824624880886762,0.0002710219518637952
0.5,1.0,22,41,0.00016981987250296192,0.00033783130807641114
0.5,1.0,22,42,7.992394365166187e-05,0.0003452739168587045
0.5,1.0,22,43,9.600932093302685e-05,0.00025033378981268454
0.5,1.0,22,44,0.00010518727962065625,0.00025106552574369643
0.5,1.0,22,45,0.00010153024139768088,0.0003125833447087449
0.5,1.0,22,46,5.8760232167077006e-05,0.00030386521492475346
0.5,1.0,22,47,6.468384149398103e-05,0.0003167537382110156
0.5,1.0,22,48,0.00016281558531278998,0.00029946477324874313
0.5,1.0,22,49,0.00024662612589582063,0.0006723669453412908
0.5,1.0,22,50,0.00016029683364997906,0.00043643603231681227
0.5,1.0,33,1,0.10314610177352104,0.03491667366812749
0.5,1.0,33,2,0.01625482970273789,0.017612522031054085
0.5,1.0,33,3,0.010201831601192186,0.011005533084947876
0.5,1.0,33,4,0.008939528142182547,0.006320801291446136
0.5,1.0,33,5,0.0054577276294614065,0.0054089640393669225
0.5,1.0,33,6,0.004078489347407019,0.005118518699834376
0.5,1.0,33,7,0.003270256281312969,0.00386726095843217
0.5,1.0,33,8,0.0025737601056419037,0.004127354288297426
0.5,1.0,33,9,0.0021307217417123876,0.004388152326576013
0.5,1.0,33,10,0.0018779357096157323,0.004732045126549992
0.5,1.0,33,11,0.0016297940786404788,0.004539796844921976
0.5,1.0,33,12,0.0013164422951960637,0.004391741850739153
0.5,1.0,33,13,0.0012065842920155436,0.002699838253696269
0.5,1.0,33,14,0.0010834819346919287,0.0021388096573912068
0.5,1.0,33,15,0.0008377660336087884,0.002346808773009375
0.5,1.0,33,16,0.0006222558455012831,0.003379152144914792
0.5,1.0,33,17,0.0008981622849665812,0.002706435727484432
0.5,1.0,33,18,0.0005011283454807176,0.0020305161122922545
0.5,1.0,33,19,0.0004808787961798019,0.0023294878594669294
0.5,1.0,33,20,0.00043599024259795743,0.0019412514113594966
0.5,1.0,33,21,0.0005009293365421601,0.0014764584386299667
0.5,1.0,33,22,0.0002827955008179731,0.0012112659681971672
0.5,1.0,33,23,0.00022381159008400125,0.0011145286108731243
0.5,1.0,33,24,0.00017494835134848583,0.0011106350539643087
0.5,1.0,33,25,0.00020556708235138407,0.0008329813495094394
0.5,1.0,33,26,0.00014696674873976233,0.0008734183792224146
0.5,1.0,33,27,0.00017093921660152437,0.0007497931949395701
0.5,1.0,33,28,0.00013899486473320272,0.0008332800472714774
0.5,1.0,33,29,0.00015306179521297806,0.0006774592792055734
0.5,1.0,33,30,0.0001326713514841955,0.000701465479140419
0.5,1.0,33,31,0.0001306412069638616,0.0007197175619533523
0.5,1.0,33,32,0.00010339500726398978,0.0007935783254756849
0.5,1.0,33,33,0.00012907131104715697,0.000798185850367134
0.5,1.0,33,34,0.00011399040567432818,0.0005881758138476086
0.5,1.0,33,35,8.999765311643757e-05,0.0005599548541959912
0.5,1.0,33,36,8.800750085221673e-05,0.0006164211181946742
0.5,1.0,33,37,0.00011990992438600019,0.0007140394223570333
0.5,1.0,33,38,0.0005233789237940477,0.0012749486254075917
0.5,1.0,33,39,0.0007611879005303814,0.0005698372061851094
0.5,1.0,33,40,0.0005089284867956591,0.0010005667376420135
0.5,1.0,33,41,0.0002558968047163001,0.0005864979308328511
0.5,1.0,33,42,0.0002770315430681854,0.0006331714337745321
0.5,1.0,33,43,0.0001960712945646388,0.0005003286241994473
0.5,1.0,33,44,0.00012305608986845287,0.0005580016369682281
0.5,1.0,33,45,8.739434732562563e-05,0.000542707097383193
0.5,1.0,33,46,7.286189245433765e-05,0.0005091483946199771
0.5,1.0,33,47,7.869090454115383e-05,0.0005692381549764563
0.5,1.0,33,48,6.906716360525159e-05,0.0005035896482781619
0.5,1.0,33,49,6.29274486359295e-05,0.0004937571507913095
0.5,1.0,33,50,6.150740991421274e-05,0.00044787779389094914
