seed,variant,scenario_id,schedule,compute_duration,amplitude,mean_application_interval,mean_observation_age_at_application,J_response,peak_response,pulse_tracking_rmse,sham_tracking_rmse,pulse_action_effort,sham_action_effort,pulse_action_variation,sham_action_variation,pulse_peak_abs_error,sham_peak_abs_error,pulse_last_second_rmse,sham_last_second_rmse,censored,failure_reason,pulse_observed_duration,sham_observed_duration,recovery_start,recovery_end,pulse_mean_applied_action,pulse_mean_position,pulse_clipped_actions,pulse_applied_actions,sham_mean_applied_action,sham_mean_position,sham_clipped_actions,sham_applied_actions,absolute_competence
-1,teacher,centered_calibration-000,serial,0.0,0.4249592452080868,0.05,0.0,0.01584745329916581,0.18111577202254897,0.024351933346414365,0.0,0.01957099693607306,0.0,0.6596576451669701,0.0,0.07696682177398234,0.0,0.0014582536148829866,0.0,False,,5.0,5.0,1.3,4.3,-0.014050684371210074,0.007024190130335675,0,101,0.0,0.0,0,101,True
-1,teacher,centered_calibration-001,serial,0.0,0.3865650053350364,0.05,0.0,0.015847453299165787,0.18111577202254886,0.022150991739355783,0.0,0.016193970855336724,0.0,0.5977498342992063,0.0,0.07001301937815584,0.0,0.002156709479974362,0.0,False,,5.0,5.0,1.65,4.65,-0.012730601888871393,0.006429457441064115,0,101,0.0,0.0,0,101,True
-1,teacher,centered_calibration-002,serial,0.0,-0.5762225508362344,0.05,0.0,0.015847453299165818,0.18111577202254908,0.033019594955857205,0.0,0.035982322605097164,0.0,0.8925321984922476,0.0,0.10436299215150713,0.0,0.0025195778410755233,0.0,False,,5.0,5.0,1.55,4.55,0.01896807321463281,-0.009551101608276666,0,101,0.0,0.0,0,101,True
-1,teacher,centered_calibration-003,serial,0.0,0.4920474231648682,0.05,0.0,0.015847453299165776,0.18111577202254886,0.02819623326166223,0.0,0.02623752716410569,0.0,0.762666997989966,0.0,0.0891175489182109,0.0,0.001945733133995029,0.0,False,,5.0,5.0,1.5,4.5,-0.01620307848231902,0.008146068701071787,0,101,0.0,0.0,0,101,True
-1,teacher,centered_calibration-000,serial,0.05,0.4249592452080868,0.049999999999999996,0.05,0.01947219036017253,0.2004494740045986,0.026957461877841017,0.0,0.021024940018530454,0.0,0.7188121681354972,0.0,0.08518285717535223,0.0,0.0016139328773730104,0.0,False,,5.0,5.0,1.3,4.3,-0.013269673286616102,0.0077844807706959574,0,100,0.0,0.0,0,100,True
-1,teacher,centered_calibration-001,serial,0.05,0.3865650053350364,0.049999999999999996,0.05,0.019472190360172534,0.20044947400459862,0.024520986722317395,0.0,0.01739698934909907,0.0,0.6512580995572355,0.0,0.0774867519879929,0.0,0.0024178604943234185,0.0,False,,5.0,5.0,1.65,4.65,-0.012017690837499888,0.007126935026763795,0,100,0.0,0.0,0,100,True
-1,teacher,centered_calibration-002,serial,0.05,-0.5762225508362344,0.049999999999999996,0.05,0.0194721903601725,0.2004494740045985,0.036552487706004444,0.0,0.03865539413923246,0.0,0.9724754441260095,0.0,0.11550350722471121,0.0,0.0028206815425674764,0.0,False,,5.0,5.0,1.55,4.55,0.0179026510372438,-0.01058654349335309,0,100,0.0,0.0,0,100,True
-1,teacher,centered_calibration-003,serial,0.05,0.4920474231648682,0.049999999999999996,0.05,0.019472190360172517,0.20044947400459842,0.031213067282209926,0.0,0.02818667140117846,0.0,0.8309976148897681,0.0,0.09863064715871589,0.0,0.0021732420610002436,0.0,False,,5.0,5.0,1.5,4.5,-0.015293274991371309,0.009028886706211955,0,100,0.0,0.0,0,100,True
-1,teacher,centered_calibration-000,serial,0.1,0.4249592452080868,0.1,0.10000000000000002,0.025594588660183992,0.2291623959482716,0.030818562605984423,0.0,0.025326446759265625,0.0,0.8416567848334766,0.0,0.09738467881225422,0.0,0.002415948889800185,0.0,False,,5.0,5.0,1.3,4.3,-0.012469678864008836,0.008539978183262666,0,50,0.0,0.0,0,50,True
-1,teacher,centered_calibration-001,serial,0.1,0.3865650053350364,0.1,0.10000000000000002,0.026582904765289687,0.23308817875611468,0.028562195678617123,0.0,0.021172575024354608,0.0,0.7427909853548157,0.0,0.09010373306439139,0.0,0.0030661476609898726,0.0,False,,5.0,5.0,1.65,4.65,-0.011017359938130666,0.007960501020387067,0,50,0.0,0.0,0,50,True
-1,teacher,centered_calibration-002,serial,0.1,-0.5762225508362344,0.1,0.10000000000000002,0.02658290476528974,0.2330881787561148,0.04257628637833056,0.0,0.04704464301551698,0.0,1.1093732679363653,0.0,0.13431066493262064,0.0,0.0037353244736871363,0.0,False,,5.0,5.0,1.55,4.55,0.016444233625515073,-0.01182912045236557,0,50,0.0,0.0,0,50,True
-1,teacher,centered_calibration-003,serial,0.1,0.4920474231648682,0.1,0.10000000000000002,0.025594588660183944,0.22916239594827142,0.03568375569559296,0.0,0.03395136207817237,0.0,0.9736873799789263,0.0,0.11275876641263419,0.0,0.0029317917385153656,0.0,False,,5.0,5.0,1.5,4.5,-0.014288061198581786,0.009879540105210905,0,50,0.0,0.0,0,50,True
-1,teacher,centered_calibration-000,serial,0.2,0.4249592452080868,0.19999999999999998,0.2,0.04534408630589383,0.2911661664131038,0.040813981864274325,0.0,0.03747610216515254,0.0,1.0386550901837024,0.0,0.12373375430904478,0.0,0.005752639378936008,0.0,False,,5.0,5.0,1.3,4.3,-0.010208781351351176,0.010690440432433359,0,25,0.0,0.0,0,25,True
-1,teacher,centered_calibration-001,serial,0.2,0.3865650053350364,0.19999999999999998,0.2,0.04754021832827851,0.2991549606049451,0.03799840553241654,0.0,0.03384343444560442,0.0,0.990897771418719,0.0,0.11564283894225322,0.0,0.006104196577551477,0.0,False,,5.0,5.0,1.65,4.65,-0.00845118249823148,0.009843548137608616,0,25,0.0,0.0,0,25,True
-1,teacher,centered_calibration-002,serial,0.2,-0.5762225508362344,0.19999999999999998,0.2,0.04407094371397614,0.2890418922456908,0.054565640061636084,0.0,0.0687879344898782,0.0,1.4765295318216665,0.0,0.16655245644834396,0.0,0.007874076936094997,0.0,False,,5.0,5.0,1.55,4.55,0.013437858009171147,-0.014050344449841115,0,25,0.0,0.0,0,25,True
-1,teacher,centered_calibration-003,serial,0.2,0.4920474231648682,0.19999999999999998,0.2,0.045344086305893816,0.2911661664131035,0.047253323446069334,0.0,0.05020998775329429,0.0,1.2006636822007097,0.0,0.14326756189636078,0.0,0.006687700022359262,0.0,False,,5.0,5.0,1.5,4.5,-0.011308147494837873,0.012259676989799238,0,25,0.0,0.0,0,25,True
-1,teacher,centered_calibration-000,fixed_cadence,0.0,0.4249592452080868,0.05,0.0,0.01584745329916581,0.18111577202254897,0.024351933346414365,0.0,0.01957099693607306,0.0,0.6596576451669701,0.0,0.07696682177398234,0.0,0.0014582536148829866,0.0,False,,5.0,5.0,1.3,4.3,-0.014050684371210074,0.007024190130335675,0,101,0.0,0.0,0,101,True
-1,teacher,centered_calibration-001,fixed_cadence,0.0,0.3865650053350364,0.05,0.0,0.015847453299165787,0.18111577202254886,0.022150991739355783,0.0,0.016193970855336724,0.0,0.5977498342992063,0.0,0.07001301937815584,0.0,0.002156709479974362,0.0,False,,5.0,5.0,1.65,4.65,-0.012730601888871393,0.006429457441064115,0,101,0.0,0.0,0,101,True
-1,teacher,centered_calibration-002,fixed_cadence,0.0,-0.5762225508362344,0.05,0.0,0.015847453299165818,0.18111577202254908,0.033019594955857205,0.0,0.035982322605097164,0.0,0.8925321984922476,0.0,0.10436299215150713,0.0,0.0025195778410755233,0.0,False,,5.0,5.0,1.55,4.55,0.01896807321463281,-0.009551101608276666,0,101,0.0,0.0,0,101,True
-1,teacher,centered_calibration-003,fixed_cadence,0.0,0.4920474231648682,0.05,0.0,0.015847453299165776,0.18111577202254886,0.02819623326166223,0.0,0.02623752716410569,0.0,0.762666997989966,0.0,0.0891175489182109,0.0,0.001945733133995029,0.0,False,,5.0,5.0,1.5,4.5,-0.01620307848231902,0.008146068701071787,0,101,0.0,0.0,0,101,True
-1,teacher,centered_calibration-000,fixed_cadence,0.05,0.4249592452080868,0.049999999999999996,0.05,0.01947219036017253,0.2004494740045986,0.026957461877841017,0.0,0.021024940018530454,0.0,0.7188121681354972,0.0,0.08518285717535223,0.0,0.0016139328773730104,0.0,False,,5.0,5.0,1.3,4.3,-0.013269673286616102,0.0077844807706959574,0,100,0.0,0.0,0,100,True
-1,teacher,centered_calibration-001,fixed_cadence,0.05,0.3865650053350364,0.049999999999999996,0.05,0.019472190360172534,0.20044947400459862,0.024520986722317395,0.0,0.01739698934909907,0.0,0.6512580995572355,0.0,0.0774867519879929,0.0,0.0024178604943234185,0.0,False,,5.0,5.0,1.65,4.65,-0.012017690837499888,0.007126935026763795,0,100,0.0,0.0,0,100,True
-1,teacher,centered_calibration-002,fixed_cadence,0.05,-0.5762225508362344,0.049999999999999996,0.05,0.0194721903601725,0.2004494740045985,0.036552487706004444,0.0,0.03865539413923246,0.0,0.9724754441260095,0.0,0.11550350722471121,0.0,0.0028206815425674764,0.0,False,,5.0,5.0,1.55,4.55,0.0179026510372438,-0.01058654349335309,0,100,0.0,0.0,0,100,True
-1,teacher,centered_calibration-003,fixed_cadence,0.05,0.4920474231648682,0.049999999999999996,0.05,0.019472190360172517,0.20044947400459842,0.031213067282209926,0.0,0.02818667140117846,0.0,0.8309976148897681,0.0,0.09863064715871589,0.0,0.0021732420610002436,0.0,False,,5.0,5.0,1.5,4.5,-0.015293274991371309,0.009028886706211955,0,100,0.0,0.0,0,100,True
-1,teacher,centered_calibration-000,fixed_cadence,0.1,0.4249592452080868,0.05,0.1,0.02351596572407815,0.21974386709338914,0.02956970734261458,0.0,0.02220424459493861,0.0,0.7714562203798351,0.0,0.09338218789911279,0.0,0.0016480841100587995,0.0,False,,5.0,5.0,1.3,4.3,-0.012381013196105696,0.008659887204170429,0,99,0.0,0.0,0,99,True
-1,teacher,centered_calibration-001,fixed_cadence,0.1,0.3865650053350364,0.05,0.1,0.023515965724078134,0.21974386709338903,0.02689698175496333,0.0,0.018372881267083578,0.0,0.6988608544428166,0.0,0.08494528915529746,0.0,0.002660630857862358,0.0,False,,5.0,5.0,1.65,4.65,-0.011225944082212997,0.00793451913456731,0,99,0.0,0.0,0,99,True
-1,teacher,centered_calibration-002,fixed_cadence,0.1,-0.5762225508362344,0.05,0.1,0.023515965724078113,0.219743867093389,0.0400943643131194,0.0,0.04082386704926498,0.0,1.043541639060574,0.0,0.12662137162717108,0.0,0.0030808581345071534,0.0,False,,5.0,5.0,1.55,4.55,0.01671237804367257,-0.011785298533197538,0,99,0.0,0.0,0,99,True
-1,teacher,centered_calibration-003,fixed_cadence,0.1,0.4920474231648682,0.05,0.1,0.023515965724078082,0.2197438670933888,0.034237604243140186,0.0,0.029767859046940584,0.0,0.8917352271274676,0.0,0.10812440355958525,0.0,0.0023454590028491825,0.0,False,,5.0,5.0,1.5,4.5,-0.01427328395158339,0.010050328356508658,0,99,0.0,0.0,0,99,True
-1,teacher,centered_calibration-000,fixed_cadence,0.2,0.4249592452080868,0.049999999999999996,0.19999999999999998,0.032048744415611514,0.2599302992352559,0.0343963896978024,0.0,0.025922394403233923,0.0,0.9022424925556206,0.0,0.1104597837697265,0.0,0.0013101489373359037,0.0,False,,5.0,5.0,1.3,4.3,-0.010365248985883008,0.010723298272281875,0,97,0.0,0.0,0,97,True
-1,teacher,centered_calibration-001,fixed_cadence,0.2,0.3865650053350364,0.049999999999999996,0.19999999999999998,0.03204874441561144,0.2599302992352556,0.03128740295711518,0.0,0.021449582853237854,0.0,0.8180089843390559,0.0,0.1004799575106142,0.0,0.0027932491713938317,0.0,False,,5.0,5.0,1.65,4.65,-0.009464440925561608,0.009828084807641293,0,97,0.0,0.0,0,97,True
-1,teacher,centered_calibration-002,fixed_cadence,0.2,-0.5762225508362344,0.049999999999999996,0.19999999999999998,0.03204874441561144,0.2599302992352557,0.04663866378818968,0.0,0.047660612466113014,0.0,1.220825803709086,0.0,0.14977770006496474,0.0,0.0032651909880941003,0.0,False,,5.0,5.0,1.55,4.55,0.014060103485022967,-0.014607857754496597,0,97,0.0,0.0,0,97,True
-1,teacher,centered_calibration-003,fixed_cadence,0.2,0.4920474231648682,0.049999999999999996,0.19999999999999998,0.03204874441561145,0.2599302992352558,0.03982594906725568,0.0,0.03475311983613026,0.0,1.043052248109596,0.0,0.12789803394118074,0.0,0.002434958811192658,0.0,False,,5.0,5.0,1.5,4.5,-0.011995185467946269,0.012458356926515472,0,97,0.0,0.0,0,97,True
11,native,centered_calibration-000,serial,0.0,0.4249592452080868,0.05,0.0,0.016328792470008346,0.18380198340433315,0.02586562501864673,0.0031123909963857543,0.019042265496863053,7.36080295643538e-05,0.7126997038722038,0.06589572876691818,0.08144161769282471,0.003951629214439893,0.002137907045289074,0.003200884466049939,False,,5.0,5.0,1.3,4.3,-0.010764745622873306,0.010224570515826658,0,101,0.00308736115694046,0.002991563897776084,0,101,True
11,native,centered_calibration-001,serial,0.0,0.3865650053350364,0.05,0.0,0.01631475641408092,0.18373770777662712,0.023538685146243094,0.0031123909963857543,0.015615515044218185,7.36080295643538e-05,0.6525609269738197,0.06589572876691818,0.07402363154994546,0.003951629214439893,0.0038334452572085114,0.003200884466049939,False,,5.0,5.0,1.65,4.65,-0.009468346834182738,0.009607500447103411,0,101,0.00308736115694046,0.002991563897776084,0,101,True
11,native,centered_calibration-002,serial,0.0,-0.5762225508362344,0.05,0.0,0.016449323509554085,0.1842522578830773,0.03286038628461414,0.0031123909963857543,0.03617294910094923,7.36080295643538e-05,0.941765308380127,0.06589572876691818,0.10312203368676516,0.003951629214439893,0.004576655248419474,0.003200884466049939,False,,5.0,5.0,1.55,4.55,0.021705850213766097,-0.006929081866876153,0,101,0.00308736115694046,0.002991563897776084,0,101,True
11,native,centered_calibration-003,serial,0.0,0.4920474231648682,0.05,0.0,0.016357206909506126,0.18392976506710731,0.02969290427917095,0.0031123909963857543,0.025441641004660884,7.36080295643538e-05,0.8136851340532303,0.06589572876691818,0.09358995146853398,0.003951629214439893,0.0028097018018827438,0.003200884466049939,False,,5.0,5.0,1.5,4.5,-0.012882224842905998,0.01138669922768604,0,101,0.00308736115694046,0.002991563897776084,0,101,True
11,native,centered_calibration-000,serial,0.05,0.4249592452080868,0.049999999999999996,0.05,0.019671227226306168,0.2012713042620181,0.027912922338083717,0.002327960104688752,0.020511331890445267,6.148224152874307e-05,0.7810333743691444,0.06985832005739212,0.08803816588257674,0.0025233391281118383,0.001390478787730466,0.002452210870243389,False,,5.0,5.0,1.3,4.3,-0.010787095129489898,0.010203427374491137,0,100,0.0023420631885528566,0.0022682903080572274,0,100,True
11,native,centered_calibration-001,serial,0.05,0.3865650053350364,0.049999999999999996,0.05,0.019644446325283758,0.20116946616209175,0.025464296118174537,0.002327960104688752,0.016960328832751476,6.148224152874307e-05,0.7147714868187904,0.06985832005739212,0.08027811126215866,0.0025233391281118383,0.0034558309122555446,0.002452210870243389,False,,5.0,5.0,1.65,4.65,-0.00956086069345474,0.009527217245203938,0,100,0.0023420631885528566,0.0022682903080572274,0,100,True
11,native,centered_calibration-002,serial,0.05,-0.5762225508362344,0.049999999999999996,0.05,0.01969199732510915,0.20129498652371075,0.03607246290614321,0.002327960104688752,0.03828332938044041,6.148224152874307e-05,1.0275782272219658,0.06985832005739212,0.11346914674838005,0.0025233391281118383,0.0041292739442284915,0.002452210870243389,False,,5.0,5.0,1.55,4.55,0.019989709183573724,-0.008601014011275665,0,100,0.0023420631885528566,0.0022682903080572274,0,100,True
11,native,centered_calibration-003,serial,0.05,0.4920474231648682,0.049999999999999996,0.05,0.019721946217650235,0.20146376748096817,0.0322245356229235,0.002327960104688752,0.027484125586409405,6.148224152874307e-05,0.8906259015202522,0.06985832005739212,0.10165297431874111,0.0025233391281118383,0.002394276255073587,0.002452210870243389,False,,5.0,5.0,1.5,4.5,-0.012781544215977192,0.011486537915109455,0,100,0.0023420631885528566,0.0022682903080572274,0,100,True
11,native,centered_calibration-000,serial,0.1,0.4249592452080868,0.1,0.10000000000000002,0.02539100205414548,0.22855280259811578,0.03148904475680498,0.0021789463011525874,0.025346550171719724,8.387705250398336e-05,0.9242645278573036,0.07715810090303421,0.0997102635262964,0.002743008876893943,0.0014532606712636409,0.002370720408079441,False,,5.0,5.0,1.3,4.3,-0.010288014635443689,0.010664422889018888,0,50,0.0021532125771045684,0.00208047766796789,0,50,True
11,native,centered_calibration-001,serial,0.1,0.3865650053350364,0.1,0.10000000000000002,0.026172765656511034,0.2316944582076581,0.029192132203808063,0.0021789463011525874,0.021137619009853333,8.387705250398336e-05,0.8251736685633659,0.07715810090303421,0.09228013029814554,0.002743008876893943,0.003275863425632114,0.002370720408079441,False,,5.0,5.0,1.65,4.65,-0.008862499892711638,0.01004683935830113,0,50,0.0021532125771045684,0.00208047766796789,0,50,True
11,native,centered_calibration-002,serial,0.1,-0.5762225508362344,0.1,0.10000000000000002,0.02607254771253686,0.23144947147176867,0.041439889772039246,0.0021789463011525874,0.0470115662683286,8.387705250398336e-05,1.1857382580637932,0.07715810090303421,0.13062379905057867,0.002743008876893943,0.005295632073184119,0.002370720408079441,False,,5.0,5.0,1.55,4.55,0.0185460664331913,-0.009819881718121816,0,50,0.0021532125771045684,0.00208047766796789,0,50,True
11,native,centered_calibration-003,serial,0.1,0.4920474231648682,0.1,0.10000000000000002,0.025473688330405007,0.2287730177276314,0.03643471391736318,0.0021789463011525874,0.03386493900806572,8.387705250398336e-05,1.0551514104008675,0.07715810090303421,0.11530665603205828,0.002743008876893943,0.002024088687888754,0.002370720408079441,False,,5.0,5.0,1.5,4.5,-0.012074095755815504,0.012033398952007838,0,50,0.0021532125771045684,0.00208047766796789,0,50,True
11,native,centered_calibration-000,serial,0.2,0.4249592452080868,0.19999999999999998,0.2,0.04439902722294,0.2897980302896883,0.04066169984861167,0.0020893835247539506,0.03768636230033234,0.0001575850792340239,1.109723187983036,0.07935989648103714,0.12428848476364801,0.004173101966056691,0.004363224306055516,0.0020531119519171708,False,,5.0,5.0,1.3,4.3,-0.008411984145641333,0.01246272413179987,0,25,0.001989740133285522,0.0019271567304541084,0,25,True
11,native,centered_calibration-001,serial,0.2,0.3865650053350364,0.19999999999999998,0.2,0.04671195269585405,0.2983627787412134,0.03824743365614079,0.0020893835247539506,0.034687811019537,0.0001575850792340239,1.0686944797635078,0.07935989648103714,0.11743965269135566,0.004173101966056691,0.005037313345013609,0.0020531119519171708,False,,5.0,5.0,1.65,4.65,-0.0066175252199173005,0.01166951166333137,0,25,0.001989740133285522,0.0019271567304541084,0,25,True
11,native,centered_calibration-002,serial,0.2,-0.5762225508362344,0.19999999999999998,0.2,0.042593571979048166,0.2866565503089322,0.05327028025207041,0.0020893835247539506,0.07221743204414793,0.0001575850792340239,1.5828417614102364,0.07935989648103714,0.16334450375227125,0.004173101966056691,0.009154824915505285,0.0020531119519171708,False,,5.0,5.0,1.55,4.55,0.015890036523342137,-0.011761595090680274,0,25,0.001989740133285522,0.0019271567304541084,0,25,True
11,native,centered_calibration-003,serial,0.2,0.4920474231648682,0.19999999999999998,0.2,0.04450287135856295,0.28996774281130794,0.04724909194271265,0.0020893835247539506,0.05075676491619412,0.0001575850792340239,1.2724077329039574,0.07935989648103714,0.14439175106668709,0.004173101966056691,0.004885929608727317,0.0020531119519171708,False,,5.0,5.0,1.5,4.5,-0.009520865976810457,0.014051614550401362,0,25,0.001989740133285522,0.0019271567304541084,0,25,True
11,native,centered_calibration-000,fixed_cadence,0.0,0.4249592452080868,0.05,0.0,0.016328792470008346,0.18380198340433315,0.02586562501864673,0.0031123909963857543,0.019042265496863053,7.36080295643538e-05,0.7126997038722038,0.06589572876691818,0.08144161769282471,0.003951629214439893,0.002137907045289074,0.003200884466049939,False,,5.0,5.0,1.3,4.3,-0.010764745622873306,0.010224570515826658,0,101,0.00308736115694046,0.002991563897776084,0,101,True
11,native,centered_calibration-001,fixed_cadence,0.0,0.3865650053350364,0.05,0.0,0.01631475641408092,0.18373770777662712,0.023538685146243094,0.0031123909963857543,0.015615515044218185,7.36080295643538e-05,0.6525609269738197,0.06589572876691818,0.07402363154994546,0.003951629214439893,0.0038334452572085114,0.003200884466049939,False,,5.0,5.0,1.65,4.65,-0.009468346834182738,0.009607500447103411,0,101,0.00308736115694046,0.002991563897776084,0,101,True
11,native,centered_calibration-002,fixed_cadence,0.0,-0.5762225508362344,0.05,0.0,0.016449323509554085,0.1842522578830773,0.03286038628461414,0.0031123909963857543,0.03617294910094923,7.36080295643538e-05,0.941765308380127,0.06589572876691818,0.10312203368676516,0.003951629214439893,0.004576655248419474,0.003200884466049939,False,,5.0,5.0,1.55,4.55,0.021705850213766097,-0.006929081866876153,0,101,0.00308736115694046,0.002991563897776084,0,101,True
11,native,centered_calibration-003,fixed_cadence,0.0,0.4920474231648682,0.05,0.0,0.016357206909506126,0.18392976506710731,0.02969290427917095,0.0031123909963857543,0.025441641004660884,7.36080295643538e-05,0.8136851340532303,0.06589572876691818,0.09358995146853398,0.003951629214439893,0.0028097018018827438,0.003200884466049939,False,,5.0,5.0,1.5,4.5,-0.012882224842905998,0.01138669922768604,0,101,0.00308736115694046,0.002991563897776084,0,101,True
11,native,centered_calibration-000,fixed_cadence,0.05,0.4249592452080868,0.049999999999999996,0.05,0.019671227226306168,0.2012713042620181,0.027912922338083717,0.002327960104688752,0.020511331890445267,6.148224152874307e-05,0.7810333743691444,0.06985832005739212,0.08803816588257674,0.0025233391281118383,0.001390478787730466,0.002452210870243389,False,,5.0,5.0,1.3,4.3,-0.010787095129489898,0.010203427374491137,0,100,0.0023420631885528566,0.0022682903080572274,0,100,True
11,native,centered_calibration-001,fixed_cadence,0.05,0.3865650053350364,0.049999999999999996,0.05,0.019644446325283758,0.20116946616209175,0.025464296118174537,0.002327960104688752,0.016960328832751476,6.148224152874307e-05,0.7147714868187904,0.06985832005739212,0.08027811126215866,0.0025233391281118383,0.0034558309122555446,0.002452210870243389,False,,5.0,5.0,1.65,4.65,-0.00956086069345474,0.009527217245203938,0,100,0.0023420631885528566,0.0022682903080572274,0,100,True
11,native,centered_calibration-002,fixed_cadence,0.05,-0.5762225508362344,0.049999999999999996,0.05,0.01969199732510915,0.20129498652371075,0.03607246290614321,0.002327960104688752,0.03828332938044041,6.148224152874307e-05,1.0275782272219658,0.06985832005739212,0.11346914674838005,0.0025233391281118383,0.0041292739442284915,0.002452210870243389,False,,5.0,5.0,1.55,4.55,0.019989709183573724,-0.008601014011275665,0,100,0.0023420631885528566,0.0022682903080572274,0,100,True
11,native,centered_calibration-003,fixed_cadence,0.05,0.4920474231648682,0.049999999999999996,0.05,0.019721946217650235,0.20146376748096817,0.0322245356229235,0.002327960104688752,0.027484125586409405,6.148224152874307e-05,0.8906259015202522,0.06985832005739212,0.10165297431874111,0.0025233391281118383,0.002394276255073587,0.002452210870243389,False,,5.0,5.0,1.5,4.5,-0.012781544215977192,0.011486537915109455,0,100,0.0023420631885528566,0.0022682903080572274,0,100,True
11,native,centered_calibration-000,fixed_cadence,0.1,0.4249592452080868,0.05,0.1,0.0232424590452089,0.21884157020243888,0.03019562151981741,0.002226284488319011,0.022190818650520423,7.97448987949895e-05,0.8739132806658745,0.09939603507518768,0.09544479077628354,0.002520651762701964,0.0013148092136683442,0.002376151564439468,False,,5.0,5.0,1.3,4.3,-0.0101442351937294,0.010841448538236334,0,99,0.002229015156626701,0.00215735125155462,0,99,True
11,native,centered_calibration-001,fixed_cadence,0.1,0.3865650053350364,0.05,0.1,0.023202264703579924,0.21871490920311384,0.027551476376395843,0.002226284488319011,0.018377581846965932,7.97448987949895e-05,0.8024198934435844,0.09939603507518768,0.08706184430855039,0.002520651762701964,0.0035311908497788294,0.002376151564439468,False,,5.0,5.0,1.65,4.65,-0.008988591656088828,0.010096088182158144,0,99,0.002229015156626701,0.00215735125155462,0,99,True
11,native,centered_calibration-002,fixed_cadence,0.1,-0.5762225508362344,0.05,0.1,0.02310731422887543,0.21841089158718083,0.03905758286847614,0.002226284488319011,0.041386123739793126,7.97448987949895e-05,1.146203950047493,0.09939603507518768,0.12333278310921884,0.002520651762701964,0.004152824192128923,0.002376151564439468,False,,5.0,5.0,1.55,4.55,0.018897316232323644,-0.00968106931958064,0,99,0.002229015156626701,0.00215735125155462,0,99,True
11,native,centered_calibration-003,fixed_cadence,0.1,0.4920474231648682,0.05,0.1,0.02331660693274253,0.21907556300153813,0.0349056686288957,0.002226284488319011,0.02968295798678614,7.97448987949895e-05,0.9926712140440941,0.09939603507518768,0.11031238278306367,0.002520651762701964,0.0024438836592693435,0.002376151564439468,False,,5.0,5.0,1.5,4.5,-0.012007722817361354,0.01225297279321617,0,99,0.002229015156626701,0.00215735125155462,0,99,True
11,native,centered_calibration-000,fixed_cadence,0.2,0.4249592452080868,0.049999999999999996,0.19999999999999998,0.03160440932400534,0.25891430348364175,0.03470149751237647,0.0025849322294113006,0.026153180200371533,0.00019200030251798064,1.0586266592144966,0.1440349593758583,0.11142019494971328,0.005769444135672185,0.001495462872978867,0.0020367720508801613,False,,5.0,5.0,1.3,4.3,-0.008235819824039935,0.012787651206402129,0,97,0.0023122712969779963,0.002252301276212095,0,97,True
11,native,centered_calibration-001,fixed_cadence,0.2,0.3865650053350364,0.049999999999999996,0.19999999999999998,0.031550432688601346,0.25882434850322095,0.031515273510800995,0.0025849322294113006,0.021924632315001927,0.00019200030251798064,0.9788328781723976,0.1440349593758583,0.10125332394500236,0.005769444135672185,0.003960672286029072,0.0020367720508801613,False,,5.0,5.0,1.65,4.65,-0.007318807020783423,0.011896188447791913,0,97,0.0023122712969779963,0.002252301276212095,0,97,True
11,native,centered_calibration-002,fixed_cadence,0.2,-0.5762225508362344,0.049999999999999996,0.19999999999999998,0.031036822498937838,0.25768817554574697,0.04564137671795608,0.0025849322294113006,0.05106208695955601,0.00019200030251798064,1.410323642194271,0.1440349593758583,0.14737903709766673,0.005769444135672185,0.0034957204788982955,0.0020367720508801613,False,,5.0,5.0,1.55,4.55,0.016637023538351055,-0.01207147471186943,0,97,0.0023122712969779963,0.002252301276212095,0,97,True
11,native,centered_calibration-003,fixed_cadence,0.2,0.4920474231648682,0.049999999999999996,0.19999999999999998,0.03171979231845561,0.25911691031449846,0.04004753650150512,0.0025849322294113006,0.03503754378128555,0.00019200030251798064,1.2014134228229523,0.1440349593758583,0.1285993803768619,0.005769444135672185,0.0031302996772074394,0.0020367720508801613,False,,5.0,5.0,1.5,4.5,-0.00985324904322624,0.014524639486825983,0,97,0.0023122712969779963,0.002252301276212095,0,97,True
11,centered_weak,centered_calibration-000,serial,0.0,0.4249592452080868,0.05,0.0,0.015967175015162365,0.18248187718935938,0.0255447591253884,0.00316361975973443,0.019256551009018328,8.085031609950905e-05,0.7200544981825228,0.06688452349780742,0.08067946275320467,0.0041456368710601045,0.0021661199070820343,0.0032040617935553983,False,,5.0,5.0,1.3,4.3,-0.010797239972365459,0.010205833577646038,0,101,0.00315321558891479,0.0030578459135460374,0,101,True
11,centered_weak,centered_calibration-001,serial,0.0,0.3865650053350364,0.05,0.0,0.015954335526095296,0.18242150098798665,0.023279848351927705,0.00316361975973443,0.015862402170338498,8.085031609950905e-05,0.6606614498960848,0.06688452349780742,0.07344290532813856,0.0041456368710601045,0.003662179171413512,0.0032040617935553983,False,,5.0,5.0,1.65,4.65,-0.009478545693767628,0.009588633003273714,0,101,0.00315321558891479,0.0030578459135460374,0,101,True
11,centered_weak,centered_calibration-002,serial,0.0,-0.5762225508362344,0.05,0.0,0.01609129978041388,0.18296104244950354,0.0325500724800014,0.00316361975973443,0.036821549659047,8.085031609950905e-05,0.9535508512127275,0.06688452349780742,0.10249742408372874,0.0041456368710601045,0.004579867007009871,0.0032040617935553983,False,,5.0,5.0,1.55,4.55,0.02188883447824661,-0.0067438040121066845,0,101,0.00315321558891479,0.0030578459135460374,0,101,True
11,centered_weak,centered_calibration-003,serial,0.0,0.4920474231648682,0.05,0.0,0.015994697111928847,0.1826088807925621,0.02934417304186504,0.00316361975973443,0.02580018138149026,8.085031609950905e-05,0.8232172115313883,0.06688452349780742,0.09279786188674993,0.0041456368710601045,0.0026673554191237554,0.0032040617935553983,False,,5.0,5.0,1.5,4.5,-0.012923644242895205,0.011348830028123846,0,101,0.00315321558891479,0.0030578459135460374,0,101,True
11,centered_weak,centered_calibration-000,serial,0.05,0.4249592452080868,0.049999999999999996,0.05,0.01928372054343058,0.20006837633660063,0.027594198733255505,0.0023963792192311503,0.020790678796799245,7.874369665388687e-05,0.7961534096981064,0.07780542067537466,0.08731753169577947,0.002857766389931907,0.0014027308663023014,0.002455606239919463,False,,5.0,5.0,1.3,4.3,-0.01081666520802913,0.010187565736543155,0,100,0.002414702409816405,0.0023413517044274237,0,100,True
11,centered_weak,centered_calibration-001,serial,0.05,0.3865650053350364,0.049999999999999996,0.05,0.01925861860384054,0.19997024645738887,0.025201262253321303,0.0023963792192311503,0.017264882568370984,7.874369665388687e-05,0.7305463164235131,0.07780542067537466,0.07971402992983545,0.002857766389931907,0.0032539860726692833,0.002455606239919463,False,,5.0,5.0,1.65,4.65,-0.00956459923653541,0.00951050973562885,0,100,0.002414702409816405,0.0023413517044274237,0,100,True
11,centered_weak,centered_calibration-002,serial,0.05,-0.5762225508362344,0.049999999999999996,0.05,0.01931085318103799,0.20012019320360766,0.035779896748297756,0.0023963792192311503,0.03906300383697789,7.874369665388687e-05,1.0475062712217347,0.07780542067537466,0.11293824159493968,0.002857766389931907,0.0041183385353592665,0.002455606239919463,False,,5.0,5.0,1.55,4.55,0.020179823944283144,-0.0084039636852221,0,100,0.002414702409816405,0.0023413517044274237,0,100,True
11,centered_weak,centered_calibration-003,serial,0.05,0.4920474231648682,0.049999999999999996,0.05,0.01933340584198162,0.20026156445951648,0.03187422571147809,0.0023963792192311503,0.0279291980230897,7.874369665388687e-05,0.9079509361768738,0.07780542067537466,0.10089503487531694,0.002857766389931907,0.0021990625864151277,0.002455606239919463,False,,5.0,5.0,1.5,4.5,-0.012818474723088124,0.011449888289721353,0,100,0.002414702409816405,0.0023413517044274237,0,100,True
11,centered_weak,centered_calibration-000,serial,0.1,0.4249592452080868,0.1,0.10000000000000002,0.024974204677431822,0.22746151676078155,0.031168074562907714,0.002230542600941942,0.025757618621747334,0.00010376575852207431,0.9413393559393135,0.08128281407920987,0.09899724992758326,0.002595494952799581,0.001554454008658568,0.0023765472123341617,False,,5.0,5.0,1.3,4.3,-0.010323125954458114,0.010656384727343317,0,50,0.002232028831055767,0.002159803243489979,0,50,True
11,centered_weak,centered_calibration-001,serial,0.1,0.3865650053350364,0.1,0.10000000000000002,0.02575243417836669,0.23063544847759895,0.02893150622237612,0.002230542600941942,0.02158670048843104,0.00010376575852207431,0.8403984429773537,0.08128281407920987,0.09174885617219808,0.002595494952799581,0.0030260591251382177,0.0023765472123341617,False,,5.0,5.0,1.65,4.65,-0.008863027851769319,0.010033941920137903,0,50,0.002232028831055767,0.002159803243489979,0,50,True
11,centered_weak,centered_calibration-002,serial,0.1,-0.5762225508362344,0.1,0.10000000000000002,0.02566054304393151,0.23041588849429262,0.04117654120081247,0.002230542600941942,0.04810883179169339,0.00010376575852207431,1.2053818973240105,0.08128281407920987,0.1302062186823339,0.002595494952799581,0.005301495294083688,0.0023765472123341617,False,,5.0,5.0,1.55,4.55,0.018747651119044428,-0.009619990232691967,0,50,0.002232028831055767,0.002159803243489979,0,50,True
11,centered_weak,centered_calibration-003,serial,0.1,0.4920474231648682,0.1,0.10000000000000002,0.025055809978709473,0.22768458715083495,0.03608539442142673,0.002230542600941942,0.03451002212426594,0.00010376575852207431,1.0751594575580803,0.08128281407920987,0.11456846072777409,0.002595494952799581,0.0018556480103227697,0.0023765472123341617,False,,5.0,5.0,1.5,4.5,-0.012115610103794926,0.012002543708172215,0,50,0.002232028831055767,0.002159803243489979,0,50,True
11,centered_weak,centered_calibration-000,serial,0.2,0.4249592452080868,0.19999999999999998,0.2,0.04396834503810643,0.2889177188320118,0.0403735002053566,0.0022308164607559742,0.03859046704364135,0.00020344450074364357,1.1404609836098765,0.09331376919718723,0.12359737870032025,0.005002869403046651,0.004523470623661266,0.002058850532642213,False,,5.0,5.0,1.3,4.3,-0.008491914651898,0.012456368218525988,0,25,0.002060689099522983,0.0019979565000317954,0,25,True
11,centered_weak,centered_calibration-001,serial,0.2,0.3865650053350364,0.19999999999999998,0.2,0.046287789144875996,0.2976909475925323,0.03804294091657657,0.0022308164607559742,0.03577032535626512,0.00020344450074364357,1.1016991890427683,0.09331376919718723,0.11708228063411634,0.005002869403046651,0.004851426117490298,0.002058850532642213,False,,5.0,5.0,1.65,4.65,-0.006625141135958285,0.011643576294423528,0,25,0.002060689099522983,0.0019979565000317954,0,25,True
11,centered_weak,centered_calibration-002,serial,0.2,-0.5762225508362344,0.19999999999999998,0.2,0.04217458983870384,0.28585109589036023,0.053082043336015,0.0022308164607559742,0.07437501322442727,0.00020344450074364357,1.6223016164657686,0.09331376919718723,0.16306227102263166,0.005002869403046651,0.00927430322130129,0.002058850532642213,False,,5.0,5.0,1.55,4.55,0.016101360388490117,-0.011581764720772977,0,25,0.002060689099522983,0.0019979565000317954,0,25,True
11,centered_weak,centered_calibration-003,serial,0.2,0.4920474231648682,0.19999999999999998,0.2,0.044072160158754335,0.2890929282423411,0.04695032148335659,0.0022308164607559742,0.052142608758521156,0.00020344450074364357,1.3063193268534754,0.09331376919718723,0.1437473394905311,0.005002869403046651,0.004984319033485467,0.002058850532642213,False,,5.0,5.0,1.5,4.5,-0.009596681527403441,0.014015514770906701,0,25,0.002060689099522983,0.0019979565000317954,0,25,True
11,centered_weak,centered_calibration-000,fixed_cadence,0.0,0.4249592452080868,0.05,0.0,0.015967175015162365,0.18248187718935938,0.0255447591253884,0.00316361975973443,0.019256551009018328,8.085031609950905e-05,0.7200544981825228,0.06688452349780742,0.08067946275320467,0.0041456368710601045,0.0021661199070820343,0.0032040617935553983,False,,5.0,5.0,1.3,4.3,-0.010797239972365459,0.010205833577646038,0,101,0.00315321558891479,0.0030578459135460374,0,101,True
11,centered_weak,centered_calibration-001,fixed_cadence,0.0,0.3865650053350364,0.05,0.0,0.015954335526095296,0.18242150098798665,0.023279848351927705,0.00316361975973443,0.015862402170338498,8.085031609950905e-05,0.6606614498960848,0.06688452349780742,0.07344290532813856,0.0041456368710601045,0.003662179171413512,0.0032040617935553983,False,,5.0,5.0,1.65,4.65,-0.009478545693767628,0.009588633003273714,0,101,0.00315321558891479,0.0030578459135460374,0,101,True
11,centered_weak,centered_calibration-002,fixed_cadence,0.0,-0.5762225508362344,0.05,0.0,0.01609129978041388,0.18296104244950354,0.0325500724800014,0.00316361975973443,0.036821549659047,8.085031609950905e-05,0.9535508512127275,0.06688452349780742,0.10249742408372874,0.0041456368710601045,0.004579867007009871,0.0032040617935553983,False,,5.0,5.0,1.55,4.55,0.02188883447824661,-0.0067438040121066845,0,101,0.00315321558891479,0.0030578459135460374,0,101,True
11,centered_weak,centered_calibration-003,fixed_cadence,0.0,0.4920474231648682,0.05,0.0,0.015994697111928847,0.1826088807925621,0.02934417304186504,0.00316361975973443,0.02580018138149026,8.085031609950905e-05,0.8232172115313883,0.06688452349780742,0.09279786188674993,0.0041456368710601045,0.0026673554191237554,0.0032040617935553983,False,,5.0,5.0,1.5,4.5,-0.012923644242895205,0.011348830028123846,0,101,0.00315321558891479,0.0030578459135460374,0,101,True
11,centered_weak,centered_calibration-000,fixed_cadence,0.05,0.4249592452080868,0.049999999999999996,0.05,0.01928372054343058,0.20006837633660063,0.027594198733255505,0.0023963792192311503,0.020790678796799245,7.874369665388687e-05,0.7961534096981064,0.07780542067537466,0.08731753169577947,0.002857766389931907,0.0014027308663023014,0.002455606239919463,False,,5.0,5.0,1.3,4.3,-0.01081666520802913,0.010187565736543155,0,100,0.002414702409816405,0.0023413517044274237,0,100,True
11,centered_weak,centered_calibration-001,fixed_cadence,0.05,0.3865650053350364,0.049999999999999996,0.05,0.01925861860384054,0.19997024645738887,0.025201262253321303,0.0023963792192311503,0.017264882568370984,7.874369665388687e-05,0.7305463164235131,0.07780542067537466,0.07971402992983545,0.002857766389931907,0.0032539860726692833,0.002455606239919463,False,,5.0,5.0,1.65,4.65,-0.00956459923653541,0.00951050973562885,0,100,0.002414702409816405,0.0023413517044274237,0,100,True
11,centered_weak,centered_calibration-002,fixed_cadence,0.05,-0.5762225508362344,0.049999999999999996,0.05,0.01931085318103799,0.20012019320360766,0.035779896748297756,0.0023963792192311503,0.03906300383697789,7.874369665388687e-05,1.0475062712217347,0.07780542067537466,0.11293824159493968,0.002857766389931907,0.0041183385353592665,0.002455606239919463,False,,5.0,5.0,1.55,4.55,0.020179823944283144,-0.0084039636852221,0,100,0.002414702409816405,0.0023413517044274237,0,100,True
11,centered_weak,centered_calibration-003,fixed_cadence,0.05,0.4920474231648682,0.049999999999999996,0.05,0.01933340584198162,0.20026156445951648,0.03187422571147809,0.0023963792192311503,0.0279291980230897,7.874369665388687e-05,0.9079509361768738,0.07780542067537466,0.10089503487531694,0.002857766389931907,0.0021990625864151277,0.002455606239919463,False,,5.0,5.0,1.5,4.5,-0.012818474723088124,0.011449888289721353,0,100,0.002414702409816405,0.0023413517044274237,0,100,True
11,centered_weak,centered_calibration-000,fixed_cadence,0.1,0.4249592452080868,0.05,0.1,0.02282562482528886,0.21766006905429167,0.029883605362809446,0.00228801520419333,0.0225324901314788,9.92378836063697e-05,0.8884623184072027,0.10474833689799405,0.09475001422494775,0.0027268116986531024,0.0013190149967975155,0.00237932637988798,False,,5.0,5.0,1.3,4.3,-0.010178388547727594,0.01082065630809371,0,99,0.0022986781926660426,0.002227395544744827,0,99,True
11,centered_weak,centered_calibration-001,fixed_cadence,0.1,0.3865650053350364,0.05,0.1,0.02278761101993318,0.21753672239875746,0.027287138097069827,0.00228801520419333,0.018729474753970222,9.92378836063697e-05,0.8173548712598333,0.10474833689799405,0.08649923327497411,0.0027268116986531024,0.0033199022609173346,0.00237932637988798,False,,5.0,5.0,1.65,4.65,-0.00899543602449609,0.010074448070626862,0,99,0.0022986781926660426,0.002227395544744827,0,99,True
11,centered_weak,centered_calibration-002,fixed_cadence,0.1,-0.5762225508362344,0.05,0.1,0.02270144892432955,0.21726013884636006,0.03877087028178056,0.00228801520419333,0.04226620529420204,9.92378836063697e-05,1.1657477452622902,0.10474833689799405,0.12282134425309223,0.0027268116986531024,0.004142428752011512,0.00237932637988798,False,,5.0,5.0,1.55,4.55,0.019082778427174558,-0.009486942450926725,0,99,0.0022986781926660426,0.002227395544744827,0,99,True
11,centered_weak,centered_calibration-003,fixed_cadence,0.1,0.4920474231648682,0.05,0.1,0.022898434141374362,0.21789586332865987,0.03455751679645686,0.00228801520419333,0.030205455093816416,9.92378836063697e-05,1.009514620827342,0.10474833689799405,0.10956702700845207,0.0027268116986531024,0.0022330261873865402,0.00237932637988798,False,,5.0,5.0,1.5,4.5,-0.012048696805367003,0.012210683073625708,0,99,0.0022986781926660426,0.002227395544744827,0,99,True
11,centered_weak,centered_calibration-000,fixed_cadence,0.2,0.4249592452080868,0.049999999999999996,0.19999999999999998,0.031114578757310524,0.2579599603539784,0.034411237245131975,0.0026763996227775317,0.026767325227939925,0.0002263311963706934,1.0830338073461712,0.15395911014968747,0.11090626530863182,0.0062034532116608,0.0014003652000944486,0.0020356647774829096,False,,5.0,5.0,1.3,4.3,-0.008292889293841425,0.012734834521705462,0,97,0.002352900359221396,0.002293322772989685,0,97,True
11,centered_weak,centered_calibration-001,fixed_cadence,0.2,0.3865650053350364,0.049999999999999996,0.19999999999999998,0.031062546572313634,0.25788230646865984,0.03126583726066372,0.0026763996227775317,0.02249023079263439,0.0002263311963706934,1.002818882235831,0.15395911014968747,0.10081127759316044,0.0062034532116608,0.003767522623035035,0.0020356647774829096,False,,5.0,5.0,1.65,4.65,-0.007351163101009429,0.011845343870028623,0,97,0.002352900359221396,0.002293322772989685,0,97,True
11,centered_weak,centered_calibration-002,fixed_cadence,0.2,-0.5762225508362344,0.049999999999999996,0.19999999999999998,0.03056290007728222,0.25678892099675565,0.045333536573235904,0.0026763996227775317,0.05234035252219483,0.0002263311963706934,1.4406235290258587,0.15395911014968747,0.14695568289408337,0.0062034532116608,0.003436637719393194,0.0020356647774829096,False,,5.0,5.0,1.55,4.55,0.016782278868742877,-0.011909024837896154,0,97,0.002352900359221396,0.002293322772989685,0,97,True
11,centered_weak,centered_calibration-003,fixed_cadence,0.2,0.4920474231648682,0.049999999999999996,0.19999999999999998,0.031228324442531014,0.2581431098093778,0.0397190309010989,0.0026763996227775317,0.03589939661743429,0.0002263311963706934,1.228905968138522,0.15395911014968747,0.1280142663516566,0.0062034532116608,0.0029083807529515916,0.0020356647774829096,False,,5.0,5.0,1.5,4.5,-0.009916670132986607,0.01445073196675671,0,97,0.002352900359221396,0.002293322772989685,0,97,True
11,centered_strong,centered_calibration-000,serial,0.0,0.4249592452080868,0.05,0.0,0.016697341414741527,0.18511235844816687,0.026191258851391907,0.0030752789631798443,0.018830195648613872,7.078437927481302e-05,0.7125391898970312,0.07184316351220071,0.08220483452625789,0.003929685639095491,0.0021230253694909775,0.003197524094269734,False,,5.0,5.0,1.3,4.3,-0.010731151543111205,0.010245309757389163,0,101,0.003021998487859368,0.0029257008905542296,0,101,True
11,centered_strong,centered_calibration-001,serial,0.0,0.3865650053350364,0.05,0.0,0.016681973991842527,0.18504403745216125,0.02380426505436858,0.0030752789631798443,0.015377575949284112,7.078437927481302e-05,0.6515766023020453,0.07184316351220071,0.07461127452785259,0.003929685639095491,0.004013542312324465,0.003197524094269734,False,,5.0,5.0,1.65,4.65,-0.009458181850165724,0.0096285252311721,0,101,0.003021998487859368,0.0029257008905542296,0,101,True
11,centered_strong,centered_calibration-002,serial,0.0,-0.5762225508362344,0.05,0.0,0.016813733894488425,0.1855326827915174,0.033171811790861844,0.0030752789631798443,0.03553063802734772,7.078437927481302e-05,0.9371244250158972,0.07184316351220071,0.10373077571841888,0.003929685639095491,0.004574389214939448,0.003197524094269734,False,,5.0,5.0,1.55,4.55,0.021524197392612097,-0.007116273756237681,0,101,0.003021998487859368,0.0029257008905542296,0,101,True
11,centered_strong,centered_calibration-003,serial,0.0,0.4920474231648682,0.05,0.0,0.01672661883407646,0.18524082517550133,0.03004806528778791,0.0030752789631798443,0.025090934648648554,7.078437927481302e-05,0.8114029554943747,0.07184316351220071,0.09438579849468813,0.003929685639095491,0.002971215601276729,0.003197524094269734,False,,5.0,5.0,1.5,4.5,-0.012840524531454445,0.011427214063084142,0,101,0.003021998487859368,0.0029257008905542296,0,101,True
11,centered_strong,centered_calibration-000,serial,0.05,0.4249592452080868,0.049999999999999996,0.05,0.020065529085374383,0.20246313913918537,0.028235780465484965,0.0022815887747677796,0.02023578062895734,4.992976097954205e-05,0.7684904066530232,0.06595117129955336,0.08875495128221099,0.0027224137954548863,0.0014008909133462451,0.0024488330693330017,False,,5.0,5.0,1.3,4.3,-0.010756793193092863,0.01022148352749611,0,100,0.0022697706301302496,0.002195536011283465,0,100,True
11,centered_strong,centered_calibration-001,serial,0.05,0.3865650053350364,0.049999999999999996,0.05,0.020036958234165528,0.20235747505628138,0.025734252878279087,0.0022815887747677796,0.01666713045113431,4.992976097954205e-05,0.7019027424660687,0.06595117129955336,0.08084885502370584,0.0027224137954548863,0.003663619683966093,0.0024488330693330017,False,,5.0,5.0,1.65,4.65,-0.009557368926277678,0.009546130552333845,0,100,0.0022697706301302496,0.002195536011283465,0,100,True
11,centered_strong,centered_calibration-002,serial,0.05,-0.5762225508362344,0.049999999999999996,0.05,0.02007942706490602,0.20247583604382613,0.03636619894603539,0.0022815887747677796,0.03751469138286176,4.992976097954205e-05,1.010248112460709,0.06595117129955336,0.1139992855200648,0.0027224137954548863,0.004145508766798075,0.0024488330693330017,False,,5.0,5.0,1.55,4.55,0.019800949894318062,-0.00880046410621094,0,100,0.0022697706301302496,0.002195536011283465,0,100,True
11,centered_strong,centered_calibration-003,serial,0.05,0.4920474231648682,0.049999999999999996,0.05,0.020117313103120607,0.20266469550353433,0.032581020781392134,0.0022815887747677796,0.027049409929276194,4.992976097954205e-05,0.8760529858675961,0.06595117129955336,0.1024138827227926,0.0027224137954548863,0.0026060340637099077,0.0024488330693330017,False,,5.0,5.0,1.5,4.5,-0.012744737177660984,0.011526027559776882,0,100,0.0022697706301302496,0.002195536011283465,0,100,True
11,centered_strong,centered_calibration-000,serial,0.1,0.4249592452080868,0.1,0.10000000000000002,0.025813203744112674,0.22962811236506012,0.03181284579716122,0.0021576644771923604,0.024942239510394364,7.140195235011091e-05,0.9086032549879518,0.07456402881359717,0.10042070025329003,0.0029532246129221084,0.001365801133788642,0.002364759027882661,False,,5.0,5.0,1.3,4.3,-0.01025262663416717,0.010674806952077892,0,50,0.002074532561971214,0.0020011583256902307,0,50,True
11,centered_strong,centered_calibration-001,serial,0.1,0.3865650053350364,0.1,0.10000000000000002,0.026598396383472785,0.23276279234570085,0.029459807277164785,0.0021576644771923604,0.020706458498215896,7.140195235011091e-05,0.8107613365194763,0.07456402881359717,0.09281896328502122,0.0029532246129221084,0.0035331028714567668,0.002364759027882661,False,,5.0,5.0,1.65,4.65,-0.008863347417639226,0.010062256744695287,0,50,0.002074532561971214,0.0020011583256902307,0,50,True
11,centered_strong,centered_calibration-002,serial,0.1,-0.5762225508362344,0.1,0.10000000000000002,0.026489385909292923,0.23248386964589268,0.04170285761614532,0.0021576644771923604,0.04593346336062847,7.140195235011091e-05,1.1665192212007012,0.07456402881359717,0.13103721232691143,0.0029532246129221084,0.005295882999726149,0.002364759027882661,False,,5.0,5.0,1.55,4.55,0.018346932136489417,-0.010023269746732011,0,50,0.002074532561971214,0.0020011583256902307,0,50,True
11,centered_strong,centered_calibration-003,serial,0.1,0.4920474231648682,0.1,0.10000000000000002,0.02589698086729874,0.22984815465662597,0.03678958082962544,0.0021576644771923604,0.03323693847915642,7.140195235011091e-05,1.0364945943496193,0.07456402881359717,0.1160451111478794,0.0029532246129221084,0.002227014885520077,0.002364759027882661,False,,5.0,5.0,1.5,4.5,-0.012033920383976432,0.012067512927287057,0,50,0.002074532561971214,0.0020011583256902307,0,50,True
11,centered_strong,centered_calibration-000,serial,0.2,0.4249592452080868,0.19999999999999998,0.2,0.04482863879805676,0.29065824676259916,0.040950062854536014,0.0019726430651950803,0.03680684750844413,0.0001211690094402085,1.0828741120215284,0.06687848288973455,0.12497190311798023,0.003340157153343102,0.004196032858800515,0.002046201354300153,False,,5.0,5.0,1.3,4.3,-0.008334960754773298,0.012471392363878776,0,25,0.0019178904930141857,0.0018550042595498392,0,25,True
11,centered_strong,centered_calibration-001,serial,0.2,0.3865650053350364,0.19999999999999998,0.2,0.04713484662613146,0.2990251190456026,0.03845810885741478,0.0019726430651950803,0.03365188712429547,0.0001211690094402085,1.0368484111543523,0.06687848288973455,0.11782996984965148,0.003340157153343102,0.005249098784396228,0.002046201354300153,False,,5.0,5.0,1.65,4.65,-0.0066158555110904325,0.01169822013786007,0,25,0.0019178904930141857,0.0018550042595498392,0,25,True
11,centered_strong,centered_calibration-002,serial,0.2,-0.5762225508362344,0.19999999999999998,0.2,0.04301140724033193,0.2874782189309429,0.053452927674434526,0.0019726430651950803,0.0701111378796905,0.0001211690094402085,1.5438759552355634,0.06687848288973455,0.1635992127766384,0.003340157153343102,0.009045971060756702,0.002046201354300153,False,,5.0,5.0,1.55,4.55,0.015685469690897798,-0.01194879945206627,0,25,0.0019178904930141857,0.0018550042595498392,0,25,True
11,centered_strong,centered_calibration-003,serial,0.2,0.4920474231648682,0.19999999999999998,0.2,0.04493246048826483,0.29082262825480976,0.047551607499027426,0.0019726430651950803,0.049418314621196106,0.0001211690094402085,1.242143161785208,0.06687848288973455,0.14504167587958458,0.003340157153343102,0.004826744378631422,0.002046201354300153,False,,5.0,5.0,1.5,4.5,-0.009451908584496651,0.014091824023575856,0,25,0.0019178904930141857,0.0018550042595498392,0,25,True
11,centered_strong,centered_calibration-000,fixed_cadence,0.0,0.4249592452080868,0.05,0.0,0.016697341414741527,0.18511235844816687,0.026191258851391907,0.0030752789631798443,0.018830195648613872,7.078437927481302e-05,0.7125391898970312,0.07184316351220071,0.08220483452625789,0.003929685639095491,0.0021230253694909775,0.003197524094269734,False,,5.0,5.0,1.3,4.3,-0.010731151543111205,0.010245309757389163,0,101,0.003021998487859368,0.0029257008905542296,0,101,True
11,centered_strong,centered_calibration-001,fixed_cadence,0.0,0.3865650053350364,0.05,0.0,0.016681973991842527,0.18504403745216125,0.02380426505436858,0.0030752789631798443,0.015377575949284112,7.078437927481302e-05,0.6515766023020453,0.07184316351220071,0.07461127452785259,0.003929685639095491,0.004013542312324465,0.003197524094269734,False,,5.0,5.0,1.65,4.65,-0.009458181850165724,0.0096285252311721,0,101,0.003021998487859368,0.0029257008905542296,0,101,True
11,centered_strong,centered_calibration-002,fixed_cadence,0.0,-0.5762225508362344,0.05,0.0,0.016813733894488425,0.1855326827915174,0.033171811790861844,0.0030752789631798443,0.03553063802734772,7.078437927481302e-05,0.9371244250158972,0.07184316351220071,0.10373077571841888,0.003929685639095491,0.004574389214939448,0.003197524094269734,False,,5.0,5.0,1.55,4.55,0.021524197392612097,-0.007116273756237681,0,101,0.003021998487859368,0.0029257008905542296,0,101,True
11,centered_strong,centered_calibration-003,fixed_cadence,0.0,0.4920474231648682,0.05,0.0,0.01672661883407646,0.18524082517550133,0.03004806528778791,0.0030752789631798443,0.025090934648648554,7.078437927481302e-05,0.8114029554943747,0.07184316351220071,0.09438579849468813,0.003929685639095491,0.002971215601276729,0.003197524094269734,False,,5.0,5.0,1.5,4.5,-0.012840524531454445,0.011427214063084142,0,101,0.003021998487859368,0.0029257008905542296,0,101,True
11,centered_strong,centered_calibration-000,fixed_cadence,0.05,0.4249592452080868,0.049999999999999996,0.05,0.020065529085374383,0.20246313913918537,0.028235780465484965,0.0022815887747677796,0.02023578062895734,4.992976097954205e-05,0.7684904066530232,0.06595117129955336,0.08875495128221099,0.0027224137954548863,0.0014008909133462451,0.0024488330693330017,False,,5.0,5.0,1.3,4.3,-0.010756793193092863,0.01022148352749611,0,100,0.0022697706301302496,0.002195536011283465,0,100,True
11,centered_strong,centered_calibration-001,fixed_cadence,0.05,0.3865650053350364,0.049999999999999996,0.05,0.020036958234165528,0.20235747505628138,0.025734252878279087,0.0022815887747677796,0.01666713045113431,4.992976097954205e-05,0.7019027424660687,0.06595117129955336,0.08084885502370584,0.0027224137954548863,0.003663619683966093,0.0024488330693330017,False,,5.0,5.0,1.65,4.65,-0.009557368926277678,0.009546130552333845,0,100,0.0022697706301302496,0.002195536011283465,0,100,True
11,centered_strong,centered_calibration-002,fixed_cadence,0.05,-0.5762225508362344,0.049999999999999996,0.05,0.02007942706490602,0.20247583604382613,0.03636619894603539,0.0022815887747677796,0.03751469138286176,4.992976097954205e-05,1.010248112460709,0.06595117129955336,0.1139992855200648,0.0027224137954548863,0.004145508766798075,0.0024488330693330017,False,,5.0,5.0,1.55,4.55,0.019800949894318062,-0.00880046410621094,0,100,0.0022697706301302496,0.002195536011283465,0,100,True
11,centered_strong,centered_calibration-003,fixed_cadence,0.05,0.4920474231648682,0.049999999999999996,0.05,0.020117313103120607,0.20266469550353433,0.032581020781392134,0.0022815887747677796,0.027049409929276194,4.992976097954205e-05,0.8760529858675961,0.06595117129955336,0.1024138827227926,0.0027224137954548863,0.0026060340637099077,0.0024488330693330017,False,,5.0,5.0,1.5,4.5,-0.012744737177660984,0.011526027559776882,0,100,0.0022697706301302496,0.002195536011283465,0,100,True
11,centered_strong,centered_calibration-000,fixed_cadence,0.1,0.4249592452080868,0.05,0.1,0.02366525326845465,0.22000754787226315,0.030510546166139258,0.002185585385202928,0.021853852453803575,6.597925420479586e-05,0.8602884556903293,0.09568834265608094,0.09613048885327292,0.00269119938050023,0.001336609949474734,0.002373194627152144,False,,5.0,5.0,1.3,4.3,-0.010109607812486774,0.01086441388581344,0,99,0.0021594260516537363,0.0020873539033580127,0,99,True
11,centered_strong,centered_calibration-001,fixed_cadence,0.1,0.3865650053350364,0.05,0.1,0.023622867316524496,0.21987799282194195,0.02782168720432749,0.002185585385202928,0.01803751393549891,6.597925420479586e-05,0.7886196818007877,0.09568834265608094,0.08762875119968074,0.00269119938050023,0.0037470924237605406,0.002373194627152144,False,,5.0,5.0,1.65,4.65,-0.008982194152198916,0.01011979571689186,0,99,0.0021594260516537363,0.0020873539033580127,0,99,True
11,centered_strong,centered_calibration-002,fixed_cadence,0.1,-0.5762225508362344,0.05,0.1,0.023518623009349954,0.21954825728825492,0.03934469199185197,0.002185585385202928,0.040518978571486376,6.597925420479586e-05,1.1276226263298441,0.09568834265608094,0.12383271833597627,0.00269119938050023,0.004169360262802831,0.002373194627152144,False,,5.0,5.0,1.55,4.55,0.01871295614866149,-0.009878005849852826,0,99,0.0021594260516537363,0.0020873539033580127,0,99,True
11,centered_strong,centered_calibration-003,fixed_cadence,0.1,0.4920474231648682,0.05,0.1,0.023740735766038443,0.22023966861789362,0.03525867738808505,0.002185585385202928,0.02917164815227826,6.597925420479586e-05,0.9768428426041057,0.09568834265608094,0.11105622305034392,0.00269119938050023,0.0026699388877667184,0.002373194627152144,False,,5.0,5.0,1.5,4.5,-0.011967199791692381,0.012297999451817889,0,99,0.0021594260516537363,0.0020873539033580127,0,99,True
11,centered_strong,centered_calibration-000,fixed_cadence,0.2,0.4249592452080868,0.049999999999999996,0.19999999999999998,0.03209767789293661,0.2598774122291688,0.03499273001525588,0.0024963380105157153,0.025559266850669407,0.0001622537485299001,1.0349282294537543,0.13437226861972798,0.11195547471681908,0.005335940473220306,0.0016084812831288085,0.0020378753961346734,False,,5.0,5.0,1.3,4.3,-0.008178826597841367,0.012842101477102127,0,97,0.0022708805377167616,0.0022104890128225585,0,97,True
11,centered_strong,centered_calibration-001,fixed_cadence,0.2,0.3865650053350364,0.049999999999999996,0.19999999999999998,0.03204171171959149,0.259786130790621,0.031767461567660346,0.0024963380105157153,0.021379659628284288,0.0001622537485299001,0.9556492090250968,0.13437226861972798,0.1016953259314472,0.005335940473220306,0.004154655690603742,0.0020378753961346734,False,,5.0,5.0,1.65,4.65,-0.00728699992349921,0.011948177837330569,0,97,0.0022708805377167616,0.0022104890128225585,0,97,True
11,centered_strong,centered_calibration-002,fixed_cadence,0.2,-0.5762225508362344,0.049999999999999996,0.19999999999999998,0.03151384285734742,0.2585962894237432,0.045947056436441924,0.0024963380105157153,0.04981761233102059,0.0001622537485299001,1.3809495463993071,0.13437226861972798,0.14779937434361085,0.005335940473220306,0.0035626919599054886,0.0020378753961346734,False,,5.0,5.0,1.55,4.55,0.016491113426772962,-0.012237454878984885,0,97,0.0022708805377167616,0.0022104890128225585,0,97,True
11,centered_strong,centered_calibration-003,fixed_cadence,0.2,0.4920474231648682,0.049999999999999996,0.19999999999999998,0.032214717593406945,0.26007640188357,0.04037821160339264,0.0024963380105157153,0.03420387048691559,0.0001622537485299001,1.1748486429478644,0.13437226861972798,0.1291827671166187,0.005335940473220306,0.003359064926693932,0.0020378753961346734,False,,5.0,5.0,1.5,4.5,-0.009790287343175993,0.0146005882913036,0,97,0.0022708805377167616,0.0022104890128225585,0,97,True
22,native,centered_calibration-000,serial,0.0,0.4249592452080868,0.05,0.0,0.0166889614228985,0.18585374977890048,0.02526150170483113,0.002378721999095067,0.020788590403666186,0.00018239179712296882,0.8063241839408875,0.16005050390958786,0.0794944301619838,0.00676004241467141,0.0024223673894349937,0.001087482419269149,False,,5.0,5.0,1.3,4.3,-0.015414594113826752,0.005691550209011242,0,101,-0.0016202326864004136,-0.001592472895458785,0,101,True
22,native,centered_calibration-001,serial,0.0,0.3865650053350364,0.05,0.0,0.0166994337858663,0.1859155991002953,0.022901208163247658,0.002378721999095067,0.01686045462299543,0.00018239179712296882,0.7407178729772568,0.16005050390958786,0.07191464846343683,0.00676004241467141,0.0024141208976515317,0.001087482419269149,False,,5.0,5.0,1.65,4.65,-0.01411934606730938,0.005076439497321061,0,101,-0.0016202326864004136,-0.001592472895458785,0,101,True
22,native,centered_calibration-002,serial,0.0,-0.5762225508362344,0.05,0.0,0.01697440877587483,0.18732389874042746,0.03408249053157306,0.002378721999095067,0.03485396057478253,0.00018239179712296882,1.0142076760530472,0.16005050390958786,0.10758285281159094,0.00676004241467141,0.0024127853539931137,0.001087482419269149,False,,5.0,5.0,1.55,4.55,0.01694084294140339,-0.011557519519984377,0,101,-0.0016202326864004136,-0.001592472895458785,0,101,True
22,native,centered_calibration-003,serial,0.0,0.4920474231648682,0.05,0.0,0.016692785800276985,0.1858591589099776,0.029198818921751787,0.002378721999095067,0.027356837864716634,0.00018239179712296882,0.9063431993126869,0.16005050390958786,0.09192641451313274,0.00676004241467141,0.0026387985792106256,0.001087482419269149,False,,5.0,5.0,1.5,4.5,-0.017527841590344907,0.00685732753811027,0,101,-0.0016202326864004136,-0.001592472895458785,0,101,True
22,native,centered_calibration-000,serial,0.05,0.4249592452080868,0.049999999999999996,0.05,0.01969955127440809,0.20267805910528883,0.027082882391124437,0.0004267776143303514,0.02147330314501653,5.43993838915402e-05,0.8498640358448029,0.13812802731990814,0.08604197660883157,0.0012308119841638843,0.0016025333317729754,0.00015465348545209493,False,,5.0,5.0,1.3,4.3,-0.013369782269001007,0.007708690992890422,0,100,-0.00021281093358993536,-0.00020890248394532401,0,100,True
22,native,centered_calibration-001,serial,0.05,0.3865650053350364,0.049999999999999996,0.05,0.01970310371387241,0.20270513194315257,0.024718143486181704,0.0004267776143303514,0.017821937967999656,5.43993838915402e-05,0.7844152301549911,0.13812802731990814,0.07851331561347923,0.0012308119841638843,0.002262603104567134,0.00015465348545209493,False,,5.0,5.0,1.65,4.65,-0.012129162810742855,0.007036567831485339,0,100,-0.00021281093358993536,-0.00020890248394532401,0,100,True
22,native,centered_calibration-002,serial,0.05,-0.5762225508362344,0.049999999999999996,0.05,0.020065142672671985,0.2042452434469797,0.03704530340710465,0.0004267776143303514,0.03862636932986919,5.43993838915402e-05,1.0861675441265106,0.13812802731990814,0.11754529190156308,0.0012308119841638843,0.002597291099160889,0.00015465348545209493,False,,5.0,5.0,1.55,4.55,0.017448046430945392,-0.011064884790092126,0,100,-0.00021281093358993536,-0.00020890248394532401,0,100,True
22,native,centered_calibration-003,serial,0.05,0.4920474231648682,0.049999999999999996,0.05,0.01970313561163574,0.20267191743107993,0.03143585066661325,0.0004267776143303514,0.028798626439173566,5.43993838915402e-05,0.9628098458051682,0.13812802731990814,0.09984838953365457,0.0012308119841638843,0.0020837421769441455,0.00015465348545209493,False,,5.0,5.0,1.5,4.5,-0.01538057830184698,0.0089730538858255,0,100,-0.00021281093358993536,-0.00020890248394532401,0,100,True
22,native,centered_calibration-000,serial,0.1,0.4249592452080868,0.1,0.10000000000000002,0.025975067748740307,0.23122880612189248,0.030895615109762978,0.001997557519644173,0.024477907704418024,0.00013910749694465152,0.8961475640535355,0.08437797427177429,0.09766398179862634,0.005715387106226023,0.0016416883827036878,0.0009052769254131662,False,,5.0,5.0,1.3,4.3,-0.011049925163388253,0.009933211646702415,0,50,0.0013304822146892547,0.001308760703140776,0,50,True
22,native,centered_calibration-001,serial,0.1,0.3865650053350364,0.1,0.10000000000000002,0.02688727907899035,0.23484293388653144,0.028732281275056594,0.001997557519644173,0.020931643319094972,0.00013910749694465152,0.8195491880178452,0.08437797427177429,0.09075943006799123,0.005715387106226023,0.0030264881024941225,0.0009052769254131662,False,,5.0,5.0,1.65,4.65,-0.009626883640885351,0.009354859132877369,0,50,0.0013304822146892547,0.001308760703140776,0,50,True
22,native,centered_calibration-002,serial,0.1,-0.5762225508362344,0.1,0.10000000000000002,0.02718788606237798,0.23566184531900225,0.043244277754624506,0.001997557519644173,0.04765069227465972,0.00013910749694465152,1.1780758202075958,0.08437797427177429,0.1361325645619751,0.005715387106226023,0.004275559380934663,0.0009052769254131662,False,,5.0,5.0,1.55,4.55,0.017617489397525783,-0.010698164264094017,0,50,0.0013304822146892547,0.001308760703140776,0,50,True
22,native,centered_calibration-003,serial,0.1,0.4920474231648682,0.1,0.10000000000000002,0.025989142427899254,0.23124481506030975,0.03581412897391517,0.001997557519644173,0.033290723089193536,0.00013910749694465152,1.0336311161518097,0.08437797427177429,0.11331625882779461,0.005715387106226023,0.002358675804299305,0.0009052769254131662,False,,5.0,5.0,1.5,4.5,-0.012866235151886937,0.011293577737894718,0,50,0.0013304822146892547,0.001308760703140776,0,50,True
22,native,centered_calibration-000,serial,0.2,0.4249592452080868,0.19999999999999998,0.2,0.04499828188716485,0.29141490802814535,0.040368835004572834,0.0026579405056009215,0.036615315464675335,0.00029380050845961847,1.1191566288471222,0.10767266154289246,0.12258442196365417,0.00784804170897606,0.004753873314468459,0.0011572310371079102,False,,5.0,5.0,1.3,4.3,-0.008703514933586126,0.012190266246047951,0,25,0.0015936940908432007,0.001576121181388844,0,25,True
22,native,centered_calibration-001,serial,0.2,0.3865650053350364,0.19999999999999998,0.2,0.04734987829412151,0.2995750987991795,0.037648341633085086,0.0026579405056009215,0.03383521037320481,0.00029380050845961847,1.0628784447908401,0.10767266154289246,0.11502604731999726,0.00784804170897606,0.005363616576926883,0.0011572310371079102,False,,5.0,5.0,1.65,4.65,-0.006924903392791752,0.011407483494144206,0,25,0.0015936940908432007,0.001576121181388844,0,25,True
22,native,centered_calibration-002,serial,0.2,-0.5762225508362344,0.19999999999999998,0.2,0.0437620089899927,0.2887864477576725,0.05495202286220025,0.0026579405056009215,0.07390623909864696,0.00029380050845961847,1.6090357676148415,0.10767266154289246,0.16768609195693315,0.00784804170897606,0.008616608961006562,0.0011572310371079102,False,,5.0,5.0,1.55,4.55,0.01542097181081772,-0.01213555153427337,0,25,0.0015936940908432007,0.001576121181388844,0,25,True
22,native,centered_calibration-003,serial,0.2,0.4920474231648682,0.19999999999999998,0.2,0.04504243703174885,0.2914781711585204,0.046631407349945996,0.0026579405056009215,0.049830155853846085,0.00029380050845961847,1.2983796000480652,0.10767266154289246,0.1419759261006918,0.00784804170897606,0.005491153132651373,0.0011572310371079102,False,,5.0,5.0,1.5,4.5,-0.009836134314537049,0.013765330332195652,0,25,0.0015936940908432007,0.001576121181388844,0,25,True
22,native,centered_calibration-000,fixed_cadence,0.0,0.4249592452080868,0.05,0.0,0.0166889614228985,0.18585374977890048,0.02526150170483113,0.002378721999095067,0.020788590403666186,0.00018239179712296882,0.8063241839408875,0.16005050390958786,0.0794944301619838,0.00676004241467141,0.0024223673894349937,0.001087482419269149,False,,5.0,5.0,1.3,4.3,-0.015414594113826752,0.005691550209011242,0,101,-0.0016202326864004136,-0.001592472895458785,0,101,True
22,native,centered_calibration-001,fixed_cadence,0.0,0.3865650053350364,0.05,0.0,0.0166994337858663,0.1859155991002953,0.022901208163247658,0.002378721999095067,0.01686045462299543,0.00018239179712296882,0.7407178729772568,0.16005050390958786,0.07191464846343683,0.00676004241467141,0.0024141208976515317,0.001087482419269149,False,,5.0,5.0,1.65,4.65,-0.01411934606730938,0.005076439497321061,0,101,-0.0016202326864004136,-0.001592472895458785,0,101,True
22,native,centered_calibration-002,fixed_cadence,0.0,-0.5762225508362344,0.05,0.0,0.01697440877587483,0.18732389874042746,0.03408249053157306,0.002378721999095067,0.03485396057478253,0.00018239179712296882,1.0142076760530472,0.16005050390958786,0.10758285281159094,0.00676004241467141,0.0024127853539931137,0.001087482419269149,False,,5.0,5.0,1.55,4.55,0.01694084294140339,-0.011557519519984377,0,101,-0.0016202326864004136,-0.001592472895458785,0,101,True
22,native,centered_calibration-003,fixed_cadence,0.0,0.4920474231648682,0.05,0.0,0.016692785800276985,0.1858591589099776,0.029198818921751787,0.002378721999095067,0.027356837864716634,0.00018239179712296882,0.9063431993126869,0.16005050390958786,0.09192641451313274,0.00676004241467141,0.0026387985792106256,0.001087482419269149,False,,5.0,5.0,1.5,4.5,-0.017527841590344907,0.00685732753811027,0,101,-0.0016202326864004136,-0.001592472895458785,0,101,True
22,native,centered_calibration-000,fixed_cadence,0.05,0.4249592452080868,0.049999999999999996,0.05,0.01969955127440809,0.20267805910528883,0.027082882391124437,0.0004267776143303514,0.02147330314501653,5.43993838915402e-05,0.8498640358448029,0.13812802731990814,0.08604197660883157,0.0012308119841638843,0.0016025333317729754,0.00015465348545209493,False,,5.0,5.0,1.3,4.3,-0.013369782269001007,0.007708690992890422,0,100,-0.00021281093358993536,-0.00020890248394532401,0,100,True
22,native,centered_calibration-001,fixed_cadence,0.05,0.3865650053350364,0.049999999999999996,0.05,0.01970310371387241,0.20270513194315257,0.024718143486181704,0.0004267776143303514,0.017821937967999656,5.43993838915402e-05,0.7844152301549911,0.13812802731990814,0.07851331561347923,0.0012308119841638843,0.002262603104567134,0.00015465348545209493,False,,5.0,5.0,1.65,4.65,-0.012129162810742855,0.007036567831485339,0,100,-0.00021281093358993536,-0.00020890248394532401,0,100,True
22,native,centered_calibration-002,fixed_cadence,0.05,-0.5762225508362344,0.049999999999999996,0.05,0.020065142672671985,0.2042452434469797,0.03704530340710465,0.0004267776143303514,0.03862636932986919,5.43993838915402e-05,1.0861675441265106,0.13812802731990814,0.11754529190156308,0.0012308119841638843,0.002597291099160889,0.00015465348545209493,False,,5.0,5.0,1.55,4.55,0.017448046430945392,-0.011064884790092126,0,100,-0.00021281093358993536,-0.00020890248394532401,0,100,True
22,native,centered_calibration-003,fixed_cadence,0.05,0.4920474231648682,0.049999999999999996,0.05,0.01970313561163574,0.20267191743107993,0.03143585066661325,0.0004267776143303514,0.028798626439173566,5.43993838915402e-05,0.9628098458051682,0.13812802731990814,0.09984838953365457,0.0012308119841638843,0.0020837421769441455,0.00015465348545209493,False,,5.0,5.0,1.5,4.5,-0.01538057830184698,0.0089730538858255,0,100,-0.00021281093358993536,-0.00020890248394532401,0,100,True
22,native,centered_calibration-000,fixed_cadence,0.1,0.4249592452080868,0.05,0.1,0.02356346180752827,0.221198653595763,0.02963554305176226,0.0014831486718121932,0.021926120782710688,9.284593803483843e-05,0.8547530323266983,0.09826771914958954,0.0940375402767441,0.003958689927154358,0.0008666572062141446,0.0008851634845319249,False,,5.0,5.0,1.3,4.3,-0.011146822385489941,0.009890044367181066,0,99,0.0011586885899305343,0.0011342736310882295,0,99,True
22,native,centered_calibration-001,fixed_cadence,0.1,0.3865650053350364,0.05,0.1,0.023558755447308802,0.22118699316382165,0.027049568320586068,0.0014831486718121932,0.018421065183772713,9.284593803483843e-05,0.7881510257720947,0.09826771914958954,0.08585966551646265,0.003958689927154358,0.002772660738647401,0.0008851634845319249,False,,5.0,5.0,1.65,4.65,-0.0100107591599226,0.009154439185644429,0,99,0.0011586885899305343,0.0011342736310882295,0,99,True
22,native,centered_calibration-002,fixed_cadence,0.1,-0.5762225508362344,0.05,0.1,0.023881069484372186,0.2222073734498898,0.040385749885249116,0.0014831486718121932,0.041490623024321785,9.284593803483843e-05,1.12045556306839,0.09826771914958954,0.12785259821153336,0.003958689927154358,0.0032145442709536906,0.0008851634845319249,False,,5.0,5.0,1.55,4.55,0.017738434299826623,-0.010824726254931125,0,99,0.0011586885899305343,0.0011342736310882295,0,99,True
22,native,centered_calibration-003,fixed_cadence,0.1,0.4920474231648682,0.05,0.1,0.023572092196254533,0.22121292746133867,0.03432530383356768,0.0014831486718121932,0.029662337235408547,9.284593803483843e-05,0.9772632643580437,0.09826771914958954,0.1089668302796901,0.003958689927154358,0.0020604587350784827,0.0008851634845319249,False,,5.0,5.0,1.5,4.5,-0.013036400079727173,0.01129917322372999,0,99,0.0011586885899305343,0.0011342736310882295,0,99,True
22,native,centered_calibration-000,fixed_cadence,0.2,0.4249592452080868,0.049999999999999996,0.19999999999999998,0.03135308217700842,0.26039494217749487,0.034287723588560526,0.00166434597947813,0.026905006354919377,0.00011846872199371136,1.0489440709352493,0.15819385647773743,0.11128113687790551,0.004242774946488552,0.0009112727562361349,0.001059743411467955,False,,5.0,5.0,1.3,4.3,-0.009156407974660396,0.011935006389858959,0,97,0.0013481903821229934,0.0013168424538832755,0,97,True
22,native,centered_calibration-001,fixed_cadence,0.2,0.3865650053350364,0.049999999999999996,0.19999999999999998,0.0313359920182651,0.2603498806167599,0.03110635045166264,0.00166434597947813,0.022448079966778563,0.00011846872199371136,0.9703005105257034,0.15819385647773743,0.10103369618155707,0.004242774946488552,0.0029421095995074463,0.001059743411467955,False,,5.0,5.0,1.65,4.65,-0.008231278881430625,0.011031336990547577,0,97,0.0013481903821229934,0.0013168424538832755,0,97,True
22,native,centered_calibration-002,fixed_cadence,0.2,-0.5762225508362344,0.049999999999999996,0.19999999999999998,0.031203043101134045,0.25966776626197025,0.04595531830532602,0.00166434597947813,0.051243836312261246,0.00011846872199371136,1.3872552663087845,0.15819385647773743,0.149286351419525,0.004242774946488552,0.002757052163523423,0.001059743411467955,False,,5.0,5.0,1.55,4.55,0.015694993734359737,-0.013027204985633164,0,97,0.0013481903821229934,0.0013168424538832755,0,97,True
22,native,centered_calibration-003,fixed_cadence,0.2,0.4920474231648682,0.049999999999999996,0.19999999999999998,0.03138638962724979,0.2604722471832431,0.03956720742252113,0.00166434597947813,0.03619373604557399,0.00011846872199371136,1.1915720254182816,0.15819385647773743,0.12850843284167335,0.004242774946488552,0.002324634292434265,0.001059743411467955,False,,5.0,5.0,1.5,4.5,-0.010798660665750501,0.013649895904267222,0,97,0.0013481903821229934,0.0013168424538832755,0,97,True
22,centered_weak,centered_calibration-000,serial,0.0,0.4249592452080868,0.05,0.0,0.016163620892729606,0.18402583537570294,0.024859929464827547,0.002314363267398339,0.021332022685769135,0.0001763377430223387,0.8193879550418381,0.16008388009877253,0.07869417820065573,0.006586990980148506,0.0023760053272880357,0.0010769437071409425,False,,5.0,5.0,1.3,4.3,-0.015534976860272404,0.005594146309494849,0,101,-0.0015901757308716753,-0.0015622377758297361,0,101,True
22,centered_weak,centered_calibration-001,serial,0.0,0.3865650053350364,0.05,0.0,0.016174226626182703,0.18408973267306208,0.022521430024902644,0.002314363267398339,0.01727797250188174,0.0001763377430223387,0.7527446350178246,0.16008388009877253,0.07114706160038575,0.006586990980148506,0.002314234319981709,0.0010769437071409425,False,,5.0,5.0,1.65,4.65,-0.014200475429880139,0.0049764714317754935,0,101,-0.0015901757308716753,-0.0015622377758297361,0,101,True
22,centered_weak,centered_calibration-002,serial,0.0,-0.5762225508362344,0.05,0.0,0.01645502853605221,0.18556215650485142,0.03359252017784219,0.002314363267398339,0.03580903066550077,0.0001763377430223387,1.030802202793074,0.16008388009877253,0.10664998460621064,0.006586990980148506,0.002055203377237469,0.0010769437071409425,False,,5.0,5.0,1.55,4.55,0.01713241656334448,-0.011359410628142861,0,101,-0.0015901757308716753,-0.0015622377758297361,0,101,True
22,centered_weak,centered_calibration-003,serial,0.0,0.4920474231648682,0.05,0.0,0.016166367553044188,0.18402654594023773,0.028724918349187084,0.002314363267398339,0.02806252405963291,0.0001763377430223387,0.9217947697362427,0.16008388009877253,0.09096087791444642,0.006586990980148506,0.0025743017295546088,0.0010769437071409425,False,,5.0,5.0,1.5,4.5,-0.017659358298170086,0.006728699177155101,0,101,-0.0015901757308716753,-0.0015622377758297361,0,101,True
22,centered_weak,centered_calibration-000,serial,0.05,0.4249592452080868,0.049999999999999996,0.05,0.01919886456856614,0.20115103483002877,0.026746859387221843,0.0004294565787076512,0.022098785540014453,5.7301680686360534e-05,0.8679987110911022,0.14092639021259648,0.08540239845116482,0.0012381019128945045,0.0016000338132838483,0.00015385553617589768,False,,5.0,5.0,1.3,4.3,-0.01351036924510914,0.007588607686262104,0,100,-0.0002071726286383259,-0.00020342351686998913,0,100,True
22,centered_weak,centered_calibration-001,serial,0.05,0.3865650053350364,0.049999999999999996,0.05,0.01920307875969727,0.20118163784322535,0.024413254441119366,0.0004294565787076512,0.01834062423020391,5.7301680686360534e-05,0.8015383400736461,0.14092639021259648,0.07792830947103481,0.0012381019128945045,0.0020782976669190037,0.00015385553617589768,False,,5.0,5.0,1.65,4.65,-0.012227953333553851,0.006913318319942835,0,100,-0.0002071726286383259,-0.00020342351686998913,0,100,True
22,centered_weak,centered_calibration-002,serial,0.05,-0.5762225508362344,0.049999999999999996,0.05,0.01957267339633334,0.20279954474496373,0.03659860707249049,0.0004294565787076512,0.0396793977417616,5.7301680686360534e-05,1.1087089025197634,0.14092639021259648,0.11670481591476144,0.0012381019128945045,0.0023636866370761447,0.00015385553617589768,False,,5.0,5.0,1.55,4.55,0.017600271928909242,-0.010899263335215334,0,100,-0.0002071726286383259,-0.00020342351686998913,0,100,True
22,centered_weak,centered_calibration-003,serial,0.05,0.4920474231648682,0.049999999999999996,0.05,0.019201490447089124,0.20114037520783795,0.031046633612554313,0.0004294565787076512,0.02964227088701802,5.7301680686360534e-05,0.983815714043201,0.14092639021259648,0.09910355132611505,0.0012381019128945045,0.0019741961300907152,0.00015385553617589768,False,,5.0,5.0,1.5,4.5,-0.015529690791067658,0.0088210546730034,0,100,-0.0002071726286383259,-0.00020342351686998913,0,100,True
22,centered_weak,centered_calibration-000,serial,0.1,0.4249592452080868,0.1,0.10000000000000002,0.025498585772249192,0.2299302919964884,0.030621777502053745,0.0019151422189953482,0.02528259835024854,0.0001345745823111238,0.914980313555171,0.08200476951973625,0.09714902357534523,0.0054738061187131655,0.0017649544435086935,0.0008962972142611788,False,,5.0,5.0,1.3,4.3,-0.011238515577460851,0.009777659465049115,0,50,0.0012947892628654614,0.0012725531984293977,0,50,True
22,centered_weak,centered_calibration-001,serial,0.1,0.3865650053350364,0.1,0.10000000000000002,0.026403847566287927,0.2335240753195153,0.028506718225850543,0.0019151422189953482,0.021639534660903563,0.0001345745823111238,0.8348686162390012,0.08200476951973625,0.09036219374125291,0.0054738061187131655,0.0027658859326838725,0.0008962972142611788,False,,5.0,5.0,1.65,4.65,-0.009756012088800989,0.009188188083276028,0,50,0.0012947892628654614,0.0012725531984293977,0,50,True
22,centered_weak,centered_calibration-002,serial,0.1,-0.5762225508362344,0.1,0.10000000000000002,0.026710492206006572,0.23441421567432275,0.042837251670878866,0.0019151422189953482,0.048992771941714475,0.0001345745823111238,1.1988622982062598,0.08200476951973625,0.13530639228430327,0.0054738061187131655,0.004251821976936194,0.0008962972142611788,False,,5.0,5.0,1.55,4.55,0.017713862084601795,-0.01058184695902752,0,50,0.0012947892628654614,0.0012725531984293977,0,50,True
22,centered_weak,centered_calibration-003,serial,0.1,0.4920474231648682,0.1,0.10000000000000002,0.02551214817409398,0.22994136751596084,0.03551517329319154,0.0019151422189953482,0.03440240190992845,0.0001345745823111238,1.0563724774874945,0.08200476951973625,0.11275043225319661,0.0054738061187131655,0.0022711239449455453,0.0008962972142611788,False,,5.0,5.0,1.5,4.5,-0.013055101982499682,0.011101652290516345,0,50,0.0012947892628654614,0.0012725531984293977,0,50,True
22,centered_weak,centered_calibration-000,serial,0.2,0.4249592452080868,0.19999999999999998,0.2,0.04470606953754243,0.2904301423647321,0.04029749540764947,0.002298815725340842,0.03821318930052257,0.0002484535647972796,1.1464311138882588,0.10265156190537915,0.12246938656794924,0.006706016715081257,0.005188347915673013,0.0011361771101645662,False,,5.0,5.0,1.3,4.3,-0.00900583983952041,0.011956306354648312,0,25,0.0014666172713614014,0.0014464803191964323,0,25,True
22,centered_weak,centered_calibration-001,serial,0.2,0.3865650053350364,0.19999999999999998,0.2,0.04706469542557166,0.29874874199955753,0.03761891850833994,0.002298815725340842,0.03518782023295169,0.0002484535647972796,1.0900896744027089,0.10265156190537915,0.1150263499251412,0.006706016715081257,0.00546344774362285,0.0011361771101645662,False,,5.0,5.0,1.65,4.65,-0.007108646348061513,0.01114020945887324,0,25,0.0014666172713614014,0.0014464803191964323,0,25,True
22,centered_weak,centered_calibration-002,serial,0.2,-0.5762225508362344,0.19999999999999998,0.2,0.043469600326983125,0.2878264934433344,0.05463580201213709,0.002298815725340842,0.07598760378224009,0.0002484535647972796,1.6412648887529324,0.10265156190537915,0.16677525495672862,0.006706016715081257,0.009073281338076455,0.0011361771101645662,False,,5.0,5.0,1.55,4.55,0.015398940727171956,-0.012120049012212034,0,25,0.0014666172713614014,0.0014464803191964323,0,25,True
22,centered_weak,centered_calibration-003,serial,0.2,0.4920474231648682,0.19999999999999998,0.2,0.04475025438133725,0.2904935966520345,0.0465822746546954,0.002298815725340842,0.0518968973498153,0.0002484535647972796,1.3254494921460103,0.10265156190537915,0.14188333081361532,0.006706016715081257,0.005952783274460432,0.0011361771101645662,False,,5.0,5.0,1.5,4.5,-0.010105307117047258,0.01348268643982003,0,25,0.0014666172713614014,0.0014464803191964323,0,25,True
22,centered_weak,centered_calibration-000,fixed_cadence,0.0,0.4249592452080868,0.05,0.0,0.016163620892729606,0.18402583537570294,0.024859929464827547,0.002314363267398339,0.021332022685769135,0.0001763377430223387,0.8193879550418381,0.16008388009877253,0.07869417820065573,0.006586990980148506,0.0023760053272880357,0.0010769437071409425,False,,5.0,5.0,1.3,4.3,-0.015534976860272404,0.005594146309494849,0,101,-0.0015901757308716753,-0.0015622377758297361,0,101,True
22,centered_weak,centered_calibration-001,fixed_cadence,0.0,0.3865650053350364,0.05,0.0,0.016174226626182703,0.18408973267306208,0.022521430024902644,0.002314363267398339,0.01727797250188174,0.0001763377430223387,0.7527446350178246,0.16008388009877253,0.07114706160038575,0.006586990980148506,0.002314234319981709,0.0010769437071409425,False,,5.0,5.0,1.65,4.65,-0.014200475429880139,0.0049764714317754935,0,101,-0.0015901757308716753,-0.0015622377758297361,0,101,True
22,centered_weak,centered_calibration-002,fixed_cadence,0.0,-0.5762225508362344,0.05,0.0,0.01645502853605221,0.18556215650485142,0.03359252017784219,0.002314363267398339,0.03580903066550077,0.0001763377430223387,1.030802202793074,0.16008388009877253,0.10664998460621064,0.006586990980148506,0.002055203377237469,0.0010769437071409425,False,,5.0,5.0,1.55,4.55,0.01713241656334448,-0.011359410628142861,0,101,-0.0015901757308716753,-0.0015622377758297361,0,101,True
22,centered_weak,centered_calibration-003,fixed_cadence,0.0,0.4920474231648682,0.05,0.0,0.016166367553044188,0.18402654594023773,0.028724918349187084,0.002314363267398339,0.02806252405963291,0.0001763377430223387,0.9217947697362427,0.16008388009877253,0.09096087791444642,0.006586990980148506,0.0025743017295546088,0.0010769437071409425,False,,5.0,5.0,1.5,4.5,-0.017659358298170086,0.006728699177155101,0,101,-0.0015901757308716753,-0.0015622377758297361,0,101,True
22,centered_weak,centered_calibration-000,fixed_cadence,0.05,0.4249592452080868,0.049999999999999996,0.05,0.01919886456856614,0.20115103483002877,0.026746859387221843,0.0004294565787076512,0.022098785540014453,5.7301680686360534e-05,0.8679987110911022,0.14092639021259648,0.08540239845116482,0.0012381019128945045,0.0016000338132838483,0.00015385553617589768,False,,5.0,5.0,1.3,4.3,-0.01351036924510914,0.007588607686262104,0,100,-0.0002071726286383259,-0.00020342351686998913,0,100,True
22,centered_weak,centered_calibration-001,fixed_cadence,0.05,0.3865650053350364,0.049999999999999996,0.05,0.01920307875969727,0.20118163784322535,0.024413254441119366,0.0004294565787076512,0.01834062423020391,5.7301680686360534e-05,0.8015383400736461,0.14092639021259648,0.07792830947103481,0.0012381019128945045,0.0020782976669190037,0.00015385553617589768,False,,5.0,5.0,1.65,4.65,-0.012227953333553851,0.006913318319942835,0,100,-0.0002071726286383259,-0.00020342351686998913,0,100,True
22,centered_weak,centered_calibration-002,fixed_cadence,0.05,-0.5762225508362344,0.049999999999999996,0.05,0.01957267339633334,0.20279954474496373,0.03659860707249049,0.0004294565787076512,0.0396793977417616,5.7301680686360534e-05,1.1087089025197634,0.14092639021259648,0.11670481591476144,0.0012381019128945045,0.0023636866370761447,0.00015385553617589768,False,,5.0,5.0,1.55,4.55,0.017600271928909242,-0.010899263335215334,0,100,-0.0002071726286383259,-0.00020342351686998913,0,100,True
22,centered_weak,centered_calibration-003,fixed_cadence,0.05,0.4920474231648682,0.049999999999999996,0.05,0.019201490447089124,0.20114037520783795,0.031046633612554313,0.0004294565787076512,0.02964227088701802,5.7301680686360534e-05,0.983815714043201,0.14092639021259648,0.09910355132611505,0.0012381019128945045,0.0019741961300907152,0.00015385553617589768,False,,5.0,5.0,1.5,4.5,-0.015529690791067658,0.0088210546730034,0,100,-0.0002071726286383259,-0.00020342351686998913,0,100,True
22,centered_weak,centered_calibration-000,fixed_cadence,0.1,0.4249592452080868,0.05,0.1,0.023055524716123318,0.2197865374714965,0.02932325323244116,0.0014464453049365254,0.02256960108852155,9.491345509615768e-05,0.869159321874873,0.09646400401045499,0.09344241230341445,0.0038619318789660183,0.0008548239566844467,0.0008811995702187614,False,,5.0,5.0,1.3,4.3,-0.01130303879808758,0.009747101201861433,0,99,0.0011396967845025236,0.0011152491234237211,0,99,True
22,centered_weak,centered_calibration-001,fixed_cadence,0.1,0.3865650053350364,0.05,0.1,0.023051772593764997,0.21977847927272637,0.026783479069377815,0.0014464453049365254,0.01897490559727184,9.491345509615768e-05,0.8013954345290821,0.09646400401045499,0.08538164696084408,0.0038619318789660183,0.0024974967744575984,0.0008811995702187614,False,,5.0,5.0,1.65,4.65,-0.010124061345869047,0.00900876937598079,0,99,0.0011396967845025236,0.0011152491234237211,0,99,True
22,centered_weak,centered_calibration-002,fixed_cadence,0.1,-0.5762225508362344,0.05,0.1,0.0233869596535639,0.22087993797363786,0.039958165608600785,0.0014464453049365254,0.04255223084285186,9.491345509615768e-05,1.1386239860360783,0.09646400401045499,0.12702814796295347,0.0038619318789660183,0.003090119349676959,0.0008811995702187614,False,,5.0,5.0,1.55,4.55,0.01784797078389551,-0.010688324718608274,0,99,0.0011396967845025236,0.0011152491234237211,0,99,True
22,centered_weak,centered_calibration-003,fixed_cadence,0.1,0.4920474231648682,0.05,0.1,0.0230629479601898,0.2197965591714906,0.03397682018389245,0.0014464453049365254,0.03054917609755236,9.491345509615768e-05,0.9945434663598698,0.09646400401045499,0.10832272858685643,0.0038619318789660183,0.0017953204897918327,0.0008811995702187614,False,,5.0,5.0,1.5,4.5,-0.013197329543345909,0.01112417047753186,0,99,0.0011396967845025236,0.0011152491234237211,0,99,True
22,centered_weak,centered_calibration-000,fixed_cadence,0.2,0.4249592452080868,0.049999999999999996,0.19999999999999998,0.030830941912006214,0.2592781170483313,0.034001318781704586,0.0015696511955600606,0.027726034738066476,0.0001224943209991322,1.0664757672220448,0.15606361958086296,0.11080193957034049,0.003902993643501483,0.0007553335362858574,0.00105729249832896,False,,5.0,5.0,1.3,4.3,-0.009319179759504278,0.011770896236439867,0,97,0.001303434862611812,0.0012723931060812893,0,97,True
22,centered_weak,centered_calibration-001,fixed_cadence,0.2,0.3865650053350364,0.049999999999999996,0.19999999999999998,0.03081476773818909,0.25923469739406124,0.03087444075942073,0.0015696511955600606,0.023132323963573058,0.0001224943209991322,0.9863658207923154,0.15606361958086296,0.10068708558365604,0.003902993643501483,0.00273037697038942,0.00105729249832896,False,,5.0,5.0,1.65,4.65,-0.008361534656168896,0.010871211312400977,0,97,0.001303434862611812,0.0012723931060812893,0,97,True
22,centered_weak,centered_calibration-002,fixed_cadence,0.2,-0.5762225508362344,0.049999999999999996,0.19999999999999998,0.030704910859582588,0.2585776721064597,0.04556943744472069,0.0015696511955600606,0.0525250511961903,0.0001224943209991322,1.410815264609454,0.15606361958086296,0.1485868093680243,0.003902993643501483,0.002661799117652853,0.00105729249832896,False,,5.0,5.0,1.55,4.55,0.015760342149851836,-0.012928936811178824,0,97,0.001303434862611812,0.0012723931060812893,0,97,True
22,centered_weak,centered_calibration-003,fixed_cadence,0.2,0.4920474231648682,0.049999999999999996,0.19999999999999998,0.030862615190050697,0.2593553743938512,0.03925917400211793,0.0015696511955600606,0.03730079896401413,0.0001224943209991322,1.2124856892496327,0.15606361958086296,0.1280234231532863,0.003902993643501483,0.0020574104583816507,0.00105729249832896,False,,5.0,5.0,1.5,4.5,-0.010967289538266142,0.01345880517317991,0,97,0.001303434862611812,0.0012723931060812893,0,97,True
22,centered_strong,centered_calibration-000,serial,0.0,0.4249592452080868,0.05,0.0,0.017227604858275312,0.18764464886603363,0.02566762085252971,0.002445696524774452,0.02026188756056224,0.00018892500533039257,0.7950764422202614,0.16002762065177237,0.08027816199220442,0.006940308914621602,0.002465903033541958,0.0010969726276554071,False,,5.0,5.0,1.3,4.3,-0.015297796680578835,0.005789119739228516,0,101,-0.0016510116970034892,-0.0016233145279160369,0,101,True
22,centered_strong,centered_calibration-001,serial,0.0,0.3865650053350364,0.05,0.0,0.017237830133415923,0.1877042200229276,0.02328587004013278,0.002445696524774452,0.01645587844622727,0.00018892500533039257,0.729987909355214,0.16002762065177237,0.0726985028724996,0.006940308914621602,0.0025360232596774853,0.0010969726276554071,False,,5.0,5.0,1.65,4.65,-0.014043793930658943,0.005177082569424702,0,101,-0.0016510116970034892,-0.0016233145279160369,0,101,True
22,centered_strong,centered_calibration-002,serial,0.0,-0.5762225508362344,0.05,0.0,0.017506265229071047,0.18905044996300535,0.034575470392313734,0.002445696524774452,0.03392623670793144,0.00018892500533039257,0.9987635438228157,0.16002762065177237,0.10850633833988005,0.006940308914621602,0.00280453972237222,0.0010969726276554071,False,,5.0,5.0,1.55,4.55,0.016755240865996234,-0.011758481362328413,0,101,-0.0016510116970034892,-0.0016233145279160369,0,101,True
22,centered_strong,centered_calibration-003,serial,0.0,0.4920474231648682,0.05,0.0,0.017232591516521695,0.18765473097934607,0.02967833361006795,0.002445696524774452,0.026672717915870232,0.00018892500533039257,0.8926432852530983,0.16002762065177237,0.09288700449541303,0.006940308914621602,0.0027281961174016947,0.0010969726276554071,False,,5.0,5.0,1.5,4.5,-0.017402654617080335,0.006987065555427126,0,101,-0.0016510116970034892,-0.0016233145279160369,0,101,True
22,centered_strong,centered_calibration-000,serial,0.05,0.4249592452080868,0.049999999999999996,0.05,0.020213567195149242,0.20417498799094733,0.027424243531346152,0.00042666489452014876,0.020870386355855697,5.195522297335308e-05,0.833359503124119,0.13551092979705448,0.08667563035364692,0.0012309112522804594,0.0016169666540713692,0.0001554729184359002,False,,5.0,5.0,1.3,4.3,-0.013233411495664163,0.00782904998562137,0,100,-0.00021899994192366162,-0.00021490286912929568,0,100,True
22,centered_strong,centered_calibration-001,serial,0.05,0.3865650053350364,0.049999999999999996,0.05,0.02021651452753109,0.2041989326871436,0.025027918742083734,0.00042666489452014876,0.017321659359342868,5.195522297335308e-05,0.7686739349106562,0.13551092979705448,0.07908899454142185,0.0012309112522804594,0.002468118986727089,0.0001554729184359002,False,,5.0,5.0,1.65,4.65,-0.012035691362896008,0.007160104870738579,0,100,-0.00021899994192366162,-0.00021490286912929568,0,100,True
22,centered_strong,centered_calibration-002,serial,0.05,-0.5762225508362344,0.049999999999999996,0.05,0.020569871035231606,0.20569739124225958,0.03749650926606045,0.00042666489452014876,0.037604378757657264,5.195522297335308e-05,1.0654013538101923,0.13551092979705448,0.11838368786377924,0.0012309112522804594,0.002878658937495663,0.0001554729184359002,False,,5.0,5.0,1.55,4.55,0.01730209645154233,-0.011233061245870025,0,100,-0.00021899994192366162,-0.00021490286912929568,0,100,True
22,centered_strong,centered_calibration-003,serial,0.05,0.4920474231648682,0.049999999999999996,0.05,0.020218260415769244,0.20417332308065203,0.03183132957864079,0.00042666489452014876,0.02798520707554427,5.195522297335308e-05,0.9435553410390627,0.13551092979705448,0.1005812621655182,0.0012309112522804594,0.002237939842457775,0.0001554729184359002,False,,5.0,5.0,1.5,4.5,-0.015238064152278944,0.009125944645647314,0,100,-0.00021899994192366162,-0.00021490286912929568,0,100,True
22,centered_strong,centered_calibration-000,serial,0.1,0.4249592452080868,0.1,0.10000000000000002,0.026466101010621496,0.2325613902927837,0.031176505708312874,0.002080111345048374,0.02370700020783169,0.0001440708188523991,0.878960760850891,0.08663461597679512,0.09819472146433003,0.005955408036932822,0.0015485204511640606,0.0009127436512513283,False,,5.0,5.0,1.3,4.3,-0.010867320030132075,0.010089659649015837,0,50,0.001366019219955663,0.0013446000035265686,0,50,True
22,centered_strong,centered_calibration-001,serial,0.1,0.3865650053350364,0.1,0.10000000000000002,0.02738538235338236,0.2361300945805436,0.028962600672825786,0.002080111345048374,0.020251737916010596,0.0001440708188523991,0.804263027925476,0.08663461597679512,0.09114397354456988,0.005955408036932822,0.003313299855331565,0.0009127436512513283,False,,5.0,5.0,1.65,4.65,-0.009503946109810608,0.009521956110473446,0,50,0.001366019219955663,0.0013446000035265686,0,50,True
22,centered_strong,centered_calibration-002,serial,0.1,-0.5762225508362344,0.1,0.10000000000000002,0.0276784747776207,0.2368809882635849,0.0436577530807345,0.002080111345048374,0.04635156088400675,0.0001440708188523991,1.1570755490851248,0.08663461597679512,0.13694006977962822,0.005955408036932822,0.004357112356475038,0.0009127436512513283,False,,5.0,5.0,1.55,4.55,0.017530009121498324,-0.010817627624903757,0,50,0.001366019219955663,0.0013446000035265686,0,50,True
22,centered_strong,centered_calibration-003,serial,0.1,0.4920474231648682,0.1,0.10000000000000002,0.02648075766919923,0.23258009064690927,0.03612026685300109,0.002080111345048374,0.032224084706744205,0.0001440708188523991,1.0128511214446867,0.08663461597679512,0.11387725285368466,0.005955408036932822,0.0025304548913199195,0.0009127436512513283,False,,5.0,5.0,1.5,4.5,-0.012686086102524538,0.01148690186703509,0,50,0.001366019219955663,0.0013446000035265686,0,50,True
22,centered_strong,centered_calibration-000,serial,0.2,0.4249592452080868,0.19999999999999998,0.2,0.04530905707800617,0.2923664570255169,0.040457385979551855,0.0030299278918235863,0.03510610787375047,0.00034759501414648267,1.095782525462995,0.11409883163679634,0.12270204058506533,0.009006431368357005,0.004336107621877508,0.0011751648245198558,False,,5.0,5.0,1.3,4.3,-0.008409663202199998,0.012428244011053354,0,25,0.0017236151677035715,0.0017083142936405618,0,25,True
22,centered_strong,centered_calibration-001,serial,0.2,0.3865650053350364,0.19999999999999998,0.2,0.04765438230516841,0.30039688199869213,0.03768419102303399,0.0030299278918235863,0.03254737059793503,0.00034759501414648267,1.0378927435706953,0.11409883163679634,0.11499758072459736,0.009006431368357005,0.005331072288621495,0.0011751648245198558,False,,5.0,5.0,1.65,4.65,-0.0067447899896240825,0.01167670065160809,0,25,0.0017236151677035715,0.0017083142936405618,0,25,True
22,centered_strong,centered_calibration-002,serial,0.2,-0.5762225508362344,0.19999999999999998,0.2,0.044070206965666416,0.2897165846237356,0.055280655773805365,0.0030299278918235863,0.07190606615159427,0.00034759501414648267,1.578730426354299,0.11409883163679634,0.16861015275191205,0.009006431368357005,0.008219829622865592,0.0011751648245198558,False,,5.0,5.0,1.55,4.55,0.015457268146839093,-0.012151382844284941,0,25,0.0017236151677035715,0.0017083142936405618,0,25,True
22,centered_strong,centered_calibration-003,serial,0.2,0.4920474231648682,0.19999999999999998,0.2,0.04535333776720488,0.2924290193759971,0.04669276092584954,0.0030299278918235863,0.04786517011815616,0.00034759501414648267,1.2734254892896513,0.11409883163679634,0.14204985046143695,0.009006431368357005,0.005110524783118022,0.0011751648245198558,False,,5.0,5.0,1.5,4.5,-0.009576525451574384,0.014051563314631152,0,25,0.0017236151677035715,0.0017083142936405618,0,25,True
22,centered_strong,centered_calibration-000,fixed_cadence,0.0,0.4249592452080868,0.05,0.0,0.017227604858275312,0.18764464886603363,0.02566762085252971,0.002445696524774452,0.02026188756056224,0.00018892500533039257,0.7950764422202614,0.16002762065177237,0.08027816199220442,0.006940308914621602,0.002465903033541958,0.0010969726276554071,False,,5.0,5.0,1.3,4.3,-0.015297796680578835,0.005789119739228516,0,101,-0.0016510116970034892,-0.0016233145279160369,0,101,True
22,centered_strong,centered_calibration-001,fixed_cadence,0.0,0.3865650053350364,0.05,0.0,0.017237830133415923,0.1877042200229276,0.02328587004013278,0.002445696524774452,0.01645587844622727,0.00018892500533039257,0.729987909355214,0.16002762065177237,0.0726985028724996,0.006940308914621602,0.0025360232596774853,0.0010969726276554071,False,,5.0,5.0,1.65,4.65,-0.014043793930658943,0.005177082569424702,0,101,-0.0016510116970034892,-0.0016233145279160369,0,101,True
22,centered_strong,centered_calibration-002,fixed_cadence,0.0,-0.5762225508362344,0.05,0.0,0.017506265229071047,0.18905044996300535,0.034575470392313734,0.002445696524774452,0.03392623670793144,0.00018892500533039257,0.9987635438228157,0.16002762065177237,0.10850633833988005,0.006940308914621602,0.00280453972237222,0.0010969726276554071,False,,5.0,5.0,1.55,4.55,0.016755240865996234,-0.011758481362328413,0,101,-0.0016510116970034892,-0.0016233145279160369,0,101,True
22,centered_strong,centered_calibration-003,fixed_cadence,0.0,0.4920474231648682,0.05,0.0,0.017232591516521695,0.18765473097934607,0.02967833361006795,0.002445696524774452,0.026672717915870232,0.00018892500533039257,0.8926432852530983,0.16002762065177237,0.09288700449541303,0.006940308914621602,0.0027281961174016947,0.0010969726276554071,False,,5.0,5.0,1.5,4.5,-0.017402654617080335,0.006987065555427126,0,101,-0.0016510116970034892,-0.0016233145279160369,0,101,True
22,centered_strong,centered_calibration-000,fixed_cadence,0.05,0.4249592452080868,0.049999999999999996,0.05,0.020213567195149242,0.20417498799094733,0.027424243531346152,0.00042666489452014876,0.020870386355855697,5.195522297335308e-05,0.833359503124119,0.13551092979705448,0.08667563035364692,0.0012309112522804594,0.0016169666540713692,0.0001554729184359002,False,,5.0,5.0,1.3,4.3,-0.013233411495664163,0.00782904998562137,0,100,-0.00021899994192366162,-0.00021490286912929568,0,100,True
22,centered_strong,centered_calibration-001,fixed_cadence,0.05,0.3865650053350364,0.049999999999999996,0.05,0.02021651452753109,0.2041989326871436,0.025027918742083734,0.00042666489452014876,0.017321659359342868,5.195522297335308e-05,0.7686739349106562,0.13551092979705448,0.07908899454142185,0.0012309112522804594,0.002468118986727089,0.0001554729184359002,False,,5.0,5.0,1.65,4.65,-0.012035691362896008,0.007160104870738579,0,100,-0.00021899994192366162,-0.00021490286912929568,0,100,True
22,centered_strong,centered_calibration-002,fixed_cadence,0.05,-0.5762225508362344,0.049999999999999996,0.05,0.020569871035231606,0.20569739124225958,0.03749650926606045,0.00042666489452014876,0.037604378757657264,5.195522297335308e-05,1.0654013538101923,0.13551092979705448,0.11838368786377924,0.0012309112522804594,0.002878658937495663,0.0001554729184359002,False,,5.0,5.0,1.55,4.55,0.01730209645154233,-0.011233061245870025,0,100,-0.00021899994192366162,-0.00021490286912929568,0,100,True
22,centered_strong,centered_calibration-003,fixed_cadence,0.05,0.4920474231648682,0.049999999999999996,0.05,0.020218260415769244,0.20417332308065203,0.03183132957864079,0.00042666489452014876,0.02798520707554427,5.195522297335308e-05,0.9435553410390627,0.13551092979705448,0.1005812621655182,0.0012309112522804594,0.002237939842457775,0.0001554729184359002,False,,5.0,5.0,1.5,4.5,-0.015238064152278944,0.009125944645647314,0,100,-0.00021899994192366162,-0.00021490286912929568,0,100,True
22,centered_strong,centered_calibration-000,fixed_cadence,0.1,0.4249592452080868,0.05,0.1,0.024083872687115038,0.22257877263690712,0.029952766300580674,0.0015201716486887052,0.021305382054191784,9.163446512140222e-05,0.8437666262338732,0.10274100702506045,0.09462369342407186,0.004057426025525401,0.0009419086509895357,0.000888370498528404,False,,5.0,5.0,1.3,4.3,-0.010995059127890018,0.0100333002520894,0,99,0.0011775210099588362,0.0011530209284341367,0,99,True
22,centered_strong,centered_calibration-001,fixed_cadence,0.1,0.3865650053350364,0.05,0.1,0.024078158725440862,0.22256366286398083,0.0273195073916911,0.0015201716486887052,0.01788630599602131,9.163446512140222e-05,0.7780876348565195,0.10274100702506045,0.0863267536146845,0.004057426025525401,0.0030545039982240317,0.000888370498528404,False,,5.0,5.0,1.65,4.65,-0.009901828172587303,0.00929995096943547,0,99,0.0011775210099588362,0.0011530209284341367,0,99,True
22,centered_strong,centered_calibration-002,fixed_cadence,0.1,-0.5762225508362344,0.05,0.1,0.024386492772417664,0.2235066437010051,0.04081774416912959,0.0015201716486887052,0.04045673916434393,9.163446512140222e-05,1.1053504015157793,0.10274100702506045,0.12865789515884132,0.004057426025525401,0.0033817252779201365,0.000888370498528404,False,,5.0,5.0,1.55,4.55,0.01763502876929149,-0.01096272401629211,0,99,0.0011775210099588362,0.0011530209284341367,0,99,True
22,centered_strong,centered_calibration-003,fixed_cadence,0.1,0.4920474231648682,0.05,0.1,0.024093715286274898,0.22259673665415253,0.03467913884446764,0.0015201716486887052,0.028806346432081607,9.163446512140222e-05,0.9634186292837237,0.10274100702506045,0.1095984740678443,0.004057426025525401,0.0023599515608928655,0.000888370498528404,False,,5.0,5.0,1.5,4.5,-0.0128815906522502,0.011474666133927927,0,99,0.0011775210099588362,0.0011530209284341367,0,99,True
22,centered_strong,centered_calibration-000,fixed_cadence,0.2,0.4249592452080868,0.049999999999999996,0.19999999999999998,0.031883278727384175,0.2614748097875258,0.03457741994994461,0.0017632692627790388,0.026119286632419036,0.0001205305924907828,1.0341392789794046,0.16246091172228647,0.11175045913336502,0.004600001367242046,0.001096627030842698,0.0010615708296199742,False,,5.0,5.0,1.3,4.3,-0.00899696773464306,0.0120988337333405,0,97,0.0013937237245358624,0.0013619866325917944,0,97,True
22,centered_strong,centered_calibration-001,fixed_cadence,0.2,0.3865650053350364,0.049999999999999996,0.19999999999999998,0.03186514255396769,0.2614280013642415,0.03133968012076067,0.0017632692627790388,0.021793003342958278,0.0001205305924907828,0.9569983144117434,0.16246091172228647,0.10136502386181494,0.004600001367242046,0.003154211296137287,0.0010615708296199742,False,,5.0,5.0,1.65,4.65,-0.008103478276976186,0.011190422519356414,0,97,0.0013937237245358624,0.0013619866325917944,0,97,True
22,centered_strong,centered_calibration-002,fixed_cadence,0.2,-0.5762225508362344,0.049999999999999996,0.19999999999999998,0.031707957423350676,0.2607247654571049,0.04634360460959003,0.0017632692627790388,0.05000609486904687,0.0001205305924907828,1.3666235242796978,0.16246091172228647,0.14996818249245522,0.004600001367242046,0.002881475071411154,0.0010615708296199742,False,,5.0,5.0,1.55,4.55,0.01563504324679748,-0.013123661888366842,0,97,0.0013937237245358624,0.0013619866325917944,0,97,True
22,centered_strong,centered_calibration-003,fixed_cadence,0.2,0.4920474231648682,0.049999999999999996,0.19999999999999998,0.03191819797773394,0.26155188800697343,0.03987788490280727,0.0017632692627790388,0.035131906349471116,0.0001205305924907828,1.1735754047347147,0.16246091172228647,0.12897754448177787,0.004600001367242046,0.0026019249741177134,0.0010615708296199742,False,,5.0,5.0,1.5,4.5,-0.010634136522062857,0.01384008773480105,0,97,0.0013937237245358624,0.0013619866325917944,0,97,True
33,native,centered_calibration-000,serial,0.0,0.4249592452080868,0.05,0.0,0.01651392314220612,0.18484350354451345,0.02493707189871036,0.0005024325644920096,0.019710525436365586,2.0076330106751777e-05,0.7013213820755482,0.054116006940603256,0.0788393867736186,0.0015768893825751245,0.0014552780919706626,6.817580675663034e-05,False,,5.0,5.0,1.3,4.3,-0.014038738422095775,0.007044788129584004,0,101,-0.0002004968002438545,-0.0001997949448599125,0,101,True
33,native,centered_calibration-001,serial,0.0,0.3865650053350364,0.05,0.0,0.01650227176012281,0.18479377924415002,0.022700317564719515,0.0005024325644920096,0.016269701900013034,2.0076330106751777e-05,0.6406996585428715,0.054116006940603256,0.0717449745690255,0.0015768893825751245,0.002119533816978212,6.817580675663034e-05,False,,5.0,5.0,1.65,4.65,-0.012741167284548282,0.006428310448956959,0,101,-0.0002004968002438545,-0.0001997949448599125,0,101,True
33,native,centered_calibration-002,serial,0.0,-0.5762225508362344,0.05,0.0,0.016463498730921223,0.1845779150155648,0.03352543785456379,0.0005024325644920096,0.03533132274544328,2.0076330106751777e-05,0.9274026937782764,0.054116006940603256,0.1059891976114543,0.0015768893825751245,0.0024101528189877743,6.817580675663034e-05,False,,5.0,5.0,1.55,4.55,0.018445423059165477,-0.010089754185809107,0,101,-0.0002004968002438545,-0.0001997949448599125,0,101,True
33,native,centered_calibration-003,serial,0.0,0.4920474231648682,0.05,0.0,0.01653453631674141,0.18492804788920847,0.028911781954068596,0.0005024325644920096,0.02635052827685577,2.0076330106751777e-05,0.8026487566530704,0.054116006940603256,0.0913757159488036,0.0015768893825751245,0.0019291366651273945,6.817580675663034e-05,False,,5.0,5.0,1.5,4.5,-0.01615720670670271,0.008204363696935762,0,101,-0.0002004968002438545,-0.0001997949448599125,0,101,True
33,native,centered_calibration-000,serial,0.05,0.4249592452080868,0.049999999999999996,0.05,0.019604326872611454,0.20181738338275979,0.027000960997246408,0.0004207515081063573,0.02099140191148615,1.5241139310947368e-05,0.7580956630408764,0.04649577662348747,0.08562499109809088,0.0013216438671914824,0.0013332624881785197,0.000184331211056652,False,,5.0,5.0,1.3,4.3,-0.01291773896664381,0.008151342904888939,0,100,0.00026965979486703867,0.0002647595230523094,0,100,True
33,native,centered_calibration-001,serial,0.05,0.3865650053350364,0.049999999999999996,0.05,0.019594070774114954,0.20178634871761272,0.02462407253803491,0.0004207515081063573,0.01750273316429787,1.5241139310947368e-05,0.6936344318091869,0.04649577662348747,0.07810297166008535,0.0013216438671914824,0.0022601729259033947,0.000184331211056652,False,,5.0,5.0,1.65,4.65,-0.01167225893586874,0.0074779015133481395,0,100,0.00026965979486703867,0.0002647595230523094,0,100,True
33,native,centered_calibration-002,serial,0.05,-0.5762225508362344,0.049999999999999996,0.05,0.019589999214270966,0.20182357551807745,0.03666196169352956,0.0004207515081063573,0.03895264208129294,1.5241139310947368e-05,1.0124642215669155,0.04649577662348747,0.11627116836550895,0.0013216438671914824,0.002663077885188329,0.000184331211056652,False,,5.0,5.0,1.55,4.55,0.018022403493523596,-0.010497134414106137,0,100,0.00026965979486703867,0.0002647595230523094,0,100,True
33,native,centered_calibration-003,serial,0.05,0.4920474231648682,0.049999999999999996,0.05,0.019625768459841198,0.2018835351181793,0.031324435051436256,0.0004207515081063573,0.02825125411269189,1.5241139310947368e-05,0.8705771900713444,0.04649577662348747,0.09932218088557593,0.0013216438671914824,0.0019253683968243815,0.000184331211056652,False,,5.0,5.0,1.5,4.5,-0.014926139824092388,0.009413046723689722,0,100,0.00026965979486703867,0.0002647595230523094,0,100,True
33,native,centered_calibration-000,serial,0.1,0.4249592452080868,0.1,0.10000000000000002,0.025606434355893982,0.22988776643520212,0.030892788474156902,0.0005766216925257025,0.02558873764255943,6.1365679395949954e-06,0.8665291033685207,0.022519025951623917,0.09793461655849181,0.0012811355773161123,0.0020094497341278912,0.0004662001592695332,False,,5.0,5.0,1.3,4.3,-0.011984193697571756,0.00902697235424419,0,50,0.0005193684250116348,0.0005064852119312553,0,50,True
33,native,centered_calibration-001,serial,0.1,0.3865650053350364,0.1,0.10000000000000002,0.026495276293039702,0.23339053301153906,0.02858053220205658,0.0005766216925257025,0.02141439386958942,6.1365679395949954e-06,0.7744140736758709,0.022519025951623917,0.0904714955432188,0.0012811355773161123,0.0028762101985394615,0.0004662001592695332,False,,5.0,5.0,1.65,4.65,-0.010534903034567831,0.008433108099436346,0,50,0.0005193684250116348,0.0005064852119312553,0,50,True
33,native,centered_calibration-002,serial,0.1,-0.5762225508362344,0.1,0.10000000000000002,0.026548521543838462,0.23380473634294244,0.04250452637471283,0.0005766216925257025,0.04806489738027912,6.1365679395949954e-06,1.1478848196566105,0.022519025951623917,0.1345152960629051,0.0012811355773161123,0.0038997456542110846,0.0004662001592695332,False,,5.0,5.0,1.55,4.55,0.016941442340612407,-0.011359819668815425,0,50,0.0005193684250116348,0.0005064852119312553,0,50,True
33,native,centered_calibration-003,serial,0.1,0.4920474231648682,0.1,0.10000000000000002,0.025623605358481384,0.22989916760796178,0.035751484375466165,0.0005766216925257025,0.0343375341042033,6.1365679395949954e-06,1.0005648992955685,0.022519025951623917,0.11331568558207726,0.0012811355773161123,0.002545644023401664,0.0004662001592695332,False,,5.0,5.0,1.5,4.5,-0.013804839178919791,0.010361837364875623,0,50,0.0005193684250116348,0.0005064852119312553,0,50,True
33,native,centered_calibration-000,serial,0.2,0.4249592452080868,0.19999999999999998,0.2,0.044821701255937985,0.2908137123493603,0.040694303910552725,0.0006994145802161771,0.04003366697687617,6.82287187807329e-05,1.1274727620184422,0.0609813816845417,0.12370910909154989,0.00205212374305281,0.00577135679500878,0.0004424672551984011,False,,5.0,5.0,1.3,4.3,-0.011026728898286826,0.00991006767177189,0,25,-0.00044085383415222153,-0.00042457732531085804,0,25,True
33,native,centered_calibration-001,serial,0.2,0.3865650053350364,0.19999999999999998,0.2,0.04702876879091222,0.2986593709447609,0.03759395741714835,0.0006994145802161771,0.035381913640289496,6.82287187807329e-05,1.0498831421136856,0.0609813816845417,0.11465587175605467,0.00205212374305281,0.006008417521049013,0.0004424672551984011,False,,5.0,5.0,1.65,4.65,-0.009266263991594317,0.009120373091591836,0,25,-0.00044085383415222153,-0.00042457732531085804,0,25,True
33,native,centered_calibration-002,serial,0.2,-0.5762225508362344,0.19999999999999998,0.2,0.04385338844344521,0.28954669132368555,0.05456554760582625,0.0006994145802161771,0.07331666313623246,6.82287187807329e-05,1.5806599333882332,0.0609813816845417,0.16746281519669018,0.00205212374305281,0.007171582856695706,0.0004424672551984011,False,,5.0,5.0,1.55,4.55,0.013413006812334066,-0.014150573502394301,0,25,-0.00044085383415222153,-0.00042457732531085804,0,25,True
33,native,centered_calibration-003,serial,0.2,0.4920474231648682,0.19999999999999998,0.2,0.04484829432880019,0.2907979102180875,0.046910659922339,0.0006994145802161771,0.0530653449235481,6.82287187807329e-05,1.2935410253703594,0.0609813816845417,0.14259215024668914,0.00205212374305281,0.006711742595468692,0.0004424672551984011,False,,5.0,5.0,1.5,4.5,-0.012226396799087526,0.011432385012780035,0,25,-0.00044085383415222153,-0.00042457732531085804,0,25,True
33,native,centered_calibration-000,fixed_cadence,0.0,0.4249592452080868,0.05,0.0,0.01651392314220612,0.18484350354451345,0.02493707189871036,0.0005024325644920096,0.019710525436365586,2.0076330106751777e-05,0.7013213820755482,0.054116006940603256,0.0788393867736186,0.0015768893825751245,0.0014552780919706626,6.817580675663034e-05,False,,5.0,5.0,1.3,4.3,-0.014038738422095775,0.007044788129584004,0,101,-0.0002004968002438545,-0.0001997949448599125,0,101,True
33,native,centered_calibration-001,fixed_cadence,0.0,0.3865650053350364,0.05,0.0,0.01650227176012281,0.18479377924415002,0.022700317564719515,0.0005024325644920096,0.016269701900013034,2.0076330106751777e-05,0.6406996585428715,0.054116006940603256,0.0717449745690255,0.0015768893825751245,0.002119533816978212,6.817580675663034e-05,False,,5.0,5.0,1.65,4.65,-0.012741167284548282,0.006428310448956959,0,101,-0.0002004968002438545,-0.0001997949448599125,0,101,True
33,native,centered_calibration-002,fixed_cadence,0.0,-0.5762225508362344,0.05,0.0,0.016463498730921223,0.1845779150155648,0.03352543785456379,0.0005024325644920096,0.03533132274544328,2.0076330106751777e-05,0.9274026937782764,0.054116006940603256,0.1059891976114543,0.0015768893825751245,0.0024101528189877743,6.817580675663034e-05,False,,5.0,5.0,1.55,4.55,0.018445423059165477,-0.010089754185809107,0,101,-0.0002004968002438545,-0.0001997949448599125,0,101,True
33,native,centered_calibration-003,fixed_cadence,0.0,0.4920474231648682,0.05,0.0,0.01653453631674141,0.18492804788920847,0.028911781954068596,0.0005024325644920096,0.02635052827685577,2.0076330106751777e-05,0.8026487566530704,0.054116006940603256,0.0913757159488036,0.0015768893825751245,0.0019291366651273945,6.817580675663034e-05,False,,5.0,5.0,1.5,4.5,-0.01615720670670271,0.008204363696935762,0,101,-0.0002004968002438545,-0.0001997949448599125,0,101,True
33,native,centered_calibration-000,fixed_cadence,0.05,0.4249592452080868,0.049999999999999996,0.05,0.019604326872611454,0.20181738338275979,0.027000960997246408,0.0004207515081063573,0.02099140191148615,1.5241139310947368e-05,0.7580956630408764,0.04649577662348747,0.08562499109809088,0.0013216438671914824,0.0013332624881785197,0.000184331211056652,False,,5.0,5.0,1.3,4.3,-0.01291773896664381,0.008151342904888939,0,100,0.00026965979486703867,0.0002647595230523094,0,100,True
33,native,centered_calibration-001,fixed_cadence,0.05,0.3865650053350364,0.049999999999999996,0.05,0.019594070774114954,0.20178634871761272,0.02462407253803491,0.0004207515081063573,0.01750273316429787,1.5241139310947368e-05,0.6936344318091869,0.04649577662348747,0.07810297166008535,0.0013216438671914824,0.0022601729259033947,0.000184331211056652,False,,5.0,5.0,1.65,4.65,-0.01167225893586874,0.0074779015133481395,0,100,0.00026965979486703867,0.0002647595230523094,0,100,True
33,native,centered_calibration-002,fixed_cadence,0.05,-0.5762225508362344,0.049999999999999996,0.05,0.019589999214270966,0.20182357551807745,0.03666196169352956,0.0004207515081063573,0.03895264208129294,1.5241139310947368e-05,1.0124642215669155,0.04649577662348747,0.11627116836550895,0.0013216438671914824,0.002663077885188329,0.000184331211056652,False,,5.0,5.0,1.55,4.55,0.018022403493523596,-0.010497134414106137,0,100,0.00026965979486703867,0.0002647595230523094,0,100,True
33,native,centered_calibration-003,fixed_cadence,0.05,0.4920474231648682,0.049999999999999996,0.05,0.019625768459841198,0.2018835351181793,0.031324435051436256,0.0004207515081063573,0.02825125411269189,1.5241139310947368e-05,0.8705771900713444,0.04649577662348747,0.09932218088557593,0.0013216438671914824,0.0019253683968243815,0.000184331211056652,False,,5.0,5.0,1.5,4.5,-0.014926139824092388,0.009413046723689722,0,100,0.00026965979486703867,0.0002647595230523094,0,100,True
33,native,centered_calibration-000,fixed_cadence,0.1,0.4249592452080868,0.05,0.1,0.02343650400107732,0.2202227418974576,0.02961886814204076,0.0005190423263872955,0.022506318826565622,6.733375042151935e-06,0.8135966770350933,0.03942025825381279,0.09390942925725199,0.0009802124577126966,0.0012117354304820196,0.00046279878884832525,False,,5.0,5.0,1.3,4.3,-0.0119240652769804,0.009116389677682456,0,99,0.0004969362169504165,0.00048348604171475913,0,99,True
33,native,centered_calibration-001,fixed_cadence,0.1,0.3865650053350364,0.05,0.1,0.023428734952056936,0.22021216849791925,0.026952745618101927,0.0005190423263872955,0.018665776982181945,6.733375042151935e-06,0.741985384374857,0.03942025825381279,0.08547596103745746,0.0009802124577126966,0.0026016411833786205,0.00046279878884832525,False,,5.0,5.0,1.65,4.65,-0.01075828056782484,0.008387834711438192,0,99,0.0004969362169504165,0.00048348604171475913,0,99,True
33,native,centered_calibration-002,fixed_cadence,0.1,-0.5762225508362344,0.05,0.1,0.02347355613719021,0.22058251781755958,0.039970314358623124,0.0005190423263872955,0.0417466527568227,6.733375042151935e-06,1.086002979427576,0.03942025825381279,0.12678063805912462,0.0009802124577126966,0.003057570607109309,0.00046279878884832525,False,,5.0,5.0,1.55,4.55,0.017177201807498932,-0.011343500518118157,0,99,0.0004969362169504165,0.00048348604171475913,0,99,True
33,native,centered_calibration-003,fixed_cadence,0.1,0.4920474231648682,0.05,0.1,0.023452634286611658,0.22024721675509257,0.03428540752963544,0.0005190423263872955,0.03019814303516441,6.733375042151935e-06,0.9348437748849392,0.03942025825381279,0.10868734688618414,0.0009802124577126966,0.0020763966563129214,0.00046279878884832525,False,,5.0,5.0,1.5,4.5,-0.013818956539034843,0.01049989802165861,0,99,0.0004969362169504165,0.00048348604171475913,0,99,True
33,native,centered_calibration-000,fixed_cadence,0.2,0.4249592452080868,0.049999999999999996,0.19999999999999998,0.03146318870773417,0.2598482799417511,0.03404085876680655,0.0005109504672471892,0.027775065095348137,4.250982414803067e-05,0.9787395969033241,0.06387589499354362,0.11022704681740923,0.001453395923408146,0.0016464399850329796,0.00044158540518717015,False,,5.0,5.0,1.3,4.3,-0.01115918941795826,0.009941136007827544,0,97,-0.00044582709670066835,-0.0004330541574049292,0,97,True
33,native,centered_calibration-001,fixed_cadence,0.2,0.3865650053350364,0.049999999999999996,0.19999999999999998,0.031461866816031143,0.25986090493227615,0.03087581083632076,0.0005109504672471892,0.02291207839805627,4.250982414803067e-05,0.8945447206497192,0.06387589499354362,0.1000029375090435,0.001453395923408146,0.0026891255158263115,0.00044158540518717015,False,,5.0,5.0,1.65,4.65,-0.010228078439831732,0.00908386815880785,0,97,-0.00044582709670066835,-0.0004330541574049292,0,97,True
33,native,centered_calibration-002,fixed_cadence,0.2,-0.5762225508362344,0.049999999999999996,0.19999999999999998,0.03166805093259367,0.2603653039959196,0.04648397443198003,0.0005109504672471892,0.05023747625540321,4.250982414803067e-05,1.2975225783884525,0.06387589499354362,0.15041814065537698,0.001453395923408146,0.0034484560519420886,0.00044158540518717015,False,,5.0,5.0,1.55,4.55,0.013958635739982125,-0.014706157593325156,0,97,-0.00044582709670066835,-0.0004330541574049292,0,97,True
33,native,centered_calibration-003,fixed_cadence,0.2,0.4920474231648682,0.049999999999999996,0.19999999999999998,0.03146928691572313,0.2598388183595895,0.039374016333778024,0.0005109504672471892,0.037104403588670856,4.250982414803067e-05,1.1224987357854843,0.06387589499354362,0.12749801400760513,0.001453395923408146,0.0024949569964483687,0.00044158540518717015,False,,5.0,5.0,1.5,4.5,-0.012852940522134305,0.011617437430343809,0,97,-0.00044582709670066835,-0.0004330541574049292,0,97,True
33,centered_weak,centered_calibration-000,serial,0.0,0.4249592452080868,0.05,0.0,0.016188637955277935,0.18367295620483903,0.024862592931258476,0.0009593077496190337,0.020398387380268286,3.510155855630843e-05,0.7332274204878021,0.07592960063497313,0.07882786665839321,0.002964983086793431,0.0014810868460844958,7.46443190824575e-05,False,,5.0,5.0,1.3,4.3,-0.014317315892677384,0.006776123289499529,0,101,-0.0003604386759806448,-0.00036059013374324254,0,101,True
33,centered_weak,centered_calibration-001,serial,0.0,0.3865650053350364,0.05,0.0,0.016175821274118655,0.1836164459239058,0.022551463635346047,0.0009593077496190337,0.016663149216172957,3.510155855630843e-05,0.6693251318124939,0.07592960063497313,0.07144741799936553,0.002964983086793431,0.002011293481989273,7.46443190824575e-05,False,,5.0,5.0,1.65,4.65,-0.012990439386468008,0.00615945207579347,0,101,-0.0003604386759806448,-0.00036059013374324254,0,101,True
33,centered_weak,centered_calibration-002,serial,0.0,-0.5762225508362344,0.05,0.0,0.01613150526164503,0.1833765255383597,0.03311460871590207,0.0009593077496190337,0.035958756715288545,3.510155855630843e-05,0.9599160662678886,0.07592960063497313,0.1050284385428565,0.002964983086793431,0.0022929336174502836,7.46443190824575e-05,False,,5.0,5.0,1.55,4.55,0.018438515922624986,-0.010083550029078535,0,101,-0.0003604386759806448,-0.00036059013374324254,0,101,True
33,centered_weak,centered_calibration-003,serial,0.0,0.4920474231648682,0.05,0.0,0.01620856218171405,0.18375624195848814,0.028752313127136987,0.0009593077496190337,0.027078860504313178,3.510155855630843e-05,0.8349266162900139,0.07592960063497313,0.0911233277740515,0.002964983086793431,0.0018749942192605134,7.46443190824575e-05,False,,5.0,5.0,1.5,4.5,-0.0164427012963105,0.007912088599758713,0,101,-0.0003604386759806448,-0.00036059013374324254,0,101,True
33,centered_weak,centered_calibration-000,serial,0.05,0.4249592452080868,0.049999999999999996,0.05,0.01929843510147476,0.20084916217646678,0.026948237275201438,0.00024092519915241427,0.021730836890947704,4.499757177135733e-06,0.7578912036011692,0.031672682006168074,0.08571428363055508,0.0005356645678540867,0.0013869421763261058,0.0001755926655264582,False,,5.0,5.0,1.3,4.3,-0.013207781580470377,0.007869705642778162,0,100,9.782101473969781e-05,9.193109172700317e-05,0,100,True
33,centered_weak,centered_calibration-001,serial,0.05,0.3865650053350364,0.049999999999999996,0.05,0.019287082237474586,0.20081278670962868,0.024512391426718967,0.00024092519915241427,0.017942424692080662,4.499757177135733e-06,0.6899449260423658,0.031672682006168074,0.07796363420976445,0.0005356645678540867,0.002148031939597011,0.0001755926655264582,False,,5.0,5.0,1.65,4.65,-0.011930784476183228,0.007195622903025778,0,100,9.782101473969781e-05,9.193109172700317e-05,0,100,True
33,centered_weak,centered_calibration-002,serial,0.05,-0.5762225508362344,0.049999999999999996,0.05,0.019277669626769918,0.2008283984893391,0.03626343557986848,0.00024092519915241427,0.03964271011094424,4.499757177135733e-06,1.013176407058048,0.031672682006168074,0.11535091371442442,0.0005356645678540867,0.0025911761533962572,0.0001755926655264582,False,,5.0,5.0,1.55,4.55,0.01800414334497613,-0.010497020212585143,0,100,9.782101473969781e-05,9.193109172700317e-05,0,100,True
33,centered_weak,centered_calibration-003,serial,0.05,0.4920474231648682,0.049999999999999996,0.05,0.0193193390801201,0.20091529542934158,0.031210929504531828,0.00024092519915241427,0.029063163325256977,4.499757177135733e-06,0.8709821136186597,0.031672682006168074,0.09924177034499294,0.0005356645678540867,0.0018735095535177247,0.0001755926655264582,False,,5.0,5.0,1.5,4.5,-0.015220908341191584,0.0091073701570721,0,100,9.782101473969781e-05,9.193109172700317e-05,0,100,True
33,centered_weak,centered_calibration-000,serial,0.1,0.4249592452080868,0.1,0.10000000000000002,0.025357866542235392,0.22914089872497959,0.030944740854396698,0.000536724149198252,0.026653934584413647,1.2078016776395908e-05,0.8928131810602804,0.02839372821423006,0.0982645123823316,0.0009285007950158359,0.0021619424997255214,0.00045267033465487446,False,,5.0,5.0,1.3,4.3,-0.012303292427630626,0.008725878794434268,0,50,0.0003269839543388269,0.000312698401790961,0,50,True
33,centered_weak,centered_calibration-001,serial,0.1,0.3865650053350364,0.1,0.10000000000000002,0.026241080637520304,0.2326555640977101,0.028546710948618065,0.000536724149198252,0.022050886160479552,1.2078016776395908e-05,0.7934398330030102,0.02839372821423006,0.09048933136207542,0.0009285007950158359,0.0027970734987772207,0.00045267033465487446,False,,5.0,5.0,1.65,4.65,-0.010808168773026665,0.008124232857254212,0,50,0.0003269839543388269,0.000312698401790961,0,50,True
33,centered_weak,centered_calibration-002,serial,0.1,-0.5762225508362344,0.1,0.10000000000000002,0.02629838625491251,0.23305679662685963,0.04216134099199638,0.000536724149198252,0.04911592483561486,1.2078016776395908e-05,1.1736650890884062,0.02839372821423006,0.13363190519280263,0.0009285007950158359,0.00397574260182566,0.00045267033465487446,False,,5.0,5.0,1.55,4.55,0.016906854088930882,-0.011368890729333005,0,50,0.0003269839543388269,0.000312698401790961,0,50,True
33,centered_weak,centered_calibration-003,serial,0.1,0.4920474231648682,0.1,0.10000000000000002,0.025374278985206108,0.22915252379439519,0.035747203319953395,0.000536724149198252,0.035496914863672645,1.2078016776395908e-05,1.0265275961932798,0.02839372821423006,0.1134691587694592,0.0009285007950158359,0.00261893477472545,0.00045267033465487446,False,,5.0,5.0,1.5,4.5,-0.014121225897641383,0.010033120160864254,0,50,0.0003269839543388269,0.000312698401790961,0,50,True
33,centered_weak,centered_calibration-000,serial,0.2,0.4249592452080868,0.19999999999999998,0.2,0.044865852934344495,0.2903021337683209,0.040965870924113704,0.0011831892831116707,0.04213347808531764,0.00014140503993621925,1.1859988468848957,0.08786188915007229,0.12425991803278344,0.0038574174142048537,0.006231609820603997,0.00046444701675707055,False,,5.0,5.0,1.3,4.3,-0.011349130525664487,0.009639687022913273,0,25,-0.0006074042166034286,-0.0005923032576030773,0,25,True
33,centered_weak,centered_calibration-001,serial,0.2,0.3865650053350364,0.19999999999999998,0.2,0.04708749557204704,0.2982449046435744,0.03774867179807967,0.0011831892831116707,0.036765964780746896,0.00014140503993621925,1.0999501171671642,0.08786188915007229,0.11480833656450333,0.0038574174142048537,0.006324760824317601,0.00046444701675707055,False,,5.0,5.0,1.65,4.65,-0.009474674716071281,0.008816528364450623,0,25,-0.0006074042166034286,-0.0005923032576030773,0,25,True
33,centered_weak,centered_calibration-002,serial,0.2,-0.5762225508362344,0.19999999999999998,0.2,0.04394198796202568,0.28905090803079414,0.0544475519166221,0.0011831892831116707,0.0757489916032211,0.00014140503993621925,1.641321578171183,0.08786188915007229,0.16668833648166434,0.0038574174142048537,0.007727550310405675,0.00046444701675707055,False,,5.0,5.0,1.55,4.55,0.013392230764551972,-0.014099077557602518,0,25,-0.0006074042166034286,-0.0005923032576030773,0,25,True
33,centered_weak,centered_calibration-003,serial,0.2,0.4920474231648682,0.19999999999999998,0.2,0.044891597590978015,0.29028681755484864,0.04714739219624867,0.0011831892831116707,0.05540795643339419,0.00014140503993621925,1.351570231016804,0.08786188915007229,0.1429181903956197,0.0038574174142048537,0.007279478918323151,0.00046444701675707055,False,,5.0,5.0,1.5,4.5,-0.012505575373248251,0.011118014511774237,0,25,-0.0006074042166034286,-0.0005923032576030773,0,25,True
33,centered_weak,centered_calibration-000,fixed_cadence,0.0,0.4249592452080868,0.05,0.0,0.016188637955277935,0.18367295620483903,0.024862592931258476,0.0009593077496190337,0.020398387380268286,3.510155855630843e-05,0.7332274204878021,0.07592960063497313,0.07882786665839321,0.002964983086793431,0.0014810868460844958,7.46443190824575e-05,False,,5.0,5.0,1.3,4.3,-0.014317315892677384,0.006776123289499529,0,101,-0.0003604386759806448,-0.00036059013374324254,0,101,True
33,centered_weak,centered_calibration-001,fixed_cadence,0.0,0.3865650053350364,0.05,0.0,0.016175821274118655,0.1836164459239058,0.022551463635346047,0.0009593077496190337,0.016663149216172957,3.510155855630843e-05,0.6693251318124939,0.07592960063497313,0.07144741799936553,0.002964983086793431,0.002011293481989273,7.46443190824575e-05,False,,5.0,5.0,1.65,4.65,-0.012990439386468008,0.00615945207579347,0,101,-0.0003604386759806448,-0.00036059013374324254,0,101,True
33,centered_weak,centered_calibration-002,fixed_cadence,0.0,-0.5762225508362344,0.05,0.0,0.01613150526164503,0.1833765255383597,0.03311460871590207,0.0009593077496190337,0.035958756715288545,3.510155855630843e-05,0.9599160662678886,0.07592960063497313,0.1050284385428565,0.002964983086793431,0.0022929336174502836,7.46443190824575e-05,False,,5.0,5.0,1.55,4.55,0.018438515922624986,-0.010083550029078535,0,101,-0.0003604386759806448,-0.00036059013374324254,0,101,True
33,centered_weak,centered_calibration-003,fixed_cadence,0.0,0.4920474231648682,0.05,0.0,0.01620856218171405,0.18375624195848814,0.028752313127136987,0.0009593077496190337,0.027078860504313178,3.510155855630843e-05,0.8349266162900139,0.07592960063497313,0.0911233277740515,0.002964983086793431,0.0018749942192605134,7.46443190824575e-05,False,,5.0,5.0,1.5,4.5,-0.0164427012963105,0.007912088599758713,0,101,-0.0003604386759806448,-0.00036059013374324254,0,101,True
33,centered_weak,centered_calibration-000,fixed_cadence,0.05,0.4249592452080868,0.049999999999999996,0.05,0.01929843510147476,0.20084916217646678,0.026948237275201438,0.00024092519915241427,0.021730836890947704,4.499757177135733e-06,0.7578912036011692,0.031672682006168074,0.08571428363055508,0.0005356645678540867,0.0013869421763261058,0.0001755926655264582,False,,5.0,5.0,1.3,4.3,-0.013207781580470377,0.007869705642778162,0,100,9.782101473969781e-05,9.193109172700317e-05,0,100,True
33,centered_weak,centered_calibration-001,fixed_cadence,0.05,0.3865650053350364,0.049999999999999996,0.05,0.019287082237474586,0.20081278670962868,0.024512391426718967,0.00024092519915241427,0.017942424692080662,4.499757177135733e-06,0.6899449260423658,0.031672682006168074,0.07796363420976445,0.0005356645678540867,0.002148031939597011,0.0001755926655264582,False,,5.0,5.0,1.65,4.65,-0.011930784476183228,0.007195622903025778,0,100,9.782101473969781e-05,9.193109172700317e-05,0,100,True
33,centered_weak,centered_calibration-002,fixed_cadence,0.05,-0.5762225508362344,0.049999999999999996,0.05,0.019277669626769918,0.2008283984893391,0.03626343557986848,0.00024092519915241427,0.03964271011094424,4.499757177135733e-06,1.013176407058048,0.031672682006168074,0.11535091371442442,0.0005356645678540867,0.0025911761533962572,0.0001755926655264582,False,,5.0,5.0,1.55,4.55,0.01800414334497613,-0.010497020212585143,0,100,9.782101473969781e-05,9.193109172700317e-05,0,100,True
33,centered_weak,centered_calibration-003,fixed_cadence,0.05,0.4920474231648682,0.049999999999999996,0.05,0.0193193390801201,0.20091529542934158,0.031210929504531828,0.00024092519915241427,0.029063163325256977,4.499757177135733e-06,0.8709821136186597,0.031672682006168074,0.09924177034499294,0.0005356645678540867,0.0018735095535177247,0.0001755926655264582,False,,5.0,5.0,1.5,4.5,-0.015220908341191584,0.0091073701570721,0,100,9.782101473969781e-05,9.193109172700317e-05,0,100,True
33,centered_weak,centered_calibration-000,fixed_cadence,0.1,0.4249592452080868,0.05,0.1,0.023144373182673858,0.2193897604399728,0.029584546738370382,0.0004938972778877483,0.023313737390480833,7.453063473120268e-06,0.8324634457046148,0.04383789245430202,0.09403317754357911,0.0008014705406252752,0.0012800705673880583,0.00045525599047361096,False,,5.0,5.0,1.3,4.3,-0.012208941049980118,0.008835906276321356,0,99,0.0003295421301255682,0.00031503980006428905,0,99,True
33,centered_weak,centered_calibration-001,fixed_cadence,0.1,0.3865650053350364,0.05,0.1,0.023135817044976834,0.21937668990525844,0.026878460914951125,0.0004938972778877483,0.019173788936187187,7.453063473120268e-06,0.7574370676690695,0.04383789245430202,0.0854255114778966,0.0008014705406252752,0.0024769523760448066,0.00045525599047361096,False,,5.0,5.0,1.65,4.65,-0.011009129352973891,0.0081067831127213,0,99,0.0003295421301255682,0.00031503980006428905,0,99,True
33,centered_weak,centered_calibration-002,fixed_cadence,0.1,-0.5762225508362344,0.05,0.1,0.023178461212479445,0.21974434577448562,0.03960409498886666,0.0004938972778877483,0.042549874615473236,7.453063473120268e-06,1.1057115146929382,0.04383789245430202,0.12592491691074859,0.0008014705406252752,0.0030179687397795273,0.00045525599047361096,False,,5.0,5.0,1.55,4.55,0.01716269568343262,-0.011330116254468512,0,99,0.0003295421301255682,0.00031503980006428905,0,99,True
33,centered_weak,centered_calibration-003,fixed_cadence,0.1,0.4920474231648682,0.05,0.1,0.023160213076673132,0.21941501279088932,0.03420938110239258,0.0004938972778877483,0.031106309102622874,7.453063473120268e-06,0.9543189207131025,0.04383789245430202,0.10869275574138385,0.0008014705406252752,0.001994693108838868,0.00045525599047361096,False,,5.0,5.0,1.5,4.5,-0.014105638332771255,0.0101946320249638,0,99,0.0003295421301255682,0.00031503980006428905,0,99,True
33,centered_weak,centered_calibration-000,fixed_cadence,0.2,0.4249592452080868,0.049999999999999996,0.19999999999999998,0.031152364116430097,0.2592697114213889,0.03396165765646979,0.0007762518072003259,0.028671911652801918,7.798525763114574e-05,1.012573943034276,0.08162324552284136,0.1102485722315504,0.0025347693046349,0.0016859995038147517,0.0004422093192007476,False,,5.0,5.0,1.3,4.3,-0.011384494069363638,0.009707467151849338,0,97,-0.0005597744391818494,-0.0005474183221116783,0,97,True
33,centered_weak,centered_calibration-001,fixed_cadence,0.2,0.3865650053350364,0.049999999999999996,0.19999999999999998,0.03115013048629606,0.2592816086975439,0.030803164393206236,0.0007762518072003259,0.023567164039484924,7.798525763114574e-05,0.9258874808703508,0.08162324552284136,0.09999276683594764,0.0025347693046349,0.002630731043024339,0.0004422093192007476,False,,5.0,5.0,1.65,4.65,-0.010423914927389187,0.008854349211177791,0,97,-0.0005597744391818494,-0.0005474183221116783,0,97,True
33,centered_weak,centered_calibration-002,fixed_cadence,0.2,-0.5762225508362344,0.049999999999999996,0.19999999999999998,0.03136423779452124,0.25980800730841047,0.0461848614682859,0.0007762518072003259,0.05144547371966222,7.798525763114574e-05,1.3345072535132017,0.08162324552284136,0.1498393147970733,0.0025347693046349,0.003261372886810027,0.0004422093192007476,False,,5.0,5.0,1.55,4.55,0.014000892427418662,-0.014623001633295139,0,97,-0.0005597744391818494,-0.0005474183221116783,0,97,True
33,centered_weak,centered_calibration-003,fixed_cadence,0.2,0.4920474231648682,0.049999999999999996,0.19999999999999998,0.031158880794000587,0.25926069981616845,0.03927771122725312,0.0007762518072003259,0.03818427030345748,7.798525763114574e-05,1.1580033903275575,0.08162324552284136,0.12748883736598102,0.0025347693046349,0.0024277205758463623,0.0004422093192007476,False,,5.0,5.0,1.5,4.5,-0.013079438197757764,0.011360824218759237,0,97,-0.0005597744391818494,-0.0005474183221116783,0,97,True
33,centered_strong,centered_calibration-000,serial,0.0,0.4249592452080868,0.05,0.0,0.01684697912456717,0.18600561856687414,0.025023378499568184,0.00036361212306922536,0.019065900838265565,3.292067252497046e-05,0.6940829730865858,0.05790639438604332,0.07884336872199209,0.0011442781600790528,0.0014333482225505588,6.18011836112127e-05,False,,5.0,5.0,1.3,4.3,-0.013756896621237025,0.007319409753088188,0,101,-3.769627834342356e-05,-3.592584473320334e-05,0,101,True
33,centered_strong,centered_calibration-001,serial,0.0,0.3865650053350364,0.05,0.0,0.016836310852329672,0.1859617559214262,0.022854677828613723,0.00036361212306922536,0.015898947428352038,3.292067252497046e-05,0.636690033161392,0.05790639438604332,0.0720079459598172,0.0011442781600790528,0.002233504559106966,6.18011836112127e-05,False,,5.0,5.0,1.65,4.65,-0.012489257818708643,0.006702619017372781,0,101,-3.769627834342356e-05,-3.592584473320334e-05,0,101,True
33,centered_strong,centered_calibration-002,serial,0.0,-0.5762225508362344,0.05,0.0,0.01680349135113324,0.18576900667481586,0.03395700366977975,0.00036361212306922536,0.03475014989560024,3.292067252497046e-05,0.920198520207157,0.05790639438604332,0.10697439641738185,0.0011442781600790528,0.002547134047995449,6.18011836112127e-05,False,,5.0,5.0,1.55,4.55,0.018455814131846205,-0.010096596009018624,0,101,-3.769627834342356e-05,-3.592584473320334e-05,0,101,True
33,centered_strong,centered_calibration-003,serial,0.0,0.4920474231648682,0.05,0.0,0.016868131504284983,0.18609082050195674,0.029076650591177474,0.00036361212306922536,0.02565329203552206,3.292067252497046e-05,0.7950324169633292,0.05790639438604332,0.09159681812673894,0.0011442781600790528,0.0020015585841015927,6.18011836112127e-05,False,,5.0,5.0,1.5,4.5,-0.01586924350882552,0.008503058190325492,0,101,-3.769627834342356e-05,-3.592584473320334e-05,0,101,True
33,centered_strong,centered_calibration-000,serial,0.05,0.4249592452080868,0.049999999999999996,0.05,0.019918174395763523,0.20277951061941935,0.027069564772428476,0.0009549488123005034,0.020302106800218385,5.455876953300561e-05,0.7695098226218531,0.07454522003224581,0.08554151535666933,0.002992194379215356,0.0012883883490891683,0.00019241995522719432,False,,5.0,5.0,1.3,4.3,-0.012624183182953011,0.00843948327454425,0,100,0.00044472527003465965,0.00044091211477033533,0,100,True
33,centered_strong,centered_calibration-001,serial,0.05,0.3865650053350364,0.049999999999999996,0.05,0.019908817818583207,0.20275303818224327,0.02474245664805585,0.0009549488123005034,0.01708987731891236,5.455876953300561e-05,0.7088972260504076,0.07454522003224581,0.07820994383386114,0.002992194379215356,0.002377187356675077,0.00019241995522719432,False,,5.0,5.0,1.65,4.65,-0.011410422136424193,0.007765913461133303,0,100,0.00044472527003465965,0.00044091211477033533,0,100,True
33,centered_strong,centered_calibration-002,serial,0.05,-0.5762225508362344,0.049999999999999996,0.05,0.0199106201468948,0.20281095496491558,0.03708000151446264,0.0009549488123005034,0.03830924339701101,5.455876953300561e-05,1.0237475862055132,0.07454522003224581,0.11721044816081964,0.002992194379215356,0.0027563921210024133,0.00019241995522719432,False,,5.0,5.0,1.55,4.55,0.018044252621592868,-0.01049779705526035,0,100,0.00044472527003465965,0.00044091211477033533,0,100,True
33,centered_strong,centered_calibration-003,serial,0.05,0.4920474231648682,0.049999999999999996,0.05,0.019940009639511896,0.20284539038097704,0.031446045207906954,0.0009549488123005034,0.02747794820657445,5.455876953300561e-05,0.8818884943871805,0.07454522003224581,0.0993810695512359,0.002992194379215356,0.0020003062604208965,0.00019241995522719432,False,,5.0,5.0,1.5,4.5,-0.01462838489317716,0.009725603924281862,0,100,0.00044472527003465965,0.00044091211477033533,0,100,True
33,centered_strong,centered_calibration-000,serial,0.1,0.4249592452080868,0.1,0.10000000000000002,0.02586423286876652,0.23063082402978882,0.030863737367229454,0.0011053129116089233,0.02460406152523016,4.0433473149565945e-05,0.8697672012107807,0.04981080171041057,0.09762363710772397,0.0032037014411871777,0.00186510059066928,0.00047900120082568893,False,,5.0,5.0,1.3,4.3,-0.011661815026989398,0.009336304091808615,0,50,0.0007156989181132954,0.0007044475298305191,0,50,True
33,centered_strong,centered_calibration-001,serial,0.1,0.3865650053350364,0.1,0.10000000000000002,0.02675864548888962,0.2341697125352355,0.028622787417643594,0.0011053129116089233,0.02082071992758584,4.0433473149565945e-05,0.7843698012488323,0.04981080171041057,0.09044455609010653,0.0032037014411871777,0.0029711741372166387,0.00047900120082568893,False,,5.0,5.0,1.65,4.65,-0.010257950553884917,0.0087489442293837,0,50,0.0007156989181132954,0.0007044475298305191,0,50,True
33,centered_strong,centered_calibration-002,serial,0.1,-0.5762225508362344,0.1,0.10000000000000002,0.026808877708327926,0.23458236792954526,0.04287000913791049,0.0011053129116089233,0.04708576907481282,4.0433473149565945e-05,1.1509775194185214,0.04981080171041057,0.13542922428997292,0.0032037014411871777,0.0038538572256903657,0.00047900120082568893,False,,5.0,5.0,1.55,4.55,0.016981463750609938,-0.011351244089796785,0,50,0.0007156989181132954,0.0007044475298305191,0,50,True
33,centered_strong,centered_calibration-003,serial,0.1,0.4920474231648682,0.1,0.10000000000000002,0.025881996387451124,0.2306416529890676,0.035767956922466024,0.0011053129116089233,0.03324344031484012,4.0433473149565945e-05,1.0038786205308872,0.04981080171041057,0.11315693457448364,0.0032037014411871777,0.0025128344147117994,0.00047900120082568893,False,,5.0,5.0,1.5,4.5,-0.013485813269606045,0.010699120304725557,0,50,0.0007156989181132954,0.0007044475298305191,0,50,True
33,centered_strong,centered_calibration-000,serial,0.2,0.4249592452080868,0.19999999999999998,0.2,0.04480088701536341,0.2913249671552128,0.040454146009872294,0.0006017822011548455,0.038082287899224264,3.6486048006955266e-05,1.0728283884912582,0.040431088486299,0.12318806550006625,0.0013356382192230931,0.005330236703071772,0.0004236640970586188,False,,5.0,5.0,1.3,4.3,-0.01070574882410535,0.010192216921928218,0,25,-0.000270225731358604,-0.0002521210479836341,0,25,True
33,centered_strong,centered_calibration-001,serial,0.2,0.3865650053350364,0.19999999999999998,0.2,0.04699446420642984,0.2990860427688884,0.037449493376873706,0.0006017822011548455,0.03407484096982332,3.6486048006955266e-05,1.0027327115624995,0.040431088486299,0.11447801866797862,0.0013356382192230931,0.005732395613852699,0.0004236640970586188,False,,5.0,5.0,1.65,4.65,-0.00905318099044331,0.00943228872591496,0,25,-0.000270225731358604,-0.0002521210479836341,0,25,True
33,centered_strong,centered_calibration-002,serial,0.2,-0.5762225508362344,0.19999999999999998,0.2,0.043789920222412654,0.29004228990691133,0.054707433164340236,0.0006017822011548455,0.0710173533817628,3.6486048006955266e-05,1.5233279305487724,0.040431088486299,0.16825547152624937,0.0013356382192230931,0.006684523506973607,0.0004236640970586188,False,,5.0,5.0,1.55,4.55,0.01344137948967449,-0.01420330863736582,0,25,-0.000270225731358604,-0.0002521210479836341,0,25,True
33,centered_strong,centered_calibration-003,serial,0.2,0.4920474231648682,0.19999999999999998,0.2,0.044828496789148006,0.29130903957606974,0.046693818120956535,0.0006017822011548455,0.05085878962450897,3.6486048006955266e-05,1.2395177881210895,0.040431088486299,0.14225743697500298,0.0013356382192230931,0.006194521897774608,0.0004236640970586188,False,,5.0,5.0,1.5,4.5,-0.01194721820734509,0.011758191721768497,0,25,-0.000270225731358604,-0.0002521210479836341,0,25,True
33,centered_strong,centered_calibration-000,fixed_cadence,0.0,0.4249592452080868,0.05,0.0,0.01684697912456717,0.18600561856687414,0.025023378499568184,0.00036361212306922536,0.019065900838265565,3.292067252497046e-05,0.6940829730865858,0.05790639438604332,0.07884336872199209,0.0011442781600790528,0.0014333482225505588,6.18011836112127e-05,False,,5.0,5.0,1.3,4.3,-0.013756896621237025,0.007319409753088188,0,101,-3.769627834342356e-05,-3.592584473320334e-05,0,101,True
33,centered_strong,centered_calibration-001,fixed_cadence,0.0,0.3865650053350364,0.05,0.0,0.016836310852329672,0.1859617559214262,0.022854677828613723,0.00036361212306922536,0.015898947428352038,3.292067252497046e-05,0.636690033161392,0.05790639438604332,0.0720079459598172,0.0011442781600790528,0.002233504559106966,6.18011836112127e-05,False,,5.0,5.0,1.65,4.65,-0.012489257818708643,0.006702619017372781,0,101,-3.769627834342356e-05,-3.592584473320334e-05,0,101,True
33,centered_strong,centered_calibration-002,fixed_cadence,0.0,-0.5762225508362344,0.05,0.0,0.01680349135113324,0.18576900667481586,0.03395700366977975,0.00036361212306922536,0.03475014989560024,3.292067252497046e-05,0.920198520207157,0.05790639438604332,0.10697439641738185,0.0011442781600790528,0.002547134047995449,6.18011836112127e-05,False,,5.0,5.0,1.55,4.55,0.018455814131846205,-0.010096596009018624,0,101,-3.769627834342356e-05,-3.592584473320334e-05,0,101,True
33,centered_strong,centered_calibration-003,fixed_cadence,0.0,0.4920474231648682,0.05,0.0,0.016868131504284983,0.18609082050195674,0.029076650591177474,0.00036361212306922536,0.02565329203552206,3.292067252497046e-05,0.7950324169633292,0.05790639438604332,0.09159681812673894,0.0011442781600790528,0.0020015585841015927,6.18011836112127e-05,False,,5.0,5.0,1.5,4.5,-0.01586924350882552,0.008503058190325492,0,101,-3.769627834342356e-05,-3.592584473320334e-05,0,101,True
33,centered_strong,centered_calibration-000,fixed_cadence,0.05,0.4249592452080868,0.049999999999999996,0.05,0.019918174395763523,0.20277951061941935,0.027069564772428476,0.0009549488123005034,0.020302106800218385,5.455876953300561e-05,0.7695098226218531,0.07454522003224581,0.08554151535666933,0.002992194379215356,0.0012883883490891683,0.00019241995522719432,False,,5.0,5.0,1.3,4.3,-0.012624183182953011,0.00843948327454425,0,100,0.00044472527003465965,0.00044091211477033533,0,100,True
33,centered_strong,centered_calibration-001,fixed_cadence,0.05,0.3865650053350364,0.049999999999999996,0.05,0.019908817818583207,0.20275303818224327,0.02474245664805585,0.0009549488123005034,0.01708987731891236,5.455876953300561e-05,0.7088972260504076,0.07454522003224581,0.07820994383386114,0.002992194379215356,0.002377187356675077,0.00019241995522719432,False,,5.0,5.0,1.65,4.65,-0.011410422136424193,0.007765913461133303,0,100,0.00044472527003465965,0.00044091211477033533,0,100,True
33,centered_strong,centered_calibration-002,fixed_cadence,0.05,-0.5762225508362344,0.049999999999999996,0.05,0.0199106201468948,0.20281095496491558,0.03708000151446264,0.0009549488123005034,0.03830924339701101,5.455876953300561e-05,1.0237475862055132,0.07454522003224581,0.11721044816081964,0.002992194379215356,0.0027563921210024133,0.00019241995522719432,False,,5.0,5.0,1.55,4.55,0.018044252621592868,-0.01049779705526035,0,100,0.00044472527003465965,0.00044091211477033533,0,100,True
33,centered_strong,centered_calibration-003,fixed_cadence,0.05,0.4920474231648682,0.049999999999999996,0.05,0.019940009639511896,0.20284539038097704,0.031446045207906954,0.0009549488123005034,0.02747794820657445,5.455876953300561e-05,0.8818884943871805,0.07454522003224581,0.0993810695512359,0.002992194379215356,0.0020003062604208965,0.00019241995522719432,False,,5.0,5.0,1.5,4.5,-0.01462838489317716,0.009725603924281862,0,100,0.00044472527003465965,0.00044091211477033533,0,100,True
33,centered_strong,centered_calibration-000,fixed_cadence,0.1,0.4249592452080868,0.05,0.1,0.02373735760263026,0.22105188791694685,0.02967052070528335,0.0009407551180616965,0.02175228270136953,3.421336588410945e-05,0.8169506685589258,0.060633477732986656,0.09379964567319218,0.002643211536718519,0.0011632527644047134,0.0004689500287551156,False,,5.0,5.0,1.3,4.3,-0.011635256412484803,0.009404081871457401,0,99,0.0006680588768337564,0.0006556243606098429,0,99,True
33,centered_strong,centered_calibration-001,fixed_cadence,0.1,0.3865650053350364,0.05,0.1,0.023730163033378784,0.22104313146962454,0.02703397663650874,0.0009407551180616965,0.018187788614152003,3.421336588410945e-05,0.7491412209127848,0.060633477732986656,0.08549868661444335,0.002643211536718519,0.0027281570740760363,0.0004689500287551156,False,,5.0,5.0,1.65,4.65,-0.010503144043543498,0.008674918471877386,0,99,0.0006680588768337564,0.0006556243606098429,0,99,True
33,centered_strong,centered_calibration-002,fixed_cadence,0.1,-0.5762225508362344,0.05,0.1,0.02377787949019407,0.2214157730092446,0.040354072990574134,0.0009407551180616965,0.04099002640230808,3.421336588410945e-05,1.088833046123833,0.060633477732986656,0.12765035438610947,0.002643211536718519,0.0031182283334062247,0.0004689500287551156,False,,5.0,5.0,1.55,4.55,0.01719525228901847,-0.011357153147506658,0,99,0.0006680588768337564,0.0006556243606098429,0,99,True
33,centered_strong,centered_calibration-003,fixed_cadence,0.1,0.4920474231648682,0.05,0.1,0.023753581083853285,0.2210753327172989,0.034370962590892944,0.0009407551180616965,0.029333770572425536,3.421336588410945e-05,0.9377769576166575,0.060633477732986656,0.10866879779694863,0.002643211536718519,0.002182620036759701,0.0004689500287551156,False,,5.0,5.0,1.5,4.5,-0.013528506684162774,0.010812546606331738,0,99,0.0006680588768337564,0.0006556243606098429,0,99,True
33,centered_strong,centered_calibration-000,fixed_cadence,0.2,0.4249592452080868,0.049999999999999996,0.19999999999999998,0.03178518998843725,0.26042629062941197,0.03413282613275839,0.00043189132869168547,0.0269183333729991,2.4390542031932784e-05,0.9508806768212199,0.0531106929633498,0.11022041379118747,0.000673682835340681,0.0016220408509313973,0.00044242031619223045,False,,5.0,5.0,1.3,4.3,-0.010929706732664565,0.010181769994233035,0,97,-0.0003283514109592223,-0.00031530421054770175,0,97,True
33,centered_strong,centered_calibration-001,fixed_cadence,0.2,0.3865650053350364,0.049999999999999996,0.19999999999999998,0.03178466791669372,0.2604394748368725,0.030953322175538495,0.00043189132869168547,0.02228208562279441,2.4390542031932784e-05,0.8690573203716159,0.0531106929633498,0.10000349929306179,0.000673682835340681,0.0027475131467473634,0.00044242031619223045,False,,5.0,5.0,1.65,4.65,-0.01002702046457336,0.009318770286845945,0,97,-0.0003283514109592223,-0.00031530421054770175,0,97,True
33,centered_strong,centered_calibration-002,fixed_cadence,0.2,-0.5762225508362344,0.049999999999999996,0.19999999999999998,0.03198442151885603,0.26092239316391697,0.04679562773205541,0.00043189132869168547,0.049071477190509735,2.4390542031932784e-05,1.2665523703548789,0.0531106929633498,0.1510031812349885,0.000673682835340681,0.003641270926986103,0.00044242031619223045,False,,5.0,5.0,1.55,4.55,0.013918103610243338,-0.014789510567310765,0,97,-0.0003283514109592223,-0.00031530421054770175,0,97,True
33,centered_strong,centered_calibration-003,fixed_cadence,0.2,0.4920474231648682,0.049999999999999996,0.19999999999999998,0.0317906969749181,0.2604164404039041,0.039478482374170135,0.00043189132869168547,0.036061474450698724,2.4390542031932784e-05,1.0929577353749156,0.0531106929633498,0.1275051796640539,0.000673682835340681,0.002576712035467263,0.00044242031619223045,False,,5.0,5.0,1.5,4.5,-0.012621773819361188,0.011880820182539624,0,97,-0.0003283514109592223,-0.00031530421054770175,0,97,True
