seed,variant,scenario_id,schedule,compute_duration,amplitude,mean_application_interval,mean_observation_age_at_application,J_response,peak_response,pulse_tracking_rmse,sham_tracking_rmse,pulse_action_effort,sham_action_effort,pulse_action_variation,sham_action_variation,pulse_peak_abs_error,sham_peak_abs_error,pulse_last_second_rmse,sham_last_second_rmse,censored,failure_reason,pulse_observed_duration,sham_observed_duration,recovery_start,recovery_end,pulse_mean_applied_action,pulse_mean_position,pulse_clipped_actions,pulse_applied_actions,sham_mean_applied_action,sham_mean_position,sham_clipped_actions,sham_applied_actions,absolute_competence
-1,teacher,centered_confirmation-000,serial,0.0,0.3541282217646782,0.05,0.0,0.015847453299165783,0.18111577202254875,0.020292295491630134,0.0,0.01359030985526388,0.0,0.5475924694658939,0.0,0.06413820627988204,0.0,0.0019757393516373744,0.0,False,,5.0,5.0,1.65,4.65,-0.011662373330955713,0.005889959771558635,0,101,0.0,0.0,0,101,True
-1,teacher,centered_confirmation-001,serial,0.0,0.41565273311775136,0.05,0.0,0.015847453299165783,0.18111577202254872,0.023818631471782876,0.0,0.018723182308919884,0.0,0.6452112907942763,0.0,0.07528126565190395,0.0,0.0014263181880139037,0.0,False,,5.0,5.0,1.3,4.3,-0.013742977537077952,0.006870361943021433,0,101,0.0,0.0,0,101,True
-1,teacher,centered_confirmation-002,serial,0.0,-0.4933611177198613,0.05,0.0,0.01584745329916577,0.18111577202254878,0.028271602029269493,0.0,0.02637787623614367,0.0,0.7651274200198486,0.0,0.08935547972174025,0.0,0.0018121399115551484,0.0,False,,5.0,5.0,1.45,4.45,0.016257414270882294,-0.008160772981279228,0,101,0.0,0.0,0,101,True
-1,teacher,centered_confirmation-003,serial,0.0,-0.4314512128249486,0.05,0.0,0.0158474532991658,0.1811157720225489,0.024723958723708743,0.0,0.020173716256202057,0.0,0.6697893086212164,0.0,0.0781426195008556,0.0,0.0014806408574971847,0.0,False,,5.0,5.0,1.25,4.25,0.01428493181078556,-0.007133504419339072,0,101,0.0,0.0,0,101,True
-1,teacher,centered_confirmation-004,serial,0.0,-0.5204102239457927,0.05,0.0,0.015847453299165776,0.1811157720225487,0.029821671676103924,0.0,0.029350129728217954,0.0,0.8078247190052293,0.0,0.09425449947836971,0.0,0.0017857949882215565,0.0,False,,5.0,5.0,1.3,4.3,0.017206637772129448,-0.008601908065268397,0,101,0.0,0.0,0,101,True
-1,teacher,centered_confirmation-005,serial,0.0,-0.5721576212767027,0.05,0.0,0.015847453299165787,0.18111577202254883,0.03278685954331316,0.0,0.035476466098992354,0.0,0.886836745510141,0.0,0.10362676929611511,0.0,0.0022625177760820137,0.0,False,,5.0,5.0,1.5,4.5,0.01884110027885883,-0.009472329436831831,0,101,0.0,0.0,0,101,True
-1,teacher,centered_confirmation-006,serial,0.0,-0.5662041871326249,0.05,0.0,0.015847453299165783,0.1811157720225488,0.0324455071990806,0.0,0.03474200232497214,0.0,0.8770143882838455,0.0,0.10254850847492505,0.0,0.0024757717679622466,0.0,False,,5.0,5.0,1.55,4.55,0.018638289078373102,-0.009385043529600314,0,101,0.0,0.0,0,101,True
-1,teacher,centered_confirmation-007,serial,0.0,-0.5264386179293323,0.05,0.0,0.015847453299165773,0.18111577202254872,0.030167123740339395,0.0,0.03003404765827913,0.0,0.8171825014847548,0.0,0.09534633670875459,0.0,0.0018064815067937794,0.0,False,,5.0,5.0,1.3,4.3,0.017405958205990203,-0.008701551939353824,0,101,0.0,0.0,0,101,True
-1,teacher,centered_confirmation-000,serial,0.05,0.3541282217646782,0.049999999999999996,0.05,0.019472190360172496,0.20044947400459862,0.02246342349681516,0.0,0.014599907454141565,0.0,0.5966108404100388,0.0,0.07098481578291359,0.0,0.0022149771073760737,0.0,False,,5.0,5.0,1.65,4.65,-0.011009282856095556,0.006528911807401806,0,100,0.0,0.0,0,100,True
-1,teacher,centered_confirmation-001,serial,0.05,0.41565273311775136,0.049999999999999996,0.05,0.01947219036017254,0.20044947400459864,0.02636709951316759,0.0,0.02011414064837302,0.0,0.7030703429866945,0.0,0.08331737172202708,0.0,0.001578588109596737,0.0,False,,5.0,5.0,1.3,4.3,-0.01297907041994302,0.00761400238900081,0,100,0.0,0.0,0,100,True
-1,teacher,centered_confirmation-002,serial,0.05,-0.4933611177198613,0.049999999999999996,0.05,0.019472190360172507,0.20044947400459853,0.031296507955834565,0.0,0.028337449497043886,0.0,0.8336965521482239,0.0,0.09889397654126701,0.0,0.0020179166614088593,0.0,False,,5.0,5.0,1.45,4.45,0.015345819809445119,-0.009044884465055626,0,100,0.0,0.0,0,100,True
-1,teacher,centered_confirmation-003,serial,0.05,-0.4314512128249486,0.049999999999999996,0.05,0.019472190360172545,0.20044947400459864,0.027369290598081016,0.0,0.02167246236098537,0.0,0.7298612830414137,0.0,0.08648416866940709,0.0,0.0016386175732155746,0.0,False,,5.0,5.0,1.25,4.25,0.013493973326160369,-0.007905441096891952,0,100,0.0,0.0,0,100,True
-1,teacher,centered_confirmation-004,serial,0.05,-0.5204102239457927,0.049999999999999996,0.05,0.01947219036017251,0.20044947400459853,0.03301243338284817,0.0,0.031530571441379426,0.0,0.8802660622460001,0.0,0.10431595565654948,0.0,0.001976441693216712,0.0,False,,5.0,5.0,1.3,4.3,0.016250202165607498,-0.009532969165539421,0,100,0.0,0.0,0,100,True
-1,teacher,centered_confirmation-005,serial,0.05,-0.5721576212767027,0.049999999999999996,0.05,0.019472190360172545,0.20044947400459875,0.03629486404800265,0.0,0.038111956441358064,0.0,0.9662922641963168,0.0,0.11468869423263747,0.0,0.0025270674116786183,0.0,False,,5.0,5.0,1.5,4.5,0.017783171760786993,-0.010498878964502049,0,100,0.0,0.0,0,100,True
-1,teacher,centered_confirmation-006,serial,0.05,-0.5662041871326249,0.049999999999999996,0.05,0.019472190360172545,0.20044947400459873,0.035916976104490385,0.0,0.037322932368676225,0.0,0.9555677186682947,0.0,0.11349533148993604,0.0,0.0027716403977103565,0.0,False,,5.0,5.0,1.55,4.55,0.017591390623902414,-0.010402482937363802,0,100,0.0,0.0,0,100,True
-1,teacher,centered_confirmation-007,serial,0.05,-0.5264386179293323,0.049999999999999996,0.05,0.01947219036017251,0.2004494740045986,0.03339484699739679,0.0,0.03226529811391952,0.0,0.8904629999489585,0.0,0.1055243440596425,0.0,0.0019993366492801557,0.0,False,,5.0,5.0,1.3,4.3,0.016438443319333657,-0.009643398383334324,0,100,0.0,0.0,0,100,True
-1,teacher,centered_confirmation-000,serial,0.1,0.3541282217646782,0.1,0.10000000000000002,0.026582904765289704,0.23308817875611468,0.026165533418104035,0.0,0.017768455778094425,0.0,0.6804631747732942,0.0,0.08254310225727032,0.0,0.0028088663067501415,0.0,False,,5.0,5.0,1.65,4.65,-0.010092890017424442,0.007292533032736151,0,50,0.0,0.0,0,50,True
-1,teacher,centered_confirmation-001,serial,0.1,0.41565273311775136,0.1,0.10000000000000002,0.025594588660183906,0.2291623959482713,0.03014364300196702,0.0,0.024229306328123576,0.0,0.8232246901507717,0.0,0.09525197620371129,0.0,0.002363040151359735,0.0,False,,5.0,5.0,1.3,4.3,-0.012196595695636619,0.008352954577799469,0,50,0.0,0.0,0,50,True
-1,teacher,centered_confirmation-002,serial,0.1,-0.4933611177198613,0.1,0.10000000000000002,0.026582904765289656,0.23308817875611448,0.03645389240705858,0.0,0.034488089055241464,0.0,0.9509740565030325,0.0,0.11499664439840347,0.0,0.0028954406853000433,0.0,False,,5.0,5.0,1.45,4.45,0.01413480376526972,-0.010115829664784803,0,50,0.0,0.0,0,50,True
-1,teacher,centered_confirmation-003,serial,0.1,-0.4314512128249486,0.1,0.10000000000000002,0.026582904765289732,0.2330881787561149,0.03187964365615031,0.0,0.0263782139117677,0.0,0.8321612037258092,0.0,0.10056617741948419,0.0,0.002484431584795501,0.0,False,,5.0,5.0,1.25,4.25,0.012504927391531761,-0.008865276396286537,0,50,0.0,0.0,0,50,True
-1,teacher,centered_confirmation-004,serial,0.1,-0.5204102239457927,0.1,0.10000000000000002,0.025594588660183958,0.22916239594827142,0.037740783965329226,0.0,0.03798143244144831,0.0,1.0307030634577892,0.0,0.11925845379539436,0.0,0.0029586001880412046,0.0,False,,5.0,5.0,1.3,4.3,0.015270519334091359,-0.01045816042116628,0,50,0.0,0.0,0,50,True
-1,teacher,centered_confirmation-005,serial,0.1,-0.5721576212767027,0.1,0.10000000000000002,0.025594588660183933,0.2291623959482714,0.04149342485260513,0.0,0.04590654973875282,0.0,1.1322133375124326,0.0,0.13111701135183285,0.0,0.0034091164961260073,0.0,False,,5.0,5.0,1.5,4.5,0.01661429919793998,-0.011488027169306478,0,50,0.0,0.0,0,50,True
-1,teacher,centered_confirmation-006,serial,0.1,-0.5662041871326249,0.1,0.10000000000000002,0.02658290476528969,0.23308817875611468,0.04183604335683105,0.0,0.04542300159331704,0.0,1.0900853992732604,0.0,0.13197550278282988,0.0,0.003670381095344721,0.0,False,,5.0,5.0,1.55,4.55,0.01615832965829189,-0.011623456111715186,0,50,0.0,0.0,0,50,True
-1,teacher,centered_confirmation-007,serial,0.1,-0.5264386179293323,0.1,0.10000000000000002,0.025594588660183888,0.22916239594827129,0.03817797044730413,0.0,0.038866477342327885,0.0,1.0426426523833363,0.0,0.12063993500438236,0.0,0.0029928723962965556,0.0,False,,5.0,5.0,1.3,4.3,0.015447411913528372,-0.010579306986819479,0,50,0.0,0.0,0,50,True
-1,teacher,centered_confirmation-000,serial,0.2,0.3541282217646782,0.19999999999999998,0.2,0.04754021832827838,0.2991549606049446,0.03480994812095099,0.0,0.02840209882991737,0.0,0.907751247268137,0.0,0.1059392142311114,0.0,0.0055919916430014595,0.0,False,,5.0,5.0,1.65,4.65,-0.007742041283104807,0.009017573111164395,0,25,0.0,0.0,0,25,True
-1,teacher,centered_confirmation-001,serial,0.2,0.41565273311775136,0.19999999999999998,0.2,0.045344086305893976,0.2911661664131042,0.03992016482191634,0.0,0.035852639257867545,0.0,1.0159087768289954,0.0,0.12102401286102478,0.0,0.005626657867685,0.0,False,,5.0,5.0,1.3,4.3,-0.009985211331060359,0.010456322186372552,0,25,0.0,0.0,0,25,True
-1,teacher,centered_confirmation-002,serial,0.2,-0.4933611177198613,0.19999999999999998,0.2,0.0475402183282783,0.2991549606049448,0.04849695113515684,0.0,0.05514469117580471,0.0,1.2683643113643714,0.0,0.14759142573549663,0.0,0.006858386102778006,0.0,False,,5.0,5.0,1.45,4.45,0.011169095322849149,-0.012575264097342404,0,25,0.0,0.0,0,25,True
-1,teacher,centered_confirmation-003,serial,0.2,-0.4314512128249486,0.19999999999999998,0.2,0.04754021832827841,0.29915496060494473,0.04241604789049662,0.0,0.04220028159148249,0.0,1.1122284605828694,0.0,0.12907077057560312,0.0,0.005875677194359067,0.0,False,,5.0,5.0,1.25,4.25,0.010232403023838764,-0.011123077958536438,0,25,0.0,0.0,0,25,True
-1,teacher,centered_confirmation-004,serial,0.2,-0.5204102239457927,0.19999999999999998,0.2,0.04534408630589403,0.29116616641310405,0.049981295104442595,0.0,0.056201963745025375,0.0,1.2719495673526597,0.0,0.15152584986848144,0.0,0.007044751658492678,0.0,False,,5.0,5.0,1.3,4.3,0.012501796935065663,-0.013091642462790997,0,25,0.0,0.0,0,25,True
-1,teacher,centered_confirmation-005,serial,0.2,-0.5721576212767027,0.19999999999999998,0.2,0.04534408630589391,0.2911661664131039,0.0549466329209141,0.0,0.06789027476634468,0.0,1.3961436317310139,0.0,0.16659294117117807,0.0,0.0077765238805511715,0.0,False,,5.0,5.0,1.5,4.5,0.01314922600361761,-0.014255673932782608,0,25,0.0,0.0,0,25,True
-1,teacher,centered_confirmation-006,serial,0.2,-0.5662041871326249,0.19999999999999998,0.2,0.04407094371397608,0.28904189224569066,0.0536169468404763,0.0,0.06641679599745583,0.0,1.45085818340352,0.0,0.16365672964624703,0.0,0.007737176069473995,0.0,False,,5.0,5.0,1.55,4.55,0.013204223715029134,-0.013806061298035948,0,25,0.0,0.0,0,25,True
-1,teacher,centered_confirmation-007,serial,0.2,-0.5264386179293323,0.19999999999999998,0.2,0.045344086305893656,0.29116616641310333,0.05056027477246775,0.0,0.057511584215728356,0.0,1.2866837381401863,0.0,0.1532811142342961,0.0,0.007126357546616018,0.0,False,,5.0,5.0,1.3,4.3,0.012646616836672089,-0.013243295091863,0,25,0.0,0.0,0,25,True
-1,teacher,centered_confirmation-000,fixed_cadence,0.0,0.3541282217646782,0.05,0.0,0.015847453299165783,0.18111577202254875,0.020292295491630134,0.0,0.01359030985526388,0.0,0.5475924694658939,0.0,0.06413820627988204,0.0,0.0019757393516373744,0.0,False,,5.0,5.0,1.65,4.65,-0.011662373330955713,0.005889959771558635,0,101,0.0,0.0,0,101,True
-1,teacher,centered_confirmation-001,fixed_cadence,0.0,0.41565273311775136,0.05,0.0,0.015847453299165783,0.18111577202254872,0.023818631471782876,0.0,0.018723182308919884,0.0,0.6452112907942763,0.0,0.07528126565190395,0.0,0.0014263181880139037,0.0,False,,5.0,5.0,1.3,4.3,-0.013742977537077952,0.006870361943021433,0,101,0.0,0.0,0,101,True
-1,teacher,centered_confirmation-002,fixed_cadence,0.0,-0.4933611177198613,0.05,0.0,0.01584745329916577,0.18111577202254878,0.028271602029269493,0.0,0.02637787623614367,0.0,0.7651274200198486,0.0,0.08935547972174025,0.0,0.0018121399115551484,0.0,False,,5.0,5.0,1.45,4.45,0.016257414270882294,-0.008160772981279228,0,101,0.0,0.0,0,101,True
-1,teacher,centered_confirmation-003,fixed_cadence,0.0,-0.4314512128249486,0.05,0.0,0.0158474532991658,0.1811157720225489,0.024723958723708743,0.0,0.020173716256202057,0.0,0.6697893086212164,0.0,0.0781426195008556,0.0,0.0014806408574971847,0.0,False,,5.0,5.0,1.25,4.25,0.01428493181078556,-0.007133504419339072,0,101,0.0,0.0,0,101,True
-1,teacher,centered_confirmation-004,fixed_cadence,0.0,-0.5204102239457927,0.05,0.0,0.015847453299165776,0.1811157720225487,0.029821671676103924,0.0,0.029350129728217954,0.0,0.8078247190052293,0.0,0.09425449947836971,0.0,0.0017857949882215565,0.0,False,,5.0,5.0,1.3,4.3,0.017206637772129448,-0.008601908065268397,0,101,0.0,0.0,0,101,True
-1,teacher,centered_confirmation-005,fixed_cadence,0.0,-0.5721576212767027,0.05,0.0,0.015847453299165787,0.18111577202254883,0.03278685954331316,0.0,0.035476466098992354,0.0,0.886836745510141,0.0,0.10362676929611511,0.0,0.0022625177760820137,0.0,False,,5.0,5.0,1.5,4.5,0.01884110027885883,-0.009472329436831831,0,101,0.0,0.0,0,101,True
-1,teacher,centered_confirmation-006,fixed_cadence,0.0,-0.5662041871326249,0.05,0.0,0.015847453299165783,0.1811157720225488,0.0324455071990806,0.0,0.03474200232497214,0.0,0.8770143882838455,0.0,0.10254850847492505,0.0,0.0024757717679622466,0.0,False,,5.0,5.0,1.55,4.55,0.018638289078373102,-0.009385043529600314,0,101,0.0,0.0,0,101,True
-1,teacher,centered_confirmation-007,fixed_cadence,0.0,-0.5264386179293323,0.05,0.0,0.015847453299165773,0.18111577202254872,0.030167123740339395,0.0,0.03003404765827913,0.0,0.8171825014847548,0.0,0.09534633670875459,0.0,0.0018064815067937794,0.0,False,,5.0,5.0,1.3,4.3,0.017405958205990203,-0.008701551939353824,0,101,0.0,0.0,0,101,True
-1,teacher,centered_confirmation-000,fixed_cadence,0.05,0.3541282217646782,0.049999999999999996,0.05,0.019472190360172496,0.20044947400459862,0.02246342349681516,0.0,0.014599907454141565,0.0,0.5966108404100388,0.0,0.07098481578291359,0.0,0.0022149771073760737,0.0,False,,5.0,5.0,1.65,4.65,-0.011009282856095556,0.006528911807401806,0,100,0.0,0.0,0,100,True
-1,teacher,centered_confirmation-001,fixed_cadence,0.05,0.41565273311775136,0.049999999999999996,0.05,0.01947219036017254,0.20044947400459864,0.02636709951316759,0.0,0.02011414064837302,0.0,0.7030703429866945,0.0,0.08331737172202708,0.0,0.001578588109596737,0.0,False,,5.0,5.0,1.3,4.3,-0.01297907041994302,0.00761400238900081,0,100,0.0,0.0,0,100,True
-1,teacher,centered_confirmation-002,fixed_cadence,0.05,-0.4933611177198613,0.049999999999999996,0.05,0.019472190360172507,0.20044947400459853,0.031296507955834565,0.0,0.028337449497043886,0.0,0.8336965521482239,0.0,0.09889397654126701,0.0,0.0020179166614088593,0.0,False,,5.0,5.0,1.45,4.45,0.015345819809445119,-0.009044884465055626,0,100,0.0,0.0,0,100,True
-1,teacher,centered_confirmation-003,fixed_cadence,0.05,-0.4314512128249486,0.049999999999999996,0.05,0.019472190360172545,0.20044947400459864,0.027369290598081016,0.0,0.02167246236098537,0.0,0.7298612830414137,0.0,0.08648416866940709,0.0,0.0016386175732155746,0.0,False,,5.0,5.0,1.25,4.25,0.013493973326160369,-0.007905441096891952,0,100,0.0,0.0,0,100,True
-1,teacher,centered_confirmation-004,fixed_cadence,0.05,-0.5204102239457927,0.049999999999999996,0.05,0.01947219036017251,0.20044947400459853,0.03301243338284817,0.0,0.031530571441379426,0.0,0.8802660622460001,0.0,0.10431595565654948,0.0,0.001976441693216712,0.0,False,,5.0,5.0,1.3,4.3,0.016250202165607498,-0.009532969165539421,0,100,0.0,0.0,0,100,True
-1,teacher,centered_confirmation-005,fixed_cadence,0.05,-0.5721576212767027,0.049999999999999996,0.05,0.019472190360172545,0.20044947400459875,0.03629486404800265,0.0,0.038111956441358064,0.0,0.9662922641963168,0.0,0.11468869423263747,0.0,0.0025270674116786183,0.0,False,,5.0,5.0,1.5,4.5,0.017783171760786993,-0.010498878964502049,0,100,0.0,0.0,0,100,True
-1,teacher,centered_confirmation-006,fixed_cadence,0.05,-0.5662041871326249,0.049999999999999996,0.05,0.019472190360172545,0.20044947400459873,0.035916976104490385,0.0,0.037322932368676225,0.0,0.9555677186682947,0.0,0.11349533148993604,0.0,0.0027716403977103565,0.0,False,,5.0,5.0,1.55,4.55,0.017591390623902414,-0.010402482937363802,0,100,0.0,0.0,0,100,True
-1,teacher,centered_confirmation-007,fixed_cadence,0.05,-0.5264386179293323,0.049999999999999996,0.05,0.01947219036017251,0.2004494740045986,0.03339484699739679,0.0,0.03226529811391952,0.0,0.8904629999489585,0.0,0.1055243440596425,0.0,0.0019993366492801557,0.0,False,,5.0,5.0,1.3,4.3,0.016438443319333657,-0.009643398383334324,0,100,0.0,0.0,0,100,True
-1,teacher,centered_confirmation-000,fixed_cadence,0.1,0.3541282217646782,0.05,0.1,0.023515965724078134,0.21974386709338922,0.02464004808574652,0.0,0.015418895809075323,0.0,0.6402192340982381,0.0,0.0778175048974757,0.0,0.0024373765381333875,0.0,False,,5.0,5.0,1.65,4.65,-0.010283971804479035,0.007268731294615881,0,99,0.0,0.0,0,99,True
-1,teacher,centered_confirmation-001,fixed_cadence,0.1,0.41565273311775136,0.05,0.1,0.023515965724078127,0.21974386709338906,0.02892213738856644,0.0,0.021242357808385695,0.0,0.754561502302543,0.0,0.09133713894323106,0.0,0.001611991437951758,0.0,False,,5.0,5.0,1.3,4.3,-0.012109871785960017,0.008470237618062256,0,99,0.0,0.0,0,99,True
-1,teacher,centered_confirmation-002,fixed_cadence,0.1,-0.4933611177198613,0.05,0.1,0.023515965724078124,0.21974386709338917,0.03432916828529704,0.0,0.029927060207672614,0.0,0.8946513909255385,0.0,0.10841307988127913,0.0,0.002142162092903517,0.0,False,,5.0,5.0,1.45,4.45,0.01432003145559806,-0.010066899227758927,0,99,0.0,0.0,0,99,True
-1,teacher,centered_confirmation-003,fixed_cadence,0.1,-0.4314512128249486,0.05,0.1,0.023515965724078124,0.21974386709338917,0.030021435779986578,0.0,0.022888057299162764,0.0,0.7833527035675761,0.0,0.09480875796828707,0.0,0.001669875682788891,0.0,False,,5.0,5.0,1.25,4.25,0.012590954863044757,-0.008792879273638476,0,99,0.0,0.0,0,99,True
-1,teacher,centered_confirmation-004,fixed_cadence,0.1,-0.5204102239457927,0.05,0.1,0.023515965724078144,0.21974386709338908,0.03621142072728994,0.0,0.03329914472457604,0.0,0.944734604410496,0.0,0.11435695508478512,0.0,0.0020182637052106682,0.0,False,,5.0,5.0,1.3,4.3,0.015161938286355375,-0.010605002456319951,0,99,0.0,0.0,0,99,True
-1,teacher,centered_confirmation-005,fixed_cadence,0.1,-0.5721576212767027,0.05,0.1,0.023515965724078106,0.21974386709338903,0.03981182560812748,0.0,0.04024992278095146,0.0,1.0369185617926442,0.0,0.12572812828629737,0.0,0.0027273229788311727,0.0,False,,5.0,5.0,1.5,4.5,0.016597116068644793,-0.011686621440923684,0,99,0.0,0.0,0,99,True
-1,teacher,centered_confirmation-006,fixed_cadence,0.1,-0.5662041871326249,0.05,0.1,0.023515965724078134,0.21974386709338917,0.039397272671060427,0.0,0.03941665743775551,0.0,1.0253983371977817,0.0,0.12441989764499198,0.0,0.0030272934878859516,0.0,False,,5.0,5.0,1.55,4.55,0.01642181204386791,-0.011580396092482848,0,99,0.0,0.0,0,99,True
-1,teacher,centered_confirmation-007,fixed_cadence,0.1,-0.5264386179293323,0.05,0.1,0.023515965724078127,0.2197438670933891,0.03663089117733734,0.0,0.03407508276450037,0.0,0.9556783409921639,0.0,0.11568165769109065,0.0,0.002041643124403162,0.0,False,,5.0,5.0,1.3,4.3,0.015337573070874508,-0.0107278500293718,0,99,0.0,0.0,0,99,True
-1,teacher,centered_confirmation-000,fixed_cadence,0.2,0.3541282217646782,0.049999999999999996,0.19999999999999998,0.03204874441561144,0.25993029923525574,0.02866206775037822,0.0,0.018000926384623698,0.0,0.7493696092859059,0.0,0.0920486546509418,0.0,0.002558866809875982,0.0,False,,5.0,5.0,1.65,4.65,-0.00867027689705414,0.009003407313773753,0,97,0.0,0.0,0,97,True
-1,teacher,centered_confirmation-001,fixed_cadence,0.2,0.41565273311775136,0.049999999999999996,0.19999999999999998,0.03204874441561153,0.259930299235256,0.033643116483497486,0.0,0.02479943754939134,0.0,0.8824835844719252,0.0,0.10804073929724911,0.0,0.0012814569696638347,0.0,False,,5.0,5.0,1.3,4.3,-0.010138252359514233,0.010488460446903125,0,97,0.0,0.0,0,97,True
-1,teacher,centered_confirmation-002,fixed_cadence,0.2,-0.4933611177198613,0.049999999999999996,0.19999999999999998,0.03204874441561142,0.2599302992352557,0.039932513701356434,0.0,0.03493895341124366,0.0,1.04634583574987,0.0,0.12823950295996375,0.0,0.0021263261268916456,0.0,False,,5.0,5.0,1.45,4.45,0.0120218497598016,-0.012477927010802917,0,97,0.0,0.0,0,97,True
-1,teacher,centered_confirmation-003,fixed_cadence,0.2,-0.4314512128249486,0.049999999999999996,0.19999999999999998,0.03204874441561136,0.2599302992352554,0.03492188465224947,0.0,0.026720506357952117,0.0,0.9162307468741553,0.0,0.11214724285500274,0.0,0.0012593059187210353,0.0,False,,5.0,5.0,1.25,4.25,0.010533173352264188,-0.010882399799190454,0,97,0.0,0.0,0,97,True
-1,teacher,centered_confirmation-004,fixed_cadence,0.2,-0.5204102239457927,0.049999999999999996,0.19999999999999998,0.03204874441561141,0.2599302992352555,0.04212223423164966,0.0,0.03887516006906117,0.0,1.1048970528323643,0.0,0.13527038523531623,0.0,0.001604424211426338,0.0,False,,5.0,5.0,1.3,4.3,0.012693409089984484,-0.013131880570296003,0,97,0.0,0.0,0,97,True
-1,teacher,centered_confirmation-005,fixed_cadence,0.2,-0.5721576212767027,0.049999999999999996,0.19999999999999998,0.032048744415611424,0.25993029923525557,0.04631000836635429,0.0,0.04699062796540477,0.0,1.212871493782296,0.0,0.14872110170818537,0.0,0.002831394243176302,0.0,False,,5.0,5.0,1.5,4.5,0.013948120569291969,-0.014486700932692062,0,97,0.0,0.0,0,97,True
-1,teacher,centered_confirmation-006,fixed_cadence,0.2,-0.5662041871326249,0.049999999999999996,0.19999999999999998,0.032048744415611514,0.2599302992352561,0.04582779115607499,0.0,0.04601773841227073,0.0,1.1996001906147018,0.0,0.14717362378963814,0.0,0.003208421479797344,0.0,False,,5.0,5.0,1.55,4.55,0.013815650659948834,-0.014353881523086115,0,97,0.0,0.0,0,97,True
-1,teacher,centered_confirmation-007,fixed_cadence,0.2,-0.5264386179293323,0.049999999999999996,0.19999999999999998,0.03204874441561142,0.25993029923525557,0.04261017511315274,0.0,0.039781030647877254,0.0,1.1176960995060103,0.0,0.13683734748736573,0.0,0.0016230097441813933,0.0,False,,5.0,5.0,1.3,4.3,0.012840448612783406,-0.013283999314663309,0,97,0.0,0.0,0,97,True
11,native,centered_confirmation-000,serial,0.0,0.3541282217646782,0.05,0.0,0.016303689665200204,0.18368719928625088,0.021663248697524277,0.0031123909963857543,0.013079570267750255,7.36080295643538e-05,0.603233240544796,0.06589572876691818,0.06804588480720032,0.003951629214439893,0.003739069384600748,0.003200884466049939,False,,5.0,5.0,1.65,4.65,-0.00841665044426918,0.00905054620897226,0,101,0.00308736115694046,0.002991563897776084,0,101,True
11,native,centered_confirmation-001,serial,0.0,0.41565273311775136,0.05,0.0,0.016325161957860605,0.18378553689666938,0.025325501267836874,0.0031123909963857543,0.018212620843897354,7.36080295643538e-05,0.6985187530517578,0.06589572876691818,0.07972422627618396,0.003951629214439893,0.0021575558473741333,0.003200884466049939,False,,5.0,5.0,1.3,4.3,-0.010462141036987305,0.010065446437921986,0,101,0.00308736115694046,0.002991563897776084,0,101,True
11,native,centered_confirmation-002,serial,0.0,-0.4933611177198613,0.05,0.0,0.016401070918310855,0.1840481429548182,0.02798046067183482,0.0031123909963857543,0.02664590334305522,7.36080295643538e-05,0.8172780275344849,0.06589572876691818,0.08766560596382539,0.003951629214439893,0.004498039713511356,0.003200884466049939,False,,5.0,5.0,1.45,4.45,0.019062016904354096,-0.00546779139329604,0,101,0.00308736115694046,0.002991563897776084,0,101,True
11,native,centered_confirmation-003,serial,0.0,-0.4314512128249486,0.05,0.0,0.016368067132615252,0.18390833636498732,0.02428156025836818,0.0031123909963857543,0.020361741291868084,7.36080295643538e-05,0.7219976559281349,0.06589572876691818,0.07593558988059584,0.003951629214439893,0.004447374766691943,0.003200884466049939,False,,5.0,5.0,1.25,4.25,0.017131778225302697,-0.004391048001139401,0,101,0.00308736115694046,0.002991563897776084,0,101,True
11,native,centered_confirmation-004,serial,0.0,-0.5204102239457927,0.05,0.0,0.016415257121002686,0.18410758992843132,0.02949620054685305,0.0031123909963857543,0.029478243520320302,7.36080295643538e-05,0.8572128415107727,0.06589572876691818,0.09247820654720512,0.003951629214439893,0.004720459206487205,0.003200884466049939,False,,5.0,5.0,1.3,4.3,0.019986020773649214,-0.005930195505506856,0,101,0.00308736115694046,0.002991563897776084,0,101,True
11,native,centered_confirmation-005,serial,0.0,-0.5721576212767027,0.05,0.0,0.016446712074346104,0.1842411493590403,0.032609424192013375,0.0031123909963857543,0.03565620340354355,7.36080295643538e-05,0.9359318017959595,0.06589572876691818,0.10232719323460995,0.003951629214439893,0.004648518597885201,0.003200884466049939,False,,5.0,5.0,1.5,4.5,0.021581586077809335,-0.006846788195870296,0,101,0.00308736115694046,0.002991563897776084,0,101,True
11,native,centered_confirmation-006,serial,0.0,-0.5662041871326249,0.05,0.0,0.016443213598242662,0.18422642370074677,0.032272390582820346,0.0031123909963857543,0.034950231428310455,7.36080295643538e-05,0.9267212077975273,0.06589572876691818,0.10126150013187454,0.003951629214439893,0.004545040870343468,0.003200884466049939,False,,5.0,5.0,1.55,4.55,0.021384745463728906,-0.006754008296424724,0,101,0.00308736115694046,0.002991563897776084,0,101,True
11,native,centered_confirmation-007,serial,0.0,-0.5264386179293323,0.05,0.0,0.016418684132026483,0.18412206339391265,0.029848934734668677,0.0031123909963857543,0.030152833756855676,7.36080295643538e-05,0.866311565041542,0.06589572876691818,0.0935956990258183,0.003951629214439893,0.004738760911099631,0.003200884466049939,False,,5.0,5.0,1.3,4.3,0.020180366560816766,-0.006034916629804719,0,101,0.00308736115694046,0.002991563897776084,0,101,True
11,native,centered_confirmation-000,serial,0.05,0.3541282217646782,0.049999999999999996,0.05,0.01962352321615931,0.20108937239393027,0.023394723126044382,0.002327960104688752,0.014231191832610738,6.148224152874307e-05,0.6610738858580589,0.06985832005739212,0.07372445736360092,0.0025233391281118383,0.0033178567790302263,0.002452210870243389,False,,5.0,5.0,1.65,4.65,-0.008565913885831831,0.008914313637726963,0,100,0.0023420631885528566,0.0022682903080572274,0,100,True
11,native,centered_confirmation-001,serial,0.05,0.41565273311775136,0.049999999999999996,0.05,0.019664605514149402,0.20124607451410412,0.027317207984022096,0.002327960104688752,0.019623255399612013,6.148224152874307e-05,0.7656177505850792,0.06985832005739212,0.08615454524234835,0.0025233391281118383,0.001404972845787738,0.002452210870243389,False,,5.0,5.0,1.3,4.3,-0.010501065105199815,0.010028201429748397,0,100,0.0023420631885528566,0.0022682903080572274,0,100,True
11,native,centered_confirmation-002,serial,0.05,-0.4933611177198613,0.049999999999999996,0.05,0.019635079178979813,0.20108431597452478,0.03075765998317996,0.002327960104688752,0.028193619782471636,6.148224152874307e-05,0.8926410600543022,0.06985832005739212,0.09668438878099209,0.0025233391281118383,0.0039202317500187656,0.002452210870243389,False,,5.0,5.0,1.45,4.45,0.017489314451813696,-0.006995493747921226,0,100,0.0023420631885528566,0.0022682903080572274,0,100,True
11,native,centered_confirmation-003,serial,0.05,-0.4314512128249486,0.049999999999999996,0.05,0.019598115491186542,0.20094770228526904,0.026812236074402574,0.002327960104688752,0.021652610437251706,6.148224152874307e-05,0.7910516858100891,0.06985832005739212,0.08420436196831357,0.0025233391281118383,0.0038402370331323175,0.002452210870243389,False,,5.0,5.0,1.25,4.25,0.01566905193030834,-0.005813003307367237,0,100,0.0023420631885528566,0.0022682903080572274,0,100,True
11,native,centered_confirmation-004,serial,0.05,-0.5204102239457927,0.049999999999999996,0.05,0.019652637555045375,0.20114916692879412,0.03249709470397067,0.002327960104688752,0.031319683944627946,6.148224152874307e-05,0.9377894923090935,0.06985832005739212,0.10217401866658106,0.0025233391281118383,0.004137417008555641,0.002452210870243389,False,,5.0,5.0,1.3,4.3,0.018368635326623917,-0.007501570266011828,0,100,0.0023420631885528566,0.0022682903080572274,0,100,True
11,native,centered_confirmation-005,serial,0.05,-0.5721576212767027,0.049999999999999996,0.05,0.019688992113111613,0.20128383569250508,0.03581176028855579,0.002327960104688752,0.03774926410223027,6.148224152874307e-05,1.0215172171592712,0.06985832005739212,0.11264283396262982,0.0025233391281118383,0.004141051884170668,0.002452210870243389,False,,5.0,5.0,1.5,4.5,0.01987154595553875,-0.008510006611826448,0,100,0.0023420631885528566,0.0022682903080572274,0,100,True
11,native,centered_confirmation-006,serial,0.05,-0.5662041871326249,0.049999999999999996,0.05,0.01968468887909983,0.20126792504878405,0.03542831468086822,0.002327960104688752,0.03698419106103877,6.148224152874307e-05,1.0112062469124794,0.06985832005739212,0.11143717804125884,0.0025233391281118383,0.004090426876684015,0.002452210870243389,False,,5.0,5.0,1.55,4.55,0.01968621797859669,-0.008408699709947665,0,100,0.0023420631885528566,0.0022682903080572274,0,100,True
11,native,centered_confirmation-007,serial,0.05,-0.5264386179293323,0.049999999999999996,0.05,0.01965669541631636,0.20116418625839358,0.03288363464130906,0.002327960104688752,0.03203820943373341,6.148224152874307e-05,0.9477031975984573,0.06985832005739212,0.10339453184940517,0.0025233391281118383,0.004157702978629815,0.002452210870243389,False,,5.0,5.0,1.3,4.3,0.018552497401833533,-0.0076165028126142925,0,100,0.0023420631885528566,0.0022682903080572274,0,100,True
11,native,centered_confirmation-000,serial,0.1,0.3541282217646782,0.1,0.10000000000000002,0.026136656180334606,0.2316019258563828,0.0268022944743866,0.0021789463011525874,0.017769615394077478,8.387705250398336e-05,0.7630458846688271,0.07715810090303421,0.08473193898579949,0.002743008876893943,0.0030995550100357608,0.002370720408079441,False,,5.0,5.0,1.65,4.65,-0.007945848256349562,0.009370723473042852,0,50,0.0021532125771045684,0.00208047766796789,0,50,True
11,native,centered_confirmation-001,serial,0.1,0.41565273311775136,0.1,0.10000000000000002,0.025379978766509357,0.22852346693074765,0.030811772976546487,0.0021789463011525874,0.024261713707950938,8.387705250398336e-05,0.906035490334034,0.07715810090303421,0.09757104065531759,0.002743008876893943,0.0014389609488528645,0.002370720408079441,False,,5.0,5.0,1.3,4.3,-0.01001851260662079,0.010473623759506867,0,50,0.0021532125771045684,0.00208047766796789,0,50,True
11,native,centered_confirmation-002,serial,0.1,-0.4933611177198613,0.1,0.10000000000000002,0.02599645151332669,0.23125014839002556,0.03534266833357228,0.0021789463011525874,0.034610698686631795,8.387705250398336e-05,1.0288849472999573,0.07715810090303421,0.11136692199510734,0.002743008876893943,0.004877711026900639,0.002370720408079441,False,,5.0,5.0,1.45,4.45,0.01627882421016693,-0.008066239658703057,0,50,0.0021532125771045684,0.00208047766796789,0,50,True
11,native,centered_confirmation-003,serial,0.1,-0.4314512128249486,0.1,0.10000000000000002,0.025948999010903365,0.23112554724754253,0.030871553283394127,0.0021789463011525874,0.02661694245363388,8.387705250398336e-05,0.9096651896834373,0.07715810090303421,0.09721159296558028,0.002743008876893943,0.004472865889567522,0.002370720408079441,False,,5.0,5.0,1.25,4.25,0.01466755568981171,-0.006794986253642926,0,50,0.0021532125771045684,0.00208047766796789,0,50,True
11,native,centered_confirmation-004,serial,0.1,-0.5204102239457927,0.1,0.10000000000000002,0.02518938891276583,0.22801216606548372,0.03677910348779769,0.0021789463011525874,0.038213513038690416,8.387705250398336e-05,1.1105839535593987,0.07715810090303421,0.1160752253604954,0.002743008876893943,0.004974521011247803,0.002370720408079441,False,,5.0,5.0,1.3,4.3,0.01738024055957794,-0.00844320101687705,0,50,0.0021532125771045684,0.00208047766796789,0,50,True
11,native,centered_confirmation-005,serial,0.1,-0.5721576212767027,0.1,0.10000000000000002,0.0252369494589402,0.22813976908266162,0.04048063832643756,0.0021789463011525874,0.04601327820974026,8.387705250398336e-05,1.2120803818106651,0.07715810090303421,0.12779242542742536,0.002743008876893943,0.005236386240636364,0.002370720408079441,False,,5.0,5.0,1.5,4.5,0.018695390224456786,-0.009499946969849005,0,50,0.0021532125771045684,0.00208047766796789,0,50,True
11,native,centered_confirmation-006,serial,0.1,-0.5662041871326249,0.1,0.10000000000000002,0.026062708723586722,0.23142377722627275,0.04070006503023804,0.0021789463011525874,0.045418640899573114,8.387705250398336e-05,1.1668320000171661,0.07715810090303421,0.1282905058769813,0.002743008876893943,0.005238021852318821,0.002370720408079441,False,,5.0,5.0,1.55,4.55,0.018265797942876815,-0.00960826122998064,0,50,0.0021532125771045684,0.00208047766796789,0,50,True
11,native,centered_confirmation-007,serial,0.1,-0.5264386179293323,0.1,0.10000000000000002,0.025194593918596735,0.2280261803584595,0.03721593201644768,0.0021789463011525874,0.03908924663739988,8.387705250398336e-05,1.1223678290843964,0.07715810090303421,0.11745715019560383,0.002743008876893943,0.005006313349898028,0.002370720408079441,False,,5.0,5.0,1.3,4.3,0.017554117739200594,-0.008567538295731536,0,50,0.0021532125771045684,0.00208047766796789,0,50,True
11,native,centered_confirmation-000,serial,0.2,0.3541282217646782,0.19999999999999998,0.2,0.04666247033796336,0.29828875221254886,0.0350727229983546,0.0020893835247539506,0.02922675688828647,0.0001575850792340239,0.986744686961174,0.07935989648103714,0.10773550892891684,0.004173101966056691,0.004574284294858506,0.0020531119519171708,False,,5.0,5.0,1.65,4.65,-0.005908560752868655,0.01083884304159405,0,25,0.001989740133285522,0.0019271567304541084,0,25,True
11,native,centered_confirmation-001,serial,0.2,0.41565273311775136,0.19999999999999998,0.2,0.04438544548214326,0.28977608051312836,0.03977219432672517,0.0020893835247539506,0.036077792407750164,0.0001575850792340239,1.0874737799167633,0.07935989648103714,0.12158235240638317,0.004173101966056691,0.004251748274341659,0.0020531119519171708,False,,5.0,5.0,1.3,4.3,-0.008188943564891821,0.012227848765871291,0,25,0.001989740133285522,0.0019271567304541084,0,25,True
11,native,centered_confirmation-002,serial,0.2,-0.4933611177198613,0.19999999999999998,0.2,0.04609916514220949,0.29746311540369885,0.047468068288176374,0.0020893835247539506,0.05779862926159921,0.0001575850792340239,1.35995052754879,0.07935989648103714,0.14523011610936118,0.004173101966056691,0.008263514517713752,0.0020531119519171708,False,,5.0,5.0,1.45,4.45,0.013465000689029694,-0.010429157025330395,0,25,0.001989740133285522,0.0019271567304541084,0,25,True
11,native,centered_confirmation-003,serial,0.2,-0.4314512128249486,0.19999999999999998,0.2,0.04607284531338375,0.2974301025376321,0.0416233398887666,0.0020893835247539506,0.04493029544655775,0.0001575850792340239,1.2068739160895348,0.07935989648103714,0.12732482700705733,0.004173101966056691,0.006968419905452676,0.0020531119519171708,False,,5.0,5.0,1.25,4.25,0.012480558454990397,-0.008984284054313767,0,25,0.001989740133285522,0.0019271567304541084,0,25,True
11,native,centered_confirmation-004,serial,0.2,-0.5204102239457927,0.19999999999999998,0.2,0.043740066297554274,0.28848642969586435,0.04892581842004802,0.0020893835247539506,0.05926687397280473,0.0001575850792340239,1.35624248534441,0.07935989648103714,0.1490089758357501,0.004173101966056691,0.00817557823987856,0.0020531119519171708,False,,5.0,5.0,1.3,4.3,0.014851069450378427,-0.010873151106602896,0,25,0.001989740133285522,0.0019271567304541084,0,25,True
11,native,centered_confirmation-005,serial,0.2,-0.5721576212767027,0.19999999999999998,0.2,0.043761118272573854,0.2884867354073185,0.05364403755750623,0.0020893835247539506,0.07058432861310412,0.0001575850792340239,1.4730540663003922,0.07935989648103714,0.16336402900744112,0.004173101966056691,0.009100786521078081,0.0020531119519171708,False,,5.0,5.0,1.5,4.5,0.015542164444923404,-0.012030006014662335,0,25,0.001989740133285522,0.0019271567304541084,0,25,True
11,native,centered_confirmation-006,serial,0.2,-0.5662041871326249,0.19999999999999998,0.2,0.042587084419526085,0.28665670118538744,0.052334369000166296,0.0020893835247539506,0.06979705928879976,0.0001575850792340239,1.5573757514357567,0.07935989648103714,0.16047275960013502,0.004173101966056691,0.009026886250919132,0.0020531119519171708,False,,5.0,5.0,1.55,4.55,0.015652853250503543,-0.011519456104310665,0,25,0.001989740133285522,0.0019271567304541084,0,25,True
11,native,centered_confirmation-007,serial,0.2,-0.5264386179293323,0.19999999999999998,0.2,0.04374263289106386,0.28848672906802275,0.04949540727743715,0.0020893835247539506,0.06060836655727737,0.0001575850792340239,1.3706505671143532,0.07935989648103714,0.15074797300070264,0.004173101966056691,0.008251163789354305,0.0020531119519171708,False,,5.0,5.0,1.3,4.3,0.014997677505016335,-0.011023468474328392,0,25,0.001989740133285522,0.0019271567304541084,0,25,True
11,native,centered_confirmation-000,fixed_cadence,0.0,0.3541282217646782,0.05,0.0,0.016303689665200204,0.18368719928625088,0.021663248697524277,0.0031123909963857543,0.013079570267750255,7.36080295643538e-05,0.603233240544796,0.06589572876691818,0.06804588480720032,0.003951629214439893,0.003739069384600748,0.003200884466049939,False,,5.0,5.0,1.65,4.65,-0.00841665044426918,0.00905054620897226,0,101,0.00308736115694046,0.002991563897776084,0,101,True
11,native,centered_confirmation-001,fixed_cadence,0.0,0.41565273311775136,0.05,0.0,0.016325161957860605,0.18378553689666938,0.025325501267836874,0.0031123909963857543,0.018212620843897354,7.36080295643538e-05,0.6985187530517578,0.06589572876691818,0.07972422627618396,0.003951629214439893,0.0021575558473741333,0.003200884466049939,False,,5.0,5.0,1.3,4.3,-0.010462141036987305,0.010065446437921986,0,101,0.00308736115694046,0.002991563897776084,0,101,True
11,native,centered_confirmation-002,fixed_cadence,0.0,-0.4933611177198613,0.05,0.0,0.016401070918310855,0.1840481429548182,0.02798046067183482,0.0031123909963857543,0.02664590334305522,7.36080295643538e-05,0.8172780275344849,0.06589572876691818,0.08766560596382539,0.003951629214439893,0.004498039713511356,0.003200884466049939,False,,5.0,5.0,1.45,4.45,0.019062016904354096,-0.00546779139329604,0,101,0.00308736115694046,0.002991563897776084,0,101,True
11,native,centered_confirmation-003,fixed_cadence,0.0,-0.4314512128249486,0.05,0.0,0.016368067132615252,0.18390833636498732,0.02428156025836818,0.0031123909963857543,0.020361741291868084,7.36080295643538e-05,0.7219976559281349,0.06589572876691818,0.07593558988059584,0.003951629214439893,0.004447374766691943,0.003200884466049939,False,,5.0,5.0,1.25,4.25,0.017131778225302697,-0.004391048001139401,0,101,0.00308736115694046,0.002991563897776084,0,101,True
11,native,centered_confirmation-004,fixed_cadence,0.0,-0.5204102239457927,0.05,0.0,0.016415257121002686,0.18410758992843132,0.02949620054685305,0.0031123909963857543,0.029478243520320302,7.36080295643538e-05,0.8572128415107727,0.06589572876691818,0.09247820654720512,0.003951629214439893,0.004720459206487205,0.003200884466049939,False,,5.0,5.0,1.3,4.3,0.019986020773649214,-0.005930195505506856,0,101,0.00308736115694046,0.002991563897776084,0,101,True
11,native,centered_confirmation-005,fixed_cadence,0.0,-0.5721576212767027,0.05,0.0,0.016446712074346104,0.1842411493590403,0.032609424192013375,0.0031123909963857543,0.03565620340354355,7.36080295643538e-05,0.9359318017959595,0.06589572876691818,0.10232719323460995,0.003951629214439893,0.004648518597885201,0.003200884466049939,False,,5.0,5.0,1.5,4.5,0.021581586077809335,-0.006846788195870296,0,101,0.00308736115694046,0.002991563897776084,0,101,True
11,native,centered_confirmation-006,fixed_cadence,0.0,-0.5662041871326249,0.05,0.0,0.016443213598242662,0.18422642370074677,0.032272390582820346,0.0031123909963857543,0.034950231428310455,7.36080295643538e-05,0.9267212077975273,0.06589572876691818,0.10126150013187454,0.003951629214439893,0.004545040870343468,0.003200884466049939,False,,5.0,5.0,1.55,4.55,0.021384745463728906,-0.006754008296424724,0,101,0.00308736115694046,0.002991563897776084,0,101,True
11,native,centered_confirmation-007,fixed_cadence,0.0,-0.5264386179293323,0.05,0.0,0.016418684132026483,0.18412206339391265,0.029848934734668677,0.0031123909963857543,0.030152833756855676,7.36080295643538e-05,0.866311565041542,0.06589572876691818,0.0935956990258183,0.003951629214439893,0.004738760911099631,0.003200884466049939,False,,5.0,5.0,1.3,4.3,0.020180366560816766,-0.006034916629804719,0,101,0.00308736115694046,0.002991563897776084,0,101,True
11,native,centered_confirmation-000,fixed_cadence,0.05,0.3541282217646782,0.049999999999999996,0.05,0.01962352321615931,0.20108937239393027,0.023394723126044382,0.002327960104688752,0.014231191832610738,6.148224152874307e-05,0.6610738858580589,0.06985832005739212,0.07372445736360092,0.0025233391281118383,0.0033178567790302263,0.002452210870243389,False,,5.0,5.0,1.65,4.65,-0.008565913885831831,0.008914313637726963,0,100,0.0023420631885528566,0.0022682903080572274,0,100,True
11,native,centered_confirmation-001,fixed_cadence,0.05,0.41565273311775136,0.049999999999999996,0.05,0.019664605514149402,0.20124607451410412,0.027317207984022096,0.002327960104688752,0.019623255399612013,6.148224152874307e-05,0.7656177505850792,0.06985832005739212,0.08615454524234835,0.0025233391281118383,0.001404972845787738,0.002452210870243389,False,,5.0,5.0,1.3,4.3,-0.010501065105199815,0.010028201429748397,0,100,0.0023420631885528566,0.0022682903080572274,0,100,True
11,native,centered_confirmation-002,fixed_cadence,0.05,-0.4933611177198613,0.049999999999999996,0.05,0.019635079178979813,0.20108431597452478,0.03075765998317996,0.002327960104688752,0.028193619782471636,6.148224152874307e-05,0.8926410600543022,0.06985832005739212,0.09668438878099209,0.0025233391281118383,0.0039202317500187656,0.002452210870243389,False,,5.0,5.0,1.45,4.45,0.017489314451813696,-0.006995493747921226,0,100,0.0023420631885528566,0.0022682903080572274,0,100,True
11,native,centered_confirmation-003,fixed_cadence,0.05,-0.4314512128249486,0.049999999999999996,0.05,0.019598115491186542,0.20094770228526904,0.026812236074402574,0.002327960104688752,0.021652610437251706,6.148224152874307e-05,0.7910516858100891,0.06985832005739212,0.08420436196831357,0.0025233391281118383,0.0038402370331323175,0.002452210870243389,False,,5.0,5.0,1.25,4.25,0.01566905193030834,-0.005813003307367237,0,100,0.0023420631885528566,0.0022682903080572274,0,100,True
11,native,centered_confirmation-004,fixed_cadence,0.05,-0.5204102239457927,0.049999999999999996,0.05,0.019652637555045375,0.20114916692879412,0.03249709470397067,0.002327960104688752,0.031319683944627946,6.148224152874307e-05,0.9377894923090935,0.06985832005739212,0.10217401866658106,0.0025233391281118383,0.004137417008555641,0.002452210870243389,False,,5.0,5.0,1.3,4.3,0.018368635326623917,-0.007501570266011828,0,100,0.0023420631885528566,0.0022682903080572274,0,100,True
11,native,centered_confirmation-005,fixed_cadence,0.05,-0.5721576212767027,0.049999999999999996,0.05,0.019688992113111613,0.20128383569250508,0.03581176028855579,0.002327960104688752,0.03774926410223027,6.148224152874307e-05,1.0215172171592712,0.06985832005739212,0.11264283396262982,0.0025233391281118383,0.004141051884170668,0.002452210870243389,False,,5.0,5.0,1.5,4.5,0.01987154595553875,-0.008510006611826448,0,100,0.0023420631885528566,0.0022682903080572274,0,100,True
11,native,centered_confirmation-006,fixed_cadence,0.05,-0.5662041871326249,0.049999999999999996,0.05,0.01968468887909983,0.20126792504878405,0.03542831468086822,0.002327960104688752,0.03698419106103877,6.148224152874307e-05,1.0112062469124794,0.06985832005739212,0.11143717804125884,0.0025233391281118383,0.004090426876684015,0.002452210870243389,False,,5.0,5.0,1.55,4.55,0.01968621797859669,-0.008408699709947665,0,100,0.0023420631885528566,0.0022682903080572274,0,100,True
11,native,centered_confirmation-007,fixed_cadence,0.05,-0.5264386179293323,0.049999999999999996,0.05,0.01965669541631636,0.20116418625839358,0.03288363464130906,0.002327960104688752,0.03203820943373341,6.148224152874307e-05,0.9477031975984573,0.06985832005739212,0.10339453184940517,0.0025233391281118383,0.004157702978629815,0.002452210870243389,False,,5.0,5.0,1.3,4.3,0.018552497401833533,-0.0076165028126142925,0,100,0.0023420631885528566,0.0022682903080572274,0,100,True
11,native,centered_confirmation-000,fixed_cadence,0.1,0.3541282217646782,0.05,0.1,0.023170426948934907,0.21861383505426524,0.02529986691275316,0.002226284488319011,0.01543924544822273,7.97448987949895e-05,0.7441823929548264,0.09939603507518768,0.0799316429265203,0.002520651762701964,0.003376013057239974,0.002376151564439468,False,,5.0,5.0,1.65,4.65,-0.00805397927761078,0.009423202701744553,0,99,0.002229015156626701,0.00215735125155462,0,99,True
11,native,centered_confirmation-001,fixed_cadence,0.1,0.41565273311775136,0.05,0.1,0.023232640068194137,0.21881054846580036,0.02954737824781613,0.002226284488319011,0.021236693433096743,7.97448987949895e-05,0.8572246879339218,0.09939603507518768,0.0933952447877067,0.002520651762701964,0.0013272763085774022,0.002376151564439468,False,,5.0,5.0,1.3,4.3,-0.009875782951712608,0.010648810545815061,0,99,0.002229015156626701,0.00215735125155462,0,99,True
11,native,centered_confirmation-002,fixed_cadence,0.1,-0.4933611177198613,0.05,0.1,0.02304331918180573,0.21820376976127728,0.03331281351169459,0.002226284488319011,0.03048879937726006,7.97448987949895e-05,0.9989993274211884,0.09939603507518768,0.10514536614124413,0.002520651762701964,0.0039046933228260093,0.002376151564439468,False,,5.0,5.0,1.45,4.45,0.016543110832571983,-0.007930911422470092,0,99,0.002229015156626701,0.00215735125155462,0,99,True
11,native,centered_confirmation-003,fixed_cadence,0.1,-0.4314512128249486,0.05,0.1,0.023003455002901387,0.21807456649921542,0.02906641832624229,0.002226284488319011,0.023434361797287497,7.97448987949895e-05,0.8878596872091293,0.09939603507518768,0.09167523621758719,0.002520651762701964,0.0038160207571744553,0.002376151564439468,False,,5.0,5.0,1.25,4.25,0.014832700043916703,-0.0066424284423131615,0,99,0.002229015156626701,0.00215735125155462,0,99,True
11,native,centered_confirmation-004,fixed_cadence,0.1,-0.5204102239457927,0.05,0.1,0.023062704280139085,0.21826651982091602,0.0352096541152934,0.002226284488319011,0.03387948254046702,7.97448987949895e-05,1.0480230301618576,0.09939603507518768,0.11114208617696915,0.002520651762701964,0.0041220796335145115,0.002376151564439468,False,,5.0,5.0,1.3,4.3,0.017378104478120805,-0.00848317735910555,0,99,0.002229015156626701,0.00215735125155462,0,99,True
11,native,centered_confirmation-005,fixed_cadence,0.1,-0.5721576212767027,0.05,0.1,0.023103820798590774,0.2183995687731846,0.038777475338847435,0.002226284488319011,0.04080845216610041,7.97448987949895e-05,1.1395133659243584,0.09939603507518768,0.12244216122735885,0.002520651762701964,0.004146889947867035,0.002376151564439468,False,,5.0,5.0,1.5,4.5,0.018786812201142308,-0.009582409053610888,0,99,0.002229015156626701,0.00215735125155462,0,99,True
11,native,centered_confirmation-006,fixed_cadence,0.1,-0.5662041871326249,0.05,0.1,0.023098978703603473,0.2183840037033225,0.03836071919630621,0.002226284488319011,0.03998408306276638,7.97448987949895e-05,1.1283829435706139,0.09939603507518768,0.12112943932804512,0.002520651762701964,0.004111690749615639,0.002376151564439468,False,,5.0,5.0,1.55,4.55,0.018611533939838408,-0.009471195662675017,0,99,0.002229015156626701,0.00215735125155462,0,99,True
11,native,centered_confirmation-007,fixed_cadence,0.1,-0.5264386179293323,0.05,0.1,0.02306723830058846,0.2182811983859004,0.035627814479625,0.002226284488319011,0.03465578383006873,7.97448987949895e-05,1.058826968073845,0.09939603507518768,0.11246561011532924,0.002520651762701964,0.004143079512080589,0.002376151564439468,False,,5.0,5.0,1.3,4.3,0.01755146458745003,-0.008608539666601184,0,99,0.002229015156626701,0.00215735125155462,0,99,True
11,native,centered_confirmation-000,fixed_cadence,0.2,0.3541282217646782,0.049999999999999996,0.19999999999999998,0.031499869771781375,0.2587358858720196,0.028896830820049877,0.0025849322294113006,0.018447211749276573,0.00019200030251798064,0.9097077324986458,0.1440349593758583,0.09282656745558446,0.005769444135672185,0.00375431630297786,0.0020367720508801613,False,,5.0,5.0,1.65,4.65,-0.006520267389714717,0.011077021492016366,0,97,0.0023122712969779963,0.002252301276212095,0,97,True
11,native,centered_confirmation-001,fixed_cadence,0.2,0.41565273311775136,0.049999999999999996,0.19999999999999998,0.0315894756975479,0.25888840882810327,0.03394770301371242,0.0025849322294113006,0.02503347427367253,0.00019200030251798064,1.0388659313321114,0.1440349593758583,0.10900158044284704,0.005769444135672185,0.0014962239682704142,0.0020367720508801613,False,,5.0,5.0,1.3,4.3,-0.008008370921015738,0.012553422960611857,0,97,0.0023122712969779963,0.002252301276212095,0,97,True
11,native,centered_confirmation-002,fixed_cadence,0.2,-0.4933611177198613,0.049999999999999996,0.19999999999999998,0.030985188414988745,0.2576513105739427,0.03901039311206439,0.0025849322294113006,0.03788470183009214,0.00019200030251798064,1.233043633401394,0.1440349593758583,0.1259853232948046,0.005769444135672185,0.003122096235762864,0.0020367720508801613,False,,5.0,5.0,1.45,4.45,0.014596618339419365,-0.009952780800674608,0,97,0.0023122712969779963,0.002252301276212095,0,97,True
11,native,centered_confirmation-003,fixed_cadence,0.2,-0.4314512128249486,0.049999999999999996,0.19999999999999998,0.03095817181679991,0.2576366451997222,0.03392260337585271,0.0025849322294113006,0.029280859329152226,0.00019200030251798064,1.0990286991000175,0.1440349593758583,0.10957994204914952,0.005769444135672185,0.0031279657843130164,0.0020367720508801613,False,,5.0,5.0,1.25,4.25,0.013099617883563041,-0.008377302122840062,0,97,0.0023122712969779963,0.002252301276212095,0,97,True
11,native,centered_confirmation-004,fixed_cadence,0.2,-0.5204102239457927,0.049999999999999996,0.19999999999999998,0.031002031892589526,0.25765943331548696,0.04107165116398055,0.0025849322294113006,0.042097338723689835,0.00019200030251798064,1.2924687191843987,0.1440349593758583,0.1326735900722135,0.005769444135672185,0.00331897791416403,0.0020367720508801613,False,,5.0,5.0,1.3,4.3,0.015278378501534462,-0.010606006932874194,0,97,0.0023122712969779963,0.002252301276212095,0,97,True
11,native,centered_confirmation-005,fixed_cadence,0.2,-0.5721576212767027,0.049999999999999996,0.19999999999999998,0.031034546615054445,0.25768653295311644,0.04531636257375335,0.0025849322294113006,0.050425756158417136,0.00019200030251798064,1.4023616537451744,0.1440349593758583,0.1463341150015209,0.005769444135672185,0.003402439589213553,0.0020367720508801613,False,,5.0,5.0,1.5,4.5,0.016527790948748587,-0.01195163998959829,0,97,0.0023122712969779963,0.002252301276212095,0,97,True
11,native,centered_confirmation-006,fixed_cadence,0.2,-0.5662041871326249,0.049999999999999996,0.19999999999999998,0.031029579745354346,0.2576822981616136,0.04483941334578287,0.0025849322294113006,0.04935768290585994,0.00019200030251798064,1.388842612504959,0.1440349593758583,0.14479409543342414,0.005769444135672185,0.0034521696563359692,0.0020367720508801613,False,,5.0,5.0,1.55,4.55,0.0163925364613533,-0.011817772677751404,0,97,0.0023122712969779963,0.002252301276212095,0,97,True
11,native,centered_confirmation-007,fixed_cadence,0.2,-0.5264386179293323,0.049999999999999996,0.19999999999999998,0.03100575289624001,0.25766200082865665,0.04155321812382463,0.0025849322294113006,0.043046058042837405,0.00019200030251798064,1.3055077195167542,0.1440349593758583,0.13422821428789936,0.005769444135672185,0.003335016159820624,0.0020367720508801613,False,,5.0,5.0,1.3,4.3,0.015426164120435714,-0.010757392802933146,0,97,0.0023122712969779963,0.002252301276212095,0,97,True
11,raw_weak,centered_confirmation-000,serial,0.0,0.3541282217646782,0.05,0.0,0.01594253042842494,0.18236833366734972,0.021127343192859274,0.0023920574680689234,0.013385624956440207,5.529531095414822e-05,0.6088335439562798,0.06398234516382217,0.06680128813668836,0.0031215263945320007,0.00293453642707789,0.002425701235951183,False,,5.0,5.0,1.65,4.65,-0.009192392602562905,0.008289998306007077,0,101,0.002381538972258568,0.00230931535916755,0,101,True
11,raw_weak,centered_confirmation-001,serial,0.0,0.41565273311775136,0.05,0.0,0.015962506660274812,0.18246215861069548,0.024707981049832687,0.0023920574680689234,0.018523713875599687,5.529531095414822e-05,0.7042637094855309,0.06398234516382217,0.07820895661745957,0.0031215263945320007,0.0014657589681234583,0.002425701235951183,False,,5.0,5.0,1.3,4.3,-0.011264609917998315,0.009299651779780743,0,101,0.002381538972258568,0.00230931535916755,0,101,True
11,raw_weak,centered_confirmation-002,serial,0.0,-0.4933611177198613,0.05,0.0,0.016045321395198344,0.18276385439506967,0.027876604652474216,0.0023920574680689234,0.026964697230012283,5.529531095414822e-05,0.8250851556658745,0.06398234516382217,0.0879145447466067,0.0031215263945320007,0.00375609772470202,0.002425701235951183,False,,5.0,5.0,1.45,4.45,0.018461282178759576,-0.006051948137547819,0,101,0.002381538972258568,0.00230931535916755,0,101,True
11,raw_weak,centered_confirmation-003,serial,0.0,-0.4314512128249486,0.05,0.0,0.016013247930682185,0.18262490141834617,0.024240138206547024,0.0023920574680689234,0.02065622312038509,5.529531095414822e-05,0.7294052466750145,0.06398234516382217,0.07637121373026183,0.0031215263945320007,0.0036434995184471764,0.002425701235951183,False,,5.0,5.0,1.25,4.25,0.016522307693958283,-0.004991738093491202,0,101,0.002381538972258568,0.00230931535916755,0,101,True
11,raw_weak,centered_confirmation-004,serial,0.0,-0.5204102239457927,0.05,0.0,0.016059816864441544,0.18282636511651731,0.02940533753308555,0.0023920574680689234,0.029896996704095465,5.529531095414822e-05,0.8659673109650612,0.06398234516382217,0.09277723819144165,0.0031215263945320007,0.003924436957031096,0.002425701235951183,False,,5.0,5.0,1.3,4.3,0.019395600259304046,-0.006513298082171973,0,101,0.002381538972258568,0.00230931535916755,0,101,True
11,raw_weak,centered_confirmation-005,serial,0.0,-0.5721576212767027,0.05,0.0,0.016090237949979165,0.18295840637831756,0.032457049183828815,0.0023920574680689234,0.036084938345229904,5.529531095414822e-05,0.9449058026075363,0.06398234516382217,0.10244730950452803,0.0031215263945320007,0.0039389901951338785,0.002425701235951183,False,,5.0,5.0,1.5,4.5,0.020994581654667853,-0.0074136071677195865,0,101,0.002381538972258568,0.00230931535916755,0,101,True
11,raw_weak,centered_confirmation-006,serial,0.0,-0.5662041871326249,0.05,0.0,0.01608663729500141,0.1829427988399384,0.032114599464896004,0.0023920574680689234,0.035350370778871945,5.529531095414822e-05,0.9354383125901222,0.06398234516382217,0.10136131077720092,0.0031215263945320007,0.003873778361559263,0.002425701235951183,False,,5.0,5.0,1.55,4.55,0.02079323790967464,-0.007320065712471954,0,101,0.002381538972258568,0.00230931535916755,0,101,True
11,raw_weak,centered_confirmation-007,serial,0.0,-0.5264386179293323,0.05,0.0,0.01606321001087727,0.1828410424711602,0.02975506795175117,0.0023920574680689234,0.030581980622780013,5.529531095414822e-05,0.8751685544848442,0.06398234516382217,0.09388711427723555,0.0031215263945320007,0.003942561220917186,0.002425701235951183,False,,5.0,5.0,1.3,4.3,0.019591274112462996,-0.006616879273122668,0,101,0.002381538972258568,0.00230931535916755,0,101,True
11,raw_weak,centered_confirmation-000,serial,0.05,0.3541282217646782,0.049999999999999996,0.05,0.01923548874197931,0.19988173004913923,0.022713343782422086,0.0011244404784815155,0.014662639967934422,4.7517030774199553e-05,0.6727847829461098,0.07392153143882751,0.07200206587735772,0.0018396103799608458,0.002291190137110516,0.001139085821579249,False,,5.0,5.0,1.65,4.65,-0.009855323657393455,0.00765221284453792,0,100,0.0011231917887926102,0.0010890501189302875,0,100,True
11,raw_weak,centered_confirmation-001,serial,0.05,0.41565273311775136,0.049999999999999996,0.05,0.0192743622134645,0.20003366863464722,0.026535589395194445,0.0011244404784815155,0.020065805779270612,4.7517030774199553e-05,0.7764090597629547,0.07392153143882751,0.0841154055320901,0.0018396103799608458,0.0007571912516552698,0.001139085821579249,False,,5.0,5.0,1.3,4.3,-0.01182078868150711,0.008761208504771401,0,100,0.0011231917887926102,0.0010890501189302875,0,100,True
11,raw_weak,centered_confirmation-002,serial,0.05,-0.4933611177198613,0.049999999999999996,0.05,0.019256936250149334,0.1999169552750397,0.030826788838177993,0.0011244404784815155,0.02850083181311102,4.7517030774199553e-05,0.9055119007825851,0.07392153143882751,0.09753134591862905,0.0018396103799608458,0.002729256338206803,0.001139085821579249,False,,5.0,5.0,1.45,4.45,0.016376634314656257,-0.008073167644845738,0,100,0.0011231917887926102,0.0010890501189302875,0,100,True
11,raw_weak,centered_confirmation-003,serial,0.05,-0.4314512128249486,0.049999999999999996,0.05,0.019220716975529597,0.19978000598371864,0.02695475574905648,0.0011244404784815155,0.02195469024591355,4.7517030774199553e-05,0.8031898364424706,0.07392153143882751,0.08527028830172338,0.0018396103799608458,0.002540100562562248,0.001139085821579249,False,,5.0,5.0,1.25,4.25,0.014549297466874122,-0.006908434799796639,0,100,0.0011231917887926102,0.0010890501189302875,0,100,True
11,raw_weak,centered_confirmation-004,serial,0.05,-0.5204102239457927,0.049999999999999996,0.05,0.019274974858902158,0.19998568121147453,0.03258849545872835,0.0011244404784815155,0.031751494646199904,4.7517030774199553e-05,0.951484739780426,0.07392153143882751,0.103103728696687,0.0018396103799608458,0.0028504988835884814,0.001139085821579249,False,,5.0,5.0,1.3,4.3,0.017267807200551034,-0.008578923212318741,0,100,0.0011231917887926102,0.0010890501189302875,0,100,True
11,raw_weak,centered_confirmation-005,serial,0.05,-0.5721576212767027,0.049999999999999996,0.05,0.01931041911682554,0.20011994208585335,0.03583154129335699,0.0011244404784815155,0.038173248162247375,4.7517030774199553e-05,1.035948358476162,0.07392153143882751,0.11336360983330707,0.0018396103799608458,0.003041843443808766,0.001139085821579249,False,,5.0,5.0,1.5,4.5,0.018771816790103913,-0.009569795233643244,0,100,0.0011231917887926102,0.0010890501189302875,0,100,True
11,raw_weak,centered_confirmation-006,serial,0.05,-0.5662041871326249,0.049999999999999996,0.05,0.019306049017702907,0.20010330824876751,0.035440687199336615,0.0011244404784815155,0.037375515381923775,4.7517030774199553e-05,1.025538221001625,0.07392153143882751,0.11213059449927026,0.0018396103799608458,0.003097598729568548,0.001139085821579249,False,,5.0,5.0,1.55,4.55,0.01858130134642124,-0.009467553455352464,0,100,0.0011231917887926102,0.0010890501189302875,0,100,True
11,raw_weak,centered_confirmation-007,serial,0.05,-0.5264386179293323,0.049999999999999996,0.05,0.019279036709269212,0.20000110486797948,0.03297216084685812,0.0011244404784815155,0.032481527385707296,4.7517030774199553e-05,0.961516872048378,0.07392153143882751,0.1043174407825102,0.0018396103799608458,0.0028710516066081143,0.001139085821579249,False,,5.0,5.0,1.3,4.3,0.017452995106577874,-0.008692713267888372,0,100,0.0011231917887926102,0.0010890501189302875,0,100,True
11,raw_weak,centered_confirmation-000,serial,0.1,0.3541282217646782,0.1,0.10000000000000002,0.02570863697639944,0.23052177254408,0.02597491199575493,0.0005049530749083596,0.018451185784863346,7.174365783541024e-05,0.7767163589596748,0.08061964064836502,0.08240778423660598,0.0010604231923204588,0.00249021085458026,0.0003188968913093853,False,,5.0,5.0,1.65,4.65,-0.009940957278013227,0.007425182911093453,0,50,0.00023236125707626348,0.00022083363381364103,0,50,True
11,raw_weak,centered_confirmation-001,serial,0.1,0.41565273311775136,0.1,0.10000000000000002,0.024955146231976862,0.2274108256327447,0.029841929406454377,0.0005049530749083596,0.024963720584926796,7.174365783541024e-05,0.92082180082798,0.08061964064836502,0.09480688875385121,0.0010604231923204588,0.0020596043974794947,0.0003188968913093853,False,,5.0,5.0,1.3,4.3,-0.012052652239799502,0.008527025726265704,0,50,0.00023236125707626348,0.00022083363381364103,0,50,True
11,raw_weak,centered_confirmation-002,serial,0.1,-0.4933611177198613,0.1,0.10000000000000002,0.025585147941599884,0.2302140632396271,0.035610670415498015,0.0005049530749083596,0.034978869640978204,7.174365783541024e-05,1.0416461527347565,0.08061964064836502,0.11297311275182308,0.0010604231923204588,0.0030186882042754883,0.0003188968913093853,False,,5.0,5.0,1.45,4.45,0.014471382647752764,-0.009829838559981985,0,50,0.00023236125707626348,0.00022083363381364103,0,50,True
11,raw_weak,centered_confirmation-003,serial,0.1,-0.4314512128249486,0.1,0.10000000000000002,0.02553838899261117,0.23008809452635084,0.03124406681293757,0.0005049530749083596,0.02700907042854486,7.174365783541024e-05,0.9214434400200844,0.08061964064836502,0.09912862240685412,0.0010604231923204588,0.0026212610117872666,0.0003188968913093853,False,,5.0,5.0,1.25,4.25,0.012853506952524189,-0.008576906231299829,0,50,0.00023236125707626348,0.00022083363381364103,0,50,True
11,raw_weak,centered_confirmation-004,serial,0.1,-0.5204102239457927,0.1,0.10000000000000002,0.024784878912740713,0.22695167824772827,0.0370915880323036,0.0005049530749083596,0.038755294741969204,7.174365783541024e-05,1.1279772967100143,0.08061964064836502,0.11782501616273729,0.0010604231923204588,0.0031121396245792645,0.0003188968913093853,False,,5.0,5.0,1.3,4.3,0.015586507320404053,-0.010208316115328724,0,50,0.00023236125707626348,0.00022083363381364103,0,50,True
11,raw_weak,centered_confirmation-005,serial,0.1,-0.5721576212767027,0.1,0.10000000000000002,0.02483145471549763,0.2270796893201381,0.04069307091232114,0.0005049530749083596,0.046515698019312365,7.174365783541024e-05,1.2305999919772148,0.08061964064836502,0.12924954933474253,0.0010604231923204588,0.003459460227514345,0.0003188968913093853,False,,5.0,5.0,1.5,4.5,0.016900497674942016,-0.011245948912354147,0,50,0.00023236125707626348,0.00022083363381364103,0,50,True
11,raw_weak,centered_confirmation-006,serial,0.1,-0.5662041871326249,0.1,0.10000000000000002,0.025651323069035937,0.2303930226603619,0.04090298292530769,0.0005049530749083596,0.045897546553755324,7.174365783541024e-05,1.1817489936947823,0.08061964064836502,0.12972282599024895,0.0010604231923204588,0.0035985107508205816,0.0003188968913093853,False,,5.0,5.0,1.55,4.55,0.016463080048561094,-0.011352368582392016,0,50,0.00023236125707626348,0.00022083363381364103,0,50,True
11,raw_weak,centered_confirmation-007,serial,0.1,-0.5264386179293323,0.1,0.10000000000000002,0.024790098522504807,0.2269661739410496,0.037525734875521084,0.0005049530749083596,0.03964609884553577,7.174365783541024e-05,1.1399426311254501,0.08061964064836502,0.1192008013871981,0.0010604231923204588,0.0031451423329403243,0.0003188968913093853,False,,5.0,5.0,1.3,4.3,0.015761791169643404,-0.01033161841725513,0,50,0.00023236125707626348,0.00022083363381364103,0,50,True
11,raw_weak,centered_confirmation-000,serial,0.2,0.3541282217646782,0.19999999999999998,0.2,0.046205931612570326,0.29758219763206745,0.034113893288063614,0.001805199879217989,0.030789245918923243,0.00015072278248789989,1.0106261074543,0.0825071707367897,0.10438178974629077,0.0038160473565319237,0.00635531011430154,0.0016064123858629006,False,,5.0,5.0,1.65,4.65,-0.009407325088977816,0.007430770196252384,0,25,-0.001429112255573273,-0.0013878809581938946,0,25,True
11,raw_weak,centered_confirmation-001,serial,0.2,0.41565273311775136,0.19999999999999998,0.2,0.043924391226696634,0.28886344603769853,0.038504748596633505,0.001805199879217989,0.037633727976297826,0.00015072278248789989,1.1080164462327957,0.0825071707367897,0.11740531725104637,0.0038160473565319237,0.006498418924846042,0.0016064123858629006,False,,5.0,5.0,1.3,4.3,-0.011761817336082466,0.008834484915917448,0,25,-0.001429112255573273,-0.0013878809581938946,0,25,True
11,raw_weak,centered_confirmation-002,serial,0.2,-0.4933611177198613,0.19999999999999998,0.2,0.045642898240051265,0.2967762960467326,0.04810829451057157,0.001805199879217989,0.05862329735870695,0.00015072278248789989,1.3812347874045372,0.0825071707367897,0.14828942380830348,0.0038160473565319237,0.005476033655423538,0.0016064123858629006,False,,5.0,5.0,1.45,4.45,0.010184621810913085,-0.013671009611324208,0,25,-0.001429112255573273,-0.0013878809581938946,0,25,True
11,raw_weak,centered_confirmation-003,serial,0.2,-0.4314512128249486,0.19999999999999998,0.2,0.045620580527376886,0.296747325260506,0.042494849219524664,0.001805199879217989,0.04583725811830031,0.00015072278248789989,1.2271933630108833,0.0825071707367897,0.13103514614250267,0.0038160473565319237,0.004949058908658902,0.0016064123858629006,False,,5.0,5.0,1.25,4.25,0.009197384119033824,-0.012246152951657225,0,25,-0.001429112255573273,-0.0013878809581938946,0,25,True
11,raw_weak,centered_confirmation-004,serial,0.2,-0.5204102239457927,0.19999999999999998,0.2,0.04328329941482146,0.28764323378031037,0.049698133242462104,0.001805199879217989,0.060303738031073646,0.00015072278248789989,1.3741111382842064,0.0825071707367897,0.15241186649587637,0.0038160473565319237,0.005924060866846695,0.0016064123858629006,False,,5.0,5.0,1.3,4.3,0.011593182384967813,-0.014122360213460205,0,25,-0.001429112255573273,-0.0013878809581938946,0,25,True
11,raw_weak,centered_confirmation-005,serial,0.2,-0.5721576212767027,0.19999999999999998,0.2,0.04330060714021598,0.2876350766918196,0.05420284445415561,0.001805199879217989,0.0714870178781973,0.00015072278248789989,1.4927835762500763,0.0825071707367897,0.16617908792584077,0.0038160473565319237,0.006256696741407318,0.0016064123858629006,False,,5.0,5.0,1.5,4.5,0.012270581722259524,-0.015254584631616584,0,25,-0.001429112255573273,-0.0013878809581938946,0,25,True
11,raw_weak,centered_confirmation-006,serial,0.2,-0.5662041871326249,0.19999999999999998,0.2,0.0421332663644056,0.2858260078454847,0.05285452599956286,0.001805199879217989,0.07063917196900221,0.00015072278248789989,1.57742191106081,0.0825071707367897,0.16320610526104204,0.0038160473565319237,0.006209096007014575,0.0016064123858629006,False,,5.0,5.0,1.55,4.55,0.01236859112977982,-0.014738085841522058,0,25,-0.001429112255573273,-0.0013878809581938946,0,25,True
11,raw_weak,centered_confirmation-007,serial,0.2,-0.5264386179293323,0.19999999999999998,0.2,0.04328586273546035,0.2876435611389777,0.050265078032228135,0.001805199879217989,0.06167495261332701,0.00015072278248789989,1.3888021185994148,0.0825071707367897,0.15414606557004787,0.0038160473565319237,0.0059991982993531775,0.0016064123858629006,False,,5.0,5.0,1.3,4.3,0.011741453409194956,-0.01427211682177022,0,25,-0.001429112255573273,-0.0013878809581938946,0,25,True
11,raw_weak,centered_confirmation-000,fixed_cadence,0.0,0.3541282217646782,0.05,0.0,0.01594253042842494,0.18236833366734972,0.021127343192859274,0.0023920574680689234,0.013385624956440207,5.529531095414822e-05,0.6088335439562798,0.06398234516382217,0.06680128813668836,0.0031215263945320007,0.00293453642707789,0.002425701235951183,False,,5.0,5.0,1.65,4.65,-0.009192392602562905,0.008289998306007077,0,101,0.002381538972258568,0.00230931535916755,0,101,True
11,raw_weak,centered_confirmation-001,fixed_cadence,0.0,0.41565273311775136,0.05,0.0,0.015962506660274812,0.18246215861069548,0.024707981049832687,0.0023920574680689234,0.018523713875599687,5.529531095414822e-05,0.7042637094855309,0.06398234516382217,0.07820895661745957,0.0031215263945320007,0.0014657589681234583,0.002425701235951183,False,,5.0,5.0,1.3,4.3,-0.011264609917998315,0.009299651779780743,0,101,0.002381538972258568,0.00230931535916755,0,101,True
11,raw_weak,centered_confirmation-002,fixed_cadence,0.0,-0.4933611177198613,0.05,0.0,0.016045321395198344,0.18276385439506967,0.027876604652474216,0.0023920574680689234,0.026964697230012283,5.529531095414822e-05,0.8250851556658745,0.06398234516382217,0.0879145447466067,0.0031215263945320007,0.00375609772470202,0.002425701235951183,False,,5.0,5.0,1.45,4.45,0.018461282178759576,-0.006051948137547819,0,101,0.002381538972258568,0.00230931535916755,0,101,True
11,raw_weak,centered_confirmation-003,fixed_cadence,0.0,-0.4314512128249486,0.05,0.0,0.016013247930682185,0.18262490141834617,0.024240138206547024,0.0023920574680689234,0.02065622312038509,5.529531095414822e-05,0.7294052466750145,0.06398234516382217,0.07637121373026183,0.0031215263945320007,0.0036434995184471764,0.002425701235951183,False,,5.0,5.0,1.25,4.25,0.016522307693958283,-0.004991738093491202,0,101,0.002381538972258568,0.00230931535916755,0,101,True
11,raw_weak,centered_confirmation-004,fixed_cadence,0.0,-0.5204102239457927,0.05,0.0,0.016059816864441544,0.18282636511651731,0.02940533753308555,0.0023920574680689234,0.029896996704095465,5.529531095414822e-05,0.8659673109650612,0.06398234516382217,0.09277723819144165,0.0031215263945320007,0.003924436957031096,0.002425701235951183,False,,5.0,5.0,1.3,4.3,0.019395600259304046,-0.006513298082171973,0,101,0.002381538972258568,0.00230931535916755,0,101,True
11,raw_weak,centered_confirmation-005,fixed_cadence,0.0,-0.5721576212767027,0.05,0.0,0.016090237949979165,0.18295840637831756,0.032457049183828815,0.0023920574680689234,0.036084938345229904,5.529531095414822e-05,0.9449058026075363,0.06398234516382217,0.10244730950452803,0.0031215263945320007,0.0039389901951338785,0.002425701235951183,False,,5.0,5.0,1.5,4.5,0.020994581654667853,-0.0074136071677195865,0,101,0.002381538972258568,0.00230931535916755,0,101,True
11,raw_weak,centered_confirmation-006,fixed_cadence,0.0,-0.5662041871326249,0.05,0.0,0.01608663729500141,0.1829427988399384,0.032114599464896004,0.0023920574680689234,0.035350370778871945,5.529531095414822e-05,0.9354383125901222,0.06398234516382217,0.10136131077720092,0.0031215263945320007,0.003873778361559263,0.002425701235951183,False,,5.0,5.0,1.55,4.55,0.02079323790967464,-0.007320065712471954,0,101,0.002381538972258568,0.00230931535916755,0,101,True
11,raw_weak,centered_confirmation-007,fixed_cadence,0.0,-0.5264386179293323,0.05,0.0,0.01606321001087727,0.1828410424711602,0.02975506795175117,0.0023920574680689234,0.030581980622780013,5.529531095414822e-05,0.8751685544848442,0.06398234516382217,0.09388711427723555,0.0031215263945320007,0.003942561220917186,0.002425701235951183,False,,5.0,5.0,1.3,4.3,0.019591274112462996,-0.006616879273122668,0,101,0.002381538972258568,0.00230931535916755,0,101,True
11,raw_weak,centered_confirmation-000,fixed_cadence,0.05,0.3541282217646782,0.049999999999999996,0.05,0.01923548874197931,0.19988173004913923,0.022713343782422086,0.0011244404784815155,0.014662639967934422,4.7517030774199553e-05,0.6727847829461098,0.07392153143882751,0.07200206587735772,0.0018396103799608458,0.002291190137110516,0.001139085821579249,False,,5.0,5.0,1.65,4.65,-0.009855323657393455,0.00765221284453792,0,100,0.0011231917887926102,0.0010890501189302875,0,100,True
11,raw_weak,centered_confirmation-001,fixed_cadence,0.05,0.41565273311775136,0.049999999999999996,0.05,0.0192743622134645,0.20003366863464722,0.026535589395194445,0.0011244404784815155,0.020065805779270612,4.7517030774199553e-05,0.7764090597629547,0.07392153143882751,0.0841154055320901,0.0018396103799608458,0.0007571912516552698,0.001139085821579249,False,,5.0,5.0,1.3,4.3,-0.01182078868150711,0.008761208504771401,0,100,0.0011231917887926102,0.0010890501189302875,0,100,True
11,raw_weak,centered_confirmation-002,fixed_cadence,0.05,-0.4933611177198613,0.049999999999999996,0.05,0.019256936250149334,0.1999169552750397,0.030826788838177993,0.0011244404784815155,0.02850083181311102,4.7517030774199553e-05,0.9055119007825851,0.07392153143882751,0.09753134591862905,0.0018396103799608458,0.002729256338206803,0.001139085821579249,False,,5.0,5.0,1.45,4.45,0.016376634314656257,-0.008073167644845738,0,100,0.0011231917887926102,0.0010890501189302875,0,100,True
11,raw_weak,centered_confirmation-003,fixed_cadence,0.05,-0.4314512128249486,0.049999999999999996,0.05,0.019220716975529597,0.19978000598371864,0.02695475574905648,0.0011244404784815155,0.02195469024591355,4.7517030774199553e-05,0.8031898364424706,0.07392153143882751,0.08527028830172338,0.0018396103799608458,0.002540100562562248,0.001139085821579249,False,,5.0,5.0,1.25,4.25,0.014549297466874122,-0.006908434799796639,0,100,0.0011231917887926102,0.0010890501189302875,0,100,True
11,raw_weak,centered_confirmation-004,fixed_cadence,0.05,-0.5204102239457927,0.049999999999999996,0.05,0.019274974858902158,0.19998568121147453,0.03258849545872835,0.0011244404784815155,0.031751494646199904,4.7517030774199553e-05,0.951484739780426,0.07392153143882751,0.103103728696687,0.0018396103799608458,0.0028504988835884814,0.001139085821579249,False,,5.0,5.0,1.3,4.3,0.017267807200551034,-0.008578923212318741,0,100,0.0011231917887926102,0.0010890501189302875,0,100,True
11,raw_weak,centered_confirmation-005,fixed_cadence,0.05,-0.5721576212767027,0.049999999999999996,0.05,0.01931041911682554,0.20011994208585335,0.03583154129335699,0.0011244404784815155,0.038173248162247375,4.7517030774199553e-05,1.035948358476162,0.07392153143882751,0.11336360983330707,0.0018396103799608458,0.003041843443808766,0.001139085821579249,False,,5.0,5.0,1.5,4.5,0.018771816790103913,-0.009569795233643244,0,100,0.0011231917887926102,0.0010890501189302875,0,100,True
11,raw_weak,centered_confirmation-006,fixed_cadence,0.05,-0.5662041871326249,0.049999999999999996,0.05,0.019306049017702907,0.20010330824876751,0.035440687199336615,0.0011244404784815155,0.037375515381923775,4.7517030774199553e-05,1.025538221001625,0.07392153143882751,0.11213059449927026,0.0018396103799608458,0.003097598729568548,0.001139085821579249,False,,5.0,5.0,1.55,4.55,0.01858130134642124,-0.009467553455352464,0,100,0.0011231917887926102,0.0010890501189302875,0,100,True
11,raw_weak,centered_confirmation-007,fixed_cadence,0.05,-0.5264386179293323,0.049999999999999996,0.05,0.019279036709269212,0.20000110486797948,0.03297216084685812,0.0011244404784815155,0.032481527385707296,4.7517030774199553e-05,0.961516872048378,0.07392153143882751,0.1043174407825102,0.0018396103799608458,0.0028710516066081143,0.001139085821579249,False,,5.0,5.0,1.3,4.3,0.017452995106577874,-0.008692713267888372,0,100,0.0011231917887926102,0.0010890501189302875,0,100,True
11,raw_weak,centered_confirmation-000,fixed_cadence,0.1,0.3541282217646782,0.05,0.1,0.022748960519478306,0.21741974811395026,0.024406648356407646,0.0004487237289723772,0.016008208414481296,6.153342392289932e-05,0.7547134533524513,0.10090101510286331,0.07752206010520184,0.0013327174427017548,0.0021682483854228727,0.0003257811305680272,False,,5.0,5.0,1.65,4.65,-0.010048352554440499,0.007476622390064053,0,99,0.0003059826791286467,0.00029599828958034745,0,99,True
11,raw_weak,centered_confirmation-001,fixed_cadence,0.1,0.41565273311775136,0.05,0.1,0.0228082174443403,0.21760513889930597,0.028525928642237443,0.0004487237289723772,0.02182241851343338,6.153342392289932e-05,0.866565927863121,0.10090101510286331,0.09058560243019528,0.0013327174427017548,0.001251785428816596,0.0003257811305680272,False,,5.0,5.0,1.3,4.3,-0.011902054771780968,0.008697134831218693,0,99,0.0003059826791286467,0.00029599828958034745,0,99,True
11,raw_weak,centered_confirmation-002,fixed_cadence,0.1,-0.4933611177198613,0.05,0.1,0.02263910139140105,0.21706876081322485,0.03360316565918366,0.0004487237289723772,0.03072879375316196,6.153342392289932e-05,1.0098834708333015,0.10090101510286331,0.10674507468899612,0.0013327174427017548,0.0021370669209164624,0.0003257811305680272,False,,5.0,5.0,1.45,4.45,0.014724858850240708,-0.009691284351138463,0,99,0.0003059826791286467,0.00029599828958034745,0,99,True
11,raw_weak,centered_confirmation-003,fixed_cadence,0.1,-0.4314512128249486,0.05,0.1,0.02259970447743341,0.21694857070822696,0.029449814035883367,0.0004487237289723772,0.023703369061114362,6.153342392289932e-05,0.8976896852254868,0.10090101510286331,0.09357002246062317,0.0013327174427017548,0.0018466564108279785,0.0003257811305680272,False,,5.0,5.0,1.25,4.25,0.013008258491754531,-0.008420567528091482,0,99,0.0003059826791286467,0.00029599828958034745,0,99,True
11,raw_weak,centered_confirmation-004,fixed_cadence,0.1,-0.5204102239457927,0.05,0.1,0.02265929407497629,0.21713156737514488,0.03553821807193277,0.0004487237289723772,0.03427071097885495,6.153342392289932e-05,1.059633046388626,0.10090101510286331,0.11287711247801367,0.0013327174427017548,0.002168272644010256,0.0003257811305680272,False,,5.0,5.0,1.3,4.3,0.015571939200162888,-0.010243696002817585,0,99,0.0003059826791286467,0.00029599828958034745,0,99,True
11,raw_weak,centered_confirmation-005,fixed_cadence,0.1,-0.5721576212767027,0.05,0.1,0.022699694345068938,0.21725485663967953,0.03901645424068822,0.0004487237289723772,0.04116087312149505,6.153342392289932e-05,1.1522039771080017,0.10090101510286331,0.12389659076028633,0.0013327174427017548,0.0025721069880478755,0.0003257811305680272,False,,5.0,5.0,1.5,4.5,0.016980655491352078,-0.011325297387941,0,99,0.0003059826791286467,0.00029599828958034745,0,99,True
11,raw_weak,centered_confirmation-006,fixed_cadence,0.1,-0.5662041871326249,0.05,0.1,0.022694729467028354,0.21723948693096862,0.03858898837913743,0.0004487237289723772,0.04030080084393546,6.153342392289932e-05,1.141037605702877,0.10090101510286331,0.12254506809755329,0.0013327174427017548,0.0027553171726001566,0.0003257811305680272,False,,5.0,5.0,1.55,4.55,0.01680005826056003,-0.011213013288085041,0,99,0.0003059826791286467,0.00029599828958034745,0,99,True
11,raw_weak,centered_confirmation-007,fixed_cadence,0.1,-0.5264386179293323,0.05,0.1,0.02266385822585533,0.21714560131918265,0.035953637631864495,0.0004487237289723772,0.03505883555372909,6.153342392289932e-05,1.0705683752894402,0.10090101510286331,0.11419345512251786,0.0013327174427017548,0.0021899951149050067,0.0003257811305680272,False,,5.0,5.0,1.3,4.3,0.015746590122580527,-0.01036793500404581,0,99,0.0003059826791286467,0.00029599828958034745,0,99,True
11,raw_weak,centered_confirmation-000,fixed_cadence,0.2,0.3541282217646782,0.049999999999999996,0.19999999999999998,0.030985003054389285,0.2577549786422403,0.027502858969399687,0.0017483753415057106,0.019313670115370794,0.00013161439634798436,0.9151839464902878,0.13426054269075394,0.08894567869109091,0.0030700263795379046,0.0023957090854254738,0.0015975568484279726,False,,5.0,5.0,1.65,4.65,-0.010008898377418515,0.007681147903005017,0,97,-0.001105635613203049,-0.0010557699552713237,0,97,True
11,raw_weak,centered_confirmation-001,fixed_cadence,0.2,0.41565273311775136,0.049999999999999996,0.19999999999999998,0.03107340391885327,0.2578941292955797,0.03234689405336858,0.0017483753415057106,0.025951576431857443,0.00013161439634798436,1.0445359349250793,0.13426054269075394,0.10450295641537108,0.0030700263795379046,0.002637271355616596,0.0015975568484279726,False,,5.0,5.0,1.3,4.3,-0.011526075191795826,0.00914995432187585,0,97,-0.001105635613203049,-0.0010557699552713237,0,97,True
11,raw_weak,centered_confirmation-002,fixed_cadence,0.2,-0.4933611177198613,0.049999999999999996,0.19999999999999998,0.030501123025272307,0.25672741260536475,0.039847878318054704,0.0017483753415057106,0.038180024543190555,0.00013161439634798436,1.2387160584330559,0.13426054269075394,0.12934451150130546,0.0030700263795379046,0.002143782252821444,0.0015975568484279726,False,,5.0,5.0,1.45,4.45,0.011271007359027863,-0.01316356417709344,0,97,-0.001105635613203049,-0.0010557699552713237,0,97,True
11,raw_weak,centered_confirmation-003,fixed_cadence,0.2,-0.4314512128249486,0.049999999999999996,0.19999999999999998,0.030474791217368704,0.2567155625314511,0.034909469497518615,0.0017483753415057106,0.0296263681136521,0.00013161439634798436,1.1042927950620651,0.13426054269075394,0.11338295985397605,0.0030700263795379046,0.0009123500528394464,0.0015975568484279726,False,,5.0,5.0,1.25,4.25,0.00976950041949749,-0.011604755709054495,0,97,-0.001105635613203049,-0.0010557699552713237,0,97,True
11,raw_weak,centered_confirmation-004,fixed_cadence,0.2,-0.5204102239457927,0.049999999999999996,0.19999999999999998,0.030520333215421795,0.25674230529803294,0.04198704230280121,0.0017483753415057106,0.042612934296230184,0.00013161439634798436,1.2999678403139114,0.13426054269075394,0.13630276387786777,0.0030700263795379046,0.0011396946611217098,0.0015975568484279726,False,,5.0,5.0,1.3,4.3,0.011963288486003875,-0.013817124044225115,0,97,-0.001105635613203049,-0.0010557699552713237,0,97,True
11,raw_weak,centered_confirmation-005,fixed_cadence,0.2,-0.5721576212767027,0.049999999999999996,0.19999999999999998,0.030551769169190692,0.2567661393238492,0.04609044931792725,0.0017483753415057106,0.050884591051894884,0.00013161439634798436,1.410859115421772,0.13426054269075394,0.14953621456912156,0.0030700263795379046,0.0028612109245526166,0.0015975568484279726,False,,5.0,5.0,1.5,4.5,0.013212113082408902,-0.015146765534643763,0,97,-0.001105635613203049,-0.0010557699552713237,0,97,True
11,raw_weak,centered_confirmation-006,fixed_cadence,0.2,-0.5662041871326249,0.049999999999999996,0.19999999999999998,0.030546381474606286,0.25676027523342615,0.0455930399879969,0.0017483753415057106,0.04977021766990533,0.00013161439634798436,1.3973990455269814,0.13426054269075394,0.14792273442988615,0.0030700263795379046,0.0033622187263926415,0.0015975568484279726,False,,5.0,5.0,1.55,4.55,0.01307256110012531,-0.015012243716433013,0,97,-0.001105635613203049,-0.0010557699552713237,0,97,True
11,raw_weak,centered_confirmation-007,fixed_cadence,0.2,-0.5264386179293323,0.049999999999999996,0.19999999999999998,0.030524190117957924,0.25674524568032014,0.04246578664596864,0.0017483753415057106,0.04357848888322671,0.00013161439634798436,1.3131994009017944,0.13426054269075394,0.13785205557723398,0.0030700263795379046,0.0011452864912710127,0.0015975568484279726,False,,5.0,5.0,1.3,4.3,0.012112123891711233,-0.013967520208630579,0,97,-0.001105635613203049,-0.0010557699552713237,0,97,True
11,raw_strong,centered_confirmation-000,serial,0.0,0.3541282217646782,0.05,0.0,0.016671752218669553,0.1849961613758396,0.022227129048381474,0.0038515728841602937,0.012784547644132328,9.90812285794202e-05,0.5998178571462631,0.06970096379518509,0.06930544615701406,0.0049072058750567644,0.004593957654560742,0.003986015159076351,False,,5.0,5.0,1.65,4.65,-0.007630440220236778,0.009823241873846695,0,101,0.0038041722029447554,0.003684385892040368,0,101,True
11,raw_strong,centered_confirmation-001,serial,0.0,0.41565273311775136,0.05,0.0,0.016694889184502862,0.18509931645916267,0.0259676987329206,0.0038515728841602937,0.017909813473500416,9.90812285794202e-05,0.6950864940881729,0.06970096379518509,0.0812561372073909,0.0049072058750567644,0.002898120474452513,0.003986015159076351,False,,5.0,5.0,1.3,4.3,-0.009648099169135093,0.01084335642653858,0,101,0.0038041722029447554,0.003684385892040368,0,101,True
11,raw_strong,centered_confirmation-002,serial,0.0,-0.4933611177198613,0.05,0.0,0.0167631989421413,0.18532186693728034,0.028098079061615055,0.0038515728841602937,0.026335563336581033,9.90812285794202e-05,0.8116723597049713,0.06970096379518509,0.08739052504457401,0.0049072058750567644,0.005242605257750269,0.003986015159076351,False,,5.0,5.0,1.45,4.45,0.019674064591526985,-0.004874957924272646,0,101,0.0038041722029447554,0.003684385892040368,0,101,True
11,raw_strong,centered_confirmation-003,serial,0.0,-0.4314512128249486,0.05,0.0,0.0167293692195679,0.18518181967877104,0.02433932256117946,0.0038515728841602937,0.02007854471344425,9.90812285794202e-05,0.716722346842289,0.06970096379518509,0.07547645576264853,0.0049072058750567644,0.005261339732117573,0.003986015159076351,False,,5.0,5.0,1.25,4.25,0.01775163263082504,-0.003781105018460229,0,101,0.0038041722029447554,0.003684385892040368,0,101,True
11,raw_strong,centered_confirmation-004,serial,0.0,-0.5204102239457927,0.05,0.0,0.016777111198020167,0.18537844936049358,0.02959988397589172,0.0038515728841602937,0.029071016121092336,9.90812285794202e-05,0.850648507475853,0.06970096379518509,0.0921537399235059,0.0049072058750567644,0.005524426823923622,0.003986015159076351,False,,5.0,5.0,1.3,4.3,0.020586998760700227,-0.005338209027549443,0,101,0.0038041722029447554,0.003684385892040368,0,101,True
11,raw_strong,centered_confirmation-005,serial,0.0,-0.5721576212767027,0.05,0.0,0.016809551097712837,0.18551315144185498,0.03277334465875364,0.0038515728841602937,0.03523592864020042,9.90812285794202e-05,0.9292039647698402,0.06970096379518509,0.10218025630346923,0.0049072058750567644,0.00535946287107269,0.003986015159076351,False,,5.0,5.0,1.5,4.5,0.022180238366127016,-0.006271634884286349,0,101,0.0038041722029447554,0.003684385892040368,0,101,True
11,raw_strong,centered_confirmation-006,serial,0.0,-0.5662041871326249,0.05,0.0,0.016806133632104404,0.18549915979044795,0.032442026937421035,0.0038515728841602937,0.034557936648155416,9.90812285794202e-05,0.9202660992741585,0.06970096379518509,0.10113535758433428,0.0049072058750567644,0.005219240312886186,0.003986015159076351,False,,5.0,5.0,1.55,4.55,0.021988149359822275,-0.006179595806827879,0,101,0.0038041722029447554,0.003684385892040368,0,101,True
11,raw_strong,centered_confirmation-007,serial,0.0,-0.5264386179293323,0.05,0.0,0.016780580528527295,0.18539275797073582,0.02995544838060154,0.0038515728841602937,0.02973529383447166,9.90812285794202e-05,0.8596507832407951,0.06970096379518509,0.09327880685730901,0.0049072058750567644,0.005542954585358913,0.003986015159076351,False,,5.0,5.0,1.3,4.3,0.020780013501644136,-0.005444085184127019,0,101,0.0038041722029447554,0.003684385892040368,0,101,True
11,raw_strong,centered_confirmation-000,serial,0.05,0.3541282217646782,0.049999999999999996,0.05,0.020018375386147057,0.20228558250101014,0.024140625495099072,0.003573911090118261,0.013824384253228881,9.274316478055665e-05,0.6518987193703651,0.06975945085287094,0.0754617467790381,0.004109525379744237,0.004595453641944726,0.00377249663074142,False,,5.0,5.0,1.65,4.65,-0.007268883287906645,0.010185975887565757,0,100,0.0035691842436790465,0.0034553801578974266,0,100,True
11,raw_strong,centered_confirmation-001,serial,0.05,0.41565273311775136,0.049999999999999996,0.05,0.02006195001713126,0.2024478281634775,0.028154643454534868,0.003573911090118261,0.019204234057672086,9.274316478055665e-05,0.7562965899705887,0.06975945085287094,0.08821335478329402,0.004109525379744237,0.0026176079479278617,0.00377249663074142,False,,5.0,5.0,1.3,4.3,-0.009172740206122399,0.011304913747911902,0,100,0.0035691842436790465,0.0034553801578974266,0,100,True
11,raw_strong,centered_confirmation-002,serial,0.05,-0.4933611177198613,0.049999999999999996,0.05,0.020019454228026576,0.20224451426343454,0.03072884755293228,0.003573911090118261,0.027902728442037936,9.274316478055665e-05,0.8813068643212318,0.06975945085287094,0.0958170523727175,0.004109525379744237,0.005140337103784611,0.00377249663074142,False,,5.0,5.0,1.45,4.45,0.01861090026795864,-0.0059121007890621125,0,100,0.0035691842436790465,0.0034553801578974266,0,100,True
11,raw_strong,centered_confirmation-003,serial,0.05,-0.4314512128249486,0.049999999999999996,0.05,0.019981838376787246,0.20210421461715317,0.026716044195705543,0.003573911090118261,0.021370173730864344,9.274316478055665e-05,0.7801989838480949,0.06975945085287094,0.08311257639300476,0.004109525379744237,0.005167568643840338,0.00377249663074142,False,,5.0,5.0,1.25,4.25,0.01679665483534336,-0.004711307121574836,0,100,0.0035691842436790465,0.0034553801578974266,0,100,True
11,raw_strong,centered_confirmation-004,serial,0.05,-0.5204102239457927,0.049999999999999996,0.05,0.020036559098953296,0.20230951266268282,0.03244291108554672,0.003573911090118261,0.0309074679706086,9.274316478055665e-05,0.9253934025764465,0.06975945085287094,0.1012238035114615,0.004109525379744237,0.005447594133913083,0.00377249663074142,False,,5.0,5.0,1.3,4.3,0.019477562233805656,-0.006418371456664376,0,100,0.0035691842436790465,0.0034553801578974266,0,100,True
11,raw_strong,centered_confirmation-005,serial,0.05,-0.5721576212767027,0.049999999999999996,0.05,0.020073749603458056,0.2024522480555037,0.035826184820958715,0.003573911090118261,0.03734185647193175,9.274316478055665e-05,1.0087842121720314,0.06975945085287094,0.1119087351795689,0.004109525379744237,0.005287202063604499,0.00377249663074142,False,,5.0,5.0,1.5,4.5,0.020980498194694518,-0.007444897644181436,0,100,0.0035691842436790465,0.0034553801578974266,0,100,True
11,raw_strong,centered_confirmation-006,serial,0.05,-0.5662041871326249,0.049999999999999996,0.05,0.020069554621787482,0.20243630396257517,0.03545101509945177,0.003573911090118261,0.03660911831954043,9.274316478055665e-05,0.9987734630703926,0.06975945085287094,0.11073104278885897,0.004109525379744237,0.0051583333010316946,0.00377249663074142,False,,5.0,5.0,1.55,4.55,0.02080049030482769,-0.007344520756703216,0,100,0.0035691842436790465,0.0034553801578974266,0,100,True
11,raw_strong,centered_confirmation-007,serial,0.05,-0.5264386179293323,0.049999999999999996,0.05,0.020040621141542033,0.20232502942250088,0.032831832816291734,0.003573911090118261,0.031614593032643704,9.274316478055665e-05,0.9351906180381775,0.06975945085287094,0.10245157358200341,0.004109525379744237,0.005467701004631643,0.00377249663074142,False,,5.0,5.0,1.3,4.3,0.019660093262791632,-0.006534473196687052,0,100,0.0035691842436790465,0.0034553801578974266,0,100,True
11,raw_strong,centered_confirmation-000,serial,0.1,0.3541282217646782,0.1,0.10000000000000002,0.02657020696230216,0.23268401900634925,0.02776501121622643,0.00412218123023322,0.01714546427384264,0.00013760619271996338,0.7499724254012108,0.07577277719974518,0.08707079431164244,0.004921483011319253,0.004793493257901247,0.004425322373399329,False,,5.0,5.0,1.65,4.65,-0.005948258191347121,0.011322121068039214,0,50,0.0040781170129776,0.003943773472964841,0,50,True
11,raw_strong,centered_confirmation-001,serial,0.1,0.41565273311775136,0.1,0.10000000000000002,0.025810657576251478,0.22961996071925186,0.03189873285564355,0.00412218123023322,0.023619780351489122,0.00013760619271996338,0.8920359238982201,0.07577277719974518,0.10036247892515417,0.004921483011319253,0.0028138667260613555,0.004425322373399329,False,,5.0,5.0,1.3,4.3,-0.007980217784643175,0.012426074147034935,0,50,0.0040781170129776,0.003943773472964841,0,50,True
11,raw_strong,centered_confirmation-002,serial,0.1,-0.4933611177198613,0.1,0.10000000000000002,0.026412612922845538,0.23227033600104577,0.03516531174317681,0.00412218123023322,0.034277450364790234,0.00013760619271996338,1.0156496986746788,0.07577277719974518,0.10972637445314194,0.004921483011319253,0.00681941243812226,0.004425322373399329,False,,5.0,5.0,1.45,4.45,0.01809187233448029,-0.0063017606255187444,0,50,0.0040781170129776,0.003943773472964841,0,50,True
11,raw_strong,centered_confirmation-003,serial,0.1,-0.4314512128249486,0.1,0.10000000000000002,0.02636465985162818,0.23214768677578343,0.03060234589437488,0.00412218123023322,0.026264754194807723,0.00013760619271996338,0.8974067494273186,0.07577277719974518,0.0952549895486487,0.004921483011319253,0.006497935931124972,0.004425322373399329,False,,5.0,5.0,1.25,4.25,0.0164853572845459,-0.005011295669725437,0,50,0.0040781170129776,0.003943773472964841,0,50,True
11,raw_strong,centered_confirmation-004,serial,0.1,-0.5204102239457927,0.1,0.10000000000000002,0.02559885646294644,0.22905719734528046,0.03655168765372248,0.00412218123023322,0.037710618194874146,0.00013760619271996338,1.0936830565333366,0.07577277719974518,0.11428339269304662,0.004921483011319253,0.006983406574815812,0.004425322373399329,False,,5.0,5.0,1.3,4.3,0.019178175926208497,-0.006676855253347632,0,50,0.0040781170129776,0.003943773472964841,0,50,True
11,raw_strong,centered_confirmation-005,serial,0.1,-0.5721576212767027,0.1,0.10000000000000002,0.02564729127430435,0.2291838281161663,0.04034669006622944,0.00412218123023322,0.045546079857843993,0.00013760619271996338,1.1938697472214699,0.07577277719974518,0.12629602737150417,0.004921483011319253,0.007106071352094534,0.004425322373399329,False,,5.0,5.0,1.5,4.5,0.020496494323015212,-0.007753561341919147,0,50,0.0040781170129776,0.003943773472964841,0,50,True
11,raw_strong,centered_confirmation-006,serial,0.1,-0.5662041871326249,0.1,0.10000000000000002,0.026478895649706066,0.2324521072671,0.04057597488564703,0.00412218123023322,0.04497591836438538,0.00013760619271996338,1.1516158655285835,0.07577277719974518,0.1268396175555169,0.004921483011319253,0.007009421958137515,0.004425322373399329,False,,5.0,5.0,1.55,4.55,0.020075026899576187,-0.007863817745918709,0,50,0.0040781170129776,0.003943773472964841,0,50,True
11,raw_strong,centered_confirmation-007,serial,0.1,-0.5264386179293323,0.1,0.10000000000000002,0.025604045889131663,0.22907069513785094,0.03699007327365761,0.00412218123023322,0.03857132197957733,0.00013760619271996338,1.1052953079342842,0.07577277719974518,0.11567134548267526,0.004921483011319253,0.007014392211988296,0.004425322373399329,False,,5.0,5.0,1.3,4.3,0.019350678473711014,-0.006802218091152265,0,50,0.0040781170129776,0.003943773472964841,0,50,True
11,raw_strong,centered_confirmation-000,serial,0.2,0.3541282217646782,0.19999999999999998,0.2,0.047117387571788336,0.29897839707727203,0.03637383894117882,0.00549491509583318,0.027861077410056008,0.0003056244738045,0.9674644470214844,0.08298344910144806,0.11113064889986171,0.0073655823991792815,0.005686518602323555,0.005705685591406155,False,,5.0,5.0,1.65,4.65,-0.002416239678859714,0.014249121841992864,0,25,0.0054079309105873104,0.005240881053708831,0,25,True
11,raw_strong,centered_confirmation-001,serial,0.2,0.41565273311775136,0.19999999999999998,0.2,0.04484575360410827,0.2906683842734134,0.041337806475789544,0.00549491509583318,0.03474405097205424,0.0003056244738045,1.0718777030706406,0.08298344910144806,0.12583348954023363,0.0073655823991792815,0.00424554966296132,0.005705685591406155,False,,5.0,5.0,1.3,4.3,-0.004618749022483832,0.015623157145024871,0,25,0.0054079309105873104,0.005240881053708831,0,25,True
11,raw_strong,centered_confirmation-002,serial,0.2,-0.4933611177198613,0.19999999999999998,0.2,0.04655276849218797,0.2981323098619646,0.0470486607929191,0.00549491509583318,0.05709281634533379,0.0003056244738045,1.343810148537159,0.08298344910144806,0.14209121201211078,0.0073655823991792815,0.01154626871437634,0.005705685591406155,False,,5.0,5.0,1.45,4.45,0.01675095558166504,-0.007193624901747853,0,25,0.0054079309105873104,0.005240881053708831,0,25,True
11,raw_strong,centered_confirmation-003,serial,0.2,-0.4314512128249486,0.19999999999999998,0.2,0.04652289993905417,0.2980964345478564,0.041000110495579944,0.00549491509583318,0.04414747440343953,0.0003056244738045,1.1890319734811783,0.08298344910144806,0.1235256780013949,0.0073655823991792815,0.010127953209144941,0.005705685591406155,False,,5.0,5.0,1.25,4.25,0.015763919055461893,-0.0057266192305962735,0,25,0.0054079309105873104,0.005240881053708831,0,25,True
11,raw_strong,centered_confirmation-004,serial,0.2,-0.5204102239457927,0.19999999999999998,0.2,0.04419475410092404,0.2893601835097747,0.04836117282182636,0.00549491509583318,0.05834359701949538,0.0003056244738045,1.344091221690178,0.08298344910144806,0.14556961671524904,0.0073655823991792815,0.0113298524627315,0.005705685591406155,False,,5.0,5.0,1.3,4.3,0.018110747635364542,-0.007629116245665866,0,25,0.0054079309105873104,0.005240881053708831,0,25,True
11,raw_strong,centered_confirmation-005,serial,0.2,-0.5721576212767027,0.19999999999999998,0.2,0.044219182899642634,0.28936552774572244,0.05327922625406535,0.00549491509583318,0.06979593878607829,0.0003056244738045,1.4624347537755966,0.08298344910144806,0.16051768616592124,0.0073655823991792815,0.0123305185109691,0.005705685591406155,False,,5.0,5.0,1.5,4.5,0.018821029365062716,-0.008812600917362641,0,25,0.0054079309105873104,0.005240881053708831,0,25,True
11,raw_strong,centered_confirmation-006,serial,0.2,-0.5662041871326249,0.19999999999999998,0.2,0.043038800075641946,0.2875019374714815,0.052016247745734275,0.00549491509583318,0.06907633755778908,0.0003056244738045,1.5408243983983994,0.08298344910144806,0.15768230486659227,0.0073655823991792815,0.012198670377648282,0.005705685591406155,False,,5.0,5.0,1.55,4.55,0.01894481480121613,-0.008308144832297174,0,25,0.0054079309105873104,0.005240881053708831,0,25,True
11,raw_strong,centered_confirmation-007,serial,0.2,-0.5264386179293323,0.19999999999999998,0.2,0.04419736443586463,0.2893601936558424,0.04893068235747807,0.00549491509583318,0.05965569139604832,0.0003056244738045,1.3583289459347725,0.08298344910144806,0.14731399924587713,0.0073655823991792815,0.011401182208733861,0.005705685591406155,False,,5.0,5.0,1.3,4.3,0.018255674839019784,-0.007780091234268219,0,25,0.0054079309105873104,0.005240881053708831,0,25,True
11,raw_strong,centered_confirmation-000,fixed_cadence,0.0,0.3541282217646782,0.05,0.0,0.016671752218669553,0.1849961613758396,0.022227129048381474,0.0038515728841602937,0.012784547644132328,9.90812285794202e-05,0.5998178571462631,0.06970096379518509,0.06930544615701406,0.0049072058750567644,0.004593957654560742,0.003986015159076351,False,,5.0,5.0,1.65,4.65,-0.007630440220236778,0.009823241873846695,0,101,0.0038041722029447554,0.003684385892040368,0,101,True
11,raw_strong,centered_confirmation-001,fixed_cadence,0.0,0.41565273311775136,0.05,0.0,0.016694889184502862,0.18509931645916267,0.0259676987329206,0.0038515728841602937,0.017909813473500416,9.90812285794202e-05,0.6950864940881729,0.06970096379518509,0.0812561372073909,0.0049072058750567644,0.002898120474452513,0.003986015159076351,False,,5.0,5.0,1.3,4.3,-0.009648099169135093,0.01084335642653858,0,101,0.0038041722029447554,0.003684385892040368,0,101,True
11,raw_strong,centered_confirmation-002,fixed_cadence,0.0,-0.4933611177198613,0.05,0.0,0.0167631989421413,0.18532186693728034,0.028098079061615055,0.0038515728841602937,0.026335563336581033,9.90812285794202e-05,0.8116723597049713,0.06970096379518509,0.08739052504457401,0.0049072058750567644,0.005242605257750269,0.003986015159076351,False,,5.0,5.0,1.45,4.45,0.019674064591526985,-0.004874957924272646,0,101,0.0038041722029447554,0.003684385892040368,0,101,True
11,raw_strong,centered_confirmation-003,fixed_cadence,0.0,-0.4314512128249486,0.05,0.0,0.0167293692195679,0.18518181967877104,0.02433932256117946,0.0038515728841602937,0.02007854471344425,9.90812285794202e-05,0.716722346842289,0.06970096379518509,0.07547645576264853,0.0049072058750567644,0.005261339732117573,0.003986015159076351,False,,5.0,5.0,1.25,4.25,0.01775163263082504,-0.003781105018460229,0,101,0.0038041722029447554,0.003684385892040368,0,101,True
11,raw_strong,centered_confirmation-004,fixed_cadence,0.0,-0.5204102239457927,0.05,0.0,0.016777111198020167,0.18537844936049358,0.02959988397589172,0.0038515728841602937,0.029071016121092336,9.90812285794202e-05,0.850648507475853,0.06970096379518509,0.0921537399235059,0.0049072058750567644,0.005524426823923622,0.003986015159076351,False,,5.0,5.0,1.3,4.3,0.020586998760700227,-0.005338209027549443,0,101,0.0038041722029447554,0.003684385892040368,0,101,True
11,raw_strong,centered_confirmation-005,fixed_cadence,0.0,-0.5721576212767027,0.05,0.0,0.016809551097712837,0.18551315144185498,0.03277334465875364,0.0038515728841602937,0.03523592864020042,9.90812285794202e-05,0.9292039647698402,0.06970096379518509,0.10218025630346923,0.0049072058750567644,0.00535946287107269,0.003986015159076351,False,,5.0,5.0,1.5,4.5,0.022180238366127016,-0.006271634884286349,0,101,0.0038041722029447554,0.003684385892040368,0,101,True
11,raw_strong,centered_confirmation-006,fixed_cadence,0.0,-0.5662041871326249,0.05,0.0,0.016806133632104404,0.18549915979044795,0.032442026937421035,0.0038515728841602937,0.034557936648155416,9.90812285794202e-05,0.9202660992741585,0.06970096379518509,0.10113535758433428,0.0049072058750567644,0.005219240312886186,0.003986015159076351,False,,5.0,5.0,1.55,4.55,0.021988149359822275,-0.006179595806827879,0,101,0.0038041722029447554,0.003684385892040368,0,101,True
11,raw_strong,centered_confirmation-007,fixed_cadence,0.0,-0.5264386179293323,0.05,0.0,0.016780580528527295,0.18539275797073582,0.02995544838060154,0.0038515728841602937,0.02973529383447166,9.90812285794202e-05,0.8596507832407951,0.06970096379518509,0.09327880685730901,0.0049072058750567644,0.005542954585358913,0.003986015159076351,False,,5.0,5.0,1.3,4.3,0.020780013501644136,-0.005444085184127019,0,101,0.0038041722029447554,0.003684385892040368,0,101,True
11,raw_strong,centered_confirmation-000,fixed_cadence,0.05,0.3541282217646782,0.049999999999999996,0.05,0.020018375386147057,0.20228558250101014,0.024140625495099072,0.003573911090118261,0.013824384253228881,9.274316478055665e-05,0.6518987193703651,0.06975945085287094,0.0754617467790381,0.004109525379744237,0.004595453641944726,0.00377249663074142,False,,5.0,5.0,1.65,4.65,-0.007268883287906645,0.010185975887565757,0,100,0.0035691842436790465,0.0034553801578974266,0,100,True
11,raw_strong,centered_confirmation-001,fixed_cadence,0.05,0.41565273311775136,0.049999999999999996,0.05,0.02006195001713126,0.2024478281634775,0.028154643454534868,0.003573911090118261,0.019204234057672086,9.274316478055665e-05,0.7562965899705887,0.06975945085287094,0.08821335478329402,0.004109525379744237,0.0026176079479278617,0.00377249663074142,False,,5.0,5.0,1.3,4.3,-0.009172740206122399,0.011304913747911902,0,100,0.0035691842436790465,0.0034553801578974266,0,100,True
11,raw_strong,centered_confirmation-002,fixed_cadence,0.05,-0.4933611177198613,0.049999999999999996,0.05,0.020019454228026576,0.20224451426343454,0.03072884755293228,0.003573911090118261,0.027902728442037936,9.274316478055665e-05,0.8813068643212318,0.06975945085287094,0.0958170523727175,0.004109525379744237,0.005140337103784611,0.00377249663074142,False,,5.0,5.0,1.45,4.45,0.01861090026795864,-0.0059121007890621125,0,100,0.0035691842436790465,0.0034553801578974266,0,100,True
11,raw_strong,centered_confirmation-003,fixed_cadence,0.05,-0.4314512128249486,0.049999999999999996,0.05,0.019981838376787246,0.20210421461715317,0.026716044195705543,0.003573911090118261,0.021370173730864344,9.274316478055665e-05,0.7801989838480949,0.06975945085287094,0.08311257639300476,0.004109525379744237,0.005167568643840338,0.00377249663074142,False,,5.0,5.0,1.25,4.25,0.01679665483534336,-0.004711307121574836,0,100,0.0035691842436790465,0.0034553801578974266,0,100,True
11,raw_strong,centered_confirmation-004,fixed_cadence,0.05,-0.5204102239457927,0.049999999999999996,0.05,0.020036559098953296,0.20230951266268282,0.03244291108554672,0.003573911090118261,0.0309074679706086,9.274316478055665e-05,0.9253934025764465,0.06975945085287094,0.1012238035114615,0.004109525379744237,0.005447594133913083,0.00377249663074142,False,,5.0,5.0,1.3,4.3,0.019477562233805656,-0.006418371456664376,0,100,0.0035691842436790465,0.0034553801578974266,0,100,True
11,raw_strong,centered_confirmation-005,fixed_cadence,0.05,-0.5721576212767027,0.049999999999999996,0.05,0.020073749603458056,0.2024522480555037,0.035826184820958715,0.003573911090118261,0.03734185647193175,9.274316478055665e-05,1.0087842121720314,0.06975945085287094,0.1119087351795689,0.004109525379744237,0.005287202063604499,0.00377249663074142,False,,5.0,5.0,1.5,4.5,0.020980498194694518,-0.007444897644181436,0,100,0.0035691842436790465,0.0034553801578974266,0,100,True
11,raw_strong,centered_confirmation-006,fixed_cadence,0.05,-0.5662041871326249,0.049999999999999996,0.05,0.020069554621787482,0.20243630396257517,0.03545101509945177,0.003573911090118261,0.03660911831954043,9.274316478055665e-05,0.9987734630703926,0.06975945085287094,0.11073104278885897,0.004109525379744237,0.0051583333010316946,0.00377249663074142,False,,5.0,5.0,1.55,4.55,0.02080049030482769,-0.007344520756703216,0,100,0.0035691842436790465,0.0034553801578974266,0,100,True
11,raw_strong,centered_confirmation-007,fixed_cadence,0.05,-0.5264386179293323,0.049999999999999996,0.05,0.020040621141542033,0.20232502942250088,0.032831832816291734,0.003573911090118261,0.031614593032643704,9.274316478055665e-05,0.9351906180381775,0.06975945085287094,0.10245157358200341,0.004109525379744237,0.005467701004631643,0.00377249663074142,False,,5.0,5.0,1.3,4.3,0.019660093262791632,-0.006534473196687052,0,100,0.0035691842436790465,0.0034553801578974266,0,100,True
11,raw_strong,centered_confirmation-000,fixed_cadence,0.1,0.3541282217646782,0.05,0.1,0.02359801337223191,0.21979889646147227,0.026330971425541833,0.004177554939660872,0.014922345236692353,0.00013880752906453308,0.7354874163866043,0.10114174336194992,0.08235446089758205,0.0048190183155646165,0.005280591167092602,0.004429717143433125,False,,5.0,5.0,1.65,4.65,-0.006056101247668266,0.011375377294697186,0,99,0.00415615439414978,0.004022488155855587,0,99,True
11,raw_strong,centered_confirmation-001,fixed_cadence,0.1,0.41565273311775136,0.05,0.1,0.023663504776438714,0.22000057109546342,0.03068684436942498,0.004177554939660872,0.020704913875130505,0.00013880752906453308,0.8484090492129326,0.10114174336194992,0.09622945178609511,0.0048190183155646165,0.0032250681058259715,0.004429717143433125,False,,5.0,5.0,1.3,4.3,-0.007845058664679527,0.012606333336310172,0,99,0.00415615439414978,0.004022488155855587,0,99,True
11,raw_strong,centered_confirmation-002,fixed_cadence,0.1,-0.4933611177198613,0.05,0.1,0.023453023855941273,0.2193409858794934,0.03311921745176833,0.004177554939660872,0.030282877322568572,0.00013880752906453308,0.9888022020459175,0.10114174336194992,0.10353038721903521,0.0048190183155646165,0.005804042170803951,0.004429717143433125,False,,5.0,5.0,1.45,4.45,0.018366174399852754,-0.006169069333749367,0,99,0.00415615439414978,0.004022488155855587,0,99,True
11,raw_strong,centered_confirmation-003,fixed_cadence,0.1,-0.4314512128249486,0.05,0.1,0.023412846733018557,0.21921368865882326,0.028793101012563244,0.004177554939660872,0.02320341050922852,0.00013880752906453308,0.8783465996384621,0.10114174336194992,0.0897736637254878,0.0048190183155646165,0.005861385718109015,0.004429717143433125,False,,5.0,5.0,1.25,4.25,0.01666084975004196,-0.004862284486099524,0,99,0.00415615439414978,0.004022488155855587,0,99,True
11,raw_strong,centered_confirmation-004,fixed_cadence,0.1,-0.5204102239457927,0.05,0.1,0.023471621609086654,0.2193987610877962,0.0349702876580679,0.004177554939660872,0.033525031626539394,0.00013880752906453308,1.0367383435368538,0.10114174336194992,0.10939174526832993,0.0048190183155646165,0.0061441847708549055,0.004429717143433125,False,,5.0,5.0,1.3,4.3,0.019188256561756135,-0.00672110983439411,0,99,0.00415615439414978,0.004022488155855587,0,99,True
11,raw_strong,centered_confirmation-005,fixed_cadence,0.1,-0.5721576212767027,0.05,0.1,0.02351336862535754,0.21953084290043173,0.03862098620629676,0.004177554939660872,0.04049007626343338,0.00013880752906453308,1.1277007684111595,0.10114174336194992,0.12096364175938765,0.0048190183155646165,0.005928801433059428,0.004429717143433125,False,,5.0,5.0,1.5,4.5,0.020598084852099414,-0.00783844525426951,0,99,0.00415615439414978,0.004022488155855587,0,99,True
11,raw_strong,centered_confirmation-006,fixed_cadence,0.1,-0.5662041871326249,0.05,0.1,0.023508665886610648,0.21951628181127494,0.03821678996279247,0.004177554939660872,0.03970187273613077,0.00013880752906453308,1.1168603971600533,0.10114174336194992,0.11969083705794367,0.0048190183155646165,0.005772040164581632,0.004429717143433125,False,,5.0,5.0,1.55,4.55,0.02042828798294067,-0.007728256706417287,0,99,0.00415615439414978,0.004022488155855587,0,99,True
11,raw_strong,centered_confirmation-007,fixed_cadence,0.1,-0.5264386179293323,0.05,0.1,0.02347611460718108,0.21941288594634878,0.03539001630493472,0.004177554939660872,0.03428953503227354,0.00013880752906453308,1.047409288585186,0.10114174336194992,0.1107218033106825,0.0048190183155646165,0.006164711457131521,0.004429717143433125,False,,5.0,5.0,1.3,4.3,0.019360340759158136,-0.006847582628976674,0,99,0.00415615439414978,0.004022488155855587,0,99,True
11,raw_strong,centered_confirmation-000,fixed_cadence,0.2,0.3541282217646782,0.049999999999999996,0.19999999999999998,0.03201847777815308,0.25974908693363913,0.03065666316164438,0.005892142863176979,0.017741127698728605,0.00038637229510619936,0.9052325785160065,0.15462540090084076,0.09672574853055826,0.009312985609269228,0.007160814834779211,0.0056708006721259245,False,,5.0,5.0,1.65,4.65,-0.003031559661030767,0.014474447429328532,0,97,0.005730338022112846,0.005560222496150135,0,97,True
11,raw_strong,centered_confirmation-001,fixed_cadence,0.2,0.41565273311775136,0.049999999999999996,0.19999999999999998,0.03210986201081419,0.2598981605900848,0.03585617543612904,0.005892142863176979,0.024286313818015222,0.00038637229510619936,1.033187285065651,0.15462540090084076,0.11355052462759727,0.009312985609269228,0.004958691205277939,0.0056708006721259245,False,,5.0,5.0,1.3,4.3,-0.004489844292402267,0.015959095965201345,0,97,0.005730338022112846,0.005560222496150135,0,97,True
11,raw_strong,centered_confirmation-002,fixed_cadence,0.2,-0.4933611177198613,0.049999999999999996,0.19999999999999998,0.031472565844899845,0.258572494870168,0.038442253162909,0.005892142863176979,0.037723083115222614,0.00038637229510619936,1.227266602218151,0.15462540090084076,0.12260444668620638,0.009312985609269228,0.006290464370710332,0.0056708006721259245,False,,5.0,5.0,1.45,4.45,0.017922544851899147,-0.006744504244182989,0,97,0.005730338022112846,0.005560222496150135,0,97,True
11,raw_strong,centered_confirmation-003,fixed_cadence,0.2,-0.4314512128249486,0.049999999999999996,0.19999999999999998,0.03144519876776268,0.2585492832275021,0.0332411204860502,0.005892142863176979,0.029069980388554625,0.00038637229510619936,1.0934513434767723,0.15462540090084076,0.10576788743845929,0.009312985609269228,0.006701476171991992,0.0056708006721259245,False,,5.0,5.0,1.25,4.25,0.01642928086221218,-0.005152048873589,0,97,0.005730338022112846,0.005560222496150135,0,97,True
11,raw_strong,centered_confirmation-004,fixed_cadence,0.2,-0.5204102239457927,0.049999999999999996,0.19999999999999998,0.03148717835491778,0.25857786491873086,0.04040546953869902,0.005892142863176979,0.04171810295724548,0.00038637229510619936,1.284727230668068,0.15462540090084076,0.1290434207437294,0.009312985609269228,0.006818722447271788,0.0056708006721259245,False,,5.0,5.0,1.3,4.3,0.018593213334679604,-0.007397493649387183,0,97,0.005730338022112846,0.005560222496150135,0,97,True
11,raw_strong,centered_confirmation-005,fixed_cadence,0.2,-0.5721576212767027,0.049999999999999996,0.19999999999999998,0.03152052564079982,0.25861517017373487,0.04477313352161044,0.005892142863176979,0.05010538688623905,0.00038637229510619936,1.3942937180399895,0.15462540090084076,0.14311232077951772,0.009312985609269228,0.006240328615216807,0.0056708006721259245,False,,5.0,5.0,1.5,4.5,0.019843965768814083,-0.008759318841021857,0,97,0.005730338022112846,0.005560222496150135,0,97,True
11,raw_strong,centered_confirmation-006,fixed_cadence,0.2,-0.5662041871326249,0.049999999999999996,0.19999999999999998,0.031516001534157005,0.25861140964156176,0.04432143872449755,0.005892142863176979,0.04908507518348135,0.00038637229510619936,1.3810227438807487,0.15462540090084076,0.1416421896197325,0.009312985609269228,0.006010140325177135,0.0056708006721259245,False,,5.0,5.0,1.55,4.55,0.019713082909584043,-0.008626030698729813,0,97,0.005730338022112846,0.005560222496150135,0,97,True
11,raw_strong,centered_confirmation-007,fixed_cadence,0.2,-0.5264386179293323,0.049999999999999996,0.19999999999999998,0.031490711392997854,0.2585808057683989,0.04088667345661597,0.005892142863176979,0.042650242570215983,0.00038637229510619936,1.297573633491993,0.15462540090084076,0.13060377816571678,0.009312985609269228,0.006832965404975476,0.0056708006721259245,False,,5.0,5.0,1.3,4.3,0.01873995251953602,-0.007549874926693745,0,97,0.005730338022112846,0.005560222496150135,0,97,True
11,centered_weak,centered_confirmation-000,serial,0.0,0.3541282217646782,0.05,0.0,0.0159437939869836,0.1823721103821935,0.021425894939068758,0.00316361975973443,0.013285837461561539,8.085031609950905e-05,0.6107371954786653,0.06688452349780742,0.06750824797460994,0.0041456368710601045,0.0035846135348039203,0.0032040617935553983,False,,5.0,5.0,1.65,4.65,-0.008420325948012432,0.009038973596379956,0,101,0.00315321558891479,0.0030578459135460374,0,101,True
11,centered_weak,centered_confirmation-001,serial,0.0,0.41565273311775136,0.05,0.0,0.01596372738207112,0.18246585376500155,0.02501084001663078,0.00316361975973443,0.018415444946643992,8.085031609950905e-05,0.705708293484437,0.06688452349780742,0.07897500704477421,0.0041456368710601045,0.0021854184565083487,0.0032040617935553983,False,,5.0,5.0,1.3,4.3,-0.010492419956338962,0.010048628798715573,0,101,0.00315321558891479,0.0030578459135460374,0,101,True
11,centered_weak,centered_confirmation-002,serial,0.0,-0.4933611177198613,0.05,0.0,0.016044211807771238,0.18275703999594273,0.027736380790924546,0.00316361975973443,0.027164147225800784,8.085031609950905e-05,0.8278773634302492,0.06688452349780742,0.08719165908893599,0.0041456368710601045,0.0045007851257817056,0.0032040617935553983,False,,5.0,5.0,1.45,4.45,0.01923353100000564,-0.0053028483332547924,0,101,0.00315321558891479,0.0030578459135460374,0,101,True
11,centered_weak,centered_confirmation-003,serial,0.0,-0.4314512128249486,0.05,0.0,0.016012071471559208,0.18261771014103464,0.0240896173925646,0.00316361975973443,0.020809400815967233,8.085031609950905e-05,0.7316731198298807,0.06688452349780742,0.07558739176838807,0.0041456368710601045,0.004408565302274695,0.0032040617935553983,False,,5.0,5.0,1.25,4.25,0.017294444011437336,-0.004242699797612595,0,101,0.00315321558891479,0.0030578459135460374,0,101,True
11,centered_weak,centered_confirmation-004,serial,0.0,-0.5204102239457927,0.05,0.0,0.01605846996441605,0.18281843653992985,0.029246557511562462,0.00316361975973443,0.030087417853748265,8.085031609950905e-05,0.868412917720067,0.06688452349780742,0.09201220109933739,0.0041456368710601045,0.004687458224444925,0.0032040617935553983,False,,5.0,5.0,1.3,4.3,0.020167939977633394,-0.005764054712462691,0,101,0.00315321558891479,0.0030578459135460374,0,101,True
11,centered_weak,centered_confirmation-005,serial,0.0,-0.5721576212767027,0.05,0.0,0.016088903787940905,0.18295065479094993,0.03230862830995149,0.00316361975973443,0.03631459184014143,8.085031609950905e-05,0.9477664439546938,0.06688452349780742,0.10173097881045595,0.0041456368710601045,0.004651348511126565,0.0032040617935553983,False,,5.0,5.0,1.5,4.5,0.021767045425164142,-0.0066643225121490405,0,101,0.00315321558891479,0.0030578459135460374,0,101,True
11,centered_weak,centered_confirmation-006,serial,0.0,-0.5662041871326249,0.05,0.0,0.016085301390717566,0.18293502729359248,0.03196848279545424,0.00316361975973443,0.03557807506650371,8.085031609950905e-05,0.9383367283809061,0.06688452349780742,0.10064972392667232,0.0041456368710601045,0.004549650708207819,0.0032040617935553983,False,,5.0,5.0,1.55,4.55,0.021565712110983768,-0.006570788457946726,0,101,0.00315321558891479,0.0030578459135460374,0,101,True
11,centered_weak,centered_confirmation-007,serial,0.0,-0.5264386179293323,0.05,0.0,0.016061848102784756,0.18283308494038913,0.029595440954521688,0.00316361975973443,0.030774349399784115,8.085031609950905e-05,0.877611926065671,0.06688452349780742,0.09312201414594747,0.0041456368710601045,0.004705328595117349,0.0032040617935553983,False,,5.0,5.0,1.3,4.3,0.020363632084714808,-0.005867628085455487,0,101,0.00315321558891479,0.0030578459135460374,0,101,True
11,centered_weak,centered_confirmation-000,serial,0.05,0.3541282217646782,0.049999999999999996,0.05,0.019238361765083423,0.19989074797429315,0.023152513689051354,0.0023963792192311503,0.014487145750621693,7.874369665388687e-05,0.6761537998105065,0.07780542067537466,0.07319948566853426,0.002857766389931907,0.003133777590120989,0.002455606239919463,False,,5.0,5.0,1.65,4.65,-0.008563078036593775,0.008905315004572699,0,100,0.002414702409816405,0.0023413517044274237,0,100,True
11,centered_weak,centered_confirmation-001,serial,0.05,0.41565273311775136,0.049999999999999996,0.05,0.01927733642937892,0.20004344471532853,0.02700450373928224,0.0023963792192311503,0.019888551758709374,7.874369665388687e-05,0.780542133667566,0.07780542067537466,0.08544523003598632,0.002857766389931907,0.0014174631650608056,0.002455606239919463,False,,5.0,5.0,1.3,4.3,-0.010528325876283029,0.010014359090560171,0,100,0.002414702409816405,0.0023413517044274237,0,100,True
11,centered_weak,centered_confirmation-002,serial,0.05,-0.4933611177198613,0.049999999999999996,0.05,0.019255014115078257,0.19990823590119539,0.030527797954406324,0.0023963792192311503,0.028813687606187466,7.874369665388687e-05,0.9111251070285813,0.07780542067537466,0.09628806310522088,0.002857766389931907,0.003927589770455094,0.002455606239919463,False,,5.0,5.0,1.45,4.45,0.017669245386434218,-0.006819750917202774,0,100,0.002414702409816405,0.0023413517044274237,0,100,True
11,centered_weak,centered_confirmation-003,serial,0.05,-0.4314512128249486,0.049999999999999996,0.05,0.019218937311648483,0.1997717739705883,0.02662565136646434,0.0023963792192311503,0.022182580481899382,7.874369665388687e-05,0.8087527140165345,0.07780542067537466,0.08390276955233111,0.002857766389931907,0.0038115357316110964,0.002455606239919463,False,,5.0,5.0,1.25,4.25,0.015841686138821264,-0.0056551792678574435,0,100,0.002414702409816405,0.0023413517044274237,0,100,True
11,centered_weak,centered_confirmation-004,serial,0.05,-0.5204102239457927,0.049999999999999996,0.05,0.01927277442704303,0.1999758861384971,0.03225725540656846,0.0023963792192311503,0.03204129270287521,7.874369665388687e-05,0.9572348876977936,0.07780542067537466,0.1017728701913234,0.002857766389931907,0.00411723902790252,0.002455606239919463,False,,5.0,5.0,1.3,4.3,0.018560586282921454,-0.007325283890809319,0,100,0.002414702409816405,0.0023413517044274237,0,100,True
11,centered_weak,centered_confirmation-005,serial,0.05,-0.5721576212767027,0.049999999999999996,0.05,0.019308018401741126,0.20010949526751293,0.03552789609457614,0.0023963792192311503,0.03853799355617023,7.874369665388687e-05,1.0414686187292115,0.07780542067537466,0.11213732468309509,0.002857766389931907,0.004139583441728013,0.002455606239919463,False,,5.0,5.0,1.5,4.5,0.02006484807462754,-0.008315993045575861,0,100,0.002414702409816405,0.0023413517044274237,0,100,True
11,centered_weak,centered_confirmation-006,serial,0.05,-0.5662041871326249,0.049999999999999996,0.05,0.019303656884741782,0.20009283728845395,0.035141945296760964,0.0023963792192311503,0.037739219567837455,7.874369665388687e-05,1.0309310763264672,0.07780542067537466,0.11091787568128646,0.002857766389931907,0.00408141948417235,0.002455606239919463,False,,5.0,5.0,1.55,4.55,0.019874329278183597,-0.00821377944607794,0,100,0.002414702409816405,0.0023413517044274237,0,100,True
11,centered_weak,centered_confirmation-007,serial,0.05,-0.5264386179293323,0.049999999999999996,0.05,0.019276758669153012,0.19999102441942268,0.03264005657649768,0.0023963792192311503,0.03277437478851167,7.874369665388687e-05,0.9672674670005814,0.07780542067537466,0.10298637299586202,0.002857766389931907,0.004137272489942984,0.002455606239919463,False,,5.0,5.0,1.3,4.3,0.018745824852896352,-0.007439025085565996,0,100,0.002414702409816405,0.0023413517044274237,0,100,True
11,centered_weak,centered_confirmation-000,serial,0.1,0.3541282217646782,0.1,0.10000000000000002,0.025717201151505706,0.23054264378281908,0.02656118638680839,0.002230542600941942,0.0181473646348308,0.00010376575852207431,0.7773897769388405,0.08128281407920987,0.08423491928474389,0.002595494952799581,0.0028688241376298666,0.0023765472123341617,False,,5.0,5.0,1.65,4.65,-0.007939519446083895,0.009365807718561948,0,50,0.002232028831055767,0.002159803243489979,0,50,True
11,centered_weak,centered_confirmation-001,serial,0.1,0.41565273311775136,0.1,0.10000000000000002,0.024963448647746793,0.22743208925532324,0.030496466491598963,0.002230542600941942,0.024652504692444198,0.00010376575852207431,0.9228025349315849,0.08128281407920987,0.09686814494869042,0.002595494952799581,0.0015392250061213818,0.0023765472123341617,False,,5.0,5.0,1.3,4.3,-0.01005102143783271,0.010467591851294318,0,50,0.002232028831055767,0.002159803243489979,0,50,True
11,centered_weak,centered_confirmation-002,serial,0.1,-0.4933611177198613,0.1,0.10000000000000002,0.0255855701781065,0.23021321186596383,0.03514102783581828,0.002230542600941942,0.035481058518395114,0.00010376575852207431,1.0466560321387495,0.08128281407920987,0.11107854440598156,0.002595494952799581,0.004894808411764791,0.0023765472123341617,False,,5.0,5.0,1.45,4.45,0.0164728629479915,-0.007888656378541381,0,50,0.002232028831055767,0.002159803243489979,0,50,True
11,centered_weak,centered_confirmation-003,serial,0.1,-0.4314512128249486,0.1,0.10000000000000002,0.02553916474031177,0.23008761129676852,0.03070933381952107,0.002230542600941942,0.02735950030867389,0.00010376575852207431,0.9270477267441001,0.08128281407920987,0.09700579394461777,0.002595494952799581,0.0044262737524995805,0.0023765472123341617,False,,5.0,5.0,1.25,4.25,0.014854719776919493,-0.006636087922715882,0,50,0.002232028831055767,0.002159803243489979,0,50,True
11,centered_weak,centered_confirmation-004,serial,0.1,-0.5204102239457927,0.1,0.10000000000000002,0.024784977715535936,0.22694962739836608,0.036568200436428513,0.002230542600941942,0.03921360103927007,0.00010376575852207431,1.1335743936237541,0.08128281407920987,0.11577153096776296,0.002595494952799581,0.004943828534918029,0.0023765472123341617,False,,5.0,5.0,1.3,4.3,0.017588368345311294,-0.008266776987261679,0,50,0.002232028831055767,0.002159803243489979,0,50,True
11,centered_weak,centered_confirmation-005,serial,0.1,-0.5721576212767027,0.1,0.10000000000000002,0.02483121072550734,0.22707725819072205,0.04022700856669413,0.002230542600941942,0.04710762756052506,0.00010376575852207431,1.2355899038252083,0.08128281407920987,0.12738713756659029,0.002595494952799581,0.005253224384755691,0.0023765472123341617,False,,5.0,5.0,1.5,4.5,0.018902696211150295,-0.009304007604018259,0,50,0.002232028831055767,0.002159803243489979,0,50,True
11,centered_weak,centered_confirmation-006,serial,0.1,-0.5662041871326249,0.1,0.10000000000000002,0.025650772889754175,0.2303895560222133,0.040442489272836564,0.002230542600941942,0.0464811342326751,0.00010376575852207431,1.1862204196390358,0.08128281407920987,0.12788291895235887,0.002595494952799581,0.0052451791228453,0.0023765472123341617,False,,5.0,5.0,1.55,4.55,0.018465364266446238,-0.009410386921809306,0,50,0.002232028831055767,0.002159803243489979,0,50,True
11,centered_weak,centered_confirmation-007,serial,0.1,-0.5264386179293323,0.1,0.10000000000000002,0.02479014507021036,0.22696397228774026,0.037001554474324766,0.002230542600941942,0.04010951834239383,0.00010376575852207431,1.1455452787217346,0.08128281407920987,0.11714722443987433,0.002595494952799581,0.004975437375352313,0.0023765472123341617,False,,5.0,5.0,1.3,4.3,0.0177637103090793,-0.0083900236673867,0,50,0.002232028831055767,0.002159803243489979,0,50,True
11,centered_weak,centered_confirmation-000,serial,0.2,0.3541282217646782,0.19999999999999998,0.2,0.0462389447197937,0.2976161791435696,0.03488350074435304,0.0022308164607559742,0.030144275456290958,0.00020344450074364357,1.0179926238414858,0.09331376919718723,0.10739966617832726,0.005002869403046651,0.004394058110941682,0.002058850532642213,False,,5.0,5.0,1.65,4.65,-0.005909302763250917,0.010821592861049334,0,25,0.002060689099522983,0.0019979565000317954,0,25,True
11,centered_weak,centered_confirmation-001,serial,0.2,0.41565273311775136,0.19999999999999998,0.2,0.04395500928375174,0.288895563722248,0.03948853831308827,0.0022308164607559742,0.036939768789679625,0.00020344450074364357,1.1178099519965266,0.09331376919718723,0.12089935362497217,0.005002869403046651,0.004410645930406678,0.002058850532642213,False,,5.0,5.0,1.3,4.3,-0.008265428177622412,0.01222333529554731,0,25,0.002060689099522983,0.0019979565000317954,0,25,True
11,centered_weak,centered_confirmation-002,serial,0.2,-0.4933611177198613,0.19999999999999998,0.2,0.04567772664348743,0.29679113322728395,0.047345468868841584,0.0022308164607559742,0.05969548510204458,0.00020344450074364357,1.3994916684386347,0.09331376919718723,0.1451571682475736,0.005002869403046651,0.008381908521602768,0.002058850532642213,False,,5.0,5.0,1.45,4.45,0.013677087493630804,-0.010276243944182478,0,25,0.002060689099522983,0.0019979565000317954,0,25,True
11,centered_weak,centered_confirmation-003,serial,0.2,-0.4314512128249486,0.19999999999999998,0.2,0.04565255331464589,0.29675702705992724,0.04153967307186313,0.0022308164607559742,0.04654415763233977,0.00020344450074364357,1.245362550711355,0.09331376919718723,0.12735323007371996,0.005002869403046651,0.006942121864865826,0.002058850532642213,False,,5.0,5.0,1.25,4.25,0.012690982290002272,-0.008853258288722922,0,25,0.002060689099522983,0.0019979565000317954,0,25,True
11,centered_weak,centered_confirmation-004,serial,0.2,-0.5204102239457927,0.19999999999999998,0.2,0.043315545478015936,0.2876591558498577,0.048796472779893706,0.0022308164607559742,0.061247064862197304,0.00020344450074364357,1.3950970179793452,0.09331376919718723,0.14890735368339975,0.005002869403046651,0.008198282730960989,0.002058850532642213,False,,5.0,5.0,1.3,4.3,0.015087597139569687,-0.010727283562853598,0,25,0.002060689099522983,0.0019979565000317954,0,25,True
11,centered_weak,centered_confirmation-005,serial,0.2,-0.5721576212767027,0.19999999999999998,0.2,0.04333514211672907,0.28765794284373924,0.05346729444901919,0.0022308164607559742,0.07274039785050408,0.00020344450074364357,1.5114430494067286,0.09331376919718723,0.16312443789171835,0.005002869403046651,0.009235172523512674,0.002058850532642213,False,,5.0,5.0,1.5,4.5,0.01576397127697126,-0.011857849114404812,0,25,0.002060689099522983,0.0019979565000317954,0,25,True
11,centered_weak,centered_confirmation-006,serial,0.2,-0.5662041871326249,0.19999999999999998,0.2,0.04216821432787335,0.2858511228618172,0.0521509063931297,0.0022308164607559742,0.07188625852695045,0.00020344450074364357,1.5963568321821306,0.09331376919718723,0.1601985260502785,0.005002869403046651,0.009144846288134566,0.002058850532642213,False,,5.0,5.0,1.55,4.55,0.01586195237228528,-0.011341426467199845,0,25,0.002060689099522983,0.0019979565000317954,0,25,True
11,centered_weak,centered_confirmation-007,serial,0.2,-0.5264386179293323,0.19999999999999998,0.2,0.043318043716731224,0.28765934800269904,0.0493632000719681,0.0022308164607559742,0.06262887584211896,0.00020344450074364357,1.4097913138029192,0.09331376919718723,0.15064157756451135,0.005002869403046651,0.008274655967661596,0.002058850532642213,False,,5.0,5.0,1.3,4.3,0.015235979922505782,-0.010876863818091217,0,25,0.002060689099522983,0.0019979565000317954,0,25,True
11,centered_weak,centered_confirmation-000,fixed_cadence,0.0,0.3541282217646782,0.05,0.0,0.0159437939869836,0.1823721103821935,0.021425894939068758,0.00316361975973443,0.013285837461561539,8.085031609950905e-05,0.6107371954786653,0.06688452349780742,0.06750824797460994,0.0041456368710601045,0.0035846135348039203,0.0032040617935553983,False,,5.0,5.0,1.65,4.65,-0.008420325948012432,0.009038973596379956,0,101,0.00315321558891479,0.0030578459135460374,0,101,True
11,centered_weak,centered_confirmation-001,fixed_cadence,0.0,0.41565273311775136,0.05,0.0,0.01596372738207112,0.18246585376500155,0.02501084001663078,0.00316361975973443,0.018415444946643992,8.085031609950905e-05,0.705708293484437,0.06688452349780742,0.07897500704477421,0.0041456368710601045,0.0021854184565083487,0.0032040617935553983,False,,5.0,5.0,1.3,4.3,-0.010492419956338962,0.010048628798715573,0,101,0.00315321558891479,0.0030578459135460374,0,101,True
11,centered_weak,centered_confirmation-002,fixed_cadence,0.0,-0.4933611177198613,0.05,0.0,0.016044211807771238,0.18275703999594273,0.027736380790924546,0.00316361975973443,0.027164147225800784,8.085031609950905e-05,0.8278773634302492,0.06688452349780742,0.08719165908893599,0.0041456368710601045,0.0045007851257817056,0.0032040617935553983,False,,5.0,5.0,1.45,4.45,0.01923353100000564,-0.0053028483332547924,0,101,0.00315321558891479,0.0030578459135460374,0,101,True
11,centered_weak,centered_confirmation-003,fixed_cadence,0.0,-0.4314512128249486,0.05,0.0,0.016012071471559208,0.18261771014103464,0.0240896173925646,0.00316361975973443,0.020809400815967233,8.085031609950905e-05,0.7316731198298807,0.06688452349780742,0.07558739176838807,0.0041456368710601045,0.004408565302274695,0.0032040617935553983,False,,5.0,5.0,1.25,4.25,0.017294444011437336,-0.004242699797612595,0,101,0.00315321558891479,0.0030578459135460374,0,101,True
11,centered_weak,centered_confirmation-004,fixed_cadence,0.0,-0.5204102239457927,0.05,0.0,0.01605846996441605,0.18281843653992985,0.029246557511562462,0.00316361975973443,0.030087417853748265,8.085031609950905e-05,0.868412917720067,0.06688452349780742,0.09201220109933739,0.0041456368710601045,0.004687458224444925,0.0032040617935553983,False,,5.0,5.0,1.3,4.3,0.020167939977633394,-0.005764054712462691,0,101,0.00315321558891479,0.0030578459135460374,0,101,True
11,centered_weak,centered_confirmation-005,fixed_cadence,0.0,-0.5721576212767027,0.05,0.0,0.016088903787940905,0.18295065479094993,0.03230862830995149,0.00316361975973443,0.03631459184014143,8.085031609950905e-05,0.9477664439546938,0.06688452349780742,0.10173097881045595,0.0041456368710601045,0.004651348511126565,0.0032040617935553983,False,,5.0,5.0,1.5,4.5,0.021767045425164142,-0.0066643225121490405,0,101,0.00315321558891479,0.0030578459135460374,0,101,True
11,centered_weak,centered_confirmation-006,fixed_cadence,0.0,-0.5662041871326249,0.05,0.0,0.016085301390717566,0.18293502729359248,0.03196848279545424,0.00316361975973443,0.03557807506650371,8.085031609950905e-05,0.9383367283809061,0.06688452349780742,0.10064972392667232,0.0041456368710601045,0.004549650708207819,0.0032040617935553983,False,,5.0,5.0,1.55,4.55,0.021565712110983768,-0.006570788457946726,0,101,0.00315321558891479,0.0030578459135460374,0,101,True
11,centered_weak,centered_confirmation-007,fixed_cadence,0.0,-0.5264386179293323,0.05,0.0,0.016061848102784756,0.18283308494038913,0.029595440954521688,0.00316361975973443,0.030774349399784115,8.085031609950905e-05,0.877611926065671,0.06688452349780742,0.09312201414594747,0.0041456368710601045,0.004705328595117349,0.0032040617935553983,False,,5.0,5.0,1.3,4.3,0.020363632084714808,-0.005867628085455487,0,101,0.00315321558891479,0.0030578459135460374,0,101,True
11,centered_weak,centered_confirmation-000,fixed_cadence,0.05,0.3541282217646782,0.049999999999999996,0.05,0.019238361765083423,0.19989074797429315,0.023152513689051354,0.0023963792192311503,0.014487145750621693,7.874369665388687e-05,0.6761537998105065,0.07780542067537466,0.07319948566853426,0.002857766389931907,0.003133777590120989,0.002455606239919463,False,,5.0,5.0,1.65,4.65,-0.008563078036593775,0.008905315004572699,0,100,0.002414702409816405,0.0023413517044274237,0,100,True
11,centered_weak,centered_confirmation-001,fixed_cadence,0.05,0.41565273311775136,0.049999999999999996,0.05,0.01927733642937892,0.20004344471532853,0.02700450373928224,0.0023963792192311503,0.019888551758709374,7.874369665388687e-05,0.780542133667566,0.07780542067537466,0.08544523003598632,0.002857766389931907,0.0014174631650608056,0.002455606239919463,False,,5.0,5.0,1.3,4.3,-0.010528325876283029,0.010014359090560171,0,100,0.002414702409816405,0.0023413517044274237,0,100,True
11,centered_weak,centered_confirmation-002,fixed_cadence,0.05,-0.4933611177198613,0.049999999999999996,0.05,0.019255014115078257,0.19990823590119539,0.030527797954406324,0.0023963792192311503,0.028813687606187466,7.874369665388687e-05,0.9111251070285813,0.07780542067537466,0.09628806310522088,0.002857766389931907,0.003927589770455094,0.002455606239919463,False,,5.0,5.0,1.45,4.45,0.017669245386434218,-0.006819750917202774,0,100,0.002414702409816405,0.0023413517044274237,0,100,True
11,centered_weak,centered_confirmation-003,fixed_cadence,0.05,-0.4314512128249486,0.049999999999999996,0.05,0.019218937311648483,0.1997717739705883,0.02662565136646434,0.0023963792192311503,0.022182580481899382,7.874369665388687e-05,0.8087527140165345,0.07780542067537466,0.08390276955233111,0.002857766389931907,0.0038115357316110964,0.002455606239919463,False,,5.0,5.0,1.25,4.25,0.015841686138821264,-0.0056551792678574435,0,100,0.002414702409816405,0.0023413517044274237,0,100,True
11,centered_weak,centered_confirmation-004,fixed_cadence,0.05,-0.5204102239457927,0.049999999999999996,0.05,0.01927277442704303,0.1999758861384971,0.03225725540656846,0.0023963792192311503,0.03204129270287521,7.874369665388687e-05,0.9572348876977936,0.07780542067537466,0.1017728701913234,0.002857766389931907,0.00411723902790252,0.002455606239919463,False,,5.0,5.0,1.3,4.3,0.018560586282921454,-0.007325283890809319,0,100,0.002414702409816405,0.0023413517044274237,0,100,True
11,centered_weak,centered_confirmation-005,fixed_cadence,0.05,-0.5721576212767027,0.049999999999999996,0.05,0.019308018401741126,0.20010949526751293,0.03552789609457614,0.0023963792192311503,0.03853799355617023,7.874369665388687e-05,1.0414686187292115,0.07780542067537466,0.11213732468309509,0.002857766389931907,0.004139583441728013,0.002455606239919463,False,,5.0,5.0,1.5,4.5,0.02006484807462754,-0.008315993045575861,0,100,0.002414702409816405,0.0023413517044274237,0,100,True
11,centered_weak,centered_confirmation-006,fixed_cadence,0.05,-0.5662041871326249,0.049999999999999996,0.05,0.019303656884741782,0.20009283728845395,0.035141945296760964,0.0023963792192311503,0.037739219567837455,7.874369665388687e-05,1.0309310763264672,0.07780542067537466,0.11091787568128646,0.002857766389931907,0.00408141948417235,0.002455606239919463,False,,5.0,5.0,1.55,4.55,0.019874329278183597,-0.00821377944607794,0,100,0.002414702409816405,0.0023413517044274237,0,100,True
11,centered_weak,centered_confirmation-007,fixed_cadence,0.05,-0.5264386179293323,0.049999999999999996,0.05,0.019276758669153012,0.19999102441942268,0.03264005657649768,0.0023963792192311503,0.03277437478851167,7.874369665388687e-05,0.9672674670005814,0.07780542067537466,0.10298637299586202,0.002857766389931907,0.004137272489942984,0.002455606239919463,False,,5.0,5.0,1.3,4.3,0.018745824852896352,-0.007439025085565996,0,100,0.002414702409816405,0.0023413517044274237,0,100,True
11,centered_weak,centered_confirmation-000,fixed_cadence,0.1,0.3541282217646782,0.05,0.1,0.022756618026525965,0.21744118449368,0.025056012415415253,0.00228801520419333,0.015735286961166547,9.92378836063697e-05,0.7583240329491148,0.10474833689799405,0.07940724641796233,0.0027268116986531024,0.003182602607268013,0.00237932637988798,False,,5.0,5.0,1.65,4.65,-0.00805421200079633,0.009409487665291785,0,99,0.0022986781926660426,0.002227395544744827,0,99,True
11,centered_weak,centered_confirmation-001,fixed_cadence,0.1,0.41565273311775136,0.05,0.1,0.022816073904159098,0.21762907977514695,0.029241278102829914,0.00228801520419333,0.021561863832574232,9.92378836063697e-05,0.8715503572689542,0.10474833689799405,0.09271147738213688,0.0027268116986531024,0.0013319588636388278,0.00237932637988798,False,,5.0,5.0,1.3,4.3,-0.00990759496075822,0.010630092527141068,0,99,0.0022986781926660426,0.002227395544744827,0,99,True
11,centered_weak,centered_confirmation-002,fixed_cadence,0.1,-0.4933611177198613,0.05,0.1,0.022638368142502155,0.21706639072654202,0.03308521714160374,0.00228801520419333,0.031182604392777886,9.92378836063697e-05,1.0168411492573273,0.10474833689799405,0.10476795579080626,0.0027268116986531024,0.003917166398477416,0.00237932637988798,False,,5.0,5.0,1.45,4.45,0.016719201314619053,-0.007758054207743019,0,99,0.0022986781926660426,0.002227395544744827,0,99,True
11,centered_weak,centered_confirmation-003,fixed_cadence,0.1,-0.4314512128249486,0.05,0.1,0.022599238653485145,0.21694627429734611,0.02887522111947019,0.00228801520419333,0.024018387316307992,9.92378836063697e-05,0.9048601522313605,0.10474833689799405,0.09137820233591604,0.0027268116986531024,0.0037930098591666362,0.00237932637988798,False,,5.0,5.0,1.25,4.25,0.015002354714444149,-0.0064875895528840625,0,99,0.0022986781926660426,0.002227395544744827,0,99,True
11,centered_weak,centered_confirmation-004,fixed_cadence,0.1,-0.5204102239457927,0.05,0.1,0.022657996778642525,0.21712696912378518,0.03496808620818407,0.00228801520419333,0.03467944673107735,9.92378836063697e-05,1.0668669178353798,0.10474833689799405,0.11074682214217613,0.0027268116986531024,0.00410929738581461,0.00237932637988798,False,,5.0,5.0,1.3,4.3,0.017566685486009585,-0.008310028345720335,0,99,0.0022986781926660426,0.002227395544744827,0,99,True
11,centered_weak,centered_confirmation-005,fixed_cadence,0.1,-0.5721576212767027,0.05,0.1,0.02269813451800679,0.2172500328609689,0.03849830285792378,0.00228801520419333,0.04169525933987721,9.92378836063697e-05,1.1590468420850288,0.10474833689799405,0.12195377942240161,0.0027268116986531024,0.004148641622562628,0.00237932637988798,False,,5.0,5.0,1.5,4.5,0.018975682291558254,-0.00939137831664683,0,99,0.0022986781926660426,0.002227395544744827,0,99,True
11,centered_weak,centered_confirmation-006,fixed_cadence,0.1,-0.5662041871326249,0.05,0.1,0.02269319666898756,0.2172348038425364,0.038080048118041,0.00228801520419333,0.040836325165068695,9.92378836063697e-05,1.147699421571399,0.10474833689799405,0.12063040837858673,0.0027268116986531024,0.004103288255704073,0.00237932637988798,False,,5.0,5.0,1.55,4.55,0.018795032534173,-0.009279179292305952,0,99,0.0022986781926660426,0.002227395544744827,0,99,True
11,centered_weak,centered_confirmation-007,fixed_cadence,0.1,-0.5264386179293323,0.05,0.1,0.02266247818867153,0.2171407402911679,0.03538260372728947,0.00228801520419333,0.03547199403614133,9.92378836063697e-05,1.077804109381343,0.10474833689799405,0.11206299873083038,0.0027268116986531024,0.004130050852350548,0.00237932637988798,False,,5.0,5.0,1.3,4.3,0.017741386327317227,-0.008434225686225509,0,99,0.0022986781926660426,0.002227395544744827,0,99,True
11,centered_weak,centered_confirmation-000,fixed_cadence,0.2,0.3541282217646782,0.049999999999999996,0.19999999999999998,0.03101300413969954,0.2578032155344784,0.02866825546587335,0.0026763996227775317,0.018926939500003008,0.0002263311963706934,0.9324761254280268,0.15395911014968747,0.09241839669973236,0.0062034532116608,0.0035765634379432373,0.0020356647774829096,False,,5.0,5.0,1.65,4.65,-0.0065461884034791595,0.011034253926326993,0,97,0.002352900359221396,0.002293322772989685,0,97,True
11,centered_weak,centered_confirmation-001,fixed_cadence,0.2,0.41565273311775136,0.049999999999999996,0.19999999999999998,0.031099978584920782,0.2579369092469717,0.033663444572768896,0.0026763996227775317,0.025621095956531413,0.0002263311963706934,1.0629280058234394,0.15395911014968747,0.10849597656314636,0.0062034532116608,0.0014044278127809276,0.0020356647774829096,False,,5.0,5.0,1.3,4.3,-0.008063186962715688,0.012502786575806408,0,97,0.002352900359221396,0.002293322772989685,0,97,True
11,centered_weak,centered_confirmation-002,fixed_cadence,0.2,-0.4933611177198613,0.049999999999999996,0.19999999999999998,0.03051176574917413,0.2567505820299541,0.03875914759440663,0.0026763996227775317,0.038865634327496436,0.0002263311963706934,1.2603863102882562,0.15395911014968747,0.12565907338545476,0.0062034532116608,0.003115413393861342,0.0020356647774829096,False,,5.0,5.0,1.45,4.45,0.014733210134693083,-0.009809982769312246,0,97,0.002352900359221396,0.002293322772989685,0,97,True
11,centered_weak,centered_confirmation-003,fixed_cadence,0.2,-0.4314512128249486,0.049999999999999996,0.19999999999999998,0.030485106669509193,0.25673453197297874,0.03370903421699274,0.0026763996227775317,0.030084461774496432,0.0002263311963706934,1.124281227359122,0.15395911014968747,0.1093125952857567,0.0062034532116608,0.003123645483874484,0.0020356647774829096,False,,5.0,5.0,1.25,4.25,0.013231457698532043,-0.008251609992394184,0,97,0.002352900359221396,0.002293322772989685,0,97,True
11,centered_weak,centered_confirmation-004,fixed_cadence,0.2,-0.5204102239457927,0.049999999999999996,0.19999999999999998,0.03052883976628929,0.256759318603112,0.04080580146167423,0.0026763996227775317,0.04320841845917323,0.0002263311963706934,1.3207003248422802,0.15395911014968747,0.1323363792317175,0.0062034532116608,0.0033172345785696957,0.0020356647774829096,False,,5.0,5.0,1.3,4.3,0.01542679362315744,-0.01046223962452219,0,97,0.002352900359221396,0.002293322772989685,0,97,True
11,centered_weak,centered_confirmation-005,fixed_cadence,0.2,-0.5721576212767027,0.049999999999999996,0.19999999999999998,0.03056075448413239,0.2567874264331569,0.04501440486963233,0.0026763996227775317,0.051699061146371676,0.0002263311963706934,1.432474829027003,0.15395911014968747,0.14592726871957468,0.0062034532116608,0.0033644312969254232,0.0020356647774829096,False,,5.0,5.0,1.5,4.5,0.01667582050282567,-0.01179157856206973,0,97,0.002352900359221396,0.002293322772989685,0,97,True
11,centered_weak,centered_confirmation-006,fixed_cadence,0.2,-0.5662041871326249,0.049999999999999996,0.19999999999999998,0.030555707516660032,0.25678282141348663,0.04453766768551212,0.0026763996227775317,0.050595394887921176,0.0002263311963706934,1.4187989903181255,0.15395911014968747,0.14437962447889374,0.0062034532116608,0.0033964083677663318,0.0020356647774829096,False,,5.0,5.0,1.55,4.55,0.01653605543393701,-0.011657360469190694,0,97,0.002352900359221396,0.002293322772989685,0,97,True
11,centered_weak,centered_confirmation-007,fixed_cadence,0.2,-0.5264386179293323,0.049999999999999996,0.19999999999999998,0.030532548346300738,0.2567620268090271,0.04128370054807378,0.0026763996227775317,0.04418027610788122,0.0002263311963706934,1.3339404535978496,0.15395911014968747,0.13388565126738125,0.0062034532116608,0.0033329968265700103,0.0020356647774829096,False,,5.0,5.0,1.3,4.3,0.015575783255883154,-0.010612478431599215,0,97,0.002352900359221396,0.002293322772989685,0,97,True
11,centered_strong,centered_confirmation-000,serial,0.0,0.3541282217646782,0.05,0.0,0.0166703743951548,0.1849924690758142,0.02190736304821705,0.0030752789631798443,0.012881745308868013,7.078437927481302e-05,0.6028077839235968,0.07184316351220071,0.0685907793166165,0.003929685639095491,0.0039019758168572245,0.003197524094269734,False,,5.0,5.0,1.65,4.65,-0.008412960387319922,0.009064129094497466,0,101,0.003021998487859368,0.0029257008905542296,0,101,True
11,centered_strong,centered_confirmation-001,serial,0.0,0.41565273311775136,0.05,0.0,0.016693545846065368,0.18509558021582756,0.02564493853204148,0.0030752789631798443,0.018012035965302983,7.078437927481302e-05,0.6985130621413893,0.07184316351220071,0.0804751102061608,0.003929685639095491,0.0021425732703154285,0.003197524094269734,False,,5.0,5.0,1.3,4.3,-0.010430768347830176,0.01008424026599335,0,101,0.003021998487859368,0.0029257008905542296,0,101,True
11,centered_strong,centered_confirmation-002,serial,0.0,-0.4933611177198613,0.05,0.0,0.016764376009677544,0.1853288298586271,0.028226164694939916,0.0030752789631798443,0.02613563041763483,7.078437927481302e-05,0.8137744007925696,0.07184316351220071,0.08812720256864538,0.003929685639095491,0.004491769417579352,0.003197524094269734,False,,5.0,5.0,1.45,4.45,0.01889125645950377,-0.00563426898519299,0,101,0.003021998487859368,0.0029257008905542296,0,101,True
11,centered_strong,centered_confirmation-003,serial,0.0,-0.4314512128249486,0.05,0.0,0.016730565492438232,0.185188986328558,0.024477011481237168,0.0030752789631798443,0.019926066912217863,7.078437927481302e-05,0.7193517772774405,0.07184316351220071,0.07628026421281175,0.003929685639095491,0.004481235467019842,0.003197524094269734,False,,5.0,5.0,1.25,4.25,0.016968948923497797,-0.004540349445561922,0,101,0.003021998487859368,0.0029257008905542296,0,101,True
11,centered_strong,centered_confirmation-004,serial,0.0,-0.5204102239457927,0.05,0.0,0.016778502617977066,0.1853864147589499,0.029748858608195212,0.0030752789631798443,0.02888172109626091,7.078437927481302e-05,0.8531012101392454,0.07184316351220071,0.09293735921977665,0.003929685639095491,0.0047478762541524585,0.003197524094269734,False,,5.0,5.0,1.3,4.3,0.01980409265354216,-0.006097661521845937,0,101,0.003021998487859368,0.0029257008905542296,0,101,True
11,centered_strong,centered_confirmation-005,serial,0.0,-0.5721576212767027,0.05,0.0,0.016810960512297128,0.18552108058925618,0.032911619543397524,0.0030752789631798443,0.03500535772160152,7.078437927481302e-05,0.9312299354295439,0.07184316351220071,0.10290877236448341,0.003929685639095491,0.004644605926920795,0.003197524094269734,False,,5.0,5.0,1.5,4.5,0.02139717989459574,-0.007031165523312127,0,101,0.003021998487859368,0.0029257008905542296,0,101,True
11,centered_strong,centered_confirmation-006,serial,0.0,-0.5662041871326249,0.05,0.0,0.016807532526695527,0.18550708903422872,0.032577414829998694,0.0030752789631798443,0.034328540504307496,7.078437927481302e-05,0.9222492663483328,0.07184316351220071,0.10185755053076571,0.003929685639095491,0.004541199569801288,0.003197524094269734,False,,5.0,5.0,1.55,4.55,0.02120509610369742,-0.006939105535801707,0,101,0.003021998487859368,0.0029257008905542296,0,101,True
11,centered_strong,centered_confirmation-007,serial,0.0,-0.5264386179293323,0.05,0.0,0.016781990088943495,0.18540081076069526,0.030105461518774766,0.0030752789631798443,0.029544100530541514,7.078437927481302e-05,0.862102666340322,0.07184316351220071,0.09406252017840201,0.003929685639095491,0.0047665639016858065,0.003197524094269734,False,,5.0,5.0,1.3,4.3,0.019997090258150697,-0.006203560364316682,0,101,0.003021998487859368,0.0029257008905542296,0,101,True
11,centered_strong,centered_confirmation-000,serial,0.05,0.3541282217646782,0.049999999999999996,0.05,0.020015378003907115,0.20227696520454802,0.023643912956083386,0.0022815887747677796,0.013985929810650966,4.992976097954205e-05,0.6488922713008884,0.06595117129955336,0.07425651859083221,0.0027224137954548863,0.0035078349453084713,0.0024488330693330017,False,,5.0,5.0,1.65,4.65,-0.008568924240341703,0.00892535995340521,0,100,0.0022697706301302496,0.002195536011283465,0,100,True
11,centered_strong,centered_confirmation-001,serial,0.05,0.41565273311775136,0.049999999999999996,0.05,0.020058706331199057,0.20243777827827653,0.02763407434484187,0.0022815887747677796,0.019361694022497298,4.992976097954205e-05,0.7532667470780376,0.06595117129955336,0.08685969560848118,0.0027224137954548863,0.0014143698726007854,0.0024488330693330017,False,,5.0,5.0,1.3,4.3,-0.01047306092785887,0.010044228704904856,0,100,0.0022697706301302496,0.002195536011283465,0,100,True
11,centered_strong,centered_confirmation-002,serial,0.05,-0.4933611177198613,0.049999999999999996,0.05,0.020021430168399183,0.20225382762230357,0.030989442295548838,0.0022815887747677796,0.027585894649095843,4.992976097954205e-05,0.8767778156009678,0.06595117129955336,0.09707459362721536,0.0027224137954548863,0.0039117912949421805,0.0024488330693330017,False,,5.0,5.0,1.45,4.45,0.017310305364856202,-0.007173160338557099,0,100,0.0022697706301302496,0.002195536011283465,0,100,True
11,centered_strong,centered_confirmation-003,serial,0.05,-0.4314512128249486,0.049999999999999996,0.05,0.01998366537015724,0.20211248493901837,0.027003034673154302,0.0022815887747677796,0.02113883220092729,4.992976097954205e-05,0.775819803556538,0.06595117129955336,0.08450503630657152,0.0027224137954548863,0.003863300574114026,0.0024488330693330017,False,,5.0,5.0,1.25,4.25,0.015496285312303978,-0.0059722034458093085,0,100,0.0022697706301302496,0.002195536011283465,0,100,True
11,centered_strong,centered_confirmation-004,serial,0.05,-0.5204102239457927,0.049999999999999996,0.05,0.02003887788943242,0.20232019845597293,0.03274059075558992,0.0022815887747677796,0.03061588332633728,4.992976097954205e-05,0.9209464592543606,0.06595117129955336,0.10257313129606718,0.0027224137954548863,0.0041521211916086,0.0024488330693330017,False,,5.0,5.0,1.3,4.3,0.018176775850781875,-0.007679685027859209,0,100,0.0022697706301302496,0.002195536011283465,0,100,True
11,centered_strong,centered_confirmation-005,serial,0.05,-0.5721576212767027,0.049999999999999996,0.05,0.020076218096840966,0.2024634615015609,0.03609713158840909,0.0022815887747677796,0.0369731681293785,4.992976097954205e-05,1.0041704503503803,0.06595117129955336,0.11314777099439446,0.0027224137954548863,0.004145310422438133,0.0024488330693330017,False,,5.0,5.0,1.5,4.5,0.019679457001814324,-0.008706373314021073,0,100,0.0022697706301302496,0.002195536011283465,0,100,True
11,centered_strong,centered_confirmation-006,serial,0.05,-0.5662041871326249,0.049999999999999996,0.05,0.02007199705781733,0.20244744548302063,0.03571583538667004,0.0022815887747677796,0.03624002713900571,4.992976097954205e-05,0.9940804270711903,0.06595117129955336,0.11195473409898221,0.0027224137954548863,0.004104466124058031,0.0024488330693330017,False,,5.0,5.0,1.55,4.55,0.01949945768011518,-0.008605958917758283,0,100,0.0022697706301302496,0.002195536011283465,0,100,True
11,centered_strong,centered_confirmation-007,serial,0.05,-0.5264386179293323,0.049999999999999996,0.05,0.020042988390331713,0.20233589498522514,0.03313085795000728,0.0022815887747677796,0.03132005361768416,4.992976097954205e-05,0.9307391298619274,0.06595117129955336,0.10380106042235354,0.0027224137954548863,0.00417266242738237,0.0024488330693330017,False,,5.0,5.0,1.3,4.3,0.018359259941110092,-0.007795830834228072,0,100,0.0022697706301302496,0.002195536011283465,0,100,True
11,centered_strong,centered_confirmation-000,serial,0.1,0.3541282217646782,0.1,0.10000000000000002,0.02656139691527245,0.23266234519425635,0.027050567803727832,0.0021576644771923604,0.017408415729869366,7.140195235011091e-05,0.7495352591416802,0.07456402881359717,0.08523698759716467,0.0029532246129221084,0.0033375186357585485,0.002364759027882661,False,,5.0,5.0,1.65,4.65,-0.007953441536949607,0.009377919375718927,0,50,0.002074532561971214,0.0020011583256902307,0,50,True
11,centered_strong,centered_confirmation-001,serial,0.1,0.41565273311775136,0.1,0.10000000000000002,0.0258018882492594,0.22959884330397715,0.031129917201472075,0.0021576644771923604,0.023877603212289572,7.140195235011091e-05,0.8906655351660219,0.07456402881359717,0.09827061714605104,0.0029532246129221084,0.0013524141613068799,0.002364759027882661,False,,5.0,5.0,1.3,4.3,-0.00998571777992103,0.010481934058310546,0,50,0.002074532561971214,0.0020011583256902307,0,50,True
11,centered_strong,centered_confirmation-002,serial,0.1,-0.4933611177198613,0.1,0.10000000000000002,0.026412210179136652,0.23227125053458098,0.035545317003507194,0.0021576644771923604,0.03376039207933286,7.140195235011091e-05,1.0116097669146027,0.07456402881359717,0.11164202099151002,0.0029532246129221084,0.004857793701011018,0.002364759027882661,False,,5.0,5.0,1.45,4.45,0.016086311244441535,-0.008246728478102603,0,50,0.002074532561971214,0.0020011583256902307,0,50,True
11,centered_strong,centered_confirmation-003,serial,0.1,-0.4314512128249486,0.1,0.10000000000000002,0.0263638165291452,0.23214810909562375,0.03103805723689022,0.0021576644771923604,0.025899274292609697,7.140195235011091e-05,0.8929447795293297,0.07456402881359717,0.09741752224688045,0.0029532246129221084,0.00451026681334909,0.002364759027882661,False,,5.0,5.0,1.25,4.25,0.014480175429059532,-0.0069558662809188305,0,50,0.002074532561971214,0.0020011583256902307,0,50,True
11,centered_strong,centered_confirmation-004,serial,0.1,-0.5204102239457927,0.1,0.10000000000000002,0.025598775748689153,0.22905921058569143,0.036993434042059986,0.0021576644771923604,0.03724154595575789,7.140195235011091e-05,1.0891755635879006,0.07456402881359717,0.11637452158729837,0.0029532246129221084,0.00499575144863126,0.002364759027882661,False,,5.0,5.0,1.3,4.3,0.017172301911784676,-0.008622176323872091,0,50,0.002074532561971214,0.0020011583256902307,0,50,True
11,centered_strong,centered_confirmation-005,serial,0.1,-0.5721576212767027,0.1,0.10000000000000002,0.02564754454743979,0.22918627357001398,0.04073456319264326,0.0021576644771923604,0.04494002390283278,7.140195235011091e-05,1.1898298527142968,0.07456402881359717,0.12818046803984748,0.0029532246129221084,0.005221355870855564,0.002364759027882661,False,,5.0,5.0,1.5,4.5,0.01849019935078767,-0.00969928942491444,0,50,0.002074532561971214,0.0020011583256902307,0,50,True
11,centered_strong,centered_confirmation-006,serial,0.1,-0.5662041871326249,0.1,0.10000000000000002,0.026479436563508343,0.23245629301905033,0.04095723648426383,0.0021576644771923604,0.04437492551831643,7.140195235011091e-05,1.1478757451317276,0.07456402881359717,0.1286924903639912,0.0029532246129221084,0.00523664993855266,0.002364759027882661,False,,5.0,5.0,1.55,4.55,0.018068670832587744,-0.009809567910910155,0,50,0.002074532561971214,0.0020011583256902307,0,50,True
11,centered_strong,centered_confirmation-007,serial,0.1,-0.5264386179293323,0.1,0.10000000000000002,0.02560404527410773,0.2290729042516734,0.03743375059562286,0.0021576644771923604,0.038097355718706476,7.140195235011091e-05,1.1007816310069527,0.07456402881359717,0.11776258962886142,0.0029532246129221084,0.005027649570179035,0.002364759027882661,False,,5.0,5.0,1.3,4.3,0.017344726228190926,-0.0087476298205079,0,50,0.002074532561971214,0.0020011583256902307,0,50,True
11,centered_strong,centered_confirmation-000,serial,0.2,0.3541282217646782,0.19999999999999998,0.2,0.04708462763296878,0.2989455107192874,0.03526837805673559,0.0019726430651950803,0.028350723795026785,0.0001211690094402085,0.9566751720424521,0.06687848288973455,0.10810152535739993,0.003340157153343102,0.004778500965687868,0.002046201354300153,False,,5.0,5.0,1.65,4.65,-0.0059133074840518555,0.01085856404278195,0,25,0.0019178904930141857,0.0018550042595498392,0,25,True
11,centered_strong,centered_confirmation-001,serial,0.2,0.41565273311775136,0.19999999999999998,0.2,0.04481478847525734,0.29063632383319393,0.0400560670061274,0.0019726430651950803,0.03523957707128454,0.0001211690094402085,1.061025768708788,0.06687848288973455,0.12225777630480317,0.003340157153343102,0.004086340378346456,0.002046201354300153,False,,5.0,5.0,1.3,4.3,-0.008115351911446729,0.01223452857964312,0,25,0.0019178904930141857,0.0018550042595498392,0,25,True
11,centered_strong,centered_confirmation-002,serial,0.2,-0.4933611177198613,0.19999999999999998,0.2,0.04651906817536965,0.29811898565588013,0.047587085736661774,0.0019726430651950803,0.05595664946067328,0.0001211690094402085,1.32255407441815,0.06687848288973455,0.14528359495251486,0.003340157153343102,0.008141394101510217,0.002046201354300153,False,,5.0,5.0,1.45,4.45,0.013257784430125086,-0.01058854166472376,0,25,0.0019178904930141857,0.0018550042595498392,0,25,True
11,centered_strong,centered_confirmation-003,serial,0.2,-0.4314512128249486,0.19999999999999998,0.2,0.04649149557831563,0.2980871007477232,0.04170808978022111,0.0019726430651950803,0.043373597893575006,0.0001211690094402085,1.1705674456473218,0.06687848288973455,0.12729372864196728,0.003340157153343102,0.006976084919837733,0.002046201354300153,False,,5.0,5.0,1.25,4.25,0.012270326201060156,-0.00911979660254273,0,25,0.0019178904930141857,0.0018550042595498392,0,25,True
11,centered_strong,centered_confirmation-004,serial,0.2,-0.5204102239457927,0.19999999999999998,0.2,0.04416317253125548,0.2893433217434223,0.049054694576553814,0.0019726430651950803,0.05734743244028246,0.0001211690094402085,1.3222512083168851,0.06687848288973455,0.14912322890547372,0.003340157153343102,0.008134148049013511,0.002046201354300153,False,,5.0,5.0,1.3,4.3,0.014616254750826693,-0.011024458678049045,0,25,0.0019178904930141857,0.0018550042595498392,0,25,True
11,centered_strong,centered_confirmation-005,serial,0.2,-0.5721576212767027,0.19999999999999998,0.2,0.0441855740550528,0.2893427976541582,0.05381575002178455,0.0019726430651950803,0.06848114971639983,0.0001211690094402085,1.4402611034031736,0.06687848288973455,0.16360653579057843,0.003340157153343102,0.008970560874464796,0.002046201354300153,False,,5.0,5.0,1.5,4.5,0.015326658670046659,-0.012209490435741573,0,25,0.0019178904930141857,0.0018550042595498392,0,25,True
11,centered_strong,centered_confirmation-006,serial,0.2,-0.5662041871326249,0.19999999999999998,0.2,0.04300478667400807,0.2874771818558826,0.052512286697048355,0.0019726430651950803,0.06775773805314524,0.0001211690094402085,1.5188928173895704,0.06687848288973455,0.16071965688019652,0.003340157153343102,0.008918971403607716,0.002046201354300153,False,,5.0,5.0,1.55,4.55,0.015450414303877686,-0.011704785661359959,0,25,0.0019178904930141857,0.0018550042595498392,0,25,True
11,centered_strong,centered_confirmation-007,serial,0.2,-0.5264386179293323,0.19999999999999998,0.2,0.04416586847896597,0.2893435883056929,0.049627138225430634,0.0019726430651950803,0.05864982617028684,0.0001211690094402085,1.3364806624170171,0.06687848288973455,0.15086764477412246,0.003340157153343102,0.00820870486303325,0.002046201354300153,False,,5.0,5.0,1.3,4.3,0.014761013571360448,-0.011175670004934427,0,25,0.0019178904930141857,0.0018550042595498392,0,25,True
11,centered_strong,centered_confirmation-000,fixed_cadence,0.0,0.3541282217646782,0.05,0.0,0.0166703743951548,0.1849924690758142,0.02190736304821705,0.0030752789631798443,0.012881745308868013,7.078437927481302e-05,0.6028077839235968,0.07184316351220071,0.0685907793166165,0.003929685639095491,0.0039019758168572245,0.003197524094269734,False,,5.0,5.0,1.65,4.65,-0.008412960387319922,0.009064129094497466,0,101,0.003021998487859368,0.0029257008905542296,0,101,True
11,centered_strong,centered_confirmation-001,fixed_cadence,0.0,0.41565273311775136,0.05,0.0,0.016693545846065368,0.18509558021582756,0.02564493853204148,0.0030752789631798443,0.018012035965302983,7.078437927481302e-05,0.6985130621413893,0.07184316351220071,0.0804751102061608,0.003929685639095491,0.0021425732703154285,0.003197524094269734,False,,5.0,5.0,1.3,4.3,-0.010430768347830176,0.01008424026599335,0,101,0.003021998487859368,0.0029257008905542296,0,101,True
11,centered_strong,centered_confirmation-002,fixed_cadence,0.0,-0.4933611177198613,0.05,0.0,0.016764376009677544,0.1853288298586271,0.028226164694939916,0.0030752789631798443,0.02613563041763483,7.078437927481302e-05,0.8137744007925696,0.07184316351220071,0.08812720256864538,0.003929685639095491,0.004491769417579352,0.003197524094269734,False,,5.0,5.0,1.45,4.45,0.01889125645950377,-0.00563426898519299,0,101,0.003021998487859368,0.0029257008905542296,0,101,True
11,centered_strong,centered_confirmation-003,fixed_cadence,0.0,-0.4314512128249486,0.05,0.0,0.016730565492438232,0.185188986328558,0.024477011481237168,0.0030752789631798443,0.019926066912217863,7.078437927481302e-05,0.7193517772774405,0.07184316351220071,0.07628026421281175,0.003929685639095491,0.004481235467019842,0.003197524094269734,False,,5.0,5.0,1.25,4.25,0.016968948923497797,-0.004540349445561922,0,101,0.003021998487859368,0.0029257008905542296,0,101,True
11,centered_strong,centered_confirmation-004,fixed_cadence,0.0,-0.5204102239457927,0.05,0.0,0.016778502617977066,0.1853864147589499,0.029748858608195212,0.0030752789631798443,0.02888172109626091,7.078437927481302e-05,0.8531012101392454,0.07184316351220071,0.09293735921977665,0.003929685639095491,0.0047478762541524585,0.003197524094269734,False,,5.0,5.0,1.3,4.3,0.01980409265354216,-0.006097661521845937,0,101,0.003021998487859368,0.0029257008905542296,0,101,True
11,centered_strong,centered_confirmation-005,fixed_cadence,0.0,-0.5721576212767027,0.05,0.0,0.016810960512297128,0.18552108058925618,0.032911619543397524,0.0030752789631798443,0.03500535772160152,7.078437927481302e-05,0.9312299354295439,0.07184316351220071,0.10290877236448341,0.003929685639095491,0.004644605926920795,0.003197524094269734,False,,5.0,5.0,1.5,4.5,0.02139717989459574,-0.007031165523312127,0,101,0.003021998487859368,0.0029257008905542296,0,101,True
11,centered_strong,centered_confirmation-006,fixed_cadence,0.0,-0.5662041871326249,0.05,0.0,0.016807532526695527,0.18550708903422872,0.032577414829998694,0.0030752789631798443,0.034328540504307496,7.078437927481302e-05,0.9222492663483328,0.07184316351220071,0.10185755053076571,0.003929685639095491,0.004541199569801288,0.003197524094269734,False,,5.0,5.0,1.55,4.55,0.02120509610369742,-0.006939105535801707,0,101,0.003021998487859368,0.0029257008905542296,0,101,True
11,centered_strong,centered_confirmation-007,fixed_cadence,0.0,-0.5264386179293323,0.05,0.0,0.016781990088943495,0.18540081076069526,0.030105461518774766,0.0030752789631798443,0.029544100530541514,7.078437927481302e-05,0.862102666340322,0.07184316351220071,0.09406252017840201,0.003929685639095491,0.0047665639016858065,0.003197524094269734,False,,5.0,5.0,1.3,4.3,0.019997090258150697,-0.006203560364316682,0,101,0.003021998487859368,0.0029257008905542296,0,101,True
11,centered_strong,centered_confirmation-000,fixed_cadence,0.05,0.3541282217646782,0.049999999999999996,0.05,0.020015378003907115,0.20227696520454802,0.023643912956083386,0.0022815887747677796,0.013985929810650966,4.992976097954205e-05,0.6488922713008884,0.06595117129955336,0.07425651859083221,0.0027224137954548863,0.0035078349453084713,0.0024488330693330017,False,,5.0,5.0,1.65,4.65,-0.008568924240341703,0.00892535995340521,0,100,0.0022697706301302496,0.002195536011283465,0,100,True
11,centered_strong,centered_confirmation-001,fixed_cadence,0.05,0.41565273311775136,0.049999999999999996,0.05,0.020058706331199057,0.20243777827827653,0.02763407434484187,0.0022815887747677796,0.019361694022497298,4.992976097954205e-05,0.7532667470780376,0.06595117129955336,0.08685969560848118,0.0027224137954548863,0.0014143698726007854,0.0024488330693330017,False,,5.0,5.0,1.3,4.3,-0.01047306092785887,0.010044228704904856,0,100,0.0022697706301302496,0.002195536011283465,0,100,True
11,centered_strong,centered_confirmation-002,fixed_cadence,0.05,-0.4933611177198613,0.049999999999999996,0.05,0.020021430168399183,0.20225382762230357,0.030989442295548838,0.0022815887747677796,0.027585894649095843,4.992976097954205e-05,0.8767778156009678,0.06595117129955336,0.09707459362721536,0.0027224137954548863,0.0039117912949421805,0.0024488330693330017,False,,5.0,5.0,1.45,4.45,0.017310305364856202,-0.007173160338557099,0,100,0.0022697706301302496,0.002195536011283465,0,100,True
11,centered_strong,centered_confirmation-003,fixed_cadence,0.05,-0.4314512128249486,0.049999999999999996,0.05,0.01998366537015724,0.20211248493901837,0.027003034673154302,0.0022815887747677796,0.02113883220092729,4.992976097954205e-05,0.775819803556538,0.06595117129955336,0.08450503630657152,0.0027224137954548863,0.003863300574114026,0.0024488330693330017,False,,5.0,5.0,1.25,4.25,0.015496285312303978,-0.0059722034458093085,0,100,0.0022697706301302496,0.002195536011283465,0,100,True
11,centered_strong,centered_confirmation-004,fixed_cadence,0.05,-0.5204102239457927,0.049999999999999996,0.05,0.02003887788943242,0.20232019845597293,0.03274059075558992,0.0022815887747677796,0.03061588332633728,4.992976097954205e-05,0.9209464592543606,0.06595117129955336,0.10257313129606718,0.0027224137954548863,0.0041521211916086,0.0024488330693330017,False,,5.0,5.0,1.3,4.3,0.018176775850781875,-0.007679685027859209,0,100,0.0022697706301302496,0.002195536011283465,0,100,True
11,centered_strong,centered_confirmation-005,fixed_cadence,0.05,-0.5721576212767027,0.049999999999999996,0.05,0.020076218096840966,0.2024634615015609,0.03609713158840909,0.0022815887747677796,0.0369731681293785,4.992976097954205e-05,1.0041704503503803,0.06595117129955336,0.11314777099439446,0.0027224137954548863,0.004145310422438133,0.0024488330693330017,False,,5.0,5.0,1.5,4.5,0.019679457001814324,-0.008706373314021073,0,100,0.0022697706301302496,0.002195536011283465,0,100,True
11,centered_strong,centered_confirmation-006,fixed_cadence,0.05,-0.5662041871326249,0.049999999999999996,0.05,0.02007199705781733,0.20244744548302063,0.03571583538667004,0.0022815887747677796,0.03624002713900571,4.992976097954205e-05,0.9940804270711903,0.06595117129955336,0.11195473409898221,0.0027224137954548863,0.004104466124058031,0.0024488330693330017,False,,5.0,5.0,1.55,4.55,0.01949945768011518,-0.008605958917758283,0,100,0.0022697706301302496,0.002195536011283465,0,100,True
11,centered_strong,centered_confirmation-007,fixed_cadence,0.05,-0.5264386179293323,0.049999999999999996,0.05,0.020042988390331713,0.20233589498522514,0.03313085795000728,0.0022815887747677796,0.03132005361768416,4.992976097954205e-05,0.9307391298619274,0.06595117129955336,0.10380106042235354,0.0027224137954548863,0.00417266242738237,0.0024488330693330017,False,,5.0,5.0,1.3,4.3,0.018359259941110092,-0.007795830834228072,0,100,0.0022697706301302496,0.002195536011283465,0,100,True
11,centered_strong,centered_confirmation-000,fixed_cadence,0.1,0.3541282217646782,0.05,0.1,0.02359011337818644,0.21977674345236414,0.025549620184897516,0.002185585385202928,0.015154249955821795,6.597925420479586e-05,0.7311740290178707,0.09568834265608094,0.08046076107542724,0.00269119938050023,0.003574080278006333,0.002373194627152144,False,,5.0,5.0,1.65,4.65,-0.008054168832026606,0.009438808422496153,0,99,0.0021594260516537363,0.0020873539033580127,0,99,True
11,centered_strong,centered_confirmation-001,fixed_cadence,0.1,0.41565273311775136,0.05,0.1,0.023655125622087866,0.2199764270820521,0.029856371909011335,0.002185585385202928,0.02091617443830918,6.597925420479586e-05,0.8438214804782321,0.09568834265608094,0.09407005050752665,0.00269119938050023,0.0013477388246216475,0.002373194627152144,False,,5.0,5.0,1.3,4.3,-0.009843524110041742,0.010669664564666044,0,99,0.0021594260516537363,0.0020873539033580127,0,99,True
11,centered_strong,centered_confirmation-002,fixed_cadence,0.1,-0.4933611177198613,0.05,0.1,0.02345374843001669,0.21934415725289164,0.0335416961760818,0.002185585385202928,0.02980873844226454,6.597925420479586e-05,0.9821568947090557,0.09568834265608094,0.10552480138847214,0.00269119938050023,0.003891462124263068,0.002373194627152144,False,,5.0,5.0,1.45,4.45,0.0163676236453427,-0.008106199961317572,0,99,0.0021594260516537363,0.0020873539033580127,0,99,True
11,centered_strong,centered_confirmation-003,fixed_cadence,0.1,-0.4314512128249486,0.05,0.1,0.023413182776736683,0.2192161828912597,0.029261190603356496,0.002185585385202928,0.022867259901839247,6.597925420479586e-05,0.8719312172188213,0.09568834265608094,0.09198769274890384,0.00269119938050023,0.003832899957135128,0.002373194627152144,False,,5.0,5.0,1.25,4.25,0.014662650290407055,-0.006799095428541976,0,99,0.0021594260516537363,0.0020873539033580127,0,99,True
11,centered_strong,centered_confirmation-004,fixed_cadence,0.1,-0.5204102239457927,0.05,0.1,0.023472920239698814,0.21940409300996885,0.03545418444302039,0.002185585385202928,0.03309851262368744,6.597925420479586e-05,1.0302177961720873,0.09568834265608094,0.11154388580854747,0.00269119938050023,0.0041290549859088034,0.002373194627152144,False,,5.0,5.0,1.3,4.3,0.017189349296964522,-0.008658663787127634,0,99,0.0021594260516537363,0.0020873539033580127,0,99,True
11,centered_strong,centered_confirmation-005,fixed_cadence,0.1,-0.5721576212767027,0.05,0.1,0.023514965180462078,0.21953666796579088,0.03905745545217609,0.002185585385202928,0.03993603645707373,6.597925420479586e-05,1.1209482844724108,0.09568834265608094,0.12292171609809532,0.00269119938050023,0.004148648061313335,0.002373194627152144,False,,5.0,5.0,1.5,4.5,0.018598834115542286,-0.009776284747604766,0,99,0.0021594260516537363,0.0020873539033580127,0,99,True
11,centered_strong,centered_confirmation-006,fixed_cadence,0.1,-0.5662041871326249,0.05,0.1,0.02351020807634153,0.21952188114624469,0.03864178501177751,0.002185585385202928,0.039144545868851306,6.597925420479586e-05,1.1100360151185442,0.09568834265608094,0.12161826976192228,0.00269119938050023,0.004125868725677299,0.002373194627152144,False,,5.0,5.0,1.55,4.55,0.01842908567515742,-0.009665992720041344,0,99,0.0021594260516537363,0.0020873539033580127,0,99,True
11,centered_strong,centered_confirmation-007,fixed_cadence,0.1,-0.5264386179293323,0.05,0.1,0.023477492281947752,0.21941843565122554,0.035875976496631115,0.002185585385202928,0.03385876456641475,6.597925420479586e-05,1.0408864687933375,0.09568834265608094,0.11287409064305336,0.00269119938050023,0.004150201437242144,0.002373194627152144,False,,5.0,5.0,1.3,4.3,0.017361357125915404,-0.008785214989753974,0,99,0.0021594260516537363,0.0020873539033580127,0,99,True
11,centered_strong,centered_confirmation-000,fixed_cadence,0.2,0.3541282217646782,0.049999999999999996,0.19999999999999998,0.03199012623241778,0.25969845251146173,0.029128234023437324,0.0024963380105157153,0.017985705119301885,0.0001622537485299001,0.8876934319760321,0.13437226861972798,0.093237650079325,0.005335940473220306,0.003933162238886292,0.0020378753961346734,False,,5.0,5.0,1.65,4.65,-0.006494877663763147,0.011120821307044162,0,97,0.0022708805377167616,0.0022104890128225585,0,97,True
11,centered_strong,centered_confirmation-001,fixed_cadence,0.2,0.41565273311775136,0.049999999999999996,0.19999999999999998,0.03208244697834809,0.259851723138659,0.03423296964584846,0.0024963380105157153,0.024465358583303284,0.0001622537485299001,1.0154974132802008,0.13437226861972798,0.10952624469722151,0.005335940473220306,0.0016056643438576278,0.0020378753961346734,False,,5.0,5.0,1.3,4.3,-0.007953629074009046,0.012605651856935523,0,97,0.0022708805377167616,0.0022104890128225585,0,97,True
11,centered_strong,centered_confirmation-002,fixed_cadence,0.2,-0.4933611177198613,0.049999999999999996,0.19999999999999998,0.03146171712786515,0.2585489194780218,0.039260072041218355,0.0024963380105157153,0.036930412583057286,0.0001622537485299001,1.2064796358372687,0.13437226861972798,0.12631475279945367,0.005335940473220306,0.0031320521597280825,0.0020378753961346734,False,,5.0,5.0,1.45,4.45,0.014459208595244303,-0.010098823621618026,0,97,0.0022708805377167616,0.0022104890128225585,0,97,True
11,centered_strong,centered_confirmation-003,fixed_cadence,0.2,-0.4314512128249486,0.049999999999999996,0.19999999999999998,0.031434396248715045,0.25852903282249257,0.03413626406691669,0.0024963380105157153,0.028501962873279676,0.0001622537485299001,1.0745092526103972,0.13437226861972798,0.10986780342434599,0.005335940473220306,0.003128341131886752,0.0020378753961346734,False,,5.0,5.0,1.25,4.25,0.012966393130509271,-0.008505877067100874,0,97,0.0022708805377167616,0.0022104890128225585,0,97,True
11,centered_strong,centered_confirmation-004,fixed_cadence,0.2,-0.5204102239457927,0.049999999999999996,0.19999999999999998,0.031478324869120625,0.2585601794043702,0.04133698663324707,0.0024963380105157153,0.04101765148495415,0.0001622537485299001,1.2650423541690825,0.13437226861972798,0.133039195098012,0.005335940473220306,0.003318431381342798,0.0020378753961346734,False,,5.0,5.0,1.3,4.3,0.015128739374367609,-0.010753082517132312,0,97,0.0022708805377167616,0.0022104890128225585,0,97,True
11,centered_strong,centered_confirmation-005,fixed_cadence,0.2,-0.5721576212767027,0.049999999999999996,0.19999999999999998,0.03151140761432765,0.2585938959795379,0.045616348540130656,0.0024963380105157153,0.04918616995802894,0.0001622537485299001,1.373160783949089,0.13437226861972798,0.1467436246565101,0.005335940473220306,0.0034475821752023277,0.0020378753961346734,False,,5.0,5.0,1.5,4.5,0.016379052596775905,-0.012115271276171338,0,97,0.0022708805377167616,0.0022104890128225585,0,97,True
11,centered_strong,centered_confirmation-006,fixed_cadence,0.2,-0.5662041871326249,0.049999999999999996,0.19999999999999998,0.0315065440420826,0.2585889730573574,0.04513900787271192,0.0024963380105157153,0.04815278878097046,0.0001622537485299001,1.3597938463117598,0.13437226861972798,0.1452045201064777,0.005335940473220306,0.0035155343573402627,0.0020378753961346734,False,,5.0,5.0,1.55,4.55,0.016248357119647873,-0.011981673530282866,0,97,0.0022708805377167616,0.0022104890128225585,0,97,True
11,centered_strong,centered_confirmation-007,fixed_cadence,0.2,-0.5264386179293323,0.049999999999999996,0.19999999999999998,0.031482032335672,0.2585633972131441,0.04182219627611419,0.0024963380105157153,0.041943753304515274,0.0001622537485299001,1.2778796672846793,0.13437226861972798,0.1345995917067199,0.005335940473220306,0.003334848681739902,0.0020378753961346734,False,,5.0,5.0,1.3,4.3,0.015275314646450891,-0.010905635487687934,0,97,0.0022708805377167616,0.0022104890128225585,0,97,True
11,alternative_matched,centered_confirmation-000,serial,0.0,0.3541282217646782,0.05,0.0,0.015920531277483285,0.18222726944752005,0.021393206988157963,0.003284552552701824,0.01325535884595307,0.00010103673460101077,0.6174999270867275,0.07546646337022056,0.06734502348461445,0.004833930141484848,0.0036215909048428496,0.0032085721626424735,False,,5.0,5.0,1.65,4.65,-0.008305809991462331,0.009158378318924115,0,101,0.0032717503886388723,0.0031768924262344385,0,101,True
11,alternative_matched,centered_confirmation-001,serial,0.0,0.41565273311775136,0.05,0.0,0.01593946929981902,0.182317014142772,0.024912185484581267,0.003284552552701824,0.018230868427792115,0.00010103673460101077,0.710456388099091,0.07546646337022056,0.0785906465192572,0.004833930141484848,0.0021931643572785085,0.0032085721626424735,False,,5.0,5.0,1.3,4.3,-0.010374405207140548,0.01016609151169331,0,101,0.0032717503886388723,0.0031768924262344385,0,101,True
11,alternative_matched,centered_confirmation-002,serial,0.0,-0.4933611177198613,0.05,0.0,0.016024657799979865,0.1826306090040034,0.027817716127066974,0.003284552552701824,0.027272885761520472,0.00010103673460101077,0.8355171773861813,0.07546646337022056,0.08738313363606126,0.004833930141484848,0.0044851055730061205,0.0032085721626424735,False,,5.0,5.0,1.45,4.45,0.019355832813279527,-0.005181609966363326,0,101,0.0032717503886388723,0.0031768924262344385,0,101,True
11,alternative_matched,centered_confirmation-003,serial,0.0,-0.4314512128249486,0.05,0.0,0.015993018301175062,0.18249362776753672,0.02419685603583385,0.003284552552701824,0.020983228758107483,0.00010103673460101077,0.7402366195153164,0.07546646337022056,0.07586310096742167,0.004833930141484848,0.004407791633706141,0.0032085721626424735,False,,5.0,5.0,1.25,4.25,0.017413835255401033,-0.004120915708635678,0,101,0.0032717503886388723,0.0031768924262344385,0,101,True
11,alternative_matched,centered_confirmation-004,serial,0.0,-0.5204102239457927,0.05,0.0,0.016039617156361805,0.18269559082571524,0.0293464943433282,0.003284552552701824,0.030267875563890087,0.00010103673460101077,0.876629257602589,0.07546646337022056,0.09227026794797011,0.004833930141484848,0.004680992082102135,0.0032085721626424735,False,,5.0,5.0,1.3,4.3,0.02028833295215835,-0.0056416856893610565,0,101,0.0032717503886388723,0.0031768924262344385,0,101,True
11,alternative_matched,centered_confirmation-005,serial,0.0,-0.5721576212767027,0.05,0.0,0.016069302177910416,0.18282426056463452,0.03237488834296853,0.003284552552701824,0.03639936379151199,0.00010103673460101077,0.9548743609618114,0.07546646337022056,0.10187955858396958,0.004833930141484848,0.004631202237113695,0.0032085721626424735,False,,5.0,5.0,1.5,4.5,0.02189132499505748,-0.0065426662791928675,0,101,0.0032717503886388723,0.0031768924262344385,0,101,True
11,alternative_matched,centered_confirmation-006,serial,0.0,-0.5662041871326249,0.05,0.0,0.01606548184776152,0.1828075054970154,0.03202376359614606,0.003284552552701824,0.03563346974914098,0.00010103673460101077,0.9451426361035274,0.07546646337022056,0.100762880736124,0.004833930141484848,0.0045280472673992584,0.0032085721626424735,False,,5.0,5.0,1.55,4.55,0.021690945355193513,-0.006449491415275993,0,101,0.0032717503886388723,0.0031768924262344385,0,101,True
11,alternative_matched,centered_confirmation-007,serial,0.0,-0.5264386179293323,0.05,0.0,0.016043010158485787,0.18271031329057721,0.02969501677038629,0.003284552552701824,0.030956038075621594,0.00010103673460101077,0.8858118746708797,0.07546646337022056,0.09337937942257751,0.004833930141484848,0.004698744635689512,0.0032085721626424735,False,,5.0,5.0,1.3,4.3,0.020484064919845956,-0.0057451919876807585,0,101,0.0032717503886388723,0.0031768924262344385,0,101,True
11,alternative_matched,centered_confirmation-000,serial,0.05,0.3541282217646782,0.049999999999999996,0.05,0.01920057680046111,0.1997412088273599,0.02309868019648024,0.00254730588170307,0.014458071427906076,0.00011927967753402462,0.6931116051168823,0.09783964521602631,0.07299178775213942,0.0040143493695518,0.0031699487192997553,0.0024603976106279636,False,,5.0,5.0,1.65,4.65,-0.00844716995709457,0.009028747160111605,0,100,0.002533130648202519,0.002460426524146838,0,100,True
11,alternative_matched,centered_confirmation-001,serial,0.05,0.41565273311775136,0.049999999999999996,0.05,0.01923798716350187,0.19988863136220256,0.026893582927892342,0.00254730588170307,0.019705417685617125,0.00011927967753402462,0.7951156786771202,0.09783964521602631,0.0850522181540928,0.0040143493695518,0.0014291723109397295,0.0024603976106279636,False,,5.0,5.0,1.3,4.3,-0.010407377479010004,0.010136326134461473,0,100,0.002533130648202519,0.002460426524146838,0,100,True
11,alternative_matched,centered_confirmation-002,serial,0.05,-0.4933611177198613,0.049999999999999996,0.05,0.019220416536403676,0.19977101330908642,0.030605054942131817,0.00254730588170307,0.028948191152682552,0.00011927967753402462,0.9286157778592491,0.09783964521602631,0.096506780314253,0.0040143493695518,0.0038968585750707376,0.0024603976106279636,False,,5.0,5.0,1.45,4.45,0.017789665910071948,-0.006703060947486313,0,100,0.002533130648202519,0.002460426524146838,0,100,True
11,alternative_matched,centered_confirmation-003,serial,0.05,-0.4314512128249486,0.049999999999999996,0.05,0.019184875953409637,0.1996370298994493,0.02671742360440529,0.00254730588170307,0.022374315960709063,0.00011927967753402462,0.827166772553482,0.09783964521602631,0.08416855419913287,0.0040143493695518,0.003797109645978367,0.0024603976106279636,False,,5.0,5.0,1.25,4.25,0.015958270358509642,-0.005537180513330821,0,100,0.002533130648202519,0.002460426524146838,0,100,True
11,alternative_matched,centered_confirmation-004,serial,0.05,-0.5204102239457927,0.049999999999999996,0.05,0.019238864579358347,0.19984194504018576,0.03234413842467077,0.00254730588170307,0.03224070917633561,0.00011927967753402462,0.9752258650155449,0.09783964521602631,0.10203182916289924,0.0040143493695518,0.004093750544629243,0.0024603976106279636,False,,5.0,5.0,1.3,4.3,0.018678117843932727,-0.007207419485238019,0,100,0.002533130648202519,0.002460426524146838,0,100,True
11,alternative_matched,centered_confirmation-005,serial,0.05,-0.5721576212767027,0.049999999999999996,0.05,0.019273392058185245,0.19997234884876788,0.035590481590326656,0.00254730588170307,0.03864821223636631,0.00011927967753402462,1.0583701721520806,0.09783964521602631,0.11231738297261538,0.0040143493695518,0.004103526268431095,0.0024603976106279636,False,,5.0,5.0,1.5,4.5,0.020187428149051286,-0.008199481305526671,0,100,0.002533130648202519,0.002460426524146838,0,100,True
11,alternative_matched,centered_confirmation-006,serial,0.05,-0.5662041871326249,0.049999999999999996,0.05,0.01926880162780402,0.1999546625240046,0.035194874896209066,0.00254730588170307,0.037820150461335376,0.00011927967753402462,1.0476157806010629,0.09783964521602631,0.11106595060220784,0.0040143493695518,0.004045221869502384,0.0024603976106279636,False,,5.0,5.0,1.55,4.55,0.019998089524573902,-0.008097591608548881,0,100,0.002533130648202519,0.002460426524146838,0,100,True
11,alternative_matched,centered_confirmation-007,serial,0.05,-0.5264386179293323,0.049999999999999996,0.05,0.01924290971624478,0.19985730027954474,0.032726518748840985,0.00254730588170307,0.032974859861904064,0.00011927967753402462,0.985235906312027,0.09783964521602631,0.10324463873302446,0.0040143493695518,0.004113443126195182,0.0024603976106279636,False,,5.0,5.0,1.3,4.3,0.018863388823933225,-0.0073211356418256355,0,100,0.002533130648202519,0.002460426524146838,0,100,True
11,alternative_matched,centered_confirmation-000,serial,0.1,0.3541282217646782,0.1,0.10000000000000002,0.02563836467443712,0.2303837665140101,0.026469866533191694,0.002386243344695482,0.018082511282022734,0.0001506652689004895,0.7916197638244555,0.0991065140099452,0.08396699469214453,0.0038735817212785344,0.0029022304249573,0.00238508308175691,False,,5.0,5.0,1.65,4.65,-0.007802536207387488,0.009516911000465474,0,50,0.0023707338989281236,0.0022994920971848055,0,50,True
11,alternative_matched,centered_confirmation-001,serial,0.1,0.41565273311775136,0.1,0.10000000000000002,0.024882703067221897,0.2272624498279748,0.030329811453450883,0.002386243344695482,0.02435217639770168,0.0001506652689004895,0.9341715361208842,0.0991065140099452,0.0963575463554074,0.0038735817212785344,0.0014885262319876114,0.00238508308175691,False,,5.0,5.0,1.3,4.3,-0.00990372510547404,0.010615760598673248,0,50,0.0023707338989281236,0.0022994920971848055,0,50,True
11,alternative_matched,centered_confirmation-002,serial,0.1,-0.4933611177198613,0.1,0.10000000000000002,0.025511837478361263,0.23006850884221713,0.0352263523469929,0.002386243344695482,0.03564469884582125,0.0001506652689004895,1.0607412169904635,0.0991065140099452,0.11140040237720569,0.0038735817212785344,0.004825090221779685,0.00238508308175691,False,,5.0,5.0,1.45,4.45,0.01661065159445043,-0.007757666787633659,0,50,0.0023707338989281236,0.0022994920971848055,0,50,True
11,alternative_matched,centered_confirmation-003,serial,0.1,-0.4314512128249486,0.1,0.10000000000000002,0.025466065654414043,0.22994524325508328,0.030808540293980644,0.002386243344695482,0.0276114234959332,0.0001506652689004895,0.9436995248527453,0.0991065140099452,0.0973716919908998,0.0038735817212785344,0.0043891289972612406,0.00238508308175691,False,,5.0,5.0,1.25,4.25,0.014985453468611198,-0.006501976269052761,0,50,0.0023707338989281236,0.0022994920971848055,0,50,True
11,alternative_matched,centered_confirmation-004,serial,0.1,-0.5204102239457927,0.1,0.10000000000000002,0.024713725087292606,0.2268066864359321,0.03666232408783492,0.002386243344695482,0.03947624445727273,0.0001506652689004895,1.1500990103216098,0.0991065140099452,0.1161372305311528,0.0038735817212785344,0.004887660364133386,0.00238508308175691,False,,5.0,5.0,1.3,4.3,0.017720141392996273,-0.008133488697871939,0,50,0.0023707338989281236,0.0022994920971848055,0,50,True
11,alternative_matched,centered_confirmation-005,serial,0.1,-0.5721576212767027,0.1,0.10000000000000002,0.024758922885465724,0.2269305506457107,0.04029253571857963,0.002386243344695482,0.04723608153904192,0.0001506652689004895,1.2497133846611903,0.0991065140099452,0.12765957959416044,0.0038735817212785344,0.0051700997333709664,0.00238508308175691,False,,5.0,5.0,1.5,4.5,0.01904384730463262,-0.009173835906578113,0,50,0.0023707338989281236,0.0022994920971848055,0,50,True
11,alternative_matched,centered_confirmation-006,serial,0.1,-0.5662041871326249,0.1,0.10000000000000002,0.025576896373599157,0.23024399729978523,0.04049443872243186,0.002386243344695482,0.04655561593366294,0.0001506652689004895,1.198977426740639,0.0991065140099452,0.12811270946804024,0.0038735817212785344,0.005160368903952927,0.00238508308175691,False,,5.0,5.0,1.55,4.55,0.0186089472294354,-0.009281141736261803,0,50,0.0023707338989281236,0.0022994920971848055,0,50,True
11,alternative_matched,centered_confirmation-007,serial,0.1,-0.5264386179293323,0.1,0.10000000000000002,0.024718934903088272,0.22682114366226,0.03709497922939387,0.002386243344695482,0.040373236373588174,0.0001506652689004895,1.162026756557934,0.0991065140099452,0.11751212143733687,0.0038735817212785344,0.004918435957004006,0.00238508308175691,False,,5.0,5.0,1.3,4.3,0.017895439398338753,-0.008256763262948604,0,50,0.0023707338989281236,0.0022994920971848055,0,50,True
11,alternative_matched,centered_confirmation-000,serial,0.2,0.3541282217646782,0.19999999999999998,0.2,0.0460020347466574,0.2975428475541497,0.034700002777884924,0.0026556561829014468,0.02998165073672739,0.000319471100839495,1.0371186700301447,0.12307089982798486,0.1070120670399801,0.006937260452398671,0.0042478263922764116,0.0020824736398165704,False,,5.0,5.0,1.65,4.65,-0.005733703855316271,0.011044929384108395,0,25,0.0022440336310461896,0.0021834430112994204,0,25,True
11,alternative_matched,centered_confirmation-001,serial,0.2,0.41565273311775136,0.19999999999999998,0.2,0.04372280277910799,0.288785949152035,0.039191823132116416,0.0026556561829014468,0.03624672047709202,0.000319471100839495,1.131344411953,0.12307089982798486,0.12011676882761778,0.006937260452398671,0.004135186134587161,0.0020824736398165704,False,,5.0,5.0,1.3,4.3,-0.00805379975203716,0.012437504839295063,0,25,0.0022440336310461896,0.0021834430112994204,0,25,True
11,alternative_matched,centered_confirmation-002,serial,0.2,-0.4933611177198613,0.19999999999999998,0.2,0.045465798649228985,0.29673742263368696,0.04747593425676488,0.0026556561829014468,0.05993332739905777,0.000319471100839495,1.4198912796216288,0.12307089982798486,0.14580959948231512,0.006937260452398671,0.008126985168680372,0.0020824736398165704,False,,5.0,5.0,1.45,4.45,0.013858617063720597,-0.010120575244665718,0,25,0.0022440336310461896,0.0021834430112994204,0,25,True
11,alternative_matched,centered_confirmation-003,serial,0.2,-0.4314512128249486,0.19999999999999998,0.2,0.04543833496355225,0.29670207568566687,0.041669268112783535,0.0026556561829014468,0.046990328327513216,0.000319471100839495,1.2688205507235804,0.12307089982798486,0.12803099309264063,0.006937260452398671,0.006762338860055107,0.0020824736398165704,False,,5.0,5.0,1.25,4.25,0.012846732851226714,-0.008686193321915739,0,25,0.0022440336310461896,0.0021834430112994204,0,25,True
11,alternative_matched,centered_confirmation-004,serial,0.2,-0.5204102239457927,0.19999999999999998,0.2,0.04311234537871244,0.28759029692000426,0.04892214026343112,0.0026556561829014468,0.061666288426918646,0.000319471100839495,1.4159538712935724,0.12307089982798486,0.1496053393578409,0.006937260452398671,0.00796201203384116,0.0020824736398165704,False,,5.0,5.0,1.3,4.3,0.015246609564979457,-0.010564009534071096,0,25,0.0022440336310461896,0.0021834430112994204,0,25,True
11,alternative_matched,centered_confirmation-005,serial,0.2,-0.5721576212767027,0.19999999999999998,0.2,0.04313325140927807,0.28759095685656394,0.053566626201103466,0.0026556561829014468,0.07286233018098484,0.000319471100839495,1.5283561613993921,0.12307089982798486,0.16370110497832263,0.006937260452398671,0.008940625646548435,0.0020824736398165704,False,,5.0,5.0,1.5,4.5,0.01595531475182332,-0.011706465431572482,0,25,0.0022440336310461896,0.0021834430112994204,0,25,True
11,alternative_matched,centered_confirmation-006,serial,0.2,-0.5662041871326249,0.19999999999999998,0.2,0.041967695626055276,0.28578521828000863,0.05223271336384312,0.0026556561829014468,0.07194329878973073,0.000319471100839495,1.6143709909754076,0.12307089982798486,0.1607002650778259,0.006937260452398671,0.00885419304606747,0.0020824736398165704,False,,5.0,5.0,1.55,4.55,0.016061370786388293,-0.011190240717004947,0,25,0.0022440336310461896,0.0021834430112994204,0,25,True
11,alternative_matched,centered_confirmation-007,serial,0.2,-0.5264386179293323,0.19999999999999998,0.2,0.04311519850884319,0.28759075298611336,0.04948751311484301,0.0026556561829014468,0.0630473364769753,0.000319471100839495,1.4305536565022745,0.12307089982798486,0.15133928706432997,0.006937260452398671,0.008035269498513522,0.0020824736398165704,False,,5.0,5.0,1.3,4.3,0.01539487909909048,-0.010713696085756584,0,25,0.0022440336310461896,0.0021834430112994204,0,25,True
11,alternative_matched,centered_confirmation-000,fixed_cadence,0.0,0.3541282217646782,0.05,0.0,0.015920531277483285,0.18222726944752005,0.021393206988157963,0.003284552552701824,0.01325535884595307,0.00010103673460101077,0.6174999270867275,0.07546646337022056,0.06734502348461445,0.004833930141484848,0.0036215909048428496,0.0032085721626424735,False,,5.0,5.0,1.65,4.65,-0.008305809991462331,0.009158378318924115,0,101,0.0032717503886388723,0.0031768924262344385,0,101,True
11,alternative_matched,centered_confirmation-001,fixed_cadence,0.0,0.41565273311775136,0.05,0.0,0.01593946929981902,0.182317014142772,0.024912185484581267,0.003284552552701824,0.018230868427792115,0.00010103673460101077,0.710456388099091,0.07546646337022056,0.0785906465192572,0.004833930141484848,0.0021931643572785085,0.0032085721626424735,False,,5.0,5.0,1.3,4.3,-0.010374405207140548,0.01016609151169331,0,101,0.0032717503886388723,0.0031768924262344385,0,101,True
11,alternative_matched,centered_confirmation-002,fixed_cadence,0.0,-0.4933611177198613,0.05,0.0,0.016024657799979865,0.1826306090040034,0.027817716127066974,0.003284552552701824,0.027272885761520472,0.00010103673460101077,0.8355171773861813,0.07546646337022056,0.08738313363606126,0.004833930141484848,0.0044851055730061205,0.0032085721626424735,False,,5.0,5.0,1.45,4.45,0.019355832813279527,-0.005181609966363326,0,101,0.0032717503886388723,0.0031768924262344385,0,101,True
11,alternative_matched,centered_confirmation-003,fixed_cadence,0.0,-0.4314512128249486,0.05,0.0,0.015993018301175062,0.18249362776753672,0.02419685603583385,0.003284552552701824,0.020983228758107483,0.00010103673460101077,0.7402366195153164,0.07546646337022056,0.07586310096742167,0.004833930141484848,0.004407791633706141,0.0032085721626424735,False,,5.0,5.0,1.25,4.25,0.017413835255401033,-0.004120915708635678,0,101,0.0032717503886388723,0.0031768924262344385,0,101,True
11,alternative_matched,centered_confirmation-004,fixed_cadence,0.0,-0.5204102239457927,0.05,0.0,0.016039617156361805,0.18269559082571524,0.0293464943433282,0.003284552552701824,0.030267875563890087,0.00010103673460101077,0.876629257602589,0.07546646337022056,0.09227026794797011,0.004833930141484848,0.004680992082102135,0.0032085721626424735,False,,5.0,5.0,1.3,4.3,0.02028833295215835,-0.0056416856893610565,0,101,0.0032717503886388723,0.0031768924262344385,0,101,True
11,alternative_matched,centered_confirmation-005,fixed_cadence,0.0,-0.5721576212767027,0.05,0.0,0.016069302177910416,0.18282426056463452,0.03237488834296853,0.003284552552701824,0.03639936379151199,0.00010103673460101077,0.9548743609618114,0.07546646337022056,0.10187955858396958,0.004833930141484848,0.004631202237113695,0.0032085721626424735,False,,5.0,5.0,1.5,4.5,0.02189132499505748,-0.0065426662791928675,0,101,0.0032717503886388723,0.0031768924262344385,0,101,True
11,alternative_matched,centered_confirmation-006,fixed_cadence,0.0,-0.5662041871326249,0.05,0.0,0.01606548184776152,0.1828075054970154,0.03202376359614606,0.003284552552701824,0.03563346974914098,0.00010103673460101077,0.9451426361035274,0.07546646337022056,0.100762880736124,0.004833930141484848,0.0045280472673992584,0.0032085721626424735,False,,5.0,5.0,1.55,4.55,0.021690945355193513,-0.006449491415275993,0,101,0.0032717503886388723,0.0031768924262344385,0,101,True
11,alternative_matched,centered_confirmation-007,fixed_cadence,0.0,-0.5264386179293323,0.05,0.0,0.016043010158485787,0.18271031329057721,0.02969501677038629,0.003284552552701824,0.030956038075621594,0.00010103673460101077,0.8858118746708797,0.07546646337022056,0.09337937942257751,0.004833930141484848,0.004698744635689512,0.0032085721626424735,False,,5.0,5.0,1.3,4.3,0.020484064919845956,-0.0057451919876807585,0,101,0.0032717503886388723,0.0031768924262344385,0,101,True
11,alternative_matched,centered_confirmation-000,fixed_cadence,0.05,0.3541282217646782,0.049999999999999996,0.05,0.01920057680046111,0.1997412088273599,0.02309868019648024,0.00254730588170307,0.014458071427906076,0.00011927967753402462,0.6931116051168823,0.09783964521602631,0.07299178775213942,0.0040143493695518,0.0031699487192997553,0.0024603976106279636,False,,5.0,5.0,1.65,4.65,-0.00844716995709457,0.009028747160111605,0,100,0.002533130648202519,0.002460426524146838,0,100,True
11,alternative_matched,centered_confirmation-001,fixed_cadence,0.05,0.41565273311775136,0.049999999999999996,0.05,0.01923798716350187,0.19988863136220256,0.026893582927892342,0.00254730588170307,0.019705417685617125,0.00011927967753402462,0.7951156786771202,0.09783964521602631,0.0850522181540928,0.0040143493695518,0.0014291723109397295,0.0024603976106279636,False,,5.0,5.0,1.3,4.3,-0.010407377479010004,0.010136326134461473,0,100,0.002533130648202519,0.002460426524146838,0,100,True
11,alternative_matched,centered_confirmation-002,fixed_cadence,0.05,-0.4933611177198613,0.049999999999999996,0.05,0.019220416536403676,0.19977101330908642,0.030605054942131817,0.00254730588170307,0.028948191152682552,0.00011927967753402462,0.9286157778592491,0.09783964521602631,0.096506780314253,0.0040143493695518,0.0038968585750707376,0.0024603976106279636,False,,5.0,5.0,1.45,4.45,0.017789665910071948,-0.006703060947486313,0,100,0.002533130648202519,0.002460426524146838,0,100,True
11,alternative_matched,centered_confirmation-003,fixed_cadence,0.05,-0.4314512128249486,0.049999999999999996,0.05,0.019184875953409637,0.1996370298994493,0.02671742360440529,0.00254730588170307,0.022374315960709063,0.00011927967753402462,0.827166772553482,0.09783964521602631,0.08416855419913287,0.0040143493695518,0.003797109645978367,0.0024603976106279636,False,,5.0,5.0,1.25,4.25,0.015958270358509642,-0.005537180513330821,0,100,0.002533130648202519,0.002460426524146838,0,100,True
11,alternative_matched,centered_confirmation-004,fixed_cadence,0.05,-0.5204102239457927,0.049999999999999996,0.05,0.019238864579358347,0.19984194504018576,0.03234413842467077,0.00254730588170307,0.03224070917633561,0.00011927967753402462,0.9752258650155449,0.09783964521602631,0.10203182916289924,0.0040143493695518,0.004093750544629243,0.0024603976106279636,False,,5.0,5.0,1.3,4.3,0.018678117843932727,-0.007207419485238019,0,100,0.002533130648202519,0.002460426524146838,0,100,True
11,alternative_matched,centered_confirmation-005,fixed_cadence,0.05,-0.5721576212767027,0.049999999999999996,0.05,0.019273392058185245,0.19997234884876788,0.035590481590326656,0.00254730588170307,0.03864821223636631,0.00011927967753402462,1.0583701721520806,0.09783964521602631,0.11231738297261538,0.0040143493695518,0.004103526268431095,0.0024603976106279636,False,,5.0,5.0,1.5,4.5,0.020187428149051286,-0.008199481305526671,0,100,0.002533130648202519,0.002460426524146838,0,100,True
11,alternative_matched,centered_confirmation-006,fixed_cadence,0.05,-0.5662041871326249,0.049999999999999996,0.05,0.01926880162780402,0.1999546625240046,0.035194874896209066,0.00254730588170307,0.037820150461335376,0.00011927967753402462,1.0476157806010629,0.09783964521602631,0.11106595060220784,0.0040143493695518,0.004045221869502384,0.0024603976106279636,False,,5.0,5.0,1.55,4.55,0.019998089524573902,-0.008097591608548881,0,100,0.002533130648202519,0.002460426524146838,0,100,True
11,alternative_matched,centered_confirmation-007,fixed_cadence,0.05,-0.5264386179293323,0.049999999999999996,0.05,0.01924290971624478,0.19985730027954474,0.032726518748840985,0.00254730588170307,0.032974859861904064,0.00011927967753402462,0.985235906312027,0.09783964521602631,0.10324463873302446,0.0040143493695518,0.004113443126195182,0.0024603976106279636,False,,5.0,5.0,1.3,4.3,0.018863388823933225,-0.0073211356418256355,0,100,0.002533130648202519,0.002460426524146838,0,100,True
11,alternative_matched,centered_confirmation-000,fixed_cadence,0.1,0.3541282217646782,0.05,0.1,0.0227024453196291,0.21727908427736814,0.02498526358172506,0.0024342899883304835,0.01568845736191636,0.00014203923353429718,0.7697428408943192,0.11954989469871677,0.07916832526896918,0.0038296453699014268,0.00321660650483258,0.002383779545952234,False,,5.0,5.0,1.65,4.65,-0.007935436113782309,0.009538152396208383,0,99,0.002417091236404993,0.0023464876984807207,0,99,True
11,alternative_matched,centered_confirmation-001,fixed_cadence,0.1,0.41565273311775136,0.05,0.1,0.02276001947372948,0.21745546714506364,0.029125240206218976,0.0024342899883304835,0.021359310524576857,0.00014203923353429718,0.8808624017916695,0.11954989469871677,0.09232139120457684,0.0038296453699014268,0.0013481588261850257,0.002383779545952234,False,,5.0,5.0,1.3,4.3,-0.009782173155851743,0.010757984888324076,0,99,0.002417091236404993,0.0023464876984807207,0,99,True
11,alternative_matched,centered_confirmation-002,fixed_cadence,0.1,-0.4933611177198613,0.05,0.1,0.022587890653793706,0.21691816953652598,0.03315386509347034,0.0024342899883304835,0.03131263286678579,0.00014203923353429718,1.028716752298929,0.11954989469871677,0.10499585831942851,0.0038296453699014268,0.0038693227867277855,0.002383779545952234,False,,5.0,5.0,1.45,4.45,0.016836129457645035,-0.007647472753096837,0,99,0.002417091236404993,0.0023464876984807207,0,99,True
11,alternative_matched,centered_confirmation-003,fixed_cadence,0.1,-0.4314512128249486,0.05,0.1,0.022549203388237935,0.21679964546250874,0.028947586581551145,0.0024342899883304835,0.02420207417347226,0.00014203923353429718,0.9179485607825295,0.11954989469871677,0.091614886433727,0.0038296453699014268,0.0037644994458614803,0.002383779545952234,False,,5.0,5.0,1.25,4.25,0.01511480319588623,-0.006374802588186168,0,99,0.002417091236404993,0.0023464876984807207,0,99,True
11,alternative_matched,centered_confirmation-004,fixed_cadence,0.1,-0.5204102239457927,0.05,0.1,0.02260832127868549,0.21698196416696083,0.03503779221040415,0.0024342899883304835,0.03486819179334188,0.00014203923353429718,1.079409347840406,0.11954989469871677,0.11098747182795304,0.0038296453699014268,0.004068109604165215,0.002383779545952234,False,,5.0,5.0,1.3,4.3,0.017679694996170617,-0.008198386954250464,0,99,0.002417091236404993,0.0023464876984807207,0,99,True
11,alternative_matched,centered_confirmation-005,fixed_cadence,0.1,-0.5721576212767027,0.05,0.1,0.022647765241543397,0.2171026187963008,0.038553136399855144,0.0024342899883304835,0.04179763304769861,0.00014203923353429718,1.1702594552122132,0.11954989469871677,0.12214890577644562,0.0038296453699014268,0.0040931446061724846,0.002383779545952234,False,,5.0,5.0,1.5,4.5,0.0190946407177969,-0.009281803595340258,0,99,0.002417091236404993,0.0023464876984807207,0,99,True
11,alternative_matched,centered_confirmation-006,fixed_cadence,0.1,-0.5662041871326249,0.05,0.1,0.02264253861523416,0.2170862414025311,0.03812686381939987,0.0024342899883304835,0.040909937211259,0.00014203923353429718,1.1587268877707497,0.11954989469871677,0.12079847223194465,0.0038296453699014268,0.004047909967534541,0.002383779545952234,False,,5.0,5.0,1.55,4.55,0.018915447548918343,-0.009169822064440902,0,99,0.002417091236404993,0.0023464876984807207,0,99,True
11,alternative_matched,centered_confirmation-007,fixed_cadence,0.1,-0.5264386179293323,0.05,0.1,0.022612850124253868,0.21699594039441406,0.03545178517920818,0.0024342899883304835,0.03566149246514038,0.00014203923353429718,1.0903154704652802,0.11954989469871677,0.11230288222113809,0.0038296453699014268,0.00408836291058913,0.002383779545952234,False,,5.0,5.0,1.3,4.3,0.017854400680355646,-0.008322599147067341,0,99,0.002417091236404993,0.0023464876984807207,0,99,True
11,alternative_matched,centered_confirmation-000,fixed_cadence,0.2,0.3541282217646782,0.049999999999999996,0.19999999999999998,0.030964541446796934,0.25770899552994203,0.02860600499680768,0.0029631518654017323,0.018911910644807177,0.00031331683961884906,0.9436362182516678,0.16871787065454552,0.09216290524803374,0.007388631632153832,0.003599184484409847,0.0020369517004496743,False,,5.0,5.0,1.65,4.65,-0.006406319690041723,0.011185314405370734,0,97,0.00247979463160735,0.002420464244001064,0,97,True
11,alternative_matched,centered_confirmation-001,fixed_cadence,0.2,0.41565273311775136,0.049999999999999996,0.19999999999999998,0.031049637573813384,0.25783933517145036,0.033592698017718865,0.0029631518654017323,0.025475698963149364,0.00031331683961884906,1.0723820647019966,0.16871787065454552,0.10821670914499829,0.007388631632153832,0.001459660960540026,0.0020369517004496743,False,,5.0,5.0,1.3,4.3,-0.00791492982684869,0.01265697122598582,0,97,0.00247979463160735,0.002420464244001064,0,97,True
11,alternative_matched,centered_confirmation-002,fixed_cadence,0.2,-0.4933611177198613,0.049999999999999996,0.19999999999999998,0.030471589435697815,0.25667320825666234,0.0388402854563069,0.0029631518654017323,0.039022896526830844,0.00031331683961884906,1.2714610567111595,0.16871787065454552,0.1258991250835072,0.007388631632153832,0.0030569840388059307,0.0020369517004496743,False,,5.0,5.0,1.45,4.45,0.014845400686271007,-0.009708660294704505,0,97,0.00247979463160735,0.002420464244001064,0,97,True
11,alternative_matched,centered_confirmation-003,fixed_cadence,0.2,-0.4314512128249486,0.049999999999999996,0.19999999999999998,0.030444886110489826,0.25665644690426376,0.033768715564394106,0.0029631518654017323,0.030283078355450067,0.00031331683961884906,1.136070968749009,0.16871787065454552,0.10948328896844875,0.007388631632153832,0.0030764044763003243,0.0020369517004496743,False,,5.0,5.0,1.25,4.25,0.013340277979976948,-0.00814657175196116,0,97,0.00247979463160735,0.002420464244001064,0,97,True
11,alternative_matched,centered_confirmation-004,fixed_cadence,0.2,-0.5204102239457927,0.049999999999999996,0.19999999999999998,0.030489615690363295,0.25668338919941835,0.04086957209196878,0.0029631518654017323,0.04340737795729494,0.00031331683961884906,1.331884855570279,0.16871787065454552,0.13253557528071339,0.007388631632153832,0.003258067459932508,0.0020369517004496743,False,,5.0,5.0,1.3,4.3,0.015534453104145344,-0.010360944696783062,0,97,0.00247979463160735,0.002420464244001064,0,97,True
11,alternative_matched,centered_confirmation-005,fixed_cadence,0.2,-0.5721576212767027,0.049999999999999996,0.19999999999999998,0.030521184924853048,0.2567112417027972,0.04508847336030949,0.0029631518654017323,0.051832004073354934,0.00031331683961884906,1.442963997067891,0.16871787065454552,0.14615711010197546,0.007388631632153832,0.0033026007585859165,0.0020369517004496743,False,,5.0,5.0,1.5,4.5,0.016788483048684414,-0.011693086928938803,0,97,0.00247979463160735,0.002420464244001064,0,97,True
11,alternative_matched,centered_confirmation-006,fixed_cadence,0.2,-0.5662041871326249,0.049999999999999996,0.19999999999999998,0.03051581662212413,0.2567059315828537,0.04460907762616837,0.0029631518654017323,0.050706204610668694,0.00031331683961884906,1.4292489310521705,0.16871787065454552,0.1445977061465891,0.007388631632153832,0.003335684248919143,0.0020369517004496743,False,,5.0,5.0,1.55,4.55,0.01665007435799342,-0.011558646923618143,0,97,0.00247979463160735,0.002420464244001064,0,97,True
11,alternative_matched,centered_confirmation-007,fixed_cadence,0.2,-0.5264386179293323,0.049999999999999996,0.19999999999999998,0.030493402042152055,0.25668627396333576,0.04134699886831467,0.0029631518654017323,0.044379507664178856,0.00031331683961884906,1.3450908606667145,0.16871787065454552,0.13408448253096744,0.007388631632153832,0.003273226797688211,0.0020369517004496743,False,,5.0,5.0,1.3,4.3,0.015683312351710613,-0.010511386212870764,0,97,0.00247979463160735,0.002420464244001064,0,97,True
11,gain_matched,centered_confirmation-000,serial,0.0,0.3541282217646782,0.05,0.0,0.015897825746492296,0.18213830119161167,0.02141528472059815,0.0031107080707866498,0.013272848605559995,7.44427936144045e-05,0.6104368085945706,0.06709790868412067,0.06749846976114066,0.00393994742763506,0.0036075984374328122,0.0032009127274079496,False,,5.0,5.0,1.65,4.65,-0.00849056901063134,0.008973555033848887,0,101,0.0030861451712686843,0.002990418472060709,0,101,True
11,gain_matched,centered_confirmation-001,serial,0.0,0.41565273311775136,0.05,0.0,0.01591847257375752,0.18223567569904642,0.02503016388151879,0.0031107080707866498,0.018476019217693092,7.44427936144045e-05,0.7064762145067313,0.06709790868412067,0.07907380994510535,0.00393994742763506,0.002194059417805857,0.0032009127274079496,False,,5.0,5.0,1.3,4.3,-0.010558716298894185,0.009982408173207096,0,101,0.0030861451712686843,0.002990418472060709,0,101,True
11,gain_matched,centered_confirmation-002,serial,0.0,-0.4933611177198613,0.05,0.0,0.015993839054279674,0.18250135146427288,0.02763401752621333,0.0031107080707866498,0.027025625999580097,7.44427936144045e-05,0.8264186225617988,0.06709790868412067,0.08690990915169997,0.00393994742763506,0.0044672122977193,0.0032009127274079496,False,,5.0,5.0,1.45,4.45,0.019170759799822072,-0.005369510635740961,0,101,0.0030861451712686843,0.002990418472060709,0,101,True
11,gain_matched,centered_confirmation-003,serial,0.0,-0.4314512128249486,0.05,0.0,0.01596172210792285,0.1823619060515628,0.02398146913225666,0.0031107080707866498,0.020654289642364067,7.44427936144045e-05,0.7300020299638369,0.06709790868412067,0.07528347791294511,0.00393994742763506,0.004389277228236044,0.0032009127274079496,False,,5.0,5.0,1.25,4.25,0.017228689796968205,-0.004308491093483103,0,101,0.0030861451712686843,0.002990418472060709,0,101,True
11,gain_matched,centered_confirmation-004,serial,0.0,-0.5204102239457927,0.05,0.0,0.01600764001284239,0.18256071796414935,0.029131708281972698,0.0031107080707866498,0.029901089413898522,7.44427936144045e-05,0.8666061460013249,0.06709790868412067,0.09168669252910865,0.00393994742763506,0.004660546940680037,0.0032009127274079496,False,,5.0,5.0,1.3,4.3,0.02010338213343809,-0.005829536828447812,0,101,0.0030861451712686843,0.002990418472060709,0,101,True
11,gain_matched,centered_confirmation-005,serial,0.0,-0.5721576212767027,0.05,0.0,0.016038205563260022,0.18269378528786695,0.03220574641174254,0.0031107080707866498,0.03616370926380387,7.44427936144045e-05,0.9463277338231667,0.06709790868412067,0.10144707413568851,0.00393994742763506,0.004611920550404825,0.0032009127274079496,False,,5.0,5.0,1.5,4.5,0.021706098647906284,-0.006730916461079853,0,101,0.0030861451712686843,0.002990418472060709,0,101,True
11,gain_matched,centered_confirmation-006,serial,0.0,-0.5662041871326249,0.05,0.0,0.016034799671178504,0.1826790607855533,0.03187261218556174,0.0031107080707866498,0.03544648317200826,7.44427936144045e-05,0.9370824505175214,0.06709790868412067,0.10038839456474062,0.00393994742763506,0.004509449788666342,0.0032009127274079496,False,,5.0,5.0,1.55,4.55,0.021505497980608447,-0.006637725735404047,0,101,0.0030861451712686843,0.002990418472060709,0,101,True
11,gain_matched,centered_confirmation-007,serial,0.0,-0.5264386179293323,0.05,0.0,0.01601096782469068,0.1825751214284659,0.029480095924903395,0.0031107080707866498,0.03058534743731817,7.44427936144045e-05,0.8757951508993961,0.06709790868412067,0.0927948230027626,0.00393994742763506,0.004678114131552814,0.0032009127274079496,False,,5.0,5.0,1.3,4.3,0.02029912897769998,-0.005933058022347238,0,101,0.0030861451712686843,0.002990418472060709,0,101,True
11,gain_matched,centered_confirmation-000,serial,0.05,0.3541282217646782,0.049999999999999996,0.05,0.01918429545633282,0.19968258456824922,0.023149745486003417,0.002327608222140676,0.01446178313092592,6.274864774785328e-05,0.6687959781670719,0.07118125666023753,0.07322897787293302,0.0025246512443830712,0.0031585291305888117,0.0024524500097002893,False,,5.0,5.0,1.65,4.65,-0.008636071509340914,0.008839598205046924,0,100,0.0023420626474226396,0.002268282140924575,0,100,True
11,gain_matched,centered_confirmation-001,serial,0.05,0.41565273311775136,0.049999999999999996,0.05,0.019224628454503484,0.1998409113404225,0.027027630630160986,0.002327608222140676,0.01993824583893862,6.274864774785328e-05,0.7741180599117422,0.07118125666023753,0.08556806208640265,0.0025246512443830712,0.0014290349508797196,0.0024524500097002893,False,,5.0,5.0,1.3,4.3,-0.010595086470464381,0.009948716753106105,0,100,0.0023420626474226396,0.002268282140924575,0,100,True
11,gain_matched,centered_confirmation-002,serial,0.05,-0.4933611177198613,0.049999999999999996,0.05,0.019194222072425292,0.19966868541411076,0.030413237731186073,0.002327608222140676,0.028635349011185453,6.274864774785328e-05,0.9025674574458745,0.07118125666023753,0.09598529775006405,0.0025246512443830712,0.00387892908105411,0.0024524500097002893,False,,5.0,5.0,1.45,4.45,0.01759815596469292,-0.006897301291916916,0,100,0.0023420626474226396,0.002268282140924575,0,100,True
11,gain_matched,centered_confirmation-003,serial,0.05,-0.4314512128249486,0.049999999999999996,0.05,0.019158205315212465,0.19953211959799405,0.026512874924317264,0.002327608222140676,0.02199347345404659,6.274864774785328e-05,0.7997476032012844,0.07118125666023753,0.08359731829283612,0.0025246512443830712,0.0037797673878863544,0.0024524500097002893,False,,5.0,5.0,1.25,4.25,0.01576684672214636,-0.0057309217045177704,0,100,0.0023420626474226396,0.002268282140924575,0,100,True
11,gain_matched,centered_confirmation-004,serial,0.05,-0.5204102239457927,0.049999999999999996,0.05,0.019211374327214252,0.19973371842638812,0.03213438011970239,0.002327608222140676,0.03181252690287706,6.274864774785328e-05,0.948031612523809,0.07118125666023753,0.10143982803678875,0.0025246512443830712,0.004074447258384417,0.0024524500097002893,False,,5.0,5.0,1.3,4.3,0.018486722620358553,-0.007401533981326652,0,100,0.0023420626474226396,0.002268282140924575,0,100,True
11,gain_matched,centered_confirmation-005,serial,0.05,-0.5721576212767027,0.049999999999999996,0.05,0.019246783796803148,0.19986829954065147,0.035411276832963565,0.002327608222140676,0.038341403094698016,6.274864774785328e-05,1.0328635755562925,0.07118125666023753,0.11183151958941555,0.0025246512443830712,0.0040839788849206665,0.0024524500097002893,False,,5.0,5.0,1.5,4.5,0.01999566315241703,-0.008394180563672615,0,100,0.0023420626474226396,0.002268282140924575,0,100,True
11,gain_matched,centered_confirmation-006,serial,0.05,-0.5662041871326249,0.049999999999999996,0.05,0.019242631493325446,0.19985256760194492,0.035032042926941453,0.002327608222140676,0.037563955797141106,6.274864774785328e-05,1.0225055801504994,0.07118125666023753,0.11063381447500051,0.0025246512443830712,0.00402598881386481,0.0024524500097002893,False,,5.0,5.0,1.55,4.55,0.019806154716541853,-0.008292306516293054,0,100,0.0023420626474226396,0.002268282140924575,0,100,True
11,gain_matched,centered_confirmation-007,serial,0.05,-0.5264386179293323,0.049999999999999996,0.05,0.019215318740243865,0.19974869910085405,0.032516634240322265,0.002327608222140676,0.03254243956341285,6.274864774785328e-05,0.9580475004398972,0.07118125666023753,0.10265178798882188,0.0025246512443830712,0.004093975985627096,0.0024524500097002893,False,,5.0,5.0,1.3,4.3,0.018671977561494198,-0.007515282601670309,0,100,0.0023420626474226396,0.002268282140924575,0,100,True
11,gain_matched,centered_confirmation-000,serial,0.1,0.3541282217646782,0.1,0.10000000000000002,0.025634890492159265,0.23040291927773962,0.026558505215098286,0.002179460706062298,0.01810092980240531,8.63210372053805e-05,0.7713580287752142,0.07874592413580311,0.08430833593386339,0.0027465490563863353,0.0028839344876498345,0.002371745648632225,False,,5.0,5.0,1.65,4.65,-0.00801720197474584,0.009301306403775324,0,50,0.002153364338222891,0.002080642838772782,0,50,True
11,gain_matched,centered_confirmation-001,serial,0.1,0.41565273311775136,0.1,0.10000000000000002,0.02488198644220998,0.22728775580109203,0.030523744352304098,0.002179460706062298,0.024712856297186364,8.63210372053805e-05,0.9185770337042799,0.07874592413580311,0.09706280423989137,0.0027465490563863353,0.0014933827388117775,0.002371745648632225,False,,5.0,5.0,1.3,4.3,-0.010117103330548856,0.010402202823937154,0,50,0.002153364338222891,0.002080642838772782,0,50,True
11,gain_matched,centered_confirmation-002,serial,0.1,-0.4933611177198613,0.1,0.10000000000000002,0.025495749775719282,0.23004022554058937,0.03500091497928625,0.002179460706062298,0.03524291944657889,8.63210372053805e-05,1.039458085199951,0.07874592413580311,0.11076506623297869,0.0027465490563863353,0.004804184580078052,0.002371745648632225,False,,5.0,5.0,1.45,4.45,0.016394406795743853,-0.007977173681321151,0,50,0.002153364338222891,0.002080642838772782,0,50,True
11,gain_matched,centered_confirmation-003,serial,0.1,-0.4314512128249486,0.1,0.10000000000000002,0.025449064422074518,0.22991407289351948,0.030573581434012224,0.002179460706062298,0.02710281907273532,8.63210372053805e-05,0.9189348415044537,0.07874592413580311,0.09668413192190965,0.0027465490563863353,0.00436563290290894,0.002371745648632225,False,,5.0,5.0,1.25,4.25,0.014769433005396279,-0.006721072353280165,0,50,0.002153364338222891,0.002080642838772782,0,50,True
11,gain_matched,centered_confirmation-004,serial,0.1,-0.5204102239457927,0.1,0.10000000000000002,0.024693041572796365,0.22676218542227894,0.03641641084118333,0.002179460706062298,0.038907854131047116,8.63210372053805e-05,1.1256532068309772,0.07874592413580311,0.11541933236107814,0.0027465490563863353,0.0048631093062460815,0.002371745648632225,False,,5.0,5.0,1.3,4.3,0.0175053273918666,-0.008351802678580109,0,50,0.002153364338222891,0.002080642838772782,0,50,True
11,gain_matched,centered_confirmation-005,serial,0.1,-0.5721576212767027,0.1,0.10000000000000002,0.024739845276351043,0.22689136978024135,0.04008138269478477,0.002179460706062298,0.0468503292635474,8.63210372053805e-05,1.2287186154482355,0.07874592413580311,0.12707397009538626,0.0027465490563863353,0.0051489568491198835,0.002371745648632225,False,,5.0,5.0,1.5,4.5,0.018828334911409762,-0.009392755462328466,0,50,0.002153364338222891,0.002080642838772782,0,50,True
11,gain_matched,centered_confirmation-006,serial,0.1,-0.5662041871326249,0.1,0.10000000000000002,0.025560974434581215,0.23021609296610002,0.04030792460599852,0.002179460706062298,0.04625001531433974,8.63210372053805e-05,1.1790296357629282,0.07874592413580311,0.12760349545029973,0.0027465490563863353,0.005140720634092892,0.002371745648632225,False,,5.0,5.0,1.55,4.55,0.01839212946915999,-0.00950101628204688,0,50,0.002153364338222891,0.002080642838772782,0,50,True
11,gain_matched,centered_confirmation-007,serial,0.1,-0.5264386179293323,0.1,0.10000000000000002,0.024698178059300607,0.22677639369378824,0.036849021194176684,0.002179460706062298,0.03979952315396417,8.63210372053805e-05,1.1375939376411428,0.07874592413580311,0.11679382393818862,0.0027465490563863353,0.004893866162901442,0.002371745648632225,False,,5.0,5.0,1.3,4.3,0.017680688482765113,-0.00847503986793359,0,50,0.002153364338222891,0.002080642838772782,0,50,True
11,gain_matched,centered_confirmation-000,serial,0.2,0.3541282217646782,0.19999999999999998,0.2,0.04607054702214644,0.29763473782349664,0.03486259288173457,0.002092669013204963,0.029958153029326404,0.00016351847681945813,1.0027417622010477,0.08141289445266806,0.10753753852832831,0.004210875314120604,0.004251466159944605,0.002050569370919758,False,,5.0,5.0,1.65,4.65,-0.005982201163416563,0.010789524431251831,0,25,0.0019911668271368195,0.0019279448746559037,0,25,True
11,gain_matched,centered_confirmation-001,serial,0.2,0.41565273311775136,0.19999999999999998,0.2,0.043792038883990275,0.2889090023166706,0.03951042267192636,0.002092669013204963,0.03691288003788334,0.00016351847681945813,1.1039936229835516,0.08141289445266806,0.12123016468257229,0.004210875314120604,0.004202079883033653,0.002050569370919758,False,,5.0,5.0,1.3,4.3,-0.008303308442180815,0.01218793729584933,0,25,0.0019911668271368195,0.0019279448746559037,0,25,True
11,gain_matched,centered_confirmation-002,serial,0.2,-0.4933611177198613,0.19999999999999998,0.2,0.04552179835469453,0.2967943627924911,0.0471617619743578,0.002092669013204963,0.05919604971934321,0.00016351847681945813,1.3809607430423865,0.08141289445266806,0.14487431690977937,0.004210875314120604,0.008114422818508903,0.002050569370919758,False,,5.0,5.0,1.45,4.45,0.013610578663701361,-0.010371818259143262,0,25,0.0019911668271368195,0.0019279448746559037,0,25,True
11,gain_matched,centered_confirmation-003,serial,0.2,-0.4314512128249486,0.19999999999999998,0.2,0.04549497071829827,0.2967610973184469,0.041362022596086095,0.002092669013204963,0.046029050186212714,0.00016351847681945813,1.2261615846927532,0.08141289445266806,0.12703795228568796,0.004210875314120604,0.006733344395875749,0.002050569370919758,False,,5.0,5.0,1.25,4.25,0.012601496334428145,-0.00893848374342128,0,25,0.0019911668271368195,0.0019279448746559037,0,25,True
11,gain_matched,centered_confirmation-004,serial,0.2,-0.5204102239457927,0.19999999999999998,0.2,0.043160753245200946,0.2876481357577113,0.048599581911275266,0.002092669013204963,0.060619337628874,0.00016351847681945813,1.3763710948328736,0.08141289445266806,0.14857659354621708,0.004210875314120604,0.007939070334016536,0.002050569370919758,False,,5.0,5.0,1.3,4.3,0.01500269504492934,-0.010815042573115182,0,25,0.0019911668271368195,0.0019279448746559037,0,25,True
11,gain_matched,centered_confirmation-005,serial,0.2,-0.5721576212767027,0.19999999999999998,0.2,0.04318190640245028,0.28764595249095143,0.053278678692617286,0.002092669013204963,0.07217697479408534,0.00016351847681945813,1.4941483108948237,0.08141289445266806,0.16286580361214065,0.004210875314120604,0.00893451889410522,0.002050569370919758,False,,5.0,5.0,1.5,4.5,0.015706901042217558,-0.011956690302791785,0,25,0.0019911668271368195,0.0019279448746559037,0,25,True
11,gain_matched,centered_confirmation-006,serial,0.2,-0.5662041871326249,0.19999999999999998,0.2,0.04201529842446709,0.28582986901077306,0.05197196352838264,0.002092669013204963,0.07138597587729445,0.00016351847681945813,1.5795282018433574,0.08141289445266806,0.15997193290773365,0.004210875314120604,0.008852058807221027,0.002050569370919758,False,,5.0,5.0,1.55,4.55,0.015811942811364478,-0.01143993304828797,0,25,0.0019911668271368195,0.0019279448746559037,0,25,True
11,gain_matched,centered_confirmation-007,serial,0.2,-0.5264386179293323,0.19999999999999998,0.2,0.043163395207261986,0.28764825247633174,0.049165449652478384,0.002092669013204963,0.06199132107065555,0.00016351847681945813,1.390997101130641,0.08141289445266806,0.15031071128238446,0.004210875314120604,0.008012485982384918,0.002050569370919758,False,,5.0,5.0,1.3,4.3,0.015151080144996002,-0.010964669156806179,0,25,0.0019911668271368195,0.0019279448746559037,0,25,True
11,gain_matched,centered_confirmation-000,fixed_cadence,0.0,0.3541282217646782,0.05,0.0,0.015897825746492296,0.18213830119161167,0.02141528472059815,0.0031107080707866498,0.013272848605559995,7.44427936144045e-05,0.6104368085945706,0.06709790868412067,0.06749846976114066,0.00393994742763506,0.0036075984374328122,0.0032009127274079496,False,,5.0,5.0,1.65,4.65,-0.00849056901063134,0.008973555033848887,0,101,0.0030861451712686843,0.002990418472060709,0,101,True
11,gain_matched,centered_confirmation-001,fixed_cadence,0.0,0.41565273311775136,0.05,0.0,0.01591847257375752,0.18223567569904642,0.02503016388151879,0.0031107080707866498,0.018476019217693092,7.44427936144045e-05,0.7064762145067313,0.06709790868412067,0.07907380994510535,0.00393994742763506,0.002194059417805857,0.0032009127274079496,False,,5.0,5.0,1.3,4.3,-0.010558716298894185,0.009982408173207096,0,101,0.0030861451712686843,0.002990418472060709,0,101,True
11,gain_matched,centered_confirmation-002,fixed_cadence,0.0,-0.4933611177198613,0.05,0.0,0.015993839054279674,0.18250135146427288,0.02763401752621333,0.0031107080707866498,0.027025625999580097,7.44427936144045e-05,0.8264186225617988,0.06709790868412067,0.08690990915169997,0.00393994742763506,0.0044672122977193,0.0032009127274079496,False,,5.0,5.0,1.45,4.45,0.019170759799822072,-0.005369510635740961,0,101,0.0030861451712686843,0.002990418472060709,0,101,True
11,gain_matched,centered_confirmation-003,fixed_cadence,0.0,-0.4314512128249486,0.05,0.0,0.01596172210792285,0.1823619060515628,0.02398146913225666,0.0031107080707866498,0.020654289642364067,7.44427936144045e-05,0.7300020299638369,0.06709790868412067,0.07528347791294511,0.00393994742763506,0.004389277228236044,0.0032009127274079496,False,,5.0,5.0,1.25,4.25,0.017228689796968205,-0.004308491093483103,0,101,0.0030861451712686843,0.002990418472060709,0,101,True
11,gain_matched,centered_confirmation-004,fixed_cadence,0.0,-0.5204102239457927,0.05,0.0,0.01600764001284239,0.18256071796414935,0.029131708281972698,0.0031107080707866498,0.029901089413898522,7.44427936144045e-05,0.8666061460013249,0.06709790868412067,0.09168669252910865,0.00393994742763506,0.004660546940680037,0.0032009127274079496,False,,5.0,5.0,1.3,4.3,0.02010338213343809,-0.005829536828447812,0,101,0.0030861451712686843,0.002990418472060709,0,101,True
11,gain_matched,centered_confirmation-005,fixed_cadence,0.0,-0.5721576212767027,0.05,0.0,0.016038205563260022,0.18269378528786695,0.03220574641174254,0.0031107080707866498,0.03616370926380387,7.44427936144045e-05,0.9463277338231667,0.06709790868412067,0.10144707413568851,0.00393994742763506,0.004611920550404825,0.0032009127274079496,False,,5.0,5.0,1.5,4.5,0.021706098647906284,-0.006730916461079853,0,101,0.0030861451712686843,0.002990418472060709,0,101,True
11,gain_matched,centered_confirmation-006,fixed_cadence,0.0,-0.5662041871326249,0.05,0.0,0.016034799671178504,0.1826790607855533,0.03187261218556174,0.0031107080707866498,0.03544648317200826,7.44427936144045e-05,0.9370824505175214,0.06709790868412067,0.10038839456474062,0.00393994742763506,0.004509449788666342,0.0032009127274079496,False,,5.0,5.0,1.55,4.55,0.021505497980608447,-0.006637725735404047,0,101,0.0030861451712686843,0.002990418472060709,0,101,True
11,gain_matched,centered_confirmation-007,fixed_cadence,0.0,-0.5264386179293323,0.05,0.0,0.01601096782469068,0.1825751214284659,0.029480095924903395,0.0031107080707866498,0.03058534743731817,7.44427936144045e-05,0.8757951508993961,0.06709790868412067,0.0927948230027626,0.00393994742763506,0.004678114131552814,0.0032009127274079496,False,,5.0,5.0,1.3,4.3,0.02029912897769998,-0.005933058022347238,0,101,0.0030861451712686843,0.002990418472060709,0,101,True
11,gain_matched,centered_confirmation-000,fixed_cadence,0.05,0.3541282217646782,0.049999999999999996,0.05,0.01918429545633282,0.19968258456824922,0.023149745486003417,0.002327608222140676,0.01446178313092592,6.274864774785328e-05,0.6687959781670719,0.07118125666023753,0.07322897787293302,0.0025246512443830712,0.0031585291305888117,0.0024524500097002893,False,,5.0,5.0,1.65,4.65,-0.008636071509340914,0.008839598205046924,0,100,0.0023420626474226396,0.002268282140924575,0,100,True
11,gain_matched,centered_confirmation-001,fixed_cadence,0.05,0.41565273311775136,0.049999999999999996,0.05,0.019224628454503484,0.1998409113404225,0.027027630630160986,0.002327608222140676,0.01993824583893862,6.274864774785328e-05,0.7741180599117422,0.07118125666023753,0.08556806208640265,0.0025246512443830712,0.0014290349508797196,0.0024524500097002893,False,,5.0,5.0,1.3,4.3,-0.010595086470464381,0.009948716753106105,0,100,0.0023420626474226396,0.002268282140924575,0,100,True
11,gain_matched,centered_confirmation-002,fixed_cadence,0.05,-0.4933611177198613,0.049999999999999996,0.05,0.019194222072425292,0.19966868541411076,0.030413237731186073,0.002327608222140676,0.028635349011185453,6.274864774785328e-05,0.9025674574458745,0.07118125666023753,0.09598529775006405,0.0025246512443830712,0.00387892908105411,0.0024524500097002893,False,,5.0,5.0,1.45,4.45,0.01759815596469292,-0.006897301291916916,0,100,0.0023420626474226396,0.002268282140924575,0,100,True
11,gain_matched,centered_confirmation-003,fixed_cadence,0.05,-0.4314512128249486,0.049999999999999996,0.05,0.019158205315212465,0.19953211959799405,0.026512874924317264,0.002327608222140676,0.02199347345404659,6.274864774785328e-05,0.7997476032012844,0.07118125666023753,0.08359731829283612,0.0025246512443830712,0.0037797673878863544,0.0024524500097002893,False,,5.0,5.0,1.25,4.25,0.01576684672214636,-0.0057309217045177704,0,100,0.0023420626474226396,0.002268282140924575,0,100,True
11,gain_matched,centered_confirmation-004,fixed_cadence,0.05,-0.5204102239457927,0.049999999999999996,0.05,0.019211374327214252,0.19973371842638812,0.03213438011970239,0.002327608222140676,0.03181252690287706,6.274864774785328e-05,0.948031612523809,0.07118125666023753,0.10143982803678875,0.0025246512443830712,0.004074447258384417,0.0024524500097002893,False,,5.0,5.0,1.3,4.3,0.018486722620358553,-0.007401533981326652,0,100,0.0023420626474226396,0.002268282140924575,0,100,True
11,gain_matched,centered_confirmation-005,fixed_cadence,0.05,-0.5721576212767027,0.049999999999999996,0.05,0.019246783796803148,0.19986829954065147,0.035411276832963565,0.002327608222140676,0.038341403094698016,6.274864774785328e-05,1.0328635755562925,0.07118125666023753,0.11183151958941555,0.0025246512443830712,0.0040839788849206665,0.0024524500097002893,False,,5.0,5.0,1.5,4.5,0.01999566315241703,-0.008394180563672615,0,100,0.0023420626474226396,0.002268282140924575,0,100,True
11,gain_matched,centered_confirmation-006,fixed_cadence,0.05,-0.5662041871326249,0.049999999999999996,0.05,0.019242631493325446,0.19985256760194492,0.035032042926941453,0.002327608222140676,0.037563955797141106,6.274864774785328e-05,1.0225055801504994,0.07118125666023753,0.11063381447500051,0.0025246512443830712,0.00402598881386481,0.0024524500097002893,False,,5.0,5.0,1.55,4.55,0.019806154716541853,-0.008292306516293054,0,100,0.0023420626474226396,0.002268282140924575,0,100,True
11,gain_matched,centered_confirmation-007,fixed_cadence,0.05,-0.5264386179293323,0.049999999999999996,0.05,0.019215318740243865,0.19974869910085405,0.032516634240322265,0.002327608222140676,0.03254243956341285,6.274864774785328e-05,0.9580475004398972,0.07118125666023753,0.10265178798882188,0.0025246512443830712,0.004093975985627096,0.0024524500097002893,False,,5.0,5.0,1.3,4.3,0.018671977561494198,-0.007515282601670309,0,100,0.0023420626474226396,0.002268282140924575,0,100,True
11,gain_matched,centered_confirmation-000,fixed_cadence,0.1,0.3541282217646782,0.05,0.1,0.022700051867697565,0.21729109936392602,0.02505844608781998,0.0022262148935423367,0.01570438203070125,8.190717620121344e-05,0.7533923576281563,0.10149419191043545,0.07946687611280356,0.0025230085160257484,0.0032071102508061324,0.0023765593961828386,False,,5.0,5.0,1.65,4.65,-0.008120799357843834,0.009351953661280669,0,99,0.0022291050787742544,0.0021574327283215575,0,99,True
11,gain_matched,centered_confirmation-001,fixed_cadence,0.1,0.41565273311775136,0.05,0.1,0.022761381123916118,0.21747828203071803,0.029262471252113023,0.0022262148935423367,0.021599081198109205,8.190717620121344e-05,0.8673202194527884,0.10149419191043545,0.09284117714477474,0.0025230085160257484,0.001346837641761447,0.0023765593961828386,False,,5.0,5.0,1.3,4.3,-0.009966092116040427,0.010573744995300907,0,99,0.0022291050787742544,0.0021574327283215575,0,99,True
11,gain_matched,centered_confirmation-002,fixed_cadence,0.1,-0.4933611177198613,0.05,0.1,0.02257334333557703,0.2168831461939197,0.03297360381300478,0.0022262148935423367,0.03100075588028068,8.190717620121344e-05,1.010775131832172,0.10149419191043545,0.1044945317659635,0.0025230085160257484,0.0038568809486243813,0.0023765593961828386,False,,5.0,5.0,1.45,4.45,0.016648759046542207,-0.007836783059022625,0,99,0.0022291050787742544,0.0021574327283215575,0,99,True
11,gain_matched,centered_confirmation-003,fixed_cadence,0.1,-0.4314512128249486,0.05,0.1,0.02253430144131851,0.21676336501980897,0.028771252403990612,0.0022262148935423367,0.02382896034301193,8.190717620121344e-05,0.8982829382524986,0.10149419191043545,0.09111842133063852,0.0025230085160257484,0.0037520760773764,0.0023765593961828386,False,,5.0,5.0,1.25,4.25,0.014927570037143987,-0.00656398053391323,0,99,0.0022291050787742544,0.0021574327283215575,0,99,True
11,gain_matched,centered_confirmation-004,fixed_cadence,0.1,-0.5204102239457927,0.05,0.1,0.022592350525481735,0.21694142733950147,0.03485237111985783,0.0022262148935423367,0.03444987297032992,8.190717620121344e-05,1.0601424826936028,0.10149419191043545,0.11045907562981114,0.0025230085160257484,0.00405473793422745,0.0023765593961828386,False,,5.0,5.0,1.3,4.3,0.0174927584368463,-0.008387474613668542,0,99,0.0022291050787742544,0.0021574327283215575,0,99,True
11,gain_matched,centered_confirmation-005,fixed_cadence,0.1,-0.5721576212767027,0.05,0.1,0.02263266760377573,0.21706523299441433,0.038383423298691974,0.0022262148935423367,0.04149443454468581,8.190717620121344e-05,1.1528583528355858,0.10149419191043545,0.12167794657161357,0.0025230085160257484,0.004079747999562296,0.0023765593961828386,False,,5.0,5.0,1.5,4.5,0.0189071978900309,-0.009471203230219305,0,99,0.0022291050787742544,0.0021574327283215575,0,99,True
11,gain_matched,centered_confirmation-006,fixed_cadence,0.1,-0.5662041871326249,0.05,0.1,0.02262792714028554,0.2170507418104112,0.03797082279326284,0.0022262148935423367,0.04065610329418481,8.190717620121344e-05,1.1416791629300618,0.10149419191043545,0.1203725619957542,0.0025230085160257484,0.004034624433893044,0.0023765593961828386,False,,5.0,5.0,1.55,4.55,0.018727733860510153,-0.009359303701432588,0,99,0.0022291050787742544,0.0021574327283215575,0,99,True
11,gain_matched,centered_confirmation-007,fixed_cadence,0.1,-0.5264386179293323,0.05,0.1,0.02259678764640519,0.21695504820544737,0.03526633666041536,0.0022262148935423367,0.03523930351432974,8.190717620121344e-05,1.0710614797727365,0.10149419191043545,0.11177405457500864,0.0025230085160257484,0.004074935361538619,0.0023765593961828386,False,,5.0,5.0,1.3,4.3,0.01766748013828949,-0.008511692963660309,0,99,0.0022291050787742544,0.0021574327283215575,0,99,True
11,gain_matched,centered_confirmation-000,fixed_cadence,0.2,0.3541282217646782,0.049999999999999996,0.19999999999999998,0.030967200698555002,0.25775551951310827,0.028667414876815418,0.0025870155753863243,0.018875561457263535,0.00019882131674538788,0.9238857398622825,0.1473394720697004,0.09248313931684518,0.005801228997787627,0.0035911482559597566,0.0020352774115180734,False,,5.0,5.0,1.65,4.65,-0.006574716501846543,0.011015437885670455,0,97,0.0023127225971076542,0.0022528318195064435,0,97,True
11,gain_matched,centered_confirmation-001,fixed_cadence,0.2,0.41565273311775136,0.049999999999999996,0.19999999999999998,0.031055664570478606,0.2578921054688423,0.03366974204039161,0.0025870155753863243,0.02559964995426564,0.00019882131674538788,1.0543866825544428,0.1473394720697004,0.10859156113149632,0.005801228997787627,0.0014569942601580386,0.0020352774115180734,False,,5.0,5.0,1.3,4.3,-0.008083162891283269,0.01248851689562709,0,97,0.0023127225971076542,0.0022528318195064435,0,97,True
11,gain_matched,centered_confirmation-002,fixed_cadence,0.2,-0.4933611177198613,0.049999999999999996,0.19999999999999998,0.030458601414229437,0.25668463433225713,0.03868087952680599,0.0025870155753863243,0.038736208379609616,0.00019882131674538788,1.2509435718202189,0.1473394720697004,0.12550864493511676,0.005801228997787627,0.0030515029059024934,0.0020352774115180734,False,,5.0,5.0,1.45,4.45,0.0146864391481731,-0.009867949343573849,0,97,0.0023127225971076542,0.0022528318195064435,0,97,True
11,gain_matched,centered_confirmation-003,fixed_cadence,0.2,-0.4314512128249486,0.049999999999999996,0.19999999999999998,0.030431861794409258,0.256669773246664,0.03363919201860779,0.0025870155753863243,0.029951693637326672,0.00019882131674538788,1.11507759791549,0.1473394720697004,0.10917982640592296,0.005801228997787627,0.0030732717549808567,0.0020352774115180734,False,,5.0,5.0,1.25,4.25,0.013180928034171823,-0.008307012277066064,0,97,0.0023127225971076542,0.0022528318195064435,0,97,True
11,gain_matched,centered_confirmation-004,fixed_cadence,0.2,-0.5204102239457927,0.049999999999999996,0.19999999999999998,0.030475337875505954,0.2566929059996668,0.04072771607273775,0.0025870155753863243,0.043053219933001825,0.00019882131674538788,1.3110350311243133,0.1473394720697004,0.13218761005270227,0.005801228997787627,0.0032542758252015703,0.0020352774115180734,False,,5.0,5.0,1.3,4.3,0.015376624796375995,-0.010519810249456826,0,97,0.0023127225971076542,0.0022528318195064435,0,97,True
11,gain_matched,centered_confirmation-005,fixed_cadence,0.2,-0.5721576212767027,0.049999999999999996,0.19999999999999998,0.03050749393156147,0.2567203883110445,0.044933261907183275,0.0025870155753863243,0.05155760679650023,0.00019882131674538788,1.4226505861126988,0.1473394720697004,0.14577668016645873,0.005801228997787627,0.0032942538193213213,0.0020352774115180734,False,,5.0,5.0,1.5,4.5,0.016630360953346256,-0.011851173171132517,0,97,0.0023127225971076542,0.0022528318195064435,0,97,True
11,gain_matched,centered_confirmation-006,fixed_cadence,0.2,-0.5662041871326249,0.049999999999999996,0.19999999999999998,0.030502577753568814,0.2567160577658366,0.044459393911848256,0.0025870155753863243,0.05046509370884302,0.00019882131674538788,1.4090537759357296,0.1473394720697004,0.14423790109287765,0.005801228997787627,0.003325947767114031,0.0020352774115180734,False,,5.0,5.0,1.55,4.55,0.016491499291941887,-0.011716848235569257,0,97,0.0023127225971076542,0.0022528318195064435,0,97,True
11,gain_matched,centered_confirmation-007,fixed_cadence,0.2,-0.5264386179293323,0.049999999999999996,0.19999999999999998,0.030479003939935783,0.2566954978662006,0.041205248591224874,0.0025870155753863243,0.044023349939085216,0.00019882131674538788,1.324247525005897,0.1473394720697004,0.13373642048148388,0.005801228997787627,0.003269387817606224,0.0020352774115180734,False,,5.0,5.0,1.3,4.3,0.015525575234577423,-0.010670147968616334,0,97,0.0023127225971076542,0.0022528318195064435,0,97,True
22,native,centered_confirmation-000,serial,0.0,0.3541282217646782,0.05,0.0,0.016702130709938902,0.185935131124686,0.021007164018278544,0.002378721999095067,0.014222312599304607,0.00018239179712296882,0.6915045529603958,0.16005050390958786,0.06589106125413201,0.00676004241467141,0.0022541072778681196,0.001087482419269149,False,,5.0,5.0,1.65,4.65,-0.013070241175591945,0.004517146268406214,0,101,-0.0016202326864004136,-0.001592472895458785,0,101,True
22,native,centered_confirmation-001,serial,0.0,0.41565273311775136,0.05,0.0,0.01668945697336456,0.18585820986001247,0.02471735517791503,0.002378721999095067,0.019920387153602257,0.00018239179712296882,0.7921399921178818,0.16005050390958786,0.07776663383753642,0.00676004241467141,0.0023921183753527102,0.001087482419269149,False,,5.0,5.0,1.3,4.3,-0.015112447924911976,0.005532088295234684,0,101,-0.0016202326864004136,-0.001592472895458785,0,101,True
22,native,centered_confirmation-002,serial,0.0,-0.4933611177198613,0.05,0.0,0.01693380372784038,0.18713029166504141,0.02909605956526955,0.002378721999095067,0.02526689010807111,0.00018239179712296882,0.8866805210709572,0.16005050390958786,0.09176613203100203,0.00676004241467141,0.0013683084597102145,0.001087482419269149,False,,5.0,5.0,1.45,4.45,0.014295214787125587,-0.01009995174973867,0,101,-0.0016202326864004136,-0.001592472895458785,0,101,True
22,native,centered_confirmation-003,serial,0.0,-0.4314512128249486,0.05,0.0,0.016897994452001255,0.18695830633849292,0.02549481959881192,0.002378721999095067,0.019130946915390315,0.00018239179712296882,0.7857205346226692,0.16005050390958786,0.0802805931925685,0.00676004241467141,0.0007564581153147376,0.001087482419269149,False,,5.0,5.0,1.25,4.25,0.012370342388749123,-0.009021555214805639,0,101,-0.0016202326864004136,-0.001592472895458785,0,101,True
22,native,centered_confirmation-004,serial,0.0,-0.5204102239457927,0.05,0.0,0.016938806484215058,0.18715395612784644,0.03072437683037651,0.002378721999095067,0.028002719923664605,0.00018239179712296882,0.9216506406664848,0.16005050390958786,0.096882671283984,0.00676004241467141,0.0009764382633476105,0.001087482419269149,False,,5.0,5.0,1.3,4.3,0.015223710238933564,-0.010559091097368415,0,101,-0.0016202326864004136,-0.001592472895458785,0,101,True
22,native,centered_confirmation-005,serial,0.0,-0.5721576212767027,0.05,0.0,0.016970944753500007,0.1873072049852028,0.03380474143300993,0.002378721999095067,0.0342315008763771,0.00018239179712296882,1.0068031772971153,0.16005050390958786,0.10669435055243288,0.00676004241467141,0.001966210713053372,0.001087482419269149,False,,5.0,5.0,1.5,4.5,0.016816883906722067,-0.011474754051654282,0,101,-0.0016202326864004136,-0.001592472895458785,0,101,True
22,native,centered_confirmation-006,serial,0.0,-0.5662041871326249,0.05,0.0,0.01696981188043215,0.1873021409817062,0.033485891934048544,0.002378721999095067,0.0336414827727758,0.00018239179712296882,0.9991654381155968,0.16005050390958786,0.10569385452954061,0.00676004241467141,0.0023724161077633608,0.001087482419269149,False,,5.0,5.0,1.55,4.55,0.016619102284312248,-0.011383363843262119,0,101,-0.0016202326864004136,-0.001592472895458785,0,101,True
22,native,centered_confirmation-007,serial,0.0,-0.5264386179293323,0.05,0.0,0.01694148955006489,0.1871667127114409,0.031082569696571968,0.002378721999095067,0.02866625212627012,0.00018239179712296882,0.9307324513792992,0.16005050390958786,0.09801762462533771,0.00676004241467141,0.0009936008984261532,0.001087482419269149,False,,5.0,5.0,1.3,4.3,0.015418318659067154,-0.010663453967284351,0,101,-0.0016202326864004136,-0.001592472895458785,0,101,True
22,native,centered_confirmation-000,serial,0.05,0.3541282217646782,0.049999999999999996,0.05,0.01970445190667407,0.20271987117192708,0.022649744823389936,0.0004267776143303514,0.014979212308451638,5.43993838915402e-05,0.7301023602485657,0.13812802731990814,0.07194343269691438,0.0012308119841638843,0.0020738799648684575,0.00015465348545209493,False,,5.0,5.0,1.65,4.65,-0.011128780432045458,0.006429103751413276,0,100,-0.00021281093358993536,-0.00020890248394532401,0,100,True
22,native,centered_confirmation-001,serial,0.05,0.41565273311775136,0.049999999999999996,0.05,0.01969957710026466,0.20268103309148805,0.026489247718403337,0.0004267776143303514,0.02054926137798573,5.43993838915402e-05,0.8342262357473373,0.13812802731990814,0.08415698694681445,0.0012308119841638843,0.0015703444685975846,0.00015465348545209493,False,,5.0,5.0,1.3,4.3,-0.013081540912389755,0.007535417645286214,0,100,-0.00021281093358993536,-0.00020890248394532401,0,100,True
22,native,centered_confirmation-002,serial,0.05,-0.4933611177198613,0.049999999999999996,0.05,0.020009376020968313,0.20403148443391675,0.031688655916454846,0.0004267776143303514,0.02832920601438666,5.43993838915402e-05,0.9509493038058281,0.13812802731990814,0.10057056529790227,0.0012308119841638843,0.001768776472372842,0.00015465348545209493,False,,5.0,5.0,1.45,4.45,0.014936583489179612,-0.009475234078684494,0,100,-0.00021281093358993536,-0.00020890248394532401,0,100,True
22,native,centered_confirmation-003,serial,0.05,-0.4314512128249486,0.049999999999999996,0.05,0.01996897172064793,0.20387438914043776,0.027768753686744186,0.0004267776143303514,0.021756567050481915,5.43993838915402e-05,0.8492463827133179,0.13812802731990814,0.08813459734611431,0.0012308119841638843,0.0013737053018968615,0.00015465348545209493,False,,5.0,5.0,1.25,4.25,0.013111454620957374,-0.00830074929331602,0,100,-0.00021281093358993536,-0.00020890248394532401,0,100,True
22,native,centered_confirmation-004,serial,0.05,-0.5204102239457927,0.049999999999999996,0.05,0.020025224046355525,0.20409211779121328,0.03349904893470176,0.0004267776143303514,0.031582618981147524,5.43993838915402e-05,0.9955586493015289,0.13812802731990814,0.10629956313408838,0.0012308119841638843,0.001685619230742897,0.00015465348545209493,False,,5.0,5.0,1.3,4.3,0.015822897478938103,-0.009978387828849087,0,100,-0.00021281093358993536,-0.00020890248394532401,0,100,True
22,native,centered_confirmation-005,serial,0.05,-0.5721576212767027,0.049999999999999996,0.05,0.020061788860609813,0.20423229977941126,0.036788438004994685,0.0004267776143303514,0.03808112457304072,5.43993838915402e-05,1.0798295587301254,0.13812802731990814,0.11672887201584962,0.0012308119841638843,0.002282152105988896,0.00015465348545209493,False,,5.0,5.0,1.5,4.5,0.01733107715845108,-0.01097540823474873,0,100,-0.00021281093358993536,-0.00020890248394532401,0,100,True
22,native,centered_confirmation-006,serial,0.05,-0.5662041871326249,0.049999999999999996,0.05,0.02005834234203101,0.20421939012351997,0.0363945028347642,0.0004267776143303514,0.03729715924156634,5.43993838915402e-05,1.069805733859539,0.13812802731990814,0.11548445050798478,0.0012308119841638843,0.0025503784106718002,0.00015465348545209493,False,,5.0,5.0,1.55,4.55,0.017142509669065477,-0.010874700653781743,0,100,-0.00021281093358993536,-0.00020890248394532401,0,100,True
22,native,centered_confirmation-007,serial,0.05,-0.5264386179293323,0.049999999999999996,0.05,0.020029186821386564,0.2041073517017707,0.0338899199958442,0.0004267776143303514,0.03231689060760407,5.43993838915402e-05,1.0054469853639603,0.13812802731990814,0.1075379305478883,0.0012308119841638843,0.0017069581300700458,0.00015465348545209493,False,,5.0,5.0,1.3,4.3,0.016007819771766664,-0.010092348515861023,0,100,-0.00021281093358993536,-0.00020890248394532401,0,100,True
22,native,centered_confirmation-000,serial,0.1,0.3541282217646782,0.1,0.10000000000000002,0.026881993051824437,0.23483630396340735,0.026326138545483678,0.001997557519644173,0.01756263222039124,0.00013910749694465152,0.7570561021566391,0.08437797427177429,0.08313953280559949,0.005715387106226023,0.0027806768904501955,0.0009052769254131662,False,,5.0,5.0,1.65,4.65,-0.008707866072654724,0.008679379771962996,0,50,0.0013304822146892547,0.001308760703140776,0,50,True
22,native,centered_confirmation-001,serial,0.1,0.41565273311775136,0.1,0.10000000000000002,0.02597312977520241,0.23122580881843863,0.030216160632774842,0.001997557519644173,0.02340245463577157,0.00013910749694465152,0.8779037743806839,0.08437797427177429,0.09551105737782188,0.005715387106226023,0.0015927334420255377,0.0009052769254131662,False,,5.0,5.0,1.3,4.3,-0.010778972133994105,0.009744197572923663,0,50,0.0013304822146892547,0.001308760703140776,0,50,True
22,native,centered_confirmation-002,serial,0.1,-0.4933611177198613,0.1,0.10000000000000002,0.027129938905029433,0.23552703630277833,0.0370864712488223,0.001997557519644173,0.03537112204841263,0.00013910749694465152,1.0254522413015366,0.08437797427177429,0.1167638970357967,0.005715387106226023,0.0035814683362929743,0.0009052769254131662,False,,5.0,5.0,1.45,4.45,0.015331295132637025,-0.008947842477123482,0,50,0.0013304822146892547,0.001308760703140776,0,50,True
22,native,centered_confirmation-003,serial,0.1,-0.4314512128249486,0.1,0.10000000000000002,0.027096330775115973,0.2354532141164181,0.03241346252212468,0.001997557519644173,0.027454198979065675,0.00013910749694465152,0.9109451994299889,0.08437797427177429,0.1021017973255309,0.005715387106226023,0.0031887792817367993,0.0009052769254131662,False,,5.0,5.0,1.25,4.25,0.013710906356573108,-0.007670597225126497,0,50,0.0013304822146892547,0.001308760703140776,0,50,True
22,native,centered_confirmation-004,serial,0.1,-0.5204102239457927,0.1,0.10000000000000002,0.026227566897721977,0.23197255332624953,0.038454941865215156,0.001997557519644173,0.03924634050222239,0.00013910749694465152,1.0947538912296295,0.08437797427177429,0.1213269536018684,0.005715387106226023,0.0036767607389695607,0.0009052769254131662,False,,5.0,5.0,1.3,4.3,0.01644375249743462,-0.009296511631485847,0,50,0.0013304822146892547,0.001308760703140776,0,50,True
22,native,centered_confirmation-005,serial,0.1,-0.5721576212767027,0.1,0.10000000000000002,0.02625754422216626,0.23204012269255478,0.042252910167805816,0.001997557519644173,0.046818031254565594,0.00013910749694465152,1.1902977526187897,0.08437797427177429,0.13323068118339368,0.005715387106226023,0.004049413419849506,0.0009052769254131662,False,,5.0,5.0,1.5,4.5,0.017782237380743023,-0.010353108018087165,0,50,0.0013304822146892547,0.001308760703140776,0,50,True
22,native,centered_confirmation-006,serial,0.1,-0.5662041871326249,0.1,0.10000000000000002,0.027180196203086995,0.23564374574769373,0.04249086401569688,0.001997557519644173,0.04603675227182773,0.00013910749694465152,1.15918830037117,0.08437797427177429,0.13376137043144537,0.005715387106226023,0.004210394036336288,0.0009052769254131662,False,,5.0,5.0,1.55,4.55,0.01733572036027908,-0.010488164325908711,0,50,0.0013304822146892547,0.001308760703140776,0,50,True
22,native,centered_confirmation-007,serial,0.1,-0.5264386179293323,0.1,0.10000000000000002,0.02623197315385237,0.23198356700346723,0.03889996145933359,0.001997557519644173,0.04013761125774187,0.00013910749694465152,1.1063224822282791,0.08437797427177429,0.12273117357169949,0.005715387106226023,0.0037102961115782662,0.0009052769254131662,False,,5.0,5.0,1.3,4.3,0.01661805585026741,-0.009420059802764145,0,50,0.0013304822146892547,0.001308760703140776,0,50,True
22,native,centered_confirmation-000,serial,0.2,0.3541282217646782,0.19999999999999998,0.2,0.04732715334321063,0.29953581592101114,0.03446641375706219,0.0026579405056009215,0.02838920824378311,0.00029380050845961847,0.9808775782585144,0.10767266154289246,0.10529488350138803,0.00784804170897606,0.004874822261026573,0.0011572310371079102,False,,5.0,5.0,1.65,4.65,-0.006214472651481632,0.01057859867512444,0,25,0.0015936940908432007,0.001576121181388844,0,25,True
22,native,centered_confirmation-001,serial,0.2,0.41565273311775136,0.19999999999999998,0.2,0.04499312493466687,0.2914066387279489,0.03947814959516725,0.0026579405056009215,0.03499867855492611,0.00029380050845961847,1.0960913449525833,0.10767266154289246,0.11986892844155861,0.00784804170897606,0.004634592898463453,0.0011572310371079102,False,,5.0,5.0,1.3,4.3,-0.00847908258438111,0.011956881594686865,0,25,0.0015936940908432007,0.001576121181388844,0,25,True
22,native,centered_confirmation-002,serial,0.2,-0.4933611177198613,0.19999999999999998,0.2,0.04717468058276366,0.29886267529897803,0.048927484329849745,0.0026579405056009215,0.05886947475012156,0.00029380050845961847,1.3733352720737457,0.10767266154289246,0.1490008854587283,0.00784804170897606,0.007617015526175635,0.0011572310371079102,False,,5.0,5.0,1.45,4.45,0.012990626692771911,-0.010808380147859653,0,25,0.0015936940908432007,0.001576121181388844,0,25,True
22,native,centered_confirmation-003,serial,0.2,-0.4314512128249486,0.19999999999999998,0.2,0.047156432166174066,0.2988844978551585,0.0425859460301776,0.0026579405056009215,0.04561986824809961,0.00029380050845961847,1.2144284695386887,0.10767266154289246,0.12989980515371086,0.00784804170897606,0.006455651377296996,0.0011572310371079102,False,,5.0,5.0,1.25,4.25,0.011991745233535776,-0.009381592447893695,0,25,0.0015936940908432007,0.001576121181388844,0,25,True
22,native,centered_confirmation-004,serial,0.2,-0.5204102239457927,0.19999999999999998,0.2,0.044928883188726426,0.29083822815099303,0.05019886090092524,0.0026579405056009215,0.06078346641840455,0.00029380050845961847,1.39660082757473,0.10767266154289246,0.15261022483842637,0.00784804170897606,0.007665534829092322,0.0011572310371079102,False,,5.0,5.0,1.3,4.3,0.01435432583093644,-0.011268927872475697,0,25,0.0015936940908432007,0.001576121181388844,0,25,True
22,native,centered_confirmation-005,serial,0.2,-0.5721576212767027,0.19999999999999998,0.2,0.04494960711823359,0.29082231135553954,0.05531115012042272,0.0026579405056009215,0.07246162509906594,0.00029380050845961847,1.5165556967258453,0.10767266154289246,0.1678413588060447,0.00784804170897606,0.008516734773580467,0.0011572310371079102,False,,5.0,5.0,1.5,4.5,0.015063805133104327,-0.012408828270929515,0,25,0.0015936940908432007,0.001576121181388844,0,25,True
22,native,centered_confirmation-006,serial,0.2,-0.5662041871326249,0.19999999999999998,0.2,0.043757323005268335,0.28878777666587296,0.05400484992395699,0.0026579405056009215,0.07140933758615527,0.00029380050845961847,1.5829391777515411,0.10767266154289246,0.1647936767240108,0.00784804170897606,0.008481267589058119,0.0011572310371079102,False,,5.0,5.0,1.55,4.55,0.015179533511400226,-0.01189866736012046,0,25,0.0015936940908432007,0.001576121181388844,0,25,True
22,native,centered_confirmation-007,serial,0.2,-0.5264386179293323,0.19999999999999998,0.2,0.04493114348236193,0.29083618985914234,0.05077571000276343,0.0026579405056009215,0.0621585867768619,0.00029380050845961847,1.4114666730165482,0.10767266154289246,0.1543624392276503,0.00784804170897606,0.007745165122268154,0.0011572310371079102,False,,5.0,5.0,1.3,4.3,0.014502869546413433,-0.011416825358752066,0,25,0.0015936940908432007,0.001576121181388844,0,25,True
22,native,centered_confirmation-000,fixed_cadence,0.0,0.3541282217646782,0.05,0.0,0.016702130709938902,0.185935131124686,0.021007164018278544,0.002378721999095067,0.014222312599304607,0.00018239179712296882,0.6915045529603958,0.16005050390958786,0.06589106125413201,0.00676004241467141,0.0022541072778681196,0.001087482419269149,False,,5.0,5.0,1.65,4.65,-0.013070241175591945,0.004517146268406214,0,101,-0.0016202326864004136,-0.001592472895458785,0,101,True
22,native,centered_confirmation-001,fixed_cadence,0.0,0.41565273311775136,0.05,0.0,0.01668945697336456,0.18585820986001247,0.02471735517791503,0.002378721999095067,0.019920387153602257,0.00018239179712296882,0.7921399921178818,0.16005050390958786,0.07776663383753642,0.00676004241467141,0.0023921183753527102,0.001087482419269149,False,,5.0,5.0,1.3,4.3,-0.015112447924911976,0.005532088295234684,0,101,-0.0016202326864004136,-0.001592472895458785,0,101,True
22,native,centered_confirmation-002,fixed_cadence,0.0,-0.4933611177198613,0.05,0.0,0.01693380372784038,0.18713029166504141,0.02909605956526955,0.002378721999095067,0.02526689010807111,0.00018239179712296882,0.8866805210709572,0.16005050390958786,0.09176613203100203,0.00676004241467141,0.0013683084597102145,0.001087482419269149,False,,5.0,5.0,1.45,4.45,0.014295214787125587,-0.01009995174973867,0,101,-0.0016202326864004136,-0.001592472895458785,0,101,True
22,native,centered_confirmation-003,fixed_cadence,0.0,-0.4314512128249486,0.05,0.0,0.016897994452001255,0.18695830633849292,0.02549481959881192,0.002378721999095067,0.019130946915390315,0.00018239179712296882,0.7857205346226692,0.16005050390958786,0.0802805931925685,0.00676004241467141,0.0007564581153147376,0.001087482419269149,False,,5.0,5.0,1.25,4.25,0.012370342388749123,-0.009021555214805639,0,101,-0.0016202326864004136,-0.001592472895458785,0,101,True
22,native,centered_confirmation-004,fixed_cadence,0.0,-0.5204102239457927,0.05,0.0,0.016938806484215058,0.18715395612784644,0.03072437683037651,0.002378721999095067,0.028002719923664605,0.00018239179712296882,0.9216506406664848,0.16005050390958786,0.096882671283984,0.00676004241467141,0.0009764382633476105,0.001087482419269149,False,,5.0,5.0,1.3,4.3,0.015223710238933564,-0.010559091097368415,0,101,-0.0016202326864004136,-0.001592472895458785,0,101,True
22,native,centered_confirmation-005,fixed_cadence,0.0,-0.5721576212767027,0.05,0.0,0.016970944753500007,0.1873072049852028,0.03380474143300993,0.002378721999095067,0.0342315008763771,0.00018239179712296882,1.0068031772971153,0.16005050390958786,0.10669435055243288,0.00676004241467141,0.001966210713053372,0.001087482419269149,False,,5.0,5.0,1.5,4.5,0.016816883906722067,-0.011474754051654282,0,101,-0.0016202326864004136,-0.001592472895458785,0,101,True
22,native,centered_confirmation-006,fixed_cadence,0.0,-0.5662041871326249,0.05,0.0,0.01696981188043215,0.1873021409817062,0.033485891934048544,0.002378721999095067,0.0336414827727758,0.00018239179712296882,0.9991654381155968,0.16005050390958786,0.10569385452954061,0.00676004241467141,0.0023724161077633608,0.001087482419269149,False,,5.0,5.0,1.55,4.55,0.016619102284312248,-0.011383363843262119,0,101,-0.0016202326864004136,-0.001592472895458785,0,101,True
22,native,centered_confirmation-007,fixed_cadence,0.0,-0.5264386179293323,0.05,0.0,0.01694148955006489,0.1871667127114409,0.031082569696571968,0.002378721999095067,0.02866625212627012,0.00018239179712296882,0.9307324513792992,0.16005050390958786,0.09801762462533771,0.00676004241467141,0.0009936008984261532,0.001087482419269149,False,,5.0,5.0,1.3,4.3,0.015418318659067154,-0.010663453967284351,0,101,-0.0016202326864004136,-0.001592472895458785,0,101,True
22,native,centered_confirmation-000,fixed_cadence,0.05,0.3541282217646782,0.049999999999999996,0.05,0.01970445190667407,0.20271987117192708,0.022649744823389936,0.0004267776143303514,0.014979212308451638,5.43993838915402e-05,0.7301023602485657,0.13812802731990814,0.07194343269691438,0.0012308119841638843,0.0020738799648684575,0.00015465348545209493,False,,5.0,5.0,1.65,4.65,-0.011128780432045458,0.006429103751413276,0,100,-0.00021281093358993536,-0.00020890248394532401,0,100,True
22,native,centered_confirmation-001,fixed_cadence,0.05,0.41565273311775136,0.049999999999999996,0.05,0.01969957710026466,0.20268103309148805,0.026489247718403337,0.0004267776143303514,0.02054926137798573,5.43993838915402e-05,0.8342262357473373,0.13812802731990814,0.08415698694681445,0.0012308119841638843,0.0015703444685975846,0.00015465348545209493,False,,5.0,5.0,1.3,4.3,-0.013081540912389755,0.007535417645286214,0,100,-0.00021281093358993536,-0.00020890248394532401,0,100,True
22,native,centered_confirmation-002,fixed_cadence,0.05,-0.4933611177198613,0.049999999999999996,0.05,0.020009376020968313,0.20403148443391675,0.031688655916454846,0.0004267776143303514,0.02832920601438666,5.43993838915402e-05,0.9509493038058281,0.13812802731990814,0.10057056529790227,0.0012308119841638843,0.001768776472372842,0.00015465348545209493,False,,5.0,5.0,1.45,4.45,0.014936583489179612,-0.009475234078684494,0,100,-0.00021281093358993536,-0.00020890248394532401,0,100,True
22,native,centered_confirmation-003,fixed_cadence,0.05,-0.4314512128249486,0.049999999999999996,0.05,0.01996897172064793,0.20387438914043776,0.027768753686744186,0.0004267776143303514,0.021756567050481915,5.43993838915402e-05,0.8492463827133179,0.13812802731990814,0.08813459734611431,0.0012308119841638843,0.0013737053018968615,0.00015465348545209493,False,,5.0,5.0,1.25,4.25,0.013111454620957374,-0.00830074929331602,0,100,-0.00021281093358993536,-0.00020890248394532401,0,100,True
22,native,centered_confirmation-004,fixed_cadence,0.05,-0.5204102239457927,0.049999999999999996,0.05,0.020025224046355525,0.20409211779121328,0.03349904893470176,0.0004267776143303514,0.031582618981147524,5.43993838915402e-05,0.9955586493015289,0.13812802731990814,0.10629956313408838,0.0012308119841638843,0.001685619230742897,0.00015465348545209493,False,,5.0,5.0,1.3,4.3,0.015822897478938103,-0.009978387828849087,0,100,-0.00021281093358993536,-0.00020890248394532401,0,100,True
22,native,centered_confirmation-005,fixed_cadence,0.05,-0.5721576212767027,0.049999999999999996,0.05,0.020061788860609813,0.20423229977941126,0.036788438004994685,0.0004267776143303514,0.03808112457304072,5.43993838915402e-05,1.0798295587301254,0.13812802731990814,0.11672887201584962,0.0012308119841638843,0.002282152105988896,0.00015465348545209493,False,,5.0,5.0,1.5,4.5,0.01733107715845108,-0.01097540823474873,0,100,-0.00021281093358993536,-0.00020890248394532401,0,100,True
22,native,centered_confirmation-006,fixed_cadence,0.05,-0.5662041871326249,0.049999999999999996,0.05,0.02005834234203101,0.20421939012351997,0.0363945028347642,0.0004267776143303514,0.03729715924156634,5.43993838915402e-05,1.069805733859539,0.13812802731990814,0.11548445050798478,0.0012308119841638843,0.0025503784106718002,0.00015465348545209493,False,,5.0,5.0,1.55,4.55,0.017142509669065477,-0.010874700653781743,0,100,-0.00021281093358993536,-0.00020890248394532401,0,100,True
22,native,centered_confirmation-007,fixed_cadence,0.05,-0.5264386179293323,0.049999999999999996,0.05,0.020029186821386564,0.2041073517017707,0.0338899199958442,0.0004267776143303514,0.03231689060760407,5.43993838915402e-05,1.0054469853639603,0.13812802731990814,0.1075379305478883,0.0012308119841638843,0.0017069581300700458,0.00015465348545209493,False,,5.0,5.0,1.3,4.3,0.016007819771766664,-0.010092348515861023,0,100,-0.00021281093358993536,-0.00020890248394532401,0,100,True
22,native,centered_confirmation-000,fixed_cadence,0.1,0.3541282217646782,0.05,0.1,0.02355638196002068,0.22118416771076885,0.0247931459684898,0.0014831486718121932,0.015457637300067032,9.284593803483843e-05,0.729847140610218,0.09826771914958954,0.07868407031796419,0.003958689927154358,0.002572845442769337,0.0008851634845319249,False,,5.0,5.0,1.65,4.65,-0.009074087068438529,0.008480933414348423,0,99,0.0011586885899305343,0.0011342736310882295,0,99,True
22,native,centered_confirmation-001,fixed_cadence,0.1,0.41565273311775136,0.05,0.1,0.023562438113977232,0.22119683813325605,0.02898756750427766,0.0014831486718121932,0.020968284715873926,9.284593803483843e-05,0.8379692956805229,0.09826771914958954,0.09197819773073633,0.003958689927154358,0.0008395224142200778,0.0008851634845319249,False,,5.0,5.0,1.3,4.3,-0.010877569764852523,0.00969808041691943,0,99,0.0011586885899305343,0.0011342736310882295,0,99,True
22,native,centered_confirmation-002,fixed_cadence,0.1,-0.4933611177198613,0.05,0.1,0.023824853739454116,0.22204455835280607,0.03457784792390061,0.0014831486718121932,0.030677205084417507,9.284593803483843e-05,0.9771042317152023,0.09826771914958954,0.10948190788529694,0.003958689927154358,0.0025711064705711646,0.0008851634845319249,False,,5.0,5.0,1.45,4.45,0.015369024500250817,-0.009073862040797945,0,99,0.0011586885899305343,0.0011342736310882295,0,99,True
22,native,centered_confirmation-003,fixed_cadence,0.1,-0.4314512128249486,0.05,0.1,0.02378926312107507,0.22194257229117795,0.030209473521719356,0.0014831486718121932,0.023710524502051078,9.284593803483843e-05,0.8698446676135063,0.09826771914958954,0.0956744907577569,0.003958689927154358,0.0023205363851589523,0.0008851634845319249,False,,5.0,5.0,1.25,4.25,0.013647244870662689,-0.0077757479796178655,0,99,0.0011586885899305343,0.0011342736310882295,0,99,True
22,native,centered_confirmation-004,fixed_cadence,0.1,-0.5204102239457927,0.05,0.1,0.02384660343056766,0.22211020791507985,0.03648838374494665,0.0014831486718121932,0.03421814592201776,9.284593803483843e-05,1.0269368439912796,0.09826771914958954,0.11555129563808969,0.003958689927154358,0.0026250811248229268,0.0008851634845319249,False,,5.0,5.0,1.3,4.3,0.016191974654793738,-0.009620957256577516,0,99,0.0011586885899305343,0.0011342736310882295,0,99,True
22,native,centered_confirmation-005,fixed_cadence,0.1,-0.5721576212767027,0.05,0.1,0.02387888995254468,0.22220150485757634,0.04011995060383811,0.0014831486718121932,0.040989813980583927,9.284593803483843e-05,1.1145801097154617,0.09826771914958954,0.12701470511183308,0.003958689927154358,0.0030041862390289002,0.0008851634845319249,False,,5.0,5.0,1.5,4.5,0.01762225329875946,-0.01072468838699091,0,99,0.0011586885899305343,0.0011342736310882295,0,99,True
22,native,centered_confirmation-006,fixed_cadence,0.1,-0.5662041871326249,0.05,0.1,0.02387385606162067,0.22218647439197406,0.03967808145850261,0.0014831486718121932,0.04008033912792537,9.284593803483843e-05,1.102878674864769,0.09826771914958954,0.12561461079258954,0.003958689927154358,0.0031641875299684287,0.0008851634845319249,False,,5.0,5.0,1.55,4.55,0.017451370134949684,-0.010615687337626079,0,99,0.0011586885899305343,0.0011342736310882295,0,99,True
22,native,centered_confirmation-007,fixed_cadence,0.1,-0.5264386179293323,0.05,0.1,0.023850778661643982,0.22212243452171151,0.03691350827696774,0.0014831486718121932,0.03500064633622596,9.284593803483843e-05,1.0375627875328064,0.09826771914958954,0.11689670003706483,0.003958689927154358,0.0026462836265660505,0.0008851634845319249,False,,5.0,5.0,1.3,4.3,0.016365458816289903,-0.009746148423743294,0,99,0.0011586885899305343,0.0011342736310882295,0,99,True
22,native,centered_confirmation-000,fixed_cadence,0.2,0.3541282217646782,0.049999999999999996,0.19999999999999998,0.03132155440594078,0.26031366751478485,0.028507451562118223,0.00166434597947813,0.018841650901336725,0.00011846872199371136,0.9020793437957764,0.15819385647773743,0.09257595937001561,0.004242774946488552,0.0027552476060243073,0.001059743411467955,False,,5.0,5.0,1.65,4.65,-0.0074295839294791196,0.010214128726210667,0,97,0.0013481903821229934,0.0013168424538832755,0,97,True
22,native,centered_confirmation-001,fixed_cadence,0.2,0.41565273311775136,0.049999999999999996,0.19999999999999998,0.031348695916369566,0.26038424851035763,0.03354114120899431,0.00166434597947813,0.025735911751020673,0.00011846872199371136,1.0293492674827576,0.15819385647773743,0.1088533233482958,0.004242774946488552,0.0009016007194338759,0.001059743411467955,False,,5.0,5.0,1.3,4.3,-0.008927039988338947,0.011701810083058237,0,97,0.0013481903821229934,0.0013168424538832755,0,97,True
22,native,centered_confirmation-002,fixed_cadence,0.2,-0.4933611177198613,0.049999999999999996,0.19999999999999998,0.03118981540781666,0.25969513812148853,0.03931475112857689,0.00166434597947813,0.037801365292334035,0.00011846872199371136,1.2112212926149368,0.15819385647773743,0.127752229146369,0.004242774946488552,0.0021458284785835897,0.001059743411467955,False,,5.0,5.0,1.45,4.45,0.013615772500634194,-0.010947132950243537,0,97,0.0013481903821229934,0.0013168424538832755,0,97,True
22,native,centered_confirmation-003,fixed_cadence,0.2,-0.4314512128249486,0.049999999999999996,0.19999999999999998,0.03118392860159002,0.25972217210469145,0.03422468971056253,0.00166434597947813,0.02906027243406968,0.00011846872199371136,1.0792772099375725,0.15819385647773743,0.11128640688119355,0.004242774946488552,0.0019485543972314076,0.001059743411467955,False,,5.0,5.0,1.25,4.25,0.012091708183288575,-0.0093894890781181,0,97,0.0013481903821229934,0.0013168424538832755,0,97,True
22,native,centered_confirmation-004,fixed_cadence,0.2,-0.5204102239457927,0.049999999999999996,0.19999999999999998,0.03119528340470028,0.25968954006427447,0.0413819451539772,0.00166434597947813,0.04205513392325916,0.00011846872199371136,1.2700702622532845,0.15819385647773743,0.13452119290707512,0.004242774946488552,0.0021338626035385987,0.001059743411467955,False,,5.0,5.0,1.3,4.3,0.014303559064865112,-0.01159420233640143,0,97,0.0013481903821229934,0.0013168424538832755,0,97,True
22,native,centered_confirmation-005,fixed_cadence,0.2,-0.5721576212767027,0.049999999999999996,0.19999999999999998,0.03120265076535415,0.25966959676064866,0.045625652192047554,0.00166434597947813,0.05058716523737573,0.00011846872199371136,1.3792235776782036,0.15819385647773743,0.1482282039912573,0.004242774946488552,0.002542155905255415,0.001059743411467955,False,,5.0,5.0,1.5,4.5,0.015584652870893476,-0.012911990020759318,0,97,0.0013481903821229934,0.0013168424538832755,0,97,True
22,native,centered_confirmation-006,fixed_cadence,0.2,-0.5662041871326249,0.049999999999999996,0.19999999999999998,0.03120108705843476,0.25967051418248055,0.04515412525814183,0.00166434597947813,0.0494990258390654,0.00011846872199371136,1.36582400649786,0.15819385647773743,0.14668646117910755,0.004242774946488552,0.0027122131831480148,0.001059743411467955,False,,5.0,5.0,1.55,4.55,0.015444849431514737,-0.012778567166341365,0,97,0.0013481903821229934,0.0013168424538832755,0,97,True
22,native,centered_confirmation-007,fixed_cadence,0.2,-0.5264386179293323,0.049999999999999996,0.19999999999999998,0.031196270011084666,0.2596876514459819,0.04186375878262195,0.00166434597947813,0.04302083539431768,0.00011846872199371136,1.2829916924238205,0.15819385647773743,0.13608570952638302,0.004242774946488552,0.002147941787318619,0.001059743411467955,False,,5.0,5.0,1.3,4.3,0.014454063400626183,-0.011743310476896088,0,97,0.0013481903821229934,0.0013168424538832755,0,97,True
22,raw_weak,centered_confirmation-000,serial,0.0,0.3541282217646782,0.05,0.0,0.016180413165614943,0.18411149266363724,0.02031912494076387,0.006774763190726825,0.015675957972532493,0.00048639522092226717,0.7209425047039986,0.17690401524305344,0.06060781434937543,0.01245237769852508,0.006529146562710494,0.006092659415422864,False,,5.0,5.0,1.65,4.65,-0.018092997930943967,-0.00037508272719615626,0,101,-0.006539250537753105,-0.0063620729030383375,0,101,True
22,raw_weak,centered_confirmation-001,serial,0.0,0.41565273311775136,0.05,0.0,0.016162315034793182,0.18400561775294966,0.023714995163317782,0.006774763190726825,0.0215864238481415,0.00048639522092226717,0.8204637467861176,0.17690401524305344,0.07203035853797954,0.01245237769852508,0.007288682687808244,0.006092659415422864,False,,5.0,5.0,1.3,4.3,-0.02018353287130594,0.0006323442836725854,0,101,-0.006539250537753105,-0.0063620729030383375,0,101,True
22,raw_weak,centered_confirmation-002,serial,0.0,-0.4933611177198613,0.05,0.0,0.016419766836797533,0.185373633318224,0.030681140250361987,0.006774763190726825,0.025183537752629735,0.00048639522092226717,0.9111186861991882,0.17690401524305344,0.09564280641529828,0.01245237769852508,0.004978299402506862,0.006092659415422864,False,,5.0,5.0,1.45,4.45,0.009529430046677587,-0.014725581459737647,0,101,-0.006539250537753105,-0.0063620729030383375,0,101,True
22,raw_weak,centered_confirmation-003,serial,0.0,-0.4314512128249486,0.05,0.0,0.016381266328227485,0.18518427961711434,0.0273174607700773,0.006774763190726825,0.019164521286128555,0.00048639522092226717,0.8070247247815132,0.17690401524305344,0.08462395609567178,0.01245237769852508,0.004982869333229239,0.006092659415422864,False,,5.0,5.0,1.25,4.25,0.007596797496080399,-0.013671508679993038,0,101,-0.006539250537753105,-0.0063620729030383375,0,101,True
22,raw_weak,centered_confirmation-004,serial,0.0,-0.5204102239457927,0.05,0.0,0.016423092015118677,0.1853899476440268,0.032325536343180125,0.006774763190726825,0.028046838914407714,0.00048639522092226717,0.9455258399248123,0.17690401524305344,0.1009427582281094,0.01245237769852508,0.004712980687693865,0.006092659415422864,False,,5.0,5.0,1.3,4.3,0.010476768016815184,-0.015184330418245457,0,101,-0.006539250537753105,-0.0063620729030383375,0,101,True
22,raw_weak,centered_confirmation-005,serial,0.0,-0.5721576212767027,0.05,0.0,0.016458061901397973,0.1855608408032281,0.035223407395401696,0.006774763190726825,0.03420348900945072,0.00048639522092226717,1.0340699180960655,0.17690401524305344,0.11039725344281857,0.01245237769852508,0.005100643022854029,0.006092659415422864,False,,5.0,5.0,1.5,4.5,0.012067973613739012,-0.01607596336936564,0,101,-0.006539250537753105,-0.0063620729030383375,0,101,True
22,raw_weak,centered_confirmation-006,serial,0.0,-0.5662041871326249,0.05,0.0,0.016457605321445915,0.1855589317814708,0.034904995380728845,0.006774763190726825,0.033609266142827984,0.00048639522092226717,1.0269150137901306,0.17690401524305344,0.10938317715594628,0.01245237769852508,0.005471415899586353,0.006092659415422864,False,,5.0,5.0,1.55,4.55,0.011861732229590414,-0.01598308798578147,0,101,-0.006539250537753105,-0.0063620729030383375,0,101,True
22,raw_weak,centered_confirmation-007,serial,0.0,-0.5264386179293323,0.05,0.0,0.016425814506776756,0.18540322644982662,0.03267201662872478,0.006774763190726825,0.028716353452046754,0.00048639522092226717,0.9547758102416992,0.17690401524305344,0.10206677821731597,0.01245237769852508,0.004698133471508172,0.006092659415422864,False,,5.0,5.0,1.3,4.3,0.010673262551426888,-0.015287116415715164,0,101,-0.006539250537753105,-0.0063620729030383375,0,101,True
22,raw_weak,centered_confirmation-000,serial,0.05,0.3541282217646782,0.049999999999999996,0.05,0.019206565279289933,0.20117829065039217,0.02163409362675034,0.007153264383482606,0.016792704637988622,0.00035074504246002136,0.7354490458965302,0.1299189031124115,0.06496687569779638,0.010206355494162891,0.0076160072835898835,0.007172453846659216,False,,5.0,5.0,1.65,4.65,-0.018068379350006582,-0.00032566879616856075,0,100,-0.007053058594465256,-0.0068401297592361006,0,100,True
22,raw_weak,centered_confirmation-001,serial,0.05,0.41565273311775136,0.049999999999999996,0.05,0.019193496149571884,0.2011022641225634,0.025012253071490666,0.007153264383482606,0.02251947899390361,0.00035074504246002136,0.8367577195167542,0.1299189031124115,0.07638963512522652,0.010206355494162891,0.008433041017877337,0.007172453846659216,False,,5.0,5.0,1.3,4.3,-0.0200726393610239,0.0007728601358675577,0,100,-0.007053058594465256,-0.0068401297592361006,0,100,True
22,raw_weak,centered_confirmation-002,serial,0.05,-0.4933611177198613,0.049999999999999996,0.05,0.01952103203102847,0.20256749579462155,0.033961468544018894,0.007153264383482606,0.02795718764515482,0.00035074504246002136,0.9495170786976814,0.1299189031124115,0.10651626889863572,0.010206355494162891,0.005977262826306778,0.007172453846659216,False,,5.0,5.0,1.45,4.45,0.008241111785173415,-0.01596548466783292,0,100,-0.007053058594465256,-0.0068401297592361006,0,100,True
22,raw_weak,centered_confirmation-003,serial,0.05,-0.4314512128249486,0.049999999999999996,0.05,0.019476708852351414,0.20238968169549953,0.030358772886798554,0.007153264383482606,0.021658326333263568,0.00035074504246002136,0.8449965342879295,0.1299189031124115,0.09480112076697261,0.010206355494162891,0.005994661426975479,0.007172453846659216,False,,5.0,5.0,1.25,4.25,0.006412168592214584,-0.014815060681897882,0,100,-0.007053058594465256,-0.0068401297592361006,0,100,True
22,raw_weak,centered_confirmation-004,serial,0.05,-0.5204102239457927,0.049999999999999996,0.05,0.019534403690291573,0.20261965252685465,0.03584459446596522,0.007153264383482606,0.031438288914003854,0.00035074504246002136,0.994141474366188,0.1299189031124115,0.11264440934080401,0.010206355494162891,0.005705054164940239,0.007172453846659216,False,,5.0,5.0,1.3,4.3,0.00914802923798561,-0.016468845009711047,0,100,-0.007053058594465256,-0.0068401297592361006,0,100,True
22,raw_weak,centered_confirmation-005,serial,0.05,-0.5721576212767027,0.049999999999999996,0.05,0.019575266735714223,0.2027816666463901,0.038882694332436234,0.007153264383482606,0.03770932816641572,0.00035074504246002136,1.0816258192062378,0.1299189031124115,0.12246992822618356,0.010206355494162891,0.0060901597071391375,0.007172453846659216,False,,5.0,5.0,1.5,4.5,0.010649682953953741,-0.017442283086075976,0,100,-0.007053058594465256,-0.0068401297592361006,0,100,True
22,raw_weak,centered_confirmation-006,serial,0.05,-0.5662041871326249,0.049999999999999996,0.05,0.01957295304899521,0.20277310600591303,0.038479407095833036,0.007153264383482606,0.03690468385147277,0.00035074504246002136,1.072055846452713,0.1299189031124115,0.121165497845313,0.010206355494162891,0.006472887465180102,0.007172453846659216,False,,5.0,5.0,1.55,4.55,0.010452035069465637,-0.017340092389787416,0,100,-0.007053058594465256,-0.0068401297592361006,0,100,True
22,raw_weak,centered_confirmation-007,serial,0.05,-0.5264386179293323,0.049999999999999996,0.05,0.019538397476297754,0.2026354225024199,0.03622388034496831,0.007153264383482606,0.03217759007137333,0.00035074504246002136,1.0042288899421692,0.1299189031124115,0.11387418235918513,0.010206355494162891,0.005689054261803531,0.007172453846659216,False,,5.0,5.0,1.3,4.3,0.009334751218557358,-0.016581300977762115,0,100,-0.007053058594465256,-0.0068401297592361006,0,100,True
22,raw_weak,centered_confirmation-000,serial,0.1,0.3541282217646782,0.1,0.10000000000000002,0.02639858982394605,0.23347188024192028,0.02493488710381323,0.007504855524227005,0.01972195911287739,0.000312620924279028,0.7415875792503357,0.04654157906770706,0.07485742682165494,0.010127573546944641,0.009125402819438189,0.007926687040623973,False,,5.0,5.0,1.65,4.65,-0.0173575047403574,0.0002536721263231262,0,50,-0.007228825986385345,-0.006990127760758724,0,50,True
22,raw_weak,centered_confirmation-001,serial,0.1,0.41565273311775136,0.1,0.10000000000000002,0.02548754875613843,0.2298508885950091,0.02824684036880926,0.007504855524227005,0.025695818376622465,0.000312620924279028,0.8644004911184311,0.04654157906770706,0.08600163363026359,0.010127573546944641,0.009905292732484213,0.007926687040623973,False,,5.0,5.0,1.3,4.3,-0.019497454911470417,0.0013178659384291865,0,50,-0.007228825986385345,-0.006990127760758724,0,50,True
22,raw_weak,centered_confirmation-002,serial,0.1,-0.4933611177198613,0.1,0.10000000000000002,0.026654608592252122,0.23423067491303287,0.03962713368900565,0.007504855524227005,0.03469300380243775,0.000312620924279028,0.9973249956965446,0.04654157906770706,0.1243301371853719,0.010127573546944641,0.005831722600365488,0.007926687040623973,False,,5.0,5.0,1.45,4.45,0.006913248449563982,-0.017112304139749745,0,50,-0.007228825986385345,-0.006990127760758724,0,50,True
22,raw_weak,centered_confirmation-003,serial,0.1,-0.4314512128249486,0.1,0.10000000000000002,0.026616999689525498,0.23413948281568964,0.0353802874237851,0.007504855524227005,0.027210970347146392,0.000312620924279028,0.8833618462085724,0.04654157906770706,0.11075786567621955,0.010127573546944641,0.006295300667153729,0.007926687040623973,False,,5.0,5.0,1.25,4.25,0.005297959595918656,-0.015861848253553086,0,50,-0.007228825986385345,-0.006990127760758724,0,50,True
22,raw_weak,centered_confirmation-004,serial,0.1,-0.5204102239457927,0.1,0.10000000000000002,0.02575612242745943,0.23063040031509738,0.04117202387813792,0.007504855524227005,0.0389080963244319,0.000312620924279028,1.073823869228363,0.04654157906770706,0.12957494311726026,0.010127573546944641,0.005853215974272564,0.007926687040623973,False,,5.0,5.0,1.3,4.3,0.008055210858583451,-0.017464418599893762,0,50,-0.007228825986385345,-0.006990127760758724,0,50,True
22,raw_weak,centered_confirmation-005,serial,0.1,-0.5721576212767027,0.1,0.10000000000000002,0.025790759149702254,0.23071190248281012,0.0446200303685298,0.007504855524227005,0.04608582291839107,0.000312620924279028,1.1691687628626823,0.04654157906770706,0.14054687978465052,0.010127573546944641,0.005846694436249881,0.007926687040623973,False,,5.0,5.0,1.5,4.5,0.009375159442424773,-0.018493489928215385,0,50,-0.007228825986385345,-0.006990127760758724,0,50,True
22,raw_weak,centered_confirmation-006,serial,0.1,-0.5662041871326249,0.1,0.10000000000000002,0.02670841205059512,0.23436444345585467,0.0448338307057673,0.007504855524227005,0.045315015296415344,0.000312620924279028,1.1361011862754822,0.04654157906770706,0.14095224051338226,0.010127573546944641,0.006342896716120968,0.007926687040623973,False,,5.0,5.0,1.55,4.55,0.00891342721879482,-0.018626148127517457,0,50,-0.007228825986385345,-0.006990127760758724,0,50,True
22,raw_weak,centered_confirmation-007,serial,0.1,-0.5264386179293323,0.1,0.10000000000000002,0.025760553159724284,0.2306410429034803,0.041607377831659846,0.007504855524227005,0.03980636333957163,0.000312620924279028,1.0856692120432854,0.04654157906770706,0.13097087670446061,0.010127573546944641,0.005833485241217989,0.007926687040623973,False,,5.0,5.0,1.3,4.3,0.008231279999017717,-0.017586648623432365,0,50,-0.007228825986385345,-0.006990127760758724,0,50,True
22,raw_weak,centered_confirmation-000,serial,0.2,0.3541282217646782,0.19999999999999998,0.2,0.0469910604555111,0.29864809097528316,0.03340079112769255,0.010976871296617759,0.03225000888770507,0.0007468224938653178,1.0410020500421524,0.12018144130706787,0.09445549297760947,0.014369762107254835,0.015646973419072487,0.011716701449017949,False,,5.0,5.0,1.65,4.65,-0.01854392141103745,-0.0014581608896502632,0,25,-0.010673163831233979,-0.010327393661937873,0,25,True
22,raw_weak,centered_confirmation-001,serial,0.2,0.41565273311775136,0.19999999999999998,0.2,0.04465241809547255,0.2903307423822066,0.03739193223810441,0.010976871296617759,0.03921587919892472,0.0007468224938653178,1.1552979052066803,0.12018144130706787,0.10713536619529034,0.014369762107254835,0.015900396381803218,0.011716701449017949,False,,5.0,5.0,1.3,4.3,-0.02092643231153489,-5.7327887694512415e-05,0,25,-0.010673163831233979,-0.010327393661937873,0,25,True
22,raw_weak,centered_confirmation-002,serial,0.2,-0.4933611177198613,0.19999999999999998,0.2,0.04685028947784986,0.29806162636971484,0.052518674368752655,0.010976871296617759,0.05789282354587122,0.0007468224938653178,1.4059406146407127,0.12018144130706787,0.15965254242939703,0.014369762107254835,0.00751906672832357,0.011716701449017949,False,,5.0,5.0,1.45,4.45,0.0008677236735820786,-0.02258844594057055,0,25,-0.010673163831233979,-0.010327393661937873,0,25,True
22,raw_weak,centered_confirmation-003,serial,0.2,-0.4314512128249486,0.19999999999999998,0.2,0.04683870348359284,0.29808512693335865,0.046998357308423194,0.010976871296617759,0.0454305416160665,0.0007468224938653178,1.2538530305027962,0.12018144130706787,0.1425044510245292,0.014369762107254835,0.009854290979296106,0.011716701449017949,False,,5.0,5.0,1.25,4.25,-0.00010136812925337707,-0.02119835926250669,0,25,-0.010673163831233979,-0.010327393661937873,0,25,True
22,raw_weak,centered_confirmation-004,serial,0.2,-0.5204102239457927,0.19999999999999998,0.2,0.04459927294163515,0.28979929223336753,0.054227863386852315,0.010976871296617759,0.06025450449123039,0.0007468224938653178,1.4261634647846222,0.12018144130706787,0.16436352528324097,0.014369762107254835,0.009222024175804663,0.011716701449017949,False,,5.0,5.0,1.3,4.3,0.0022860802710056405,-0.023062852194685162,0,25,-0.010673163831233979,-0.010327393661937873,0,25,True
22,raw_weak,centered_confirmation-005,serial,0.2,-0.5721576212767027,0.19999999999999998,0.2,0.044615400847883235,0.28978367417292794,0.05865941537518217,0.010976871296617759,0.0712675889679779,0.0007468224938653178,1.5475398674607277,0.12018144130706787,0.1779882834061967,0.014369762107254835,0.007125486929985279,0.011716701449017949,False,,5.0,5.0,1.5,4.5,0.0029417566955089584,-0.024161128453111438,0,25,-0.010673163831233979,-0.010327393661937873,0,25,True
22,raw_weak,centered_confirmation-006,serial,0.2,-0.5662041871326249,0.19999999999999998,0.2,0.0434250612105853,0.2877554366585487,0.05726698019684487,0.010976871296617759,0.07016839883872611,0.0007468224938653178,1.6150086000561714,0.12018144130706787,0.1748339704254597,0.014369762107254835,0.007349070636839398,0.011716701449017949,False,,5.0,5.0,1.55,4.55,0.003033818304538731,-0.023646393448351878,0,25,-0.010673163831233979,-0.010327393661937873,0,25,True
22,raw_weak,centered_confirmation-007,serial,0.2,-0.5264386179293323,0.19999999999999998,0.2,0.04460163578731988,0.2897976070569227,0.054792754395108494,0.010976871296617759,0.0616418315263767,0.0007468224938653178,1.4414037391543388,0.12018144130706787,0.1661090598663419,0.014369762107254835,0.009222016576522123,0.011716701449017949,False,,5.0,5.0,1.3,4.3,0.0024366736412048426,-0.023209738850943087,0,25,-0.010673163831233979,-0.010327393661937873,0,25,True
22,raw_weak,centered_confirmation-000,fixed_cadence,0.0,0.3541282217646782,0.05,0.0,0.016180413165614943,0.18411149266363724,0.02031912494076387,0.006774763190726825,0.015675957972532493,0.00048639522092226717,0.7209425047039986,0.17690401524305344,0.06060781434937543,0.01245237769852508,0.006529146562710494,0.006092659415422864,False,,5.0,5.0,1.65,4.65,-0.018092997930943967,-0.00037508272719615626,0,101,-0.006539250537753105,-0.0063620729030383375,0,101,True
22,raw_weak,centered_confirmation-001,fixed_cadence,0.0,0.41565273311775136,0.05,0.0,0.016162315034793182,0.18400561775294966,0.023714995163317782,0.006774763190726825,0.0215864238481415,0.00048639522092226717,0.8204637467861176,0.17690401524305344,0.07203035853797954,0.01245237769852508,0.007288682687808244,0.006092659415422864,False,,5.0,5.0,1.3,4.3,-0.02018353287130594,0.0006323442836725854,0,101,-0.006539250537753105,-0.0063620729030383375,0,101,True
22,raw_weak,centered_confirmation-002,fixed_cadence,0.0,-0.4933611177198613,0.05,0.0,0.016419766836797533,0.185373633318224,0.030681140250361987,0.006774763190726825,0.025183537752629735,0.00048639522092226717,0.9111186861991882,0.17690401524305344,0.09564280641529828,0.01245237769852508,0.004978299402506862,0.006092659415422864,False,,5.0,5.0,1.45,4.45,0.009529430046677587,-0.014725581459737647,0,101,-0.006539250537753105,-0.0063620729030383375,0,101,True
22,raw_weak,centered_confirmation-003,fixed_cadence,0.0,-0.4314512128249486,0.05,0.0,0.016381266328227485,0.18518427961711434,0.0273174607700773,0.006774763190726825,0.019164521286128555,0.00048639522092226717,0.8070247247815132,0.17690401524305344,0.08462395609567178,0.01245237769852508,0.004982869333229239,0.006092659415422864,False,,5.0,5.0,1.25,4.25,0.007596797496080399,-0.013671508679993038,0,101,-0.006539250537753105,-0.0063620729030383375,0,101,True
22,raw_weak,centered_confirmation-004,fixed_cadence,0.0,-0.5204102239457927,0.05,0.0,0.016423092015118677,0.1853899476440268,0.032325536343180125,0.006774763190726825,0.028046838914407714,0.00048639522092226717,0.9455258399248123,0.17690401524305344,0.1009427582281094,0.01245237769852508,0.004712980687693865,0.006092659415422864,False,,5.0,5.0,1.3,4.3,0.010476768016815184,-0.015184330418245457,0,101,-0.006539250537753105,-0.0063620729030383375,0,101,True
22,raw_weak,centered_confirmation-005,fixed_cadence,0.0,-0.5721576212767027,0.05,0.0,0.016458061901397973,0.1855608408032281,0.035223407395401696,0.006774763190726825,0.03420348900945072,0.00048639522092226717,1.0340699180960655,0.17690401524305344,0.11039725344281857,0.01245237769852508,0.005100643022854029,0.006092659415422864,False,,5.0,5.0,1.5,4.5,0.012067973613739012,-0.01607596336936564,0,101,-0.006539250537753105,-0.0063620729030383375,0,101,True
22,raw_weak,centered_confirmation-006,fixed_cadence,0.0,-0.5662041871326249,0.05,0.0,0.016457605321445915,0.1855589317814708,0.034904995380728845,0.006774763190726825,0.033609266142827984,0.00048639522092226717,1.0269150137901306,0.17690401524305344,0.10938317715594628,0.01245237769852508,0.005471415899586353,0.006092659415422864,False,,5.0,5.0,1.55,4.55,0.011861732229590414,-0.01598308798578147,0,101,-0.006539250537753105,-0.0063620729030383375,0,101,True
22,raw_weak,centered_confirmation-007,fixed_cadence,0.0,-0.5264386179293323,0.05,0.0,0.016425814506776756,0.18540322644982662,0.03267201662872478,0.006774763190726825,0.028716353452046754,0.00048639522092226717,0.9547758102416992,0.17690401524305344,0.10206677821731597,0.01245237769852508,0.004698133471508172,0.006092659415422864,False,,5.0,5.0,1.3,4.3,0.010673262551426888,-0.015287116415715164,0,101,-0.006539250537753105,-0.0063620729030383375,0,101,True
22,raw_weak,centered_confirmation-000,fixed_cadence,0.05,0.3541282217646782,0.049999999999999996,0.05,0.019206565279289933,0.20117829065039217,0.02163409362675034,0.007153264383482606,0.016792704637988622,0.00035074504246002136,0.7354490458965302,0.1299189031124115,0.06496687569779638,0.010206355494162891,0.0076160072835898835,0.007172453846659216,False,,5.0,5.0,1.65,4.65,-0.018068379350006582,-0.00032566879616856075,0,100,-0.007053058594465256,-0.0068401297592361006,0,100,True
22,raw_weak,centered_confirmation-001,fixed_cadence,0.05,0.41565273311775136,0.049999999999999996,0.05,0.019193496149571884,0.2011022641225634,0.025012253071490666,0.007153264383482606,0.02251947899390361,0.00035074504246002136,0.8367577195167542,0.1299189031124115,0.07638963512522652,0.010206355494162891,0.008433041017877337,0.007172453846659216,False,,5.0,5.0,1.3,4.3,-0.0200726393610239,0.0007728601358675577,0,100,-0.007053058594465256,-0.0068401297592361006,0,100,True
22,raw_weak,centered_confirmation-002,fixed_cadence,0.05,-0.4933611177198613,0.049999999999999996,0.05,0.01952103203102847,0.20256749579462155,0.033961468544018894,0.007153264383482606,0.02795718764515482,0.00035074504246002136,0.9495170786976814,0.1299189031124115,0.10651626889863572,0.010206355494162891,0.005977262826306778,0.007172453846659216,False,,5.0,5.0,1.45,4.45,0.008241111785173415,-0.01596548466783292,0,100,-0.007053058594465256,-0.0068401297592361006,0,100,True
22,raw_weak,centered_confirmation-003,fixed_cadence,0.05,-0.4314512128249486,0.049999999999999996,0.05,0.019476708852351414,0.20238968169549953,0.030358772886798554,0.007153264383482606,0.021658326333263568,0.00035074504246002136,0.8449965342879295,0.1299189031124115,0.09480112076697261,0.010206355494162891,0.005994661426975479,0.007172453846659216,False,,5.0,5.0,1.25,4.25,0.006412168592214584,-0.014815060681897882,0,100,-0.007053058594465256,-0.0068401297592361006,0,100,True
22,raw_weak,centered_confirmation-004,fixed_cadence,0.05,-0.5204102239457927,0.049999999999999996,0.05,0.019534403690291573,0.20261965252685465,0.03584459446596522,0.007153264383482606,0.031438288914003854,0.00035074504246002136,0.994141474366188,0.1299189031124115,0.11264440934080401,0.010206355494162891,0.005705054164940239,0.007172453846659216,False,,5.0,5.0,1.3,4.3,0.00914802923798561,-0.016468845009711047,0,100,-0.007053058594465256,-0.0068401297592361006,0,100,True
22,raw_weak,centered_confirmation-005,fixed_cadence,0.05,-0.5721576212767027,0.049999999999999996,0.05,0.019575266735714223,0.2027816666463901,0.038882694332436234,0.007153264383482606,0.03770932816641572,0.00035074504246002136,1.0816258192062378,0.1299189031124115,0.12246992822618356,0.010206355494162891,0.0060901597071391375,0.007172453846659216,False,,5.0,5.0,1.5,4.5,0.010649682953953741,-0.017442283086075976,0,100,-0.007053058594465256,-0.0068401297592361006,0,100,True
22,raw_weak,centered_confirmation-006,fixed_cadence,0.05,-0.5662041871326249,0.049999999999999996,0.05,0.01957295304899521,0.20277310600591303,0.038479407095833036,0.007153264383482606,0.03690468385147277,0.00035074504246002136,1.072055846452713,0.1299189031124115,0.121165497845313,0.010206355494162891,0.006472887465180102,0.007172453846659216,False,,5.0,5.0,1.55,4.55,0.010452035069465637,-0.017340092389787416,0,100,-0.007053058594465256,-0.0068401297592361006,0,100,True
22,raw_weak,centered_confirmation-007,fixed_cadence,0.05,-0.5264386179293323,0.049999999999999996,0.05,0.019538397476297754,0.2026354225024199,0.03622388034496831,0.007153264383482606,0.03217759007137333,0.00035074504246002136,1.0042288899421692,0.1299189031124115,0.11387418235918513,0.010206355494162891,0.005689054261803531,0.007172453846659216,False,,5.0,5.0,1.3,4.3,0.009334751218557358,-0.016581300977762115,0,100,-0.007053058594465256,-0.0068401297592361006,0,100,True
22,raw_weak,centered_confirmation-000,fixed_cadence,0.1,0.3541282217646782,0.05,0.1,0.023046012382360388,0.21972941988836153,0.023234255667403107,0.007573870399308964,0.01743162075021688,0.0003229096288759341,0.7216011732816696,0.07310371845960617,0.07005372564711763,0.01002469624642518,0.008174007451263732,0.007931720666034705,False,,5.0,5.0,1.65,4.65,-0.017687221057713032,0.00010020588029865455,0,99,-0.0073628142476081845,-0.00712351009467071,0,99,True
22,raw_weak,centered_confirmation-001,fixed_cadence,0.1,0.41565273311775136,0.05,0.1,0.023043592966278472,0.219709022691031,0.02682662995370213,0.007573870399308964,0.022993074908833448,0.0003229096288759341,0.8262891694903374,0.07310371845960617,0.08212979473420061,0.01002469624642518,0.009220134363289322,0.007931720666034705,False,,5.0,5.0,1.3,4.3,-0.019542460143566132,0.001308872802009979,0,99,-0.0073628142476081845,-0.00712351009467071,0,99,True
22,raw_weak,centered_confirmation-002,fixed_cadence,0.1,-0.4933611177198613,0.05,0.1,0.02332988350205472,0.22067327136251264,0.03742220806833025,0.007573870399308964,0.030046137726688762,0.0003229096288759341,0.9603825956583023,0.07310371845960617,0.11737770776537643,0.01002469624642518,0.006888465716259659,0.007931720666034705,False,,5.0,5.0,1.45,4.45,0.006979794055223465,-0.017191868485354308,0,99,-0.0073628142476081845,-0.00712351009467071,0,99,True
22,raw_weak,centered_confirmation-003,fixed_cadence,0.1,-0.4314512128249486,0.05,0.1,0.023290643451283417,0.22055448008871376,0.03344620264192303,0.007573870399308964,0.023492382700469612,0.0003229096288759341,0.8524734526872635,0.07310371845960617,0.10457269239878048,0.01002469624642518,0.006670704389126769,0.007931720666034705,False,,5.0,5.0,1.25,4.25,0.005258534848690032,-0.015917870287576845,0,99,-0.0073628142476081845,-0.00712351009467071,0,99,True
22,raw_weak,centered_confirmation-004,fixed_cadence,0.1,-0.5204102239457927,0.05,0.1,0.023349815460552214,0.22073425987321046,0.039472784977537506,0.007573870399308964,0.03390723029824141,0.0003229096288759341,1.0115551948547363,0.07310371845960617,0.12406522665108273,0.01002469624642518,0.006412291965323969,0.007931720666034705,False,,5.0,5.0,1.3,4.3,0.007824844866991042,-0.017739406107235477,0,99,-0.0073628142476081845,-0.00712351009467071,0,99,True
22,raw_weak,centered_confirmation-005,fixed_cadence,0.1,-0.5721576212767027,0.05,0.1,0.023386200195519083,0.22084338447682753,0.04277947507921375,0.007573870399308964,0.04029981307693416,0.0003229096288759341,1.1011580377817154,0.07310371845960617,0.1346483453719992,0.01002469624642518,0.007120039272597169,0.007931720666034705,False,,5.0,5.0,1.5,4.5,0.00924449786543846,-0.01881985138358739,0,99,-0.0073628142476081845,-0.00712351009467071,0,99,True
22,raw_weak,centered_confirmation-006,fixed_cadence,0.1,-0.5662041871326249,0.05,0.1,0.023382273932159338,0.22083190510767978,0.04231204927382811,0.007573870399308964,0.03934620841610255,0.0003229096288759341,1.089894324541092,0.07310371845960617,0.13312839337755675,0.01002469624642518,0.007579910906200411,0.007931720666034705,False,,5.0,5.0,1.55,4.55,0.009064508974552153,-0.01870971748559709,0,99,-0.0073628142476081845,-0.00712351009467071,0,99,True
22,raw_weak,centered_confirmation-007,fixed_cadence,0.1,-0.5264386179293323,0.05,0.1,0.023354093851245757,0.22074720091323427,0.03988727107836302,0.007573870399308964,0.034693790702216565,0.0003229096288759341,1.0223911702632904,0.07310371845960617,0.12540271239848816,0.01002469624642518,0.0063954515929035395,0.007931720666034705,False,,5.0,5.0,1.3,4.3,0.007999980449676512,-0.017863123265355864,0,99,-0.0073628142476081845,-0.00712351009467071,0,99,True
22,raw_weak,centered_confirmation-000,fixed_cadence,0.2,0.3541282217646782,0.049999999999999996,0.19999999999999998,0.03076656707769844,0.2590941905462648,0.026457557325973765,0.011029277886720222,0.021537082708383486,0.0006960462851534489,0.9496182575821877,0.1859237626194954,0.07985051306507081,0.01383401401516645,0.011234100347489699,0.011720891333834945,False,,5.0,5.0,1.65,4.65,-0.01961834318935871,-0.0016168845017845615,0,97,-0.01075395755469799,-0.010400273375509065,0,97,True
22,raw_weak,centered_confirmation-001,fixed_cadence,0.2,0.41565273311775136,0.049999999999999996,0.19999999999999998,0.03078974090303767,0.25914990634377855,0.030563696375421126,0.011029277886720222,0.028423494794440077,0.0006960462851534489,1.0745221748948097,0.1859237626194954,0.09438057156110924,0.01383401401516645,0.012483803831858034,0.011720891333834945,False,,5.0,5.0,1.3,4.3,-0.02115431185811758,-0.0001423349903243512,0,97,-0.01075395755469799,-0.010400273375509065,0,97,True
22,raw_weak,centered_confirmation-002,fixed_cadence,0.2,-0.4933611177198613,0.049999999999999996,0.19999999999999998,0.03066367102286638,0.2585201866855858,0.04427312197365824,0.011029277886720222,0.037418296775269956,0.0006960462851534489,1.2539059668779373,0.1859237626194954,0.1402898881608002,0.01383401401516645,0.01145201668425551,0.011720891333834945,False,,5.0,5.0,1.45,4.45,0.0016316451132297506,-0.022529048047152275,0,97,-0.01075395755469799,-0.010400273375509065,0,97,True
22,raw_weak,centered_confirmation-003,fixed_cadence,0.2,-0.4314512128249486,0.049999999999999996,0.19999999999999998,0.030655715887428582,0.25853805857551254,0.03971773979387962,0.011029277886720222,0.029197029935984574,0.0006960462851534489,1.119631826877594,0.1859237626194954,0.12509406660419012,0.01383401401516645,0.010895362580624728,0.011720891333834945,False,,5.0,5.0,1.25,4.25,0.00010587982833385426,-0.020992014631908293,0,97,-0.01075395755469799,-0.010400273375509065,0,97,True
22,raw_weak,centered_confirmation-004,fixed_cadence,0.2,-0.5204102239457927,0.049999999999999996,0.19999999999999998,0.030669971268967092,0.2585131623095968,0.04652616725817234,0.011029277886720222,0.04209284648959874,0.0006960462851534489,1.314724162220955,0.1859237626194954,0.14790649261121167,0.01383401401516645,0.010824868853032837,0.011720891333834945,False,,5.0,5.0,1.3,4.3,0.0023367237299680714,-0.02317368034105677,0,97,-0.01075395755469799,-0.010400273375509065,0,97,True
22,raw_weak,centered_confirmation-005,fixed_cadence,0.2,-0.5721576212767027,0.049999999999999996,0.19999999999999998,0.030679193149735554,0.2585004304615774,0.05031517203706202,0.011029277886720222,0.05013319740703671,0.0006960462851534489,1.4255481213331223,0.1859237626194954,0.16043140033123512,0.01383401401516645,0.01178627255885771,0.011720891333834945,False,,5.0,5.0,1.5,4.5,0.003612427413463592,-0.024473001120782926,0,97,-0.01075395755469799,-0.010400273375509065,0,97,True
22,raw_weak,centered_confirmation-006,fixed_cadence,0.2,-0.5662041871326249,0.049999999999999996,0.19999999999999998,0.030677776005192274,0.2585022311586694,0.04979596749307984,0.011029277886720222,0.048976765269598835,0.0006960462851534489,1.4126388356089592,0.1859237626194954,0.15868265165995576,0.01383401401516645,0.012192444781355668,0.011720891333834945,False,,5.0,5.0,1.55,4.55,0.003466393798589705,-0.024339925523348217,0,97,-0.01075395755469799,-0.010400273375509065,0,97,True
22,raw_weak,centered_confirmation-007,fixed_cadence,0.2,-0.5264386179293323,0.049999999999999996,0.19999999999999998,0.030671156089779338,0.2585116553352787,0.046992810521485406,0.011029277886720222,0.043064735919577046,0.0006960462851534489,1.3279186189174652,0.1859237626194954,0.14946411847406735,0.01383401401516645,0.01081486466641743,0.011720891333834945,False,,5.0,5.0,1.3,4.3,0.002488642558455467,-0.023321343650522082,0,97,-0.01075395755469799,-0.010400273375509065,0,97,True
22,raw_strong,centered_confirmation-000,serial,0.0,0.3541282217646782,0.05,0.0,0.01723927186988126,0.18772872997921516,0.022780970050608404,0.003636984589300821,0.013094011875697413,0.00016139305099832638,0.6833421438932419,0.16401268541812897,0.07109183925704102,0.005471030438660914,0.004618233691116522,0.0038120342067166062,False,,5.0,5.0,1.65,4.65,-0.008150263316929338,0.009315019398695602,0,101,0.003200146555900574,0.003081237613301494,0,101,True
22,raw_strong,centered_confirmation-001,serial,0.0,0.41565273311775136,0.05,0.0,0.01723227737095751,0.18767994228435628,0.02664956621672735,0.003636984589300821,0.01861987279427912,0.00016139305099832638,0.7845931500196457,0.16401268541812897,0.08347998836446725,0.005471030438660914,0.0027216877299756216,0.0038120342067166062,False,,5.0,5.0,1.3,4.3,-0.010142582841217518,0.010337245574969874,0,101,0.003200146555900574,0.003081237613301494,0,101,True
22,raw_strong,centered_confirmation-002,serial,0.0,-0.4933611177198613,0.05,0.0,0.017462396042031852,0.1888585022877745,0.02825652474174019,0.003636984589300821,0.025581367853790074,0.00016139305099832638,0.8822169527411461,0.16401268541812897,0.08793149538697105,0.005471030438660914,0.00510391162653429,0.0038120342067166062,False,,5.0,5.0,1.45,4.45,0.018967045471072193,-0.0055725358585905676,0,101,0.003200146555900574,0.003081237613301494,0,101,True
22,raw_strong,centered_confirmation-003,serial,0.0,-0.4314512128249486,0.05,0.0,0.017429260229182866,0.18870272376232045,0.024490049963097307,0.003636984589300821,0.019326954564218984,0.00016139305099832638,0.7842261344194412,0.16401268541812897,0.07596286056116883,0.005471030438660914,0.005153632628454086,0.0038120342067166062,False,,5.0,5.0,1.25,4.25,0.017047129571437836,-0.004468670552810644,0,101,0.003200146555900574,0.003081237613301494,0,101,True
22,raw_strong,centered_confirmation-004,serial,0.0,-0.5204102239457927,0.05,0.0,0.017468944018960736,0.18888840811323804,0.0298165158919083,0.003636984589300821,0.02817932668184094,0.00016139305099832638,0.9177321568131447,0.16401268541812897,0.09282915136438177,0.005471030438660914,0.0054201341606651765,0.0038120342067166062,False,,5.0,5.0,1.3,4.3,0.019875095412135124,-0.006031446362846584,0,101,0.003200146555900574,0.003081237613301494,0,101,True
22,raw_strong,centered_confirmation-005,serial,0.0,-0.5721576212767027,0.05,0.0,0.01749833844621077,0.18902555999138895,0.033039879778366005,0.003636984589300821,0.034492738950130594,0.00016139305099832638,0.9997048601508141,0.16401268541812897,0.10305069553373036,0.005471030438660914,0.005237113242304119,0.0038120342067166062,False,,5.0,5.0,1.5,4.5,0.021473144367337226,-0.0069721991005230275,0,101,0.003200146555900574,0.003081237613301494,0,101,True
22,raw_strong,centered_confirmation-006,serial,0.0,-0.5662041871326249,0.05,0.0,0.01749660761057062,0.18901784965309276,0.03273044392990585,0.003636984589300821,0.03391492320903071,0.00016139305099832638,0.9916719794273376,0.16401268541812897,0.10208169955462594,0.005471030438660914,0.005101063949776226,0.0038120342067166062,False,,5.0,5.0,1.55,4.55,0.021284061297774316,-0.006882356290869407,0,101,0.003200146555900574,0.003081237613301494,0,101,True
22,raw_strong,centered_confirmation-007,serial,0.0,-0.5264386179293323,0.05,0.0,0.017471567042240538,0.1889006461128939,0.030178980175124125,0.003636984589300821,0.028836399026409144,0.00016139305099832638,0.9266571700572968,0.16401268541812897,0.09397428766303703,0.005471030438660914,0.005439725949717935,0.0038120342067166062,False,,5.0,5.0,1.3,4.3,0.020067839324474333,-0.00613738406601456,0,101,0.003200146555900574,0.003081237613301494,0,101,True
22,raw_strong,centered_confirmation-000,serial,0.05,0.3541282217646782,0.049999999999999996,0.05,0.02021928565172021,0.2042404863846491,0.025582448112151015,0.006541724850823135,0.013767854571511385,0.00030148263985216333,0.7365924119949341,0.16163982450962067,0.07885708758535284,0.007831751580806241,0.00740831497739634,0.006769803087829626,False,,5.0,5.0,1.65,4.65,-0.004273801296949387,0.013106132885668744,0,100,0.00654662624001503,0.0063432897681741,0,100,True
22,raw_strong,centered_confirmation-001,serial,0.05,0.41565273311775136,0.049999999999999996,0.05,0.020222859945533505,0.20423791855871568,0.02960611456121048,0.006541724850823135,0.019228290956610942,0.00030148263985216333,0.8394584059715271,0.16163982450962067,0.09197906289207394,0.007831751580806241,0.005608958351113786,0.006769803087829626,False,,5.0,5.0,1.3,4.3,-0.006174390390515327,0.014220536923728735,0,100,0.00654662624001503,0.0063432897681741,0,100,True
22,raw_strong,centered_confirmation-002,serial,0.05,-0.4933611177198613,0.049999999999999996,0.05,0.020513231191079822,0.2054993795750488,0.030743821313320274,0.006541724850823135,0.02917042371010967,0.00030148263985216333,0.9613839164376259,0.16163982450962067,0.09461972122887691,0.007831751580806241,0.007968094013497056,0.006769803087829626,False,,5.0,5.0,1.45,4.45,0.021556168049573898,-0.003066588834728802,0,100,0.00654662624001503,0.0063432897681741,0,100,True
22,raw_strong,centered_confirmation-003,serial,0.05,-0.4314512128249486,0.049999999999999996,0.05,0.02047660716895205,0.20535483703368715,0.026651192058797235,0.006541724850823135,0.022331066455709838,0.00030148263985216333,0.8593966439366341,0.16163982450962067,0.08142252928965311,0.007831751580806241,0.008109734509724653,0.006769803087829626,False,,5.0,5.0,1.25,4.25,0.019732411950826645,-0.0018671194654319248,0,100,0.00654662624001503,0.0063432897681741,0,100,True
22,raw_strong,centered_confirmation-004,serial,0.05,-0.5204102239457927,0.049999999999999996,0.05,0.020531333744182697,0.20557056489684905,0.032385794833469476,0.006541724850823135,0.03218874801079692,0.00030148263985216333,1.0036063194274902,0.16163982450962067,0.09991637166165653,0.007831751580806241,0.008366947638665499,0.006769803087829626,False,,5.0,5.0,1.3,4.3,0.022420590743422508,-0.0035692295907205586,0,100,0.00654662624001503,0.0063432897681741,0,100,True
22,raw_strong,centered_confirmation-005,serial,0.05,-0.5721576212767027,0.049999999999999996,0.05,0.02056377139186971,0.20569656137358128,0.03584890648153025,0.006541724850823135,0.038922222993181474,0.00030148263985216333,1.0879391059279442,0.16163982450962067,0.11100455751425409,0.007831751580806241,0.008004172701822939,0.006769803087829626,False,,5.0,5.0,1.5,4.5,0.023937595263123508,-0.004590608114006604,0,100,0.00654662624001503,0.0063432897681741,0,100,True
22,raw_strong,centered_confirmation-006,serial,0.05,-0.5662041871326249,0.049999999999999996,0.05,0.02055927508858621,0.20567895773716524,0.03548348311538362,0.006541724850823135,0.03816919004714591,0.00030148263985216333,1.0781928896903992,0.16163982450962067,0.10983725232613056,0.007831751580806241,0.007771563070858066,0.006769803087829626,False,,5.0,5.0,1.55,4.55,0.02375820130109787,-0.004491273353858356,0,100,0.00654662624001503,0.0063432897681741,0,100,True
22,raw_strong,centered_confirmation-007,serial,0.05,-0.5264386179293323,0.049999999999999996,0.05,0.02053522039925878,0.20558576136530496,0.03277418179588868,0.006541724850823135,0.032917336363385355,0.00030148263985216333,1.013304889202118,0.16163982450962067,0.10116363202612486,0.007831751580806241,0.008386318375856332,0.006769803087829626,False,,5.0,5.0,1.3,4.3,0.022603796049952506,-0.003684689121742031,0,100,0.00654662624001503,0.0063432897681741,0,100,True
22,raw_strong,centered_confirmation-000,serial,0.1,0.3541282217646782,0.1,0.10000000000000002,0.02738473048645376,0.23617802472332639,0.030292595541027322,0.01001607956350856,0.016364951227216436,0.0008417468886169621,0.7870426028966904,0.13932045549154282,0.09140454688894861,0.015918848808537323,0.009919543813850703,0.009651695943837772,False,,5.0,5.0,1.65,4.65,-0.00012671016156673337,0.01704299456511173,0,50,0.009826184064149857,0.009544284174904752,0,50,True
22,raw_strong,centered_confirmation-001,serial,0.1,0.41565273311775136,0.1,0.10000000000000002,0.026478406518437726,0.2326479039808918,0.034419029387976204,0.01001607956350856,0.02213487495963399,0.0008417468886169621,0.9005766361951828,0.13932045549154282,0.10517885055672237,0.015918848808537323,0.007839815914766542,0.009651695943837772,False,,5.0,5.0,1.3,4.3,-0.0021292138844728487,0.018109318762138206,0,50,0.009826184064149857,0.009544284174904752,0,50,True
22,raw_strong,centered_confirmation-002,serial,0.1,-0.4933611177198613,0.1,0.10000000000000002,0.02762233148267461,0.23680110776757277,0.036375302399152896,0.01001607956350856,0.03681348659127461,0.0008417468886169621,1.0619353502988815,0.13932045549154282,0.10910327008754565,0.015918848808537323,0.011789713125860359,0.009651695943837772,False,,5.0,5.0,1.45,4.45,0.023692800849676135,-0.0008502355480207266,0,50,0.009826184064149857,0.009544284174904752,0,50,True
22,raw_strong,centered_confirmation-003,serial,0.1,-0.4314512128249486,0.1,0.10000000000000002,0.02759278131287507,0.23674453450944852,0.03149485987788942,0.01001607956350856,0.02848049444680367,0.0008417468886169621,0.9436658024787903,0.13932045549154282,0.0933480450416976,0.015918848808537323,0.011693103909563601,0.009651695943837772,False,,5.0,5.0,1.25,4.25,0.02206437587738037,0.0004547564213713107,0,50,0.009826184064149857,0.009544284174904752,0,50,True
22,raw_strong,centered_confirmation-004,serial,0.1,-0.5204102239457927,0.1,0.10000000000000002,0.026715730991080818,0.2332975094367488,0.03746888762690961,0.01001607956350856,0.04034423199688081,0.0008417468886169621,1.1228350549936295,0.13932045549154282,0.11296498033425187,0.015918848808537323,0.012131374027278846,0.009651695943837772,False,,5.0,5.0,1.3,4.3,0.02477444410324097,-0.0011952695300425213,0,50,0.009826184064149857,0.009544284174904752,0,50,True
22,raw_strong,centered_confirmation-005,serial,0.1,-0.5721576212767027,0.1,0.10000000000000002,0.026741131540445277,0.2333461980044076,0.0414978170138016,0.01001607956350856,0.04831051533012664,0.0008417468886169621,1.2220222130417824,0.13932045549154282,0.12587159197268816,0.015918848808537323,0.011936747806395585,0.009651695943837772,False,,5.0,5.0,1.5,4.5,0.02613379806280136,-0.002280144919922074,0,50,0.009826184064149857,0.009544284174904752,0,50,True
22,raw_strong,centered_confirmation-006,serial,0.1,-0.5662041871326249,0.1,0.10000000000000002,0.027669098557557708,0.23690168296717484,0.04176024355424646,0.01001607956350856,0.04753643867396336,0.0008417468886169621,1.1940252780914307,0.13932045549154282,0.126511191374988,0.015918848808537323,0.011672876543936683,0.009651695943837772,False,,5.0,5.0,1.55,4.55,0.025702319294214248,-0.0024173968651305653,0,50,0.009826184064149857,0.009544284174904752,0,50,True
22,raw_strong,centered_confirmation-007,serial,0.1,-0.5264386179293323,0.1,0.10000000000000002,0.026720090707708928,0.2333079696998549,0.03790329122016531,0.01001607956350856,0.041227514954741834,0.0008417468886169621,1.134144514799118,0.13932045549154282,0.11437689632296791,0.015918848808537323,0.012161274386333817,0.009651695943837772,False,,5.0,5.0,1.3,4.3,0.024946970492601396,-0.0013202276002843114,0,50,0.009826184064149857,0.009544284174904752,0,50,True
22,raw_strong,centered_confirmation-000,serial,0.2,0.3541282217646782,0.19999999999999998,0.2,0.04768482434505759,0.3004344786715878,0.039835759251287545,0.014498179177731305,0.026733372728375008,0.001879421185159713,1.0070892423391342,0.1857127621769905,0.11622611557295731,0.025101786041316142,0.012597062536474628,0.01399039740361288,False,,5.0,5.0,1.65,4.65,0.006112231314182278,0.022614766067272408,0,25,0.01386430561542511,0.013479096121207517,0,25,True
22,raw_strong,centered_confirmation-001,serial,0.2,0.41565273311775136,0.19999999999999998,0.2,0.04535815006234237,0.2924619907085975,0.045287133679914236,0.014498179177731305,0.033123038951787254,0.001879421185159713,1.110394187271595,0.1857127621769905,0.13299926541261609,0.025101786041316142,0.010897461854262595,0.01399039740361288,False,,5.0,5.0,1.3,4.3,0.003962433338165277,0.02397263165536535,0,25,0.01386430561542511,0.013479096121207517,0,25,True
22,raw_strong,centered_confirmation-002,serial,0.2,-0.4933611177198613,0.19999999999999998,0.2,0.04751879137849286,0.29972303832105146,0.048286085059271566,0.014498179177731305,0.061649851441522345,0.001879421185159713,1.4145409688353539,0.1857127621769905,0.13813897516767878,0.025101786041316142,0.019400844801973058,0.01399039740361288,False,,5.0,5.0,1.45,4.45,0.02512885257601738,0.0009674465933513898,0,25,0.01386430561542511,0.013479096121207517,0,25,True
22,raw_strong,centered_confirmation-003,serial,0.2,-0.4314512128249486,0.19999999999999998,0.2,0.04749585410083672,0.2997489859438789,0.04149184028735545,0.014498179177731305,0.04765739564969348,0.001879421185159713,1.24298807233572,0.1857127621769905,0.11707629896400752,0.025101786041316142,0.01798019993329231,0.01399039740361288,False,,5.0,5.0,1.25,4.25,0.02409715726971627,0.002431552060964995,0,25,0.01386430561542511,0.013479096121207517,0,25,True
22,raw_strong,centered_confirmation-004,serial,0.2,-0.5204102239457927,0.19999999999999998,0.2,0.045279133853889375,0.29185662655147615,0.04898912240583882,0.014498179177731305,0.06310642231928766,0.001879421185159713,1.4388995617628098,0.1857127621769905,0.14059215315668436,0.025101786041316142,0.019134133889474204,0.01399039740361288,False,,5.0,5.0,1.3,4.3,0.026437146216630947,0.000520485288280946,0,25,0.01386430561542511,0.013479096121207517,0,25,True
22,raw_strong,centered_confirmation-005,serial,0.2,-0.5721576212767027,0.19999999999999998,0.2,0.0453028928253262,0.2918364441725363,0.05457544819355099,0.014498179177731305,0.0754460829244874,0.001879421185159713,1.5645430982112885,0.1857127621769905,0.1574389177783355,0.025101786041316142,0.020089167541714643,0.01399039740361288,False,,5.0,5.0,1.5,4.5,0.027201956510543822,-0.000661223834634643,0,25,0.01386430561542511,0.013479096121207517,0,25,True
22,raw_strong,centered_confirmation-006,serial,0.2,-0.5662041871326249,0.19999999999999998,0.2,0.044108121527421905,0.2897981374670803,0.05343697777711601,0.014498179177731305,0.07447142978116758,0.001879421185159713,1.6253595054149628,0.1857127621769905,0.1545915364458744,0.025101786041316142,0.019856247843993282,0.01399039740361288,False,,5.0,5.0,1.55,4.55,0.027340266108512885,-0.0001552987427851038,0,25,0.01386430561542511,0.013479096121207517,0,25,True
22,raw_strong,centered_confirmation-007,serial,0.2,-0.5264386179293323,0.19999999999999998,0.2,0.045281295429669154,0.2918543320054265,0.04954473595338939,0.014498179177731305,0.064467716903455,0.001879421185159713,1.4534316211938858,0.1857127621769905,0.14234965977678948,0.025101786041316142,0.01919910885061083,0.01399039740361288,False,,5.0,5.0,1.3,4.3,0.026583632081747067,0.00037135936103784294,0,25,0.01386430561542511,0.013479096121207517,0,25,True
22,raw_strong,centered_confirmation-000,fixed_cadence,0.0,0.3541282217646782,0.05,0.0,0.01723927186988126,0.18772872997921516,0.022780970050608404,0.003636984589300821,0.013094011875697413,0.00016139305099832638,0.6833421438932419,0.16401268541812897,0.07109183925704102,0.005471030438660914,0.004618233691116522,0.0038120342067166062,False,,5.0,5.0,1.65,4.65,-0.008150263316929338,0.009315019398695602,0,101,0.003200146555900574,0.003081237613301494,0,101,True
22,raw_strong,centered_confirmation-001,fixed_cadence,0.0,0.41565273311775136,0.05,0.0,0.01723227737095751,0.18767994228435628,0.02664956621672735,0.003636984589300821,0.01861987279427912,0.00016139305099832638,0.7845931500196457,0.16401268541812897,0.08347998836446725,0.005471030438660914,0.0027216877299756216,0.0038120342067166062,False,,5.0,5.0,1.3,4.3,-0.010142582841217518,0.010337245574969874,0,101,0.003200146555900574,0.003081237613301494,0,101,True
22,raw_strong,centered_confirmation-002,fixed_cadence,0.0,-0.4933611177198613,0.05,0.0,0.017462396042031852,0.1888585022877745,0.02825652474174019,0.003636984589300821,0.025581367853790074,0.00016139305099832638,0.8822169527411461,0.16401268541812897,0.08793149538697105,0.005471030438660914,0.00510391162653429,0.0038120342067166062,False,,5.0,5.0,1.45,4.45,0.018967045471072193,-0.0055725358585905676,0,101,0.003200146555900574,0.003081237613301494,0,101,True
22,raw_strong,centered_confirmation-003,fixed_cadence,0.0,-0.4314512128249486,0.05,0.0,0.017429260229182866,0.18870272376232045,0.024490049963097307,0.003636984589300821,0.019326954564218984,0.00016139305099832638,0.7842261344194412,0.16401268541812897,0.07596286056116883,0.005471030438660914,0.005153632628454086,0.0038120342067166062,False,,5.0,5.0,1.25,4.25,0.017047129571437836,-0.004468670552810644,0,101,0.003200146555900574,0.003081237613301494,0,101,True
22,raw_strong,centered_confirmation-004,fixed_cadence,0.0,-0.5204102239457927,0.05,0.0,0.017468944018960736,0.18888840811323804,0.0298165158919083,0.003636984589300821,0.02817932668184094,0.00016139305099832638,0.9177321568131447,0.16401268541812897,0.09282915136438177,0.005471030438660914,0.0054201341606651765,0.0038120342067166062,False,,5.0,5.0,1.3,4.3,0.019875095412135124,-0.006031446362846584,0,101,0.003200146555900574,0.003081237613301494,0,101,True
22,raw_strong,centered_confirmation-005,fixed_cadence,0.0,-0.5721576212767027,0.05,0.0,0.01749833844621077,0.18902555999138895,0.033039879778366005,0.003636984589300821,0.034492738950130594,0.00016139305099832638,0.9997048601508141,0.16401268541812897,0.10305069553373036,0.005471030438660914,0.005237113242304119,0.0038120342067166062,False,,5.0,5.0,1.5,4.5,0.021473144367337226,-0.0069721991005230275,0,101,0.003200146555900574,0.003081237613301494,0,101,True
22,raw_strong,centered_confirmation-006,fixed_cadence,0.0,-0.5662041871326249,0.05,0.0,0.01749660761057062,0.18901784965309276,0.03273044392990585,0.003636984589300821,0.03391492320903071,0.00016139305099832638,0.9916719794273376,0.16401268541812897,0.10208169955462594,0.005471030438660914,0.005101063949776226,0.0038120342067166062,False,,5.0,5.0,1.55,4.55,0.021284061297774316,-0.006882356290869407,0,101,0.003200146555900574,0.003081237613301494,0,101,True
22,raw_strong,centered_confirmation-007,fixed_cadence,0.0,-0.5264386179293323,0.05,0.0,0.017471567042240538,0.1889006461128939,0.030178980175124125,0.003636984589300821,0.028836399026409144,0.00016139305099832638,0.9266571700572968,0.16401268541812897,0.09397428766303703,0.005471030438660914,0.005439725949717935,0.0038120342067166062,False,,5.0,5.0,1.3,4.3,0.020067839324474333,-0.00613738406601456,0,101,0.003200146555900574,0.003081237613301494,0,101,True
22,raw_strong,centered_confirmation-000,fixed_cadence,0.05,0.3541282217646782,0.049999999999999996,0.05,0.02021928565172021,0.2042404863846491,0.025582448112151015,0.006541724850823135,0.013767854571511385,0.00030148263985216333,0.7365924119949341,0.16163982450962067,0.07885708758535284,0.007831751580806241,0.00740831497739634,0.006769803087829626,False,,5.0,5.0,1.65,4.65,-0.004273801296949387,0.013106132885668744,0,100,0.00654662624001503,0.0063432897681741,0,100,True
22,raw_strong,centered_confirmation-001,fixed_cadence,0.05,0.41565273311775136,0.049999999999999996,0.05,0.020222859945533505,0.20423791855871568,0.02960611456121048,0.006541724850823135,0.019228290956610942,0.00030148263985216333,0.8394584059715271,0.16163982450962067,0.09197906289207394,0.007831751580806241,0.005608958351113786,0.006769803087829626,False,,5.0,5.0,1.3,4.3,-0.006174390390515327,0.014220536923728735,0,100,0.00654662624001503,0.0063432897681741,0,100,True
22,raw_strong,centered_confirmation-002,fixed_cadence,0.05,-0.4933611177198613,0.049999999999999996,0.05,0.020513231191079822,0.2054993795750488,0.030743821313320274,0.006541724850823135,0.02917042371010967,0.00030148263985216333,0.9613839164376259,0.16163982450962067,0.09461972122887691,0.007831751580806241,0.007968094013497056,0.006769803087829626,False,,5.0,5.0,1.45,4.45,0.021556168049573898,-0.003066588834728802,0,100,0.00654662624001503,0.0063432897681741,0,100,True
22,raw_strong,centered_confirmation-003,fixed_cadence,0.05,-0.4314512128249486,0.049999999999999996,0.05,0.02047660716895205,0.20535483703368715,0.026651192058797235,0.006541724850823135,0.022331066455709838,0.00030148263985216333,0.8593966439366341,0.16163982450962067,0.08142252928965311,0.007831751580806241,0.008109734509724653,0.006769803087829626,False,,5.0,5.0,1.25,4.25,0.019732411950826645,-0.0018671194654319248,0,100,0.00654662624001503,0.0063432897681741,0,100,True
22,raw_strong,centered_confirmation-004,fixed_cadence,0.05,-0.5204102239457927,0.049999999999999996,0.05,0.020531333744182697,0.20557056489684905,0.032385794833469476,0.006541724850823135,0.03218874801079692,0.00030148263985216333,1.0036063194274902,0.16163982450962067,0.09991637166165653,0.007831751580806241,0.008366947638665499,0.006769803087829626,False,,5.0,5.0,1.3,4.3,0.022420590743422508,-0.0035692295907205586,0,100,0.00654662624001503,0.0063432897681741,0,100,True
22,raw_strong,centered_confirmation-005,fixed_cadence,0.05,-0.5721576212767027,0.049999999999999996,0.05,0.02056377139186971,0.20569656137358128,0.03584890648153025,0.006541724850823135,0.038922222993181474,0.00030148263985216333,1.0879391059279442,0.16163982450962067,0.11100455751425409,0.007831751580806241,0.008004172701822939,0.006769803087829626,False,,5.0,5.0,1.5,4.5,0.023937595263123508,-0.004590608114006604,0,100,0.00654662624001503,0.0063432897681741,0,100,True
22,raw_strong,centered_confirmation-006,fixed_cadence,0.05,-0.5662041871326249,0.049999999999999996,0.05,0.02055927508858621,0.20567895773716524,0.03548348311538362,0.006541724850823135,0.03816919004714591,0.00030148263985216333,1.0781928896903992,0.16163982450962067,0.10983725232613056,0.007831751580806241,0.007771563070858066,0.006769803087829626,False,,5.0,5.0,1.55,4.55,0.02375820130109787,-0.004491273353858356,0,100,0.00654662624001503,0.0063432897681741,0,100,True
22,raw_strong,centered_confirmation-007,fixed_cadence,0.05,-0.5264386179293323,0.049999999999999996,0.05,0.02053522039925878,0.20558576136530496,0.03277418179588868,0.006541724850823135,0.032917336363385355,0.00030148263985216333,1.013304889202118,0.16163982450962067,0.10116363202612486,0.007831751580806241,0.008386318375856332,0.006769803087829626,False,,5.0,5.0,1.3,4.3,0.022603796049952506,-0.003684689121742031,0,100,0.00654662624001503,0.0063432897681741,0,100,True
22,raw_strong,centered_confirmation-000,fixed_cadence,0.1,0.3541282217646782,0.05,0.1,0.024083766941967504,0.22261625553813313,0.02900149087713344,0.009702293256997127,0.014399013241640017,0.0007099853943372263,0.7544495537877083,0.14306366443634033,0.08730525679045498,0.013759863115522344,0.010490121076161301,0.009621906902352798,False,,5.0,5.0,1.65,4.65,-0.0005273614078760136,0.016799895579729666,0,99,0.009616969525814057,0.009329567322481438,0,99,True
22,raw_strong,centered_confirmation-001,fixed_cadence,0.1,0.41565273311775136,0.05,0.1,0.02409894965871903,0.22266329397646073,0.033396621327543695,0.009702293256997127,0.01989924972956328,0.0007099853943372263,0.85890032351017,0.14306366443634033,0.10193862619944069,0.013759863115522344,0.008516256418872601,0.009621906902352798,False,,5.0,5.0,1.3,4.3,-0.0022792611271142955,0.01802645776553822,0,99,0.009616969525814057,0.009329567322481438,0,99,True
22,raw_strong,centered_confirmation-002,fixed_cadence,0.1,-0.4933611177198613,0.05,0.1,0.024335171252075023,0.2233956153543624,0.03364807208330624,0.009702293256997127,0.03206583750642783,0.0007099853943372263,1.0049567371606827,0.14306366443634033,0.10150477648430112,0.013759863115522344,0.01059798196366086,0.009621906902352798,False,,5.0,5.0,1.45,4.45,0.023699573427438735,-0.0010206987192786106,0,99,0.009616969525814057,0.009329567322481438,0,99,True
22,raw_strong,centered_confirmation-003,fixed_cadence,0.1,-0.4314512128249486,0.05,0.1,0.024303271399294616,0.22331013642430872,0.029116317355502738,0.009702293256997127,0.02470491755463419,0.0007099853943372263,0.8936440944671631,0.14306366443634033,0.0866975495540544,0.013759863115522344,0.010929344193785629,0.009621906902352798,False,,5.0,5.0,1.25,4.25,0.02197548598051071,0.00030198880287576055,0,99,0.009616969525814057,0.009329567322481438,0,99,True
22,raw_strong,centered_confirmation-004,fixed_cadence,0.1,-0.5204102239457927,0.05,0.1,0.02435856390498551,0.22346564769205796,0.035284483941759266,0.009702293256997127,0.03528613080560343,0.0007099853943372263,1.049504093825817,0.14306366443634033,0.10695094709580191,0.013759863115522344,0.011138381897927456,0.009621906902352798,False,,5.0,5.0,1.3,4.3,0.024499668553471566,-0.0015674672507954902,0,99,0.009616969525814057,0.009329567322481438,0,99,True
22,raw_strong,centered_confirmation-005,fixed_cadence,0.1,-0.5721576212767027,0.05,0.1,0.024386851298671786,0.223539807804094,0.03911793219092629,0.009702293256997127,0.042432868862617844,0.0007099853943372263,1.14072535187006,0.14306366443634033,0.1193119066187982,0.013759863115522344,0.010529709282877164,0.009621906902352798,False,,5.0,5.0,1.5,4.5,0.025942088663578035,-0.0026946454025251034,0,99,0.009616969525814057,0.009329567322481438,0,99,True
22,raw_strong,centered_confirmation-006,fixed_cadence,0.1,-0.5662041871326249,0.05,0.1,0.02438078776780578,0.22352158997466337,0.03872965375442123,0.009702293256997127,0.04157711592459305,0.0007099853943372263,1.1298752576112747,0.14306366443634033,0.11804425284745174,0.013759863115522344,0.01022007140112102,0.009621906902352798,False,,5.0,5.0,1.55,4.55,0.025780155882239343,-0.0025866015782339035,0,99,0.009616969525814057,0.009329567322481438,0,99,True
22,raw_strong,centered_confirmation-007,fixed_cadence,0.1,-0.5264386179293323,0.05,0.1,0.02436262779579554,0.22347705041307925,0.03569939316367589,0.009702293256997127,0.03606380173773398,0.0007099853943372263,1.0599207505583763,0.14306366443634033,0.10830438595994545,0.013759863115522344,0.011156826474228977,0.009621906902352798,False,,5.0,5.0,1.3,4.3,0.024671600386500358,-0.0016941141375646687,0,99,0.009616969525814057,0.009329567322481438,0,99,True
22,raw_strong,centered_confirmation-000,fixed_cadence,0.2,0.3541282217646782,0.049999999999999996,0.19999999999999998,0.031890640260570625,0.2615042709221676,0.03517982486574395,0.013711928191455539,0.018013962213058746,0.0013344397145040332,0.9221203625202179,0.20133648067712784,0.10541730001098894,0.019062002007738936,0.01506178154484335,0.013832427174883657,False,,5.0,5.0,1.65,4.65,0.004757939092814923,0.0220445988604987,0,97,0.013451429456472397,0.01303420917373152,0,97,True
22,raw_strong,centered_confirmation-001,fixed_cadence,0.2,0.41565273311775136,0.049999999999999996,0.19999999999999998,0.031923370803085806,0.2615938547081159,0.040399191226995715,0.013711928191455539,0.024947244239351414,0.0013344397145040332,1.0443633049726486,0.20133648067712784,0.12354646727314758,0.019062002007738936,0.013341154187677564,0.013832427174883657,False,,5.0,5.0,1.3,4.3,0.0032985225319862367,0.02354640778302929,0,97,0.013451429456472397,0.01303420917373152,0,97,True
22,raw_strong,centered_confirmation-002,fixed_cadence,0.2,-0.4933611177198613,0.049999999999999996,0.19999999999999998,0.03172891639056747,0.26085353518326165,0.037735077826493296,0.013711928191455539,0.039898816702623595,0.0013344397145040332,1.230803094804287,0.20133648067712784,0.11504149859158651,0.019062002007738936,0.013896332385040703,0.013832427174883657,False,,5.0,5.0,1.45,4.45,0.02560405358672142,0.0006345690223004588,0,97,0.013451429456472397,0.01303420917373152,0,97,True
22,raw_strong,centered_confirmation-003,fixed_cadence,0.2,-0.4314512128249486,0.049999999999999996,0.19999999999999998,0.03172598503481686,0.26089091824217897,0.03253561216592698,0.013711928191455539,0.030660215699915287,0.0013344397145040332,1.0952463001012802,0.20133648067712784,0.09728876338728176,0.019062002007738936,0.014528049556985067,0.013832427174883657,False,,5.0,5.0,1.25,4.25,0.024080778658390044,0.0022125460437607035,0,97,0.013451429456472397,0.01303420917373152,0,97,True
22,raw_strong,centered_confirmation-004,fixed_cadence,0.2,-0.5204102239457927,0.049999999999999996,0.19999999999999998,0.0317339717595638,0.2608511277238862,0.03939143936425923,0.013711928191455539,0.04373738553914645,0.0013344397145040332,1.2837865576148033,0.20133648067712784,0.12093532719838894,0.019062002007738936,0.014542331985740021,0.013832427174883657,False,,5.0,5.0,1.3,4.3,0.026274360343813898,-1.5318218083994194e-05,0,97,0.013451429456472397,0.01303420917373152,0,97,True
22,raw_strong,centered_confirmation-005,fixed_cadence,0.2,-0.5721576212767027,0.049999999999999996,0.19999999999999998,0.03173879435024302,0.2608221171105076,0.043856652944027553,0.013711928191455539,0.05275177495694478,0.0013344397145040332,1.3963871449232101,0.20133648067712784,0.135865863799746,0.019062002007738936,0.013624531264517414,0.013832427174883657,False,,5.0,5.0,1.5,4.5,0.027561475336551667,-0.0013511167875594158,0,97,0.013451429456472397,0.01303420917373152,0,97,True
22,raw_strong,centered_confirmation-006,fixed_cadence,0.2,-0.5662041871326249,0.049999999999999996,0.19999999999999998,0.03173709783836423,0.2608219230746329,0.04347948924627679,0.013711928191455539,0.05173923140544788,0.0013344397145040332,1.3837720453739166,0.20133648067712784,0.13454866865902093,0.019062002007738936,0.01328315935868015,0.013832427174883657,False,,5.0,5.0,1.55,4.55,0.027427713200449944,-0.001217147479508307,0,97,0.013451429456472397,0.01303420917373152,0,97,True
22,raw_strong,centered_confirmation-007,fixed_cadence,0.2,-0.5264386179293323,0.049999999999999996,0.19999999999999998,0.031734748358172804,0.2608488457640621,0.03985136439478801,0.013711928191455539,0.04469627876548428,0.0013344397145040332,1.2964334338903427,0.20133648067712784,0.12250663925558318,0.019062002007738936,0.01455126241856533,0.013832427174883657,False,,5.0,5.0,1.3,4.3,0.026423463597893715,-0.00016589361763580667,0,97,0.013451429456472397,0.01303420917373152,0,97,True
22,centered_weak,centered_confirmation-000,serial,0.0,0.3541282217646782,0.05,0.0,0.016177303193805982,0.1841114776447531,0.020656589783362336,0.002314363267398339,0.014569694434923078,0.0001763377430223387,0.7024634977898125,0.16008388009877253,0.06518407455251056,0.006586990980148506,0.0021715425844710257,0.0010769437071409425,False,,5.0,5.0,1.65,4.65,-0.013141640266167636,0.004428503053868392,0,101,-0.0015901757308716753,-0.0015622377758297361,0,101,True
22,centered_weak,centered_confirmation-001,serial,0.0,0.41565273311775136,0.05,0.0,0.01616422128119941,0.18403083074223503,0.024324207899193602,0.002314363267398339,0.020440107726069263,0.0001763377430223387,0.8049178844413285,0.16008388009877253,0.07698361587654966,0.006586990980148506,0.002346463867058081,0.0010769437071409425,False,,5.0,5.0,1.3,4.3,-0.015229395581173416,0.0054376174169161505,0,101,-0.0015901757308716753,-0.0015622377758297361,0,101,True
22,centered_weak,centered_confirmation-002,serial,0.0,-0.4933611177198613,0.05,0.0,0.016414462252129607,0.1853634650959364,0.028675277869401952,0.002314363267398339,0.025958511890745085,0.0001763377430223387,0.9008211618384843,0.16008388009877253,0.09095997514150919,0.006586990980148506,0.0011536408803559583,0.0010769437071409425,False,,5.0,5.0,1.45,4.45,0.014475116702032567,-0.009930407474791014,0,101,-0.0015901757308716753,-0.0015622377758297361,0,101,True
22,centered_weak,centered_confirmation-003,serial,0.0,-0.4314512128249486,0.05,0.0,0.016378768218713004,0.18518730142144432,0.02511425928976161,0.002314363267398339,0.019640397141180106,0.0001763377430223387,0.7978049269041543,0.16008388009877253,0.07953182077521999,0.006586990980148506,0.0007980854140033573,0.0010769437071409425,False,,5.0,5.0,1.25,4.25,0.01254133452684927,-0.008876406829239875,0,101,-0.0015901757308716753,-0.0015622377758297361,0,101,True
22,centered_weak,centered_confirmation-004,serial,0.0,-0.5204102239457927,0.05,0.0,0.016419644106045052,0.18538853739950634,0.030270223508399304,0.002314363267398339,0.02875285172765589,0.0001763377430223387,0.9362121647319321,0.16008388009877253,0.0959873921644507,0.006586990980148506,0.0009704552218963126,0.0010769437071409425,False,,5.0,5.0,1.3,4.3,0.015420948164773466,-0.01038989806522409,0,101,-0.0015901757308716753,-0.0015622377758297361,0,101,True
22,centered_weak,centered_confirmation-005,serial,0.0,-0.5721576212767027,0.05,0.0,0.01645161676793877,0.1855452668930796,0.03331699169722676,0.002314363267398339,0.03516689087534083,0.0001763377430223387,1.023207118185473,0.16008388009877253,0.10576141148667281,0.006586990980148506,0.0016643914211105662,0.0010769437071409425,False,,5.0,5.0,1.5,4.5,0.017013797359776976,-0.011281159223835656,0,101,-0.0015901757308716753,-0.0015622377758297361,0,101,True
22,centered_weak,centered_confirmation-006,serial,0.0,-0.5662041871326249,0.05,0.0,0.01645045108893309,0.1855398601306052,0.03300471349614481,0.002314363267398339,0.0345641299370521,0.0001763377430223387,1.0154796740135674,0.16008388009877253,0.10477833113226284,0.006586990980148506,0.002019535923069056,0.0010769437071409425,False,,5.0,5.0,1.55,4.55,0.01680805218429613,-0.011187996256214031,0,101,-0.0015901757308716753,-0.0015622377758297361,0,101,True
22,centered_weak,centered_confirmation-007,serial,0.0,-0.5264386179293323,0.05,0.0,0.016422302844674976,0.18540155950826037,0.030623111372448383,0.002314363267398339,0.02943398092636679,0.0001763377430223387,0.9454553550204758,0.16008388009877253,0.09711184264886209,0.006586990980148506,0.0009869968917124246,0.0010769437071409425,False,,5.0,5.0,1.3,4.3,0.015617389055204869,-0.010492738002673845,0,101,-0.0015901757308716753,-0.0015622377758297361,0,101,True
22,centered_weak,centered_confirmation-000,serial,0.05,0.3541282217646782,0.049999999999999996,0.05,0.019204916516134606,0.20119892166962194,0.022370812337701367,0.0004294565787076512,0.015414798732651596,5.7301680686360534e-05,0.7460008554874072,0.14092639021259648,0.07140874491669104,0.0012381019128945045,0.0019065131453333344,0.00015385553617589768,False,,5.0,5.0,1.65,4.65,-0.011218264993426381,0.006317201902233616,0,100,-0.0002071726286383259,-0.00020342351686998913,0,100,True
22,centered_weak,centered_confirmation-001,serial,0.05,0.41565273311775136,0.049999999999999996,0.05,0.019199068032538374,0.2011547892336354,0.02616072697022111,0.0004294565787076512,0.02114759941013195,5.7301680686360534e-05,0.8520182587919841,0.14092639021259648,0.08353194444165599,0.0012381019128945045,0.0015678366032554824,0.00015385553617589768,False,,5.0,5.0,1.3,4.3,-0.013218738246855318,0.007418265597740549,0,100,-0.0002071726286383259,-0.00020342351686998913,0,100,True
22,centered_weak,centered_confirmation-002,serial,0.05,-0.4933611177198613,0.049999999999999996,0.05,0.019516775118641104,0.20257893612623146,0.03130501993824766,0.0004294565787076512,0.029103790402895617,5.7301680686360534e-05,0.970576851886333,0.14092639021259648,0.09984426627998134,0.0012381019128945045,0.001674909419602444,0.00015385553617589768,False,,5.0,5.0,1.45,4.45,0.015080786947014748,-0.009336846555962935,0,100,-0.0002071726286383259,-0.00020342351686998913,0,100,True
22,centered_weak,centered_confirmation-003,serial,0.05,-0.4314512128249486,0.049999999999999996,0.05,0.019476179254012665,0.20241642675304075,0.027433701952059943,0.0004294565787076512,0.022357370809712316,5.7301680686360534e-05,0.8665755756912837,0.14092639021259648,0.08749743622221871,0.0012381019128945045,0.001377237304202493,0.00015385553617589768,False,,5.0,5.0,1.25,4.25,0.013250476199987352,-0.008186383223188059,0,100,-0.0002071726286383259,-0.00020342351686998913,0,100,True
22,centered_weak,centered_confirmation-004,serial,0.05,-0.5204102239457927,0.049999999999999996,0.05,0.01953266151120522,0.20264152372399508,0.033095245565401867,0.0004294565787076512,0.03244847699025747,5.7301680686360534e-05,1.0157992684064516,0.14092639021259648,0.10553531422495073,0.0012381019128945045,0.0016867804118576547,0.00015385553617589768,False,,5.0,5.0,1.3,4.3,0.015985501635673464,-0.009841470813076871,0,100,-0.0002071726286383259,-0.00020342351686998913,0,100,True
22,centered_weak,centered_confirmation-005,serial,0.05,-0.5721576212767027,0.049999999999999996,0.05,0.019569314196140063,0.2027862497107542,0.03634457409439701,0.0004294565787076512,0.03911906782982252,5.7301680686360534e-05,1.1021422960577616,0.14092639021259648,0.11589275025144492,0.0012381019128945045,0.002111844488000254,0.00015385553617589768,False,,5.0,5.0,1.5,4.5,0.017489339489343583,-0.010814302447612917,0,100,-0.0002071726286383259,-0.00020342351686998913,0,100,True
22,centered_weak,centered_confirmation-006,serial,0.05,-0.5662041871326249,0.049999999999999996,0.05,0.01956587581907044,0.20277295868343562,0.03595547990693433,0.0004294565787076512,0.038314372722635465,5.7301680686360534e-05,1.0920166590033182,0.14092639021259648,0.11465804317722336,0.0012381019128945045,0.002320582457629677,0.00015385553617589768,False,,5.0,5.0,1.55,4.55,0.01729243889808935,-0.01071161967579607,0,100,-0.0002071726286383259,-0.00020342351686998913,0,100,True
22,centered_weak,centered_confirmation-007,serial,0.05,-0.5264386179293323,0.049999999999999996,0.05,0.019536603341417467,0.20265713033657742,0.033481470964205146,0.0004294565787076512,0.03320266707912026,5.7301680686360534e-05,1.0258828841863283,0.14092639021259648,0.10676513309094217,0.0012381019128945045,0.0017081051271780727,0.00015385553617589768,False,,5.0,5.0,1.3,4.3,0.016172135699394165,-0.009954017489406256,0,100,-0.0002071726286383259,-0.00020342351686998913,0,100,True
22,centered_weak,centered_confirmation-000,serial,0.1,0.3541282217646782,0.1,0.10000000000000002,0.02639890684951148,0.23351932673036435,0.026121535264718963,0.0019151422189953482,0.018157680956526135,0.0001345745823111238,0.770915440098216,0.08200476951973625,0.08278574224221384,0.0054738061187131655,0.002533915434029817,0.0008962972142611788,False,,5.0,5.0,1.65,4.65,-0.008828499741102776,0.008524343461929767,0,50,0.0012947892628654614,0.0012725531984293977,0,50,True
22,centered_weak,centered_confirmation-001,serial,0.1,0.41565273311775136,0.1,0.10000000000000002,0.02549676530474805,0.22992800911252842,0.029948403693007664,0.0019151422189953482,0.024171797924423588,0.0001345745823111238,0.8962715331472654,0.08200476951973625,0.0950082256459882,0.0054738061187131655,0.0017144195688148947,0.0008962972142611788,False,,5.0,5.0,1.3,4.3,-0.010964040658618536,0.009591436996137629,0,50,0.0012947892628654614,0.0012725531984293977,0,50,True
22,centered_weak,centered_confirmation-002,serial,0.1,-0.4933611177198613,0.1,0.10000000000000002,0.02665232898553893,0.2342724906991848,0.036737155556037106,0.0019151422189953482,0.03636457093546728,0.0001345745823111238,1.0428164441146155,0.08200476951973625,0.11605664062969999,0.0054738061187131655,0.003640722658981613,0.0008962972142611788,False,,5.0,5.0,1.45,4.45,0.015428915791963019,-0.008860284733363182,0,50,0.0012947892628654614,0.0012725531984293977,0,50,True
22,centered_weak,centered_confirmation-003,serial,0.1,-0.4314512128249486,0.1,0.10000000000000002,0.02661829240863244,0.23419323398075537,0.03212572714385542,0.0019151422189953482,0.028241119093774282,0.0001345745823111238,0.9264008615173597,0.08200476951973625,0.10154659081988834,0.0054738061187131655,0.003203870190600323,0.0008962972142611788,False,,5.0,5.0,1.25,4.25,0.013811765410755553,-0.007609798721843591,0,50,0.0012947892628654614,0.0012725531984293977,0,50,True
22,centered_weak,centered_confirmation-004,serial,0.1,-0.5204102239457927,0.1,0.10000000000000002,0.02575684585173646,0.2306807308363005,0.03810324863188384,0.0019151422189953482,0.04035461230362175,0.0001345745823111238,1.1166441354908248,0.08200476951973625,0.12061783629143309,0.0054738061187131655,0.003726906558559918,0.0008962972142611788,False,,5.0,5.0,1.3,4.3,0.01656786742136327,-0.009214108379313357,0,50,0.0012947892628654614,0.0012725531984293977,0,50,True
22,centered_weak,centered_confirmation-005,serial,0.1,-0.5721576212767027,0.1,0.10000000000000002,0.025787116726418577,0.23074943848845966,0.04184954051872457,0.0019151422189953482,0.048119935492467174,0.0001345745823111238,1.214496149496009,0.08200476951973625,0.13241494115294042,0.0054738061187131655,0.004082422599150738,0.0008962972142611788,False,,5.0,5.0,1.5,4.5,0.017890790649507916,-0.010242248001676321,0,50,0.0012947892628654614,0.0012725531984293977,0,50,True
22,centered_weak,centered_confirmation-006,serial,0.1,-0.5662041871326249,0.1,0.10000000000000002,0.026702753538364772,0.23439515048768533,0.04209015877250803,0.0019151422189953482,0.04733256927839816,0.0001345745823111238,1.1795685354627867,0.08200476951973625,0.13294715062587897,0.0054738061187131655,0.004188273377596547,0.0008962972142611788,False,,5.0,5.0,1.55,4.55,0.01743011119291631,-0.010374221170629399,0,50,0.0012947892628654614,0.0012725531984293977,0,50,True
22,centered_weak,centered_confirmation-007,serial,0.1,-0.5264386179293323,0.1,0.10000000000000002,0.02576123452859269,0.23069122853922147,0.038544418061841085,0.0019151422189953482,0.041271400128682426,0.0001345745823111238,1.1284859765328665,0.08200476951973625,0.12201446320153665,0.0054738061187131655,0.0037614185226475497,0.0008962972142611788,False,,5.0,5.0,1.3,4.3,0.016743851625178732,-0.009336453409284646,0,50,0.0012947892628654614,0.0012725531984293977,0,50,True
22,centered_weak,centered_confirmation-000,serial,0.2,0.3541282217646782,0.19999999999999998,0.2,0.04704187212345543,0.2987138937616929,0.03444437291372709,0.002298815725340842,0.029524033156612374,0.0002484535647972796,1.0056636438860844,0.10265156190537915,0.1053229370624631,0.006706016715081257,0.004958490888351903,0.0011361771101645662,False,,5.0,5.0,1.65,4.65,-0.006392782643380115,0.010323680704670131,0,25,0.0014666172713614014,0.0014464803191964323,0,25,True
22,centered_weak,centered_confirmation-001,serial,0.2,0.41565273311775136,0.19999999999999998,0.2,0.04470084559994524,0.29042182409061335,0.03940911877448611,0.002298815725340842,0.03652979793778652,0.0002484535647972796,1.122801113237376,0.10265156190537915,0.11976303742326175,0.006706016715081257,0.005060864518292926,0.0011361771101645662,False,,5.0,5.0,1.3,4.3,-0.008777327552380516,0.011725451757418348,0,25,0.0014666172713614014,0.0014464803191964323,0,25,True
22,centered_weak,centered_confirmation-002,serial,0.2,-0.4933611177198613,0.19999999999999998,0.2,0.04688640791983721,0.29811341857855767,0.04864650949358238,0.002298815725340842,0.06055401643179755,0.0002484535647972796,1.4038835422291707,0.10265156190537915,0.14824098347614306,0.006706016715081257,0.008063381889920427,0.0011361771101645662,False,,5.0,5.0,1.45,4.45,0.012992330923733766,-0.010826556537291287,0,25,0.0014666172713614014,0.0014464803191964323,0,25,True
22,centered_weak,centered_confirmation-003,serial,0.2,-0.4314512128249486,0.19999999999999998,0.2,0.04686875897097266,0.29813407083871574,0.04238151409913176,0.002298815725340842,0.04685764281305249,0.0002484535647972796,1.2422780276431988,0.10265156190537915,0.12929474701709373,0.006706016715081257,0.006716576790389178,0.0011361771101645662,False,,5.0,5.0,1.25,4.25,0.012026270762143198,-0.009436237536086241,0,25,0.0014666172713614014,0.0014464803191964323,0,25,True
22,centered_weak,centered_confirmation-004,serial,0.2,-0.5204102239457927,0.19999999999999998,0.2,0.04463315459329593,0.2898680619098851,0.04994199006124348,0.002298815725340842,0.06240482431851627,0.0002484535647972796,1.4228966043486546,0.10265156190537915,0.15180189053030071,0.006706016715081257,0.00803968523569775,0.0011361771101645662,False,,5.0,5.0,1.3,4.3,0.014410487845597328,-0.011303136914650128,0,25,0.0014666172713614014,0.0014464803191964323,0,25,True
22,centered_weak,centered_confirmation-005,serial,0.2,-0.5721576212767027,0.19999999999999998,0.2,0.044653941720757595,0.2898535838132489,0.05499663871231753,0.002298815725340842,0.07450029581018551,0.0002484535647972796,1.54621090303802,0.10265156190537915,0.16689523189802868,0.006706016715081257,0.009009968563778727,0.0011361771101645662,False,,5.0,5.0,1.5,4.5,0.015063581153807695,-0.012400884839130629,0,25,0.0014666172713614014,0.0014464803191964323,0,25,True
22,centered_weak,centered_confirmation-006,serial,0.2,-0.5662041871326249,0.19999999999999998,0.2,0.043464850741927116,0.2878274100217336,0.053691469708448694,0.002298815725340842,0.0734146403520019,0.0002484535647972796,1.6145514653220128,0.10265156190537915,0.1638925223493578,0.006706016715081257,0.008930080512874451,0.0011361771101645662,False,,5.0,5.0,1.55,4.55,0.01515597878402239,-0.01188539013041454,0,25,0.0014666172713614014,0.0014464803191964323,0,25,True
22,centered_weak,centered_confirmation-007,serial,0.2,-0.5264386179293323,0.19999999999999998,0.2,0.044635440357407526,0.28986624003389483,0.05051718572229877,0.002298815725340842,0.06382157876000809,0.0002484535647972796,1.4381161288514088,0.10265156190537915,0.15354837030486018,0.006706016715081257,0.008124371102397828,0.0011361771101645662,False,,5.0,5.0,1.3,4.3,0.014560938909707133,-0.011450152311349562,0,25,0.0014666172713614014,0.0014464803191964323,0,25,True
22,centered_weak,centered_confirmation-000,fixed_cadence,0.0,0.3541282217646782,0.05,0.0,0.016177303193805982,0.1841114776447531,0.020656589783362336,0.002314363267398339,0.014569694434923078,0.0001763377430223387,0.7024634977898125,0.16008388009877253,0.06518407455251056,0.006586990980148506,0.0021715425844710257,0.0010769437071409425,False,,5.0,5.0,1.65,4.65,-0.013141640266167636,0.004428503053868392,0,101,-0.0015901757308716753,-0.0015622377758297361,0,101,True
22,centered_weak,centered_confirmation-001,fixed_cadence,0.0,0.41565273311775136,0.05,0.0,0.01616422128119941,0.18403083074223503,0.024324207899193602,0.002314363267398339,0.020440107726069263,0.0001763377430223387,0.8049178844413285,0.16008388009877253,0.07698361587654966,0.006586990980148506,0.002346463867058081,0.0010769437071409425,False,,5.0,5.0,1.3,4.3,-0.015229395581173416,0.0054376174169161505,0,101,-0.0015901757308716753,-0.0015622377758297361,0,101,True
22,centered_weak,centered_confirmation-002,fixed_cadence,0.0,-0.4933611177198613,0.05,0.0,0.016414462252129607,0.1853634650959364,0.028675277869401952,0.002314363267398339,0.025958511890745085,0.0001763377430223387,0.9008211618384843,0.16008388009877253,0.09095997514150919,0.006586990980148506,0.0011536408803559583,0.0010769437071409425,False,,5.0,5.0,1.45,4.45,0.014475116702032567,-0.009930407474791014,0,101,-0.0015901757308716753,-0.0015622377758297361,0,101,True
22,centered_weak,centered_confirmation-003,fixed_cadence,0.0,-0.4314512128249486,0.05,0.0,0.016378768218713004,0.18518730142144432,0.02511425928976161,0.002314363267398339,0.019640397141180106,0.0001763377430223387,0.7978049269041543,0.16008388009877253,0.07953182077521999,0.006586990980148506,0.0007980854140033573,0.0010769437071409425,False,,5.0,5.0,1.25,4.25,0.01254133452684927,-0.008876406829239875,0,101,-0.0015901757308716753,-0.0015622377758297361,0,101,True
22,centered_weak,centered_confirmation-004,fixed_cadence,0.0,-0.5204102239457927,0.05,0.0,0.016419644106045052,0.18538853739950634,0.030270223508399304,0.002314363267398339,0.02875285172765589,0.0001763377430223387,0.9362121647319321,0.16008388009877253,0.0959873921644507,0.006586990980148506,0.0009704552218963126,0.0010769437071409425,False,,5.0,5.0,1.3,4.3,0.015420948164773466,-0.01038989806522409,0,101,-0.0015901757308716753,-0.0015622377758297361,0,101,True
22,centered_weak,centered_confirmation-005,fixed_cadence,0.0,-0.5721576212767027,0.05,0.0,0.01645161676793877,0.1855452668930796,0.03331699169722676,0.002314363267398339,0.03516689087534083,0.0001763377430223387,1.023207118185473,0.16008388009877253,0.10576141148667281,0.006586990980148506,0.0016643914211105662,0.0010769437071409425,False,,5.0,5.0,1.5,4.5,0.017013797359776976,-0.011281159223835656,0,101,-0.0015901757308716753,-0.0015622377758297361,0,101,True
22,centered_weak,centered_confirmation-006,fixed_cadence,0.0,-0.5662041871326249,0.05,0.0,0.01645045108893309,0.1855398601306052,0.03300471349614481,0.002314363267398339,0.0345641299370521,0.0001763377430223387,1.0154796740135674,0.16008388009877253,0.10477833113226284,0.006586990980148506,0.002019535923069056,0.0010769437071409425,False,,5.0,5.0,1.55,4.55,0.01680805218429613,-0.011187996256214031,0,101,-0.0015901757308716753,-0.0015622377758297361,0,101,True
22,centered_weak,centered_confirmation-007,fixed_cadence,0.0,-0.5264386179293323,0.05,0.0,0.016422302844674976,0.18540155950826037,0.030623111372448383,0.002314363267398339,0.02943398092636679,0.0001763377430223387,0.9454553550204758,0.16008388009877253,0.09711184264886209,0.006586990980148506,0.0009869968917124246,0.0010769437071409425,False,,5.0,5.0,1.3,4.3,0.015617389055204869,-0.010492738002673845,0,101,-0.0015901757308716753,-0.0015622377758297361,0,101,True
22,centered_weak,centered_confirmation-000,fixed_cadence,0.05,0.3541282217646782,0.049999999999999996,0.05,0.019204916516134606,0.20119892166962194,0.022370812337701367,0.0004294565787076512,0.015414798732651596,5.7301680686360534e-05,0.7460008554874072,0.14092639021259648,0.07140874491669104,0.0012381019128945045,0.0019065131453333344,0.00015385553617589768,False,,5.0,5.0,1.65,4.65,-0.011218264993426381,0.006317201902233616,0,100,-0.0002071726286383259,-0.00020342351686998913,0,100,True
22,centered_weak,centered_confirmation-001,fixed_cadence,0.05,0.41565273311775136,0.049999999999999996,0.05,0.019199068032538374,0.2011547892336354,0.02616072697022111,0.0004294565787076512,0.02114759941013195,5.7301680686360534e-05,0.8520182587919841,0.14092639021259648,0.08353194444165599,0.0012381019128945045,0.0015678366032554824,0.00015385553617589768,False,,5.0,5.0,1.3,4.3,-0.013218738246855318,0.007418265597740549,0,100,-0.0002071726286383259,-0.00020342351686998913,0,100,True
22,centered_weak,centered_confirmation-002,fixed_cadence,0.05,-0.4933611177198613,0.049999999999999996,0.05,0.019516775118641104,0.20257893612623146,0.03130501993824766,0.0004294565787076512,0.029103790402895617,5.7301680686360534e-05,0.970576851886333,0.14092639021259648,0.09984426627998134,0.0012381019128945045,0.001674909419602444,0.00015385553617589768,False,,5.0,5.0,1.45,4.45,0.015080786947014748,-0.009336846555962935,0,100,-0.0002071726286383259,-0.00020342351686998913,0,100,True
22,centered_weak,centered_confirmation-003,fixed_cadence,0.05,-0.4314512128249486,0.049999999999999996,0.05,0.019476179254012665,0.20241642675304075,0.027433701952059943,0.0004294565787076512,0.022357370809712316,5.7301680686360534e-05,0.8665755756912837,0.14092639021259648,0.08749743622221871,0.0012381019128945045,0.001377237304202493,0.00015385553617589768,False,,5.0,5.0,1.25,4.25,0.013250476199987352,-0.008186383223188059,0,100,-0.0002071726286383259,-0.00020342351686998913,0,100,True
22,centered_weak,centered_confirmation-004,fixed_cadence,0.05,-0.5204102239457927,0.049999999999999996,0.05,0.01953266151120522,0.20264152372399508,0.033095245565401867,0.0004294565787076512,0.03244847699025747,5.7301680686360534e-05,1.0157992684064516,0.14092639021259648,0.10553531422495073,0.0012381019128945045,0.0016867804118576547,0.00015385553617589768,False,,5.0,5.0,1.3,4.3,0.015985501635673464,-0.009841470813076871,0,100,-0.0002071726286383259,-0.00020342351686998913,0,100,True
22,centered_weak,centered_confirmation-005,fixed_cadence,0.05,-0.5721576212767027,0.049999999999999996,0.05,0.019569314196140063,0.2027862497107542,0.03634457409439701,0.0004294565787076512,0.03911906782982252,5.7301680686360534e-05,1.1021422960577616,0.14092639021259648,0.11589275025144492,0.0012381019128945045,0.002111844488000254,0.00015385553617589768,False,,5.0,5.0,1.5,4.5,0.017489339489343583,-0.010814302447612917,0,100,-0.0002071726286383259,-0.00020342351686998913,0,100,True
22,centered_weak,centered_confirmation-006,fixed_cadence,0.05,-0.5662041871326249,0.049999999999999996,0.05,0.01956587581907044,0.20277295868343562,0.03595547990693433,0.0004294565787076512,0.038314372722635465,5.7301680686360534e-05,1.0920166590033182,0.14092639021259648,0.11465804317722336,0.0012381019128945045,0.002320582457629677,0.00015385553617589768,False,,5.0,5.0,1.55,4.55,0.01729243889808935,-0.01071161967579607,0,100,-0.0002071726286383259,-0.00020342351686998913,0,100,True
22,centered_weak,centered_confirmation-007,fixed_cadence,0.05,-0.5264386179293323,0.049999999999999996,0.05,0.019536603341417467,0.20265713033657742,0.033481470964205146,0.0004294565787076512,0.03320266707912026,5.7301680686360534e-05,1.0258828841863283,0.14092639021259648,0.10676513309094217,0.0012381019128945045,0.0017081051271780727,0.00015385553617589768,False,,5.0,5.0,1.3,4.3,0.016172135699394165,-0.009954017489406256,0,100,-0.0002071726286383259,-0.00020342351686998913,0,100,True
22,centered_weak,centered_confirmation-000,fixed_cadence,0.1,0.3541282217646782,0.05,0.1,0.023050041289343605,0.21977805638184525,0.024551001259047158,0.0014464453049365254,0.015923598036047752,9.491345509615768e-05,0.7418096769755047,0.09646400401045499,0.07825259023765646,0.0038619318789660183,0.0023161567910464182,0.0008811995702187614,False,,5.0,5.0,1.65,4.65,-0.009178899690323813,0.008346465930971245,0,99,0.0011396967845025236,0.0011152491234237211,0,99,True
22,centered_weak,centered_confirmation-001,fixed_cadence,0.1,0.41565273311775136,0.05,0.1,0.023054696356314255,0.2197854744215791,0.02868220008368573,0.0014464453049365254,0.021583646902197315,9.491345509615768e-05,0.8520147536103886,0.09646400401045499,0.09139652437553938,0.0038619318789660183,0.0008270441043026504,0.0008811995702187614,False,,5.0,5.0,1.3,4.3,-0.011030586711877328,0.009558058570064466,0,99,0.0011396967845025236,0.0011152491234237211,0,99,True
22,centered_weak,centered_confirmation-002,fixed_cadence,0.1,-0.4933611177198613,0.05,0.1,0.023330095495124017,0.22070957291066498,0.03421232892943439,0.0014464453049365254,0.03146478513794553,9.491345509615768e-05,0.9923181269471806,0.09646400401045499,0.10877939259286054,0.0038619318789660183,0.002550510347970781,0.0008811995702187614,False,,5.0,5.0,1.45,4.45,0.015473911635762708,-0.008963577396680255,0,99,0.0011396967845025236,0.0011152491234237211,0,99,True
22,centered_weak,centered_confirmation-003,fixed_cadence,0.1,-0.4314512128249486,0.05,0.1,0.02329385058685679,0.2206017595619171,0.029903065195119576,0.0014464453049365254,0.02433536540408585,9.491345509615768e-05,0.8829944167440098,0.09646400401045499,0.09510735324830008,0.0038619318789660183,0.0023237937888080863,0.0008811995702187614,False,,5.0,5.0,1.25,4.25,0.013751544900423542,-0.007689514962634385,0,99,0.0011396967845025236,0.0011152491234237211,0,99,True
22,centered_weak,centered_confirmation-004,fixed_cadence,0.1,-0.5204102239457927,0.05,0.1,0.02335191261527425,0.22077744710014802,0.03611493905981561,0.0014464453049365254,0.035111702005027154,9.491345509615768e-05,1.043063398093478,0.09646400401045499,0.11485274945494003,0.0038619318789660183,0.0026395797783561347,0.0008811995702187614,False,,5.0,5.0,1.3,4.3,0.016316635258680837,-0.009512779004981814,0,99,0.0011396967845025236,0.0011152491234237211,0,99,True
22,centered_weak,centered_confirmation-005,fixed_cadence,0.1,-0.5721576212767027,0.05,0.1,0.023384672845086014,0.2208735095712418,0.03969691523081247,0.0014464453049365254,0.042040417062751745,9.491345509615768e-05,1.1325420025890034,0.09646400401045499,0.1262020638132987,0.0038619318789660183,0.002927837047749826,0.0008811995702187614,False,,5.0,5.0,1.5,4.5,0.017738186478799836,-0.010592530191664413,0,99,0.0011396967845025236,0.0011152491234237211,0,99,True
22,centered_weak,centered_confirmation-006,fixed_cadence,0.1,-0.5662041871326249,0.05,0.1,0.02337964139675441,0.22085801478118292,0.03925744955163441,0.0014464453049365254,0.04110576845030307,9.491345509615768e-05,1.120708804220454,0.09646400401045499,0.12480287940613956,0.0038619318789660183,0.00304378370386464,0.0008811995702187614,False,,5.0,5.0,1.55,4.55,0.017558953821844116,-0.010481722764873249,0,99,0.0011396967845025236,0.0011152491234237211,0,99,True
22,centered_weak,centered_confirmation-007,fixed_cadence,0.1,-0.5264386179293323,0.05,0.1,0.023356138178536767,0.22079023234564593,0.03653585494433303,0.0014464453049365254,0.035914590210543475,9.491345509615768e-05,1.053892295450465,0.09646400401045499,0.11619041353570962,0.0038619318789660183,0.0026609810521450433,0.0008811995702187614,False,,5.0,5.0,1.3,4.3,0.016491653867250936,-0.009636625476089278,0,99,0.0011396967845025236,0.0011152491234237211,0,99,True
22,centered_weak,centered_confirmation-000,fixed_cadence,0.2,0.3541282217646782,0.049999999999999996,0.19999999999999998,0.0308011618080237,0.2591990221415701,0.028296631135818973,0.0015696511955600606,0.019417600730320853,0.0001224943209991322,0.9166445541650037,0.15606361958086296,0.09226571219663185,0.003902993643501483,0.002558179727534637,0.00105729249832896,False,,5.0,5.0,1.65,4.65,-0.007552115873577077,0.010064272949339658,0,97,0.001303434862611812,0.0012723931060812893,0,97,True
22,centered_weak,centered_confirmation-001,fixed_cadence,0.2,0.41565273311775136,0.049999999999999996,0.19999999999999998,0.030826804555603028,0.2592675705552212,0.0332608499383262,0.0015696511955600606,0.02652170999327459,0.0001224943209991322,1.0464537102252225,0.15606361958086296,0.10838458096058477,0.003902993643501483,0.0007480599505984629,0.00105729249832896,False,,5.0,5.0,1.3,4.3,-0.009087034196736295,0.011540515331383578,0,97,0.001303434862611812,0.0012723931060812893,0,97,True
22,centered_weak,centered_confirmation-002,fixed_cadence,0.2,-0.4933611177198613,0.049999999999999996,0.19999999999999998,0.0306900468491229,0.25860199508105586,0.03898649716720926,0.0015696511955600606,0.03874266710996256,0.0001224943209991322,1.2309862631827573,0.15606361958086296,0.1271601108734712,0.003902993643501483,0.002134710013586521,0.00105729249832896,False,,5.0,5.0,1.45,4.45,0.013675381175098936,-0.010870293430473677,0,97,0.001303434862611812,0.0012723931060812893,0,97,True
22,centered_weak,centered_confirmation-003,fixed_cadence,0.2,-0.4314512128249486,0.049999999999999996,0.19999999999999998,0.030682479939465487,0.2586239670862573,0.03396049099830935,0.0015696511955600606,0.029792604791151207,0.0001224943209991322,1.0960132214695195,0.15606361958086296,0.11084186455234199,0.003902993643501483,0.001984862859726731,0.00105729249832896,False,,5.0,5.0,1.25,4.25,0.012150797366021196,-0.009332300098346135,0,97,0.001303434862611812,0.0012723931060812893,0,97,True
22,centered_weak,centered_confirmation-004,fixed_cadence,0.2,-0.5204102239457927,0.049999999999999996,0.19999999999999998,0.03069588985978858,0.2585962122104368,0.041055669854027366,0.0015696511955600606,0.043109420382412715,0.0001224943209991322,1.2907878640562276,0.15606361958086296,0.13395588764466035,0.003902993643501483,0.0021717253451556382,0.00105729249832896,False,,5.0,5.0,1.3,4.3,0.014379071376143018,-0.011516575772565386,0,97,0.001303434862611812,0.0012723931060812893,0,97,True
22,centered_weak,centered_confirmation-005,fixed_cadence,0.2,-0.5721576212767027,0.049999999999999996,0.19999999999999998,0.03070441388047429,0.25857925131368936,0.04524539963705084,0.0015696511955600606,0.05184937403868921,0.0001224943209991322,1.402483652856944,0.15606361958086296,0.14753856771087062,0.003902993643501483,0.002478333931804566,0.00105729249832896,False,,5.0,5.0,1.5,4.5,0.01565418702256493,-0.012816135844301963,0,97,0.001303434862611812,0.0012723931060812893,0,97,True
22,centered_weak,centered_confirmation-006,fixed_cadence,0.2,-0.5662041871326249,0.049999999999999996,0.19999999999999998,0.030702773534334003,0.2585801473115992,0.04477432112944962,0.0015696511955600606,0.05073663176620887,0.0001224943209991322,1.3889458361536244,0.15606361958086296,0.14599768567474306,0.003902993643501483,0.0026209325884055776,0.00105729249832896,False,,5.0,5.0,1.55,4.55,0.015508523887811224,-0.01268252026859501,0,97,0.001303434862611812,0.0012723931060812893,0,97,True
22,centered_weak,centered_confirmation-007,fixed_cadence,0.2,-0.5264386179293323,0.049999999999999996,0.19999999999999998,0.030696984201510645,0.2585944797476117,0.04153381459021725,0.0015696511955600606,0.04409933385353175,0.0001224943209991322,1.3039710331231336,0.15606361958086296,0.13551385668914714,0.003902993643501483,0.0021858412246380738,0.00105729249832896,False,,5.0,5.0,1.3,4.3,0.01453083001714758,-0.011664407091468857,0,97,0.001303434862611812,0.0012723931060812893,0,97,True
22,centered_strong,centered_confirmation-000,serial,0.0,0.3541282217646782,0.05,0.0,0.017240121786079872,0.18772167689969127,0.021362380057680184,0.002445696524774452,0.013885815672614278,0.00018892500533039257,0.6816930596614388,0.16002762065177237,0.06661616368509887,0.006940308914621602,0.0023563577984277847,0.0010969726276554071,False,,5.0,5.0,1.65,4.65,-0.013004006176242474,0.004606334137525848,0,101,-0.0016510116970034892,-0.0016233145279160369,0,101,True
22,centered_strong,centered_confirmation-001,serial,0.0,0.41565273311775136,0.05,0.0,0.017227977774791927,0.18764844152404728,0.02511496498890877,0.002445696524774452,0.01941673514436145,0.00018892500533039257,0.7811645691180733,0.16002762065177237,0.07853342122751507,0.006940308914621602,0.0024347788849847095,0.0010969726276554071,False,,5.0,5.0,1.3,4.3,-0.014999022624442226,0.005626707548145541,0,101,-0.0016510116970034892,-0.0016233145279160369,0,101,True
22,centered_strong,centered_confirmation-002,serial,0.0,-0.4933611177198613,0.05,0.0,0.01746565368373652,0.18886175690462956,0.029519596538462464,0.002445696524774452,0.024595385239290633,0.00018892500533039257,0.8736422930741814,0.16002762065177237,0.0925535879773117,0.006940308914621602,0.001631108914316131,0.0010969726276554071,False,,5.0,5.0,1.45,4.45,0.01411950186734473,-0.01027187461285956,0,101,-0.0016510116970034892,-0.0016233145279160369,0,101,True
22,centered_strong,centered_confirmation-003,serial,0.0,-0.4314512128249486,0.05,0.0,0.017429738417521483,0.1886937286778079,0.0258784853301549,0.002445696524774452,0.01863652124731624,0.00018892500533039257,0.7749294017339257,0.16002762065177237,0.0810247552065406,0.006940308914621602,0.0007502407800114811,0.0010969726276554071,False,,5.0,5.0,1.25,4.25,0.012200702809741847,-0.009167964995329472,0,101,-0.0016510116970034892,-0.0016233145279160369,0,101,True
22,centered_strong,centered_confirmation-004,serial,0.0,-0.5204102239457927,0.05,0.0,0.017470443094835444,0.18888391271114732,0.03118203163281477,0.002445696524774452,0.02727425624623123,0.00018892500533039257,0.9084630285287407,0.16002762065177237,0.09776028567100746,0.006940308914621602,0.0010378400311930297,0.0010969726276554071,False,,5.0,5.0,1.3,4.3,0.015029028140952938,-0.010729986410862206,0,101,-0.0016510116970034892,-0.0016233145279160369,0,101,True
22,centered_strong,centered_confirmation-005,serial,0.0,-0.5721576212767027,0.05,0.0,0.017502721873565975,0.1890338823819682,0.034295594184714055,0.002445696524774452,0.0333230920378681,0.00018892500533039257,0.991593663849881,0.16002762065177237,0.1076117607550598,0.006940308914621602,0.0023122579320152387,0.0010969726276554071,False,,5.0,5.0,1.5,4.5,0.016625540041377895,-0.011671095472155685,0,101,-0.0016510116970034892,-0.0016233145279160369,0,101,True
22,centered_strong,centered_confirmation-006,serial,0.0,-0.5662041871326249,0.05,0.0,0.01750169243205046,0.18902937616337434,0.03397005095276809,0.002445696524774452,0.03274525586366283,0.00018892500533039257,0.9839799155378846,0.16002762065177237,0.10660027562922085,0.006940308914621602,0.002758714750043513,0.0010969726276554071,False,,5.0,5.0,1.55,4.55,0.01643600025122439,-0.011581569392443248,0,101,-0.0016510116970034892,-0.0016233145279160369,0,101,True
22,centered_strong,centered_confirmation-007,serial,0.0,-0.5264386179293323,0.05,0.0,0.017473133576121784,0.1888964172774804,0.03154555865173001,0.002445696524774452,0.027920700818477074,0.00018892500533039257,0.9173937042141465,0.16002762065177237,0.09890553520060097,0.006940308914621602,0.0010557172829372505,0.0010969726276554071,False,,5.0,5.0,1.3,4.3,0.015221829050233716,-0.010835866921539575,0,101,-0.0016510116970034892,-0.0016233145279160369,0,101,True
22,centered_strong,centered_confirmation-000,serial,0.05,0.3541282217646782,0.049999999999999996,0.05,0.020217373192873107,0.20421142433633876,0.022933230968080566,0.00042666489452014876,0.014559221948134362,5.195522297335308e-05,0.7154846870640528,0.13551092979705448,0.07246986160206721,0.0012309112522804594,0.002260764557295305,0.0001554729184359002,False,,5.0,5.0,1.65,4.65,-0.011044177037754102,0.00654125213765268,0,100,-0.00021899994192366162,-0.00021490286912929568,0,100,True
22,centered_strong,centered_confirmation-001,serial,0.05,0.41565273311775136,0.049999999999999996,0.05,0.020213469082607214,0.20417735437450113,0.02682304598454171,0.00042666489452014876,0.019972503580508442,5.195522297335308e-05,0.8180368998388063,0.13551092979705448,0.08477665005680614,0.0012309112522804594,0.0015845227157648275,0.0001554729184359002,False,,5.0,5.0,1.3,4.3,-0.012948472050108953,0.007652824448401258,0,100,-0.00021899994192366162,-0.00021490286912929568,0,100,True
22,centered_strong,centered_confirmation-002,serial,0.05,-0.4933611177198613,0.049999999999999996,0.05,0.020514363703014928,0.20548044598419124,0.03207613742739918,0.00042666489452014876,0.027577234358743877,5.195522297335308e-05,0.9329492532948267,0.13551092979705448,0.10128429597085174,0.0012309112522804594,0.001911996360043418,0.0001554729184359002,False,,5.0,5.0,1.45,4.45,0.014797249997875647,-0.009615848144986875,0,100,-0.00021899994192366162,-0.00021490286912929568,0,100,True
22,centered_strong,centered_confirmation-003,serial,0.05,-0.4314512128249486,0.049999999999999996,0.05,0.02047418199557224,0.20532117020970692,0.02810749630471733,0.00042666489452014876,0.021173700670079953,5.195522297335308e-05,0.8334875413516771,0.13551092979705448,0.0887579248275662,0.0012309112522804594,0.001380635917229171,0.0001554729184359002,False,,5.0,5.0,1.25,4.25,0.01297478396715875,-0.008416430328255089,0,100,-0.00021899994192366162,-0.00021490286912929568,0,100,True
22,centered_strong,centered_confirmation-004,serial,0.05,-0.5204102239457927,0.049999999999999996,0.05,0.020530152357296556,0.20554199144605345,0.033907216668990846,0.00042666489452014876,0.030742297974917614,5.195522297335308e-05,0.9770072930792582,0.13551092979705448,0.10704729659366306,0.0012309112522804594,0.0017075189207820972,0.0001554729184359002,False,,5.0,5.0,1.3,4.3,0.015663856829426247,-0.010117118212562084,0,100,-0.00021899994192366162,-0.00021490286912929568,0,100,True
22,centered_strong,centered_confirmation-005,serial,0.05,-0.5721576212767027,0.049999999999999996,0.05,0.020566558120576856,0.20568437403070586,0.03723679970837188,0.00042666489452014876,0.03707366497900484,5.195522297335308e-05,1.0592852467039835,0.13551092979705448,0.11756016474262353,0.0012309112522804594,0.0025074450040315555,0.0001554729184359002,False,,5.0,5.0,1.5,4.5,0.017178855280301525,-0.011139084738869934,0,100,-0.00021899994192366162,-0.00021490286912929568,0,100,True
22,centered_strong,centered_confirmation-006,serial,0.05,-0.5662041871326249,0.049999999999999996,0.05,0.02056309222620139,0.2056710509413806,0.036837963473599966,0.00042666489452014876,0.03630989818656342,5.195522297335308e-05,1.0493520953992617,0.13551092979705448,0.11630802259678262,0.0012309112522804594,0.0028271097518444647,0.0001554729184359002,False,,5.0,5.0,1.55,4.55,0.016998775492331936,-0.011040272656574635,0,100,-0.00021899994192366162,-0.00021490286912929568,0,100,True
22,centered_strong,centered_confirmation-007,serial,0.05,-0.5264386179293323,0.049999999999999996,0.05,0.020534090182570262,0.20555735628625457,0.03430275459151786,0.00042666489452014876,0.031457268222631896,5.195522297335308e-05,0.986712866399647,0.13551092979705448,0.10829393964839093,0.0012309112522804594,0.001729138480126058,0.0001554729184359002,False,,5.0,5.0,1.3,4.3,0.015847157130858856,-0.010232464589763516,0,100,-0.00021899994192366162,-0.00021490286912929568,0,100,True
22,centered_strong,centered_confirmation-000,serial,0.1,0.3541282217646782,0.1,0.10000000000000002,0.027379666693800524,0.23612151111771984,0.026535047077429902,0.002080111345048374,0.01699123179492515,0.0001440708188523991,0.7432241091322745,0.08663461597679512,0.0834816331257862,0.005955408036932822,0.0030504462359180833,0.0009127436512513283,False,,5.0,5.0,1.65,4.65,-0.008592876820960778,0.008834788024586515,0,50,0.001366019219955663,0.0013446000035265686,0,50,True
22,centered_strong,centered_confirmation-001,serial,0.1,0.41565273311775136,0.1,0.10000000000000002,0.026464012208073817,0.23255773530126447,0.030490827152460903,0.002080111345048374,0.022665485757736387,0.0001440708188523991,0.8611386367869224,0.08663461597679512,0.09602886686661054,0.005955408036932822,0.0015008927629800446,0.0009127436512513283,False,,5.0,5.0,1.3,4.3,-0.010599830403128407,0.009897751071037013,0,50,0.001366019219955663,0.0013446000035265686,0,50,True
22,centered_strong,centered_confirmation-002,serial,0.1,-0.4933611177198613,0.1,0.10000000000000002,0.02762077919245829,0.23675277141104983,0.03744090816350584,0.002080111345048374,0.03440863201854093,0.0001440708188523991,1.0078229853701437,0.08663461597679512,0.11745235481294108,0.005955408036932822,0.0035548904170859545,0.0009127436512513283,False,,5.0,5.0,1.45,4.45,0.01524126601298736,-0.009038304549158157,0,50,0.001366019219955663,0.0013446000035265686,0,50,True
22,centered_strong,centered_confirmation-003,serial,0.1,-0.4314512128249486,0.1,0.10000000000000002,0.027587739081766535,0.23668428796871718,0.032705388562997914,0.002080111345048374,0.0266916602816681,0.0001440708188523991,0.895694764871582,0.08663461597679512,0.10263760196586265,0.005955408036932822,0.0031689197010215087,0.0009127436512513283,False,,5.0,5.0,1.25,4.25,0.013614663452705605,-0.007733261271965863,0,50,0.001366019219955663,0.0013446000035265686,0,50,True
22,centered_strong,centered_confirmation-004,serial,0.1,-0.5204102239457927,0.1,0.10000000000000002,0.026711442959619743,0.23323865642988614,0.03881181919233553,0.002080111345048374,0.038171957012315565,0.0001440708188523991,1.0747521469187582,0.08663461597679512,0.12201417284452747,0.005955408036932822,0.0036290767843253236,0.0009127436512513283,False,,5.0,5.0,1.3,4.3,0.016325845540365442,-0.009381509848855548,0,50,0.001366019219955663,0.0013446000035265686,0,50,True
22,centered_strong,centered_confirmation-005,serial,0.1,-0.5721576212767027,0.1,0.10000000000000002,0.026741031568471203,0.2333017523893019,0.0426624502242257,0.002080111345048374,0.04555654181976954,0.0001440708188523991,1.1679051542472685,0.08663461597679512,0.13404855711532776,0.005955408036932822,0.004066530074112008,0.0009127436512513283,False,,5.0,5.0,1.5,4.5,0.017682498664459447,-0.010467275223626036,0,50,0.001366019219955663,0.0013446000035265686,0,50,True
22,centered_strong,centered_confirmation-006,serial,0.1,-0.5662041871326249,0.1,0.10000000000000002,0.027670788831156593,0.2368636807476146,0.042897871005790206,0.002080111345048374,0.044782396867200175,0.0001440708188523991,1.1385847726654852,0.08663461597679512,0.13455711029672193,0.005955408036932822,0.004289038557084169,0.0009127436512513283,False,,5.0,5.0,1.55,4.55,0.01725006100614951,-0.010605231635830418,0,50,0.001366019219955663,0.0013446000035265686,0,50,True
22,centered_strong,centered_confirmation-007,serial,0.1,-0.5264386179293323,0.1,0.10000000000000002,0.026715845457689454,0.2332491906061807,0.039260745160971396,0.002080111345048374,0.03903848849557246,0.0001440708188523991,1.0860715159964407,0.08663461597679512,0.1234257729548878,0.005955408036932822,0.0036619161677130673,0.0009127436512513283,False,,5.0,5.0,1.3,4.3,0.016498544783195717,-0.009506274968002586,0,50,0.001366019219955663,0.0013446000035265686,0,50,True
22,centered_strong,centered_confirmation-000,serial,0.2,0.3541282217646782,0.19999999999999998,0.2,0.04763172526608924,0.3003573379478439,0.03449469388324385,0.0030299278918235863,0.027310218497479683,0.00034759501414648267,0.9582616832088331,0.11409883163679634,0.1052396684135871,0.009006431368357005,0.004853814597383375,0.0011751648245198558,False,,5.0,5.0,1.65,4.65,-0.0060392207521534555,0.010835543694098143,0,25,0.0017236151677035715,0.0017083142936405618,0,25,True
22,centered_strong,centered_confirmation-001,serial,0.2,0.41565273311775136,0.19999999999999998,0.2,0.04530394497067053,0.2923579614558224,0.039564296531002234,0.0030299278918235863,0.03355294520762815,0.00034759501414648267,1.073274619502912,0.11409883163679634,0.1199775974111859,0.009006431368357005,0.004224611497778696,0.0011751648245198558,False,,5.0,5.0,1.3,4.3,-0.008189096959266725,0.012192276397018116,0,25,0.0017236151677035715,0.0017083142936405618,0,25,True
22,centered_strong,centered_confirmation-002,serial,0.2,-0.4933611177198613,0.19999999999999998,0.2,0.047479904591020874,0.29965918975485206,0.049217817101435184,0.0030299278918235863,0.05725244741073865,0.00034759501414648267,1.3447902794908384,0.11409883163679634,0.14977344509782506,0.009006431368357005,0.007205027719732178,0.0011751648245198558,False,,5.0,5.0,1.45,4.45,0.013003631023731177,-0.010790822595948482,0,25,0.0017236151677035715,0.0017083142936405618,0,25,True
22,centered_strong,centered_confirmation-003,serial,0.2,-0.4314512128249486,0.19999999999999998,0.2,0.04746141473957387,0.299684986390098,0.042795272230161316,0.0030299278918235863,0.04442943294443089,0.00034759501414648267,1.188534132761846,0.11409883163679634,0.130472019415001,0.009006431368357005,0.006195285416729728,0.0011751648245198558,False,,5.0,5.0,1.25,4.25,0.01196999782141681,-0.009326950331894119,0,25,0.0017236151677035715,0.0017083142936405618,0,25,True
22,centered_strong,centered_confirmation-004,serial,0.2,-0.5204102239457927,0.19999999999999998,0.2,0.045240917371177046,0.2917760986910219,0.0504619863691344,0.0030299278918235863,0.05921810031772933,0.00034759501414648267,1.3737478177975515,0.11409883163679634,0.1533850531784853,0.009006431368357005,0.007298937034763142,0.0011751648245198558,False,,5.0,5.0,1.3,4.3,0.014313270984258605,-0.011235469368994116,0,25,0.0017236151677035715,0.0017083142936405618,0,25,True
22,centered_strong,centered_confirmation-005,serial,0.2,-0.5721576212767027,0.19999999999999998,0.2,0.04526147141212246,0.2917586471423965,0.05563688271852828,0.0030299278918235863,0.0705002396274068,0.00034759501414648267,1.4919963922332624,0.11409883163679634,0.16877102851705417,0.009006431368357005,0.00807500145377764,0.0011751648245198558,False,,5.0,5.0,1.5,4.5,0.015079385874834008,-0.012417540716268254,0,25,0.0017236151677035715,0.0017083142936405618,0,25,True
22,centered_strong,centered_confirmation-006,serial,0.2,-0.5662041871326249,0.19999999999999998,0.2,0.04406543620613923,0.28971791779460404,0.05433044709025421,0.0030299278918235863,0.06948217636470642,0.00034759501414648267,1.5532367374729017,0.11409883163679634,0.16570842148311177,0.009006431368357005,0.008091036214014063,0.0011751648245198558,False,,5.0,5.0,1.55,4.55,0.015217111347284266,-0.011912254663419723,0,25,0.0017236151677035715,0.0017083142936405618,0,25,True
22,centered_strong,centered_confirmation-007,serial,0.2,-0.5264386179293323,0.19999999999999998,0.2,0.045243219229703945,0.2917740466116806,0.051040584819871476,0.0030299278918235863,0.06055329686315806,0.00034759501414648267,1.3882988762091497,0.11409883163679634,0.15514291416256262,0.009006431368357005,0.007373492628322249,0.0011751648245198558,False,,5.0,5.0,1.3,4.3,0.01445996174034114,-0.01138443445147735,0,25,0.0017236151677035715,0.0017083142936405618,0,25,True
22,centered_strong,centered_confirmation-000,fixed_cadence,0.0,0.3541282217646782,0.05,0.0,0.017240121786079872,0.18772167689969127,0.021362380057680184,0.002445696524774452,0.013885815672614278,0.00018892500533039257,0.6816930596614388,0.16002762065177237,0.06661616368509887,0.006940308914621602,0.0023563577984277847,0.0010969726276554071,False,,5.0,5.0,1.65,4.65,-0.013004006176242474,0.004606334137525848,0,101,-0.0016510116970034892,-0.0016233145279160369,0,101,True
22,centered_strong,centered_confirmation-001,fixed_cadence,0.0,0.41565273311775136,0.05,0.0,0.017227977774791927,0.18764844152404728,0.02511496498890877,0.002445696524774452,0.01941673514436145,0.00018892500533039257,0.7811645691180733,0.16002762065177237,0.07853342122751507,0.006940308914621602,0.0024347788849847095,0.0010969726276554071,False,,5.0,5.0,1.3,4.3,-0.014999022624442226,0.005626707548145541,0,101,-0.0016510116970034892,-0.0016233145279160369,0,101,True
22,centered_strong,centered_confirmation-002,fixed_cadence,0.0,-0.4933611177198613,0.05,0.0,0.01746565368373652,0.18886175690462956,0.029519596538462464,0.002445696524774452,0.024595385239290633,0.00018892500533039257,0.8736422930741814,0.16002762065177237,0.0925535879773117,0.006940308914621602,0.001631108914316131,0.0010969726276554071,False,,5.0,5.0,1.45,4.45,0.01411950186734473,-0.01027187461285956,0,101,-0.0016510116970034892,-0.0016233145279160369,0,101,True
22,centered_strong,centered_confirmation-003,fixed_cadence,0.0,-0.4314512128249486,0.05,0.0,0.017429738417521483,0.1886937286778079,0.0258784853301549,0.002445696524774452,0.01863652124731624,0.00018892500533039257,0.7749294017339257,0.16002762065177237,0.0810247552065406,0.006940308914621602,0.0007502407800114811,0.0010969726276554071,False,,5.0,5.0,1.25,4.25,0.012200702809741847,-0.009167964995329472,0,101,-0.0016510116970034892,-0.0016233145279160369,0,101,True
22,centered_strong,centered_confirmation-004,fixed_cadence,0.0,-0.5204102239457927,0.05,0.0,0.017470443094835444,0.18888391271114732,0.03118203163281477,0.002445696524774452,0.02727425624623123,0.00018892500533039257,0.9084630285287407,0.16002762065177237,0.09776028567100746,0.006940308914621602,0.0010378400311930297,0.0010969726276554071,False,,5.0,5.0,1.3,4.3,0.015029028140952938,-0.010729986410862206,0,101,-0.0016510116970034892,-0.0016233145279160369,0,101,True
22,centered_strong,centered_confirmation-005,fixed_cadence,0.0,-0.5721576212767027,0.05,0.0,0.017502721873565975,0.1890338823819682,0.034295594184714055,0.002445696524774452,0.0333230920378681,0.00018892500533039257,0.991593663849881,0.16002762065177237,0.1076117607550598,0.006940308914621602,0.0023122579320152387,0.0010969726276554071,False,,5.0,5.0,1.5,4.5,0.016625540041377895,-0.011671095472155685,0,101,-0.0016510116970034892,-0.0016233145279160369,0,101,True
22,centered_strong,centered_confirmation-006,fixed_cadence,0.0,-0.5662041871326249,0.05,0.0,0.01750169243205046,0.18902937616337434,0.03397005095276809,0.002445696524774452,0.03274525586366283,0.00018892500533039257,0.9839799155378846,0.16002762065177237,0.10660027562922085,0.006940308914621602,0.002758714750043513,0.0010969726276554071,False,,5.0,5.0,1.55,4.55,0.01643600025122439,-0.011581569392443248,0,101,-0.0016510116970034892,-0.0016233145279160369,0,101,True
22,centered_strong,centered_confirmation-007,fixed_cadence,0.0,-0.5264386179293323,0.05,0.0,0.017473133576121784,0.1888964172774804,0.03154555865173001,0.002445696524774452,0.027920700818477074,0.00018892500533039257,0.9173937042141465,0.16002762065177237,0.09890553520060097,0.006940308914621602,0.0010557172829372505,0.0010969726276554071,False,,5.0,5.0,1.3,4.3,0.015221829050233716,-0.010835866921539575,0,101,-0.0016510116970034892,-0.0016233145279160369,0,101,True
22,centered_strong,centered_confirmation-000,fixed_cadence,0.05,0.3541282217646782,0.049999999999999996,0.05,0.020217373192873107,0.20421142433633876,0.022933230968080566,0.00042666489452014876,0.014559221948134362,5.195522297335308e-05,0.7154846870640528,0.13551092979705448,0.07246986160206721,0.0012309112522804594,0.002260764557295305,0.0001554729184359002,False,,5.0,5.0,1.65,4.65,-0.011044177037754102,0.00654125213765268,0,100,-0.00021899994192366162,-0.00021490286912929568,0,100,True
22,centered_strong,centered_confirmation-001,fixed_cadence,0.05,0.41565273311775136,0.049999999999999996,0.05,0.020213469082607214,0.20417735437450113,0.02682304598454171,0.00042666489452014876,0.019972503580508442,5.195522297335308e-05,0.8180368998388063,0.13551092979705448,0.08477665005680614,0.0012309112522804594,0.0015845227157648275,0.0001554729184359002,False,,5.0,5.0,1.3,4.3,-0.012948472050108953,0.007652824448401258,0,100,-0.00021899994192366162,-0.00021490286912929568,0,100,True
22,centered_strong,centered_confirmation-002,fixed_cadence,0.05,-0.4933611177198613,0.049999999999999996,0.05,0.020514363703014928,0.20548044598419124,0.03207613742739918,0.00042666489452014876,0.027577234358743877,5.195522297335308e-05,0.9329492532948267,0.13551092979705448,0.10128429597085174,0.0012309112522804594,0.001911996360043418,0.0001554729184359002,False,,5.0,5.0,1.45,4.45,0.014797249997875647,-0.009615848144986875,0,100,-0.00021899994192366162,-0.00021490286912929568,0,100,True
22,centered_strong,centered_confirmation-003,fixed_cadence,0.05,-0.4314512128249486,0.049999999999999996,0.05,0.02047418199557224,0.20532117020970692,0.02810749630471733,0.00042666489452014876,0.021173700670079953,5.195522297335308e-05,0.8334875413516771,0.13551092979705448,0.0887579248275662,0.0012309112522804594,0.001380635917229171,0.0001554729184359002,False,,5.0,5.0,1.25,4.25,0.01297478396715875,-0.008416430328255089,0,100,-0.00021899994192366162,-0.00021490286912929568,0,100,True
22,centered_strong,centered_confirmation-004,fixed_cadence,0.05,-0.5204102239457927,0.049999999999999996,0.05,0.020530152357296556,0.20554199144605345,0.033907216668990846,0.00042666489452014876,0.030742297974917614,5.195522297335308e-05,0.9770072930792582,0.13551092979705448,0.10704729659366306,0.0012309112522804594,0.0017075189207820972,0.0001554729184359002,False,,5.0,5.0,1.3,4.3,0.015663856829426247,-0.010117118212562084,0,100,-0.00021899994192366162,-0.00021490286912929568,0,100,True
22,centered_strong,centered_confirmation-005,fixed_cadence,0.05,-0.5721576212767027,0.049999999999999996,0.05,0.020566558120576856,0.20568437403070586,0.03723679970837188,0.00042666489452014876,0.03707366497900484,5.195522297335308e-05,1.0592852467039835,0.13551092979705448,0.11756016474262353,0.0012309112522804594,0.0025074450040315555,0.0001554729184359002,False,,5.0,5.0,1.5,4.5,0.017178855280301525,-0.011139084738869934,0,100,-0.00021899994192366162,-0.00021490286912929568,0,100,True
22,centered_strong,centered_confirmation-006,fixed_cadence,0.05,-0.5662041871326249,0.049999999999999996,0.05,0.02056309222620139,0.2056710509413806,0.036837963473599966,0.00042666489452014876,0.03630989818656342,5.195522297335308e-05,1.0493520953992617,0.13551092979705448,0.11630802259678262,0.0012309112522804594,0.0028271097518444647,0.0001554729184359002,False,,5.0,5.0,1.55,4.55,0.016998775492331936,-0.011040272656574635,0,100,-0.00021899994192366162,-0.00021490286912929568,0,100,True
22,centered_strong,centered_confirmation-007,fixed_cadence,0.05,-0.5264386179293323,0.049999999999999996,0.05,0.020534090182570262,0.20555735628625457,0.03430275459151786,0.00042666489452014876,0.031457268222631896,5.195522297335308e-05,0.986712866399647,0.13551092979705448,0.10829393964839093,0.0012309112522804594,0.001729138480126058,0.0001554729184359002,False,,5.0,5.0,1.3,4.3,0.015847157130858856,-0.010232464589763516,0,100,-0.00021899994192366162,-0.00021490286912929568,0,100,True
22,centered_strong,centered_confirmation-000,fixed_cadence,0.1,0.3541282217646782,0.05,0.1,0.0240751297206791,0.22255868567520096,0.025038830483038798,0.0015201716486887052,0.015007971068897522,9.163446512140222e-05,0.7210011000583743,0.10274100702506045,0.07910574168872737,0.004057426025525401,0.002834997964580483,0.000888370498528404,False,,5.0,5.0,1.65,4.65,-0.008973271812282947,0.008615229486897058,0,99,0.0011775210099588362,0.0011530209284341367,0,99,True
22,centered_strong,centered_confirmation-001,fixed_cadence,0.1,0.41565273311775136,0.05,0.1,0.024082660930448703,0.2225763453103166,0.02929778559166901,0.0015201716486887052,0.020374744863614538,9.163446512140222e-05,0.8273283730099772,0.10274100702506045,0.09255125246054294,0.004057426025525401,0.0009150134717292972,0.000888370498528404,False,,5.0,5.0,1.3,4.3,-0.010728881920658496,0.009838431908236725,0,99,0.0011775210099588362,0.0011530209284341367,0,99,True
22,centered_strong,centered_confirmation-002,fixed_cadence,0.1,-0.4933611177198613,0.05,0.1,0.02433100239760899,0.22335109419342167,0.03494692031391305,0.0015201716486887052,0.029909983583781205,9.163446512140222e-05,0.9648078645418261,0.10274100702506045,0.11016631674897333,0.004057426025525401,0.0026233344247350025,0.000888370498528404,False,,5.0,5.0,1.45,4.45,0.015269370709575267,-0.009185719770232567,0,99,0.0011775210099588362,0.0011530209284341367,0,99,True
22,centered_strong,centered_confirmation-003,fixed_cadence,0.1,-0.4314512128249486,0.05,0.1,0.02429604640165856,0.22325440222549298,0.030518967811414024,0.0015201716486887052,0.023102397959545263,9.163446512140222e-05,0.8595088834713076,0.10274100702506045,0.09622468509473617,0.004057426025525401,0.0023173582606453346,0.000888370498528404,False,,5.0,5.0,1.25,4.25,0.013546290953672976,-0.007863086892602308,0,99,0.0011775210099588362,0.0011530209284341367,0,99,True
22,centered_strong,centered_confirmation-004,fixed_cadence,0.1,-0.5204102239457927,0.05,0.1,0.024352583651363186,0.22341441362594558,0.036865549415739954,0.0015201716486887052,0.03334813143351593,9.163446512140222e-05,1.0136787558744524,0.10274100702506045,0.11623035882284687,0.004057426025525401,0.0026201751371557978,0.000888370498528404,False,,5.0,5.0,1.3,4.3,0.01607185449174747,-0.009730634767709353,0,99,0.0011775210099588362,0.0011530209284341367,0,99,True
22,centered_strong,centered_confirmation-005,fixed_cadence,0.1,-0.5721576212767027,0.05,0.1,0.024384385364632527,0.22350121980266838,0.040547213048034755,0.0015201716486887052,0.03996655230879263,9.163446512140222e-05,1.0996551777074908,0.10274100702506045,0.12780760288247642,0.004057426025525401,0.003123866063514541,0.000888370498528404,False,,5.0,5.0,1.5,4.5,0.01751245442501411,-0.010858590219273323,0,99,0.0011775210099588362,0.0011530209284341367,0,99,True
22,centered_strong,centered_confirmation-006,fixed_cadence,0.1,-0.5662041871326249,0.05,0.1,0.024379324044329614,0.223486542078249,0.04010298852909877,0.0015201716486887052,0.03908180767704587,9.163446512140222e-05,1.0881104285667513,0.10274100702506045,0.12640734268909892,0.004057426025525401,0.0033264636572403086,0.000888370498528404,False,,5.0,5.0,1.55,4.55,0.017349837680376616,-0.010751194966234499,0,99,0.0011775210099588362,0.0011530209284341367,0,99,True
22,centered_strong,centered_confirmation-007,fixed_cadence,0.1,-0.5264386179293323,0.05,0.1,0.02435672737832757,0.22342613679870837,0.03729495045014728,0.0015201716486887052,0.03411080610531751,9.163446512140222e-05,1.024106662983713,0.10274100702506045,0.11758336046065253,0.004057426025525401,0.0026415563419131057,0.000888370498528404,False,,5.0,5.0,1.3,4.3,0.016243875731743428,-0.00985716360525839,0,99,0.0011775210099588362,0.0011530209284341367,0,99,True
22,centered_strong,centered_confirmation-000,fixed_cadence,0.2,0.3541282217646782,0.049999999999999996,0.19999999999999998,0.03184982130159073,0.26139125480656505,0.02871957302413619,0.0017632692627790388,0.018291124206955674,0.0001205305924907828,0.8902200271202166,0.16246091172228647,0.09287212736920579,0.004600001367242046,0.0029523816408717337,0.0010615708296199742,False,,5.0,5.0,1.65,4.65,-0.007309205593415339,0.01036312680127767,0,97,0.0013937237245358624,0.0013619866325917944,0,97,True
22,centered_strong,centered_confirmation-001,fixed_cadence,0.2,0.41565273311775136,0.049999999999999996,0.19999999999999998,0.03187864014085981,0.2614639333650669,0.033824691220054444,0.0017632692627790388,0.0249841452627874,0.0001205305924907828,1.014960776717766,0.16246091172228647,0.10931251984003768,0.004600001367242046,0.0010836706381088994,0.0010615708296199742,False,,5.0,5.0,1.3,4.3,-0.008770267987497886,0.011862870818462642,0,97,0.0013937237245358624,0.0013619866325917944,0,97,True
22,centered_strong,centered_confirmation-002,fixed_cadence,0.2,-0.4933611177198613,0.049999999999999996,0.19999999999999998,0.031696482781768585,0.26075451630936,0.039644700331757314,0.0017632692627790388,0.0368925296961168,0.0001205305924907828,1.1942133267236787,0.16246091172228647,0.1283233584789254,0.004600001367242046,0.0021835949226929803,0.0010615708296199742,False,,5.0,5.0,1.45,4.45,0.013561138374856868,-0.011022617612548784,0,97,0.0013937237245358624,0.0013619866325917944,0,97,True
22,centered_strong,centered_confirmation-003,fixed_cadence,0.2,-0.4314512128249486,0.049999999999999996,0.19999999999999998,0.03169238017263962,0.26078493561994276,0.034489706131303734,0.0017632692627790388,0.028355090250542118,0.0001205305924907828,1.0650734190655786,0.16246091172228647,0.11170924851280588,0.004600001367242046,0.0019167633880869848,0.0010615708296199742,False,,5.0,5.0,1.25,4.25,0.012036839736751476,-0.009445515638797596,0,97,0.0013937237245358624,0.0013619866325917944,0,97,True
22,centered_strong,centered_confirmation-004,fixed_cadence,0.2,-0.5204102239457927,0.049999999999999996,0.19999999999999998,0.03170161674040161,0.26074923035120956,0.04170941715077701,0.0017632692627790388,0.04103672380737653,0.0001205305924907828,1.2519910518838007,0.16246091172228647,0.13506224403563605,0.004600001367242046,0.0021105946480681047,0.0010615708296199742,False,,5.0,5.0,1.3,4.3,0.014233088357499996,-0.011670657415193323,0,97,0.0013937237245358624,0.0013619866325917944,0,97,True
22,centered_strong,centered_confirmation-005,fixed_cadence,0.2,-0.5721576212767027,0.049999999999999996,0.19999999999999998,0.031707697563504875,0.26072690293743994,0.046008039786222685,0.0017632692627790388,0.04936727376427329,0.0001205305924907828,1.3588476513339123,0.16246091172228647,0.14889527262348698,0.004600001367242046,0.0026383621961423437,0.0010615708296199742,False,,5.0,5.0,1.5,4.5,0.015520634366325298,-0.013006252674233259,0,97,0.0013937237245358624,0.0013619866325917944,0,97,True
22,centered_strong,centered_confirmation-006,fixed_cadence,0.2,-0.5662041871326249,0.049999999999999996,0.19999999999999998,0.031706243863499274,0.26072787911111556,0.04553634746645904,0.0017632692627790388,0.04830351416414073,0.0001205305924907828,1.345616686792477,0.16246091172228647,0.1473579099295058,0.004600001367242046,0.0028322068381365488,0.0010615708296199742,False,,5.0,5.0,1.55,4.55,0.015386468408755221,-0.01287280842803722,0,97,0.0013937237245358624,0.0013619866325917944,0,97,True
22,centered_strong,centered_confirmation-007,fixed_cadence,0.2,-0.5264386179293323,0.049999999999999996,0.19999999999999998,0.031702487180535345,0.2607471794486934,0.042194912846092496,0.0017632692627790388,0.041978831237932085,0.0001205305924907828,1.2646545057011682,0.16246091172228647,0.13663306345281176,0.004600001367242046,0.0021250798258098664,0.0010615708296199742,False,,5.0,5.0,1.3,4.3,0.014382369680456081,-0.011821054436237377,0,97,0.0013937237245358624,0.0013619866325917944,0,97,True
22,alternative_matched,centered_confirmation-000,serial,0.0,0.3541282217646782,0.05,0.0,0.016229764910376653,0.1838198857796092,0.02100600959265339,0.003390417214765628,0.01488681576218096,0.000386309869981316,0.7389608009927036,0.20209256403372294,0.06559505971466247,0.010099401105273104,0.0023125746070370296,0.0011055428585877187,False,,5.0,5.0,1.65,4.65,-0.013571592161810465,0.003992451300940494,0,101,-0.0019553414754629795,-0.0019300008764603096,0,101,True
22,alternative_matched,centered_confirmation-001,serial,0.0,0.41565273311775136,0.05,0.0,0.016212898334975318,0.1837189944043723,0.024842127070419356,0.003390417214765628,0.021196270194070898,0.000386309869981316,0.8464499547354938,0.20209256403372294,0.07798652057255788,0.010099401105273104,0.002487043692693003,0.0011055428585877187,False,,5.0,5.0,1.3,4.3,-0.01566202912703759,0.004979606700466055,0,101,-0.0019553414754629795,-0.0019300008764603096,0,101,True
22,alternative_matched,centered_confirmation-002,serial,0.0,-0.4933611177198613,0.05,0.0,0.016460995242667146,0.1850455174286298,0.028503535153347186,0.003390417214765628,0.02561802541963436,0.000386309869981316,0.9309631197921993,0.20209256403372294,0.08984955603995587,0.010099401105273104,0.0013099753318807272,0.0011055428585877187,False,,5.0,5.0,1.45,4.45,0.014195704532408648,-0.010189117579514568,0,101,-0.0019553414754629795,-0.0019300008764603096,0,101,True
22,alternative_matched,centered_confirmation-003,serial,0.0,-0.4314512128249486,0.05,0.0,0.016420368332977067,0.18484355965967797,0.024904529934704628,0.003390417214765628,0.019182166708805192,0.000386309869981316,0.8231990023724796,0.20209256403372294,0.07825879757667199,0.010099401105273104,0.0008283043062431518,0.0011055428585877187,False,,5.0,5.0,1.25,4.25,0.012252042514824802,-0.009144847133738811,0,101,-0.0019553414754629795,-0.0019300008764603096,0,101,True
22,alternative_matched,centered_confirmation-004,serial,0.0,-0.5204102239457927,0.05,0.0,0.01646197249610293,0.18504978966977545,0.030042515322021235,0.003390417214765628,0.028186093581032714,0.000386309869981316,0.9625577165953876,0.20209256403372294,0.09467858406043402,0.010099401105273104,0.0010441537081386288,0.0011055428585877187,False,,5.0,5.0,1.3,4.3,0.015146722716832095,-0.010637947678588187,0,101,-0.0019553414754629795,-0.0019300008764603096,0,101,True
22,alternative_matched,centered_confirmation-005,serial,0.0,-0.5721576212767027,0.05,0.0,0.016498441495230526,0.18523003207092886,0.03316833607018644,0.003390417214765628,0.034824016055987284,0.000386309869981316,1.0541103019587756,0.20209256403372294,0.10472970623660342,0.010099401105273104,0.0018859471542791001,0.0011055428585877187,False,,5.0,5.0,1.5,4.5,0.016750501168513232,-0.01152372059229122,0,101,-0.0019553414754629795,-0.0019300008764603096,0,101,True
22,alternative_matched,centered_confirmation-006,serial,0.0,-0.5662041871326249,0.05,0.0,0.016498127005490706,0.18522890829691377,0.03289315628579663,0.003390417214765628,0.03432118860567898,0.000386309869981316,1.0473122804634334,0.20209256403372294,0.10386607406359245,0.010099401105273104,0.0022742301632774345,0.0011055428585877187,False,,5.0,5.0,1.55,4.55,0.016546076608443195,-0.011434285739743371,0,101,-0.0019553414754629795,-0.0019300008764603096,0,101,True
22,alternative_matched,centered_confirmation-007,serial,0.0,-0.5264386179293323,0.05,0.0,0.01646459695919883,0.18506272660058018,0.030394653267184598,0.003390417214765628,0.02885783644262344,0.000386309869981316,0.9717796354763271,0.20209256403372294,0.09580094759910765,0.010099401105273104,0.0010627246991802741,0.0011055428585877187,False,,5.0,5.0,1.3,4.3,0.015344256607437068,-0.010739362369455111,0,101,-0.0019553414754629795,-0.0019300008764603096,0,101,True
22,alternative_matched,centered_confirmation-000,serial,0.05,0.3541282217646782,0.049999999999999996,0.05,0.019262288827885058,0.20095671987904115,0.022583269474511603,0.0011824907679005392,0.015533955380370603,8.741255019294e-05,0.7462076513444618,0.14602166101090458,0.07177946460289908,0.003655540531776646,0.0020867257241090616,0.0001687674335967883,False,,5.0,5.0,1.65,4.65,-0.011581233524731562,0.005954205057725249,0,100,-0.0004966987380899641,-0.0004947328549974831,0,100,True
22,alternative_matched,centered_confirmation-001,serial,0.05,0.41565273311775136,0.049999999999999996,0.05,0.019253909606249002,0.20089890398016658,0.026477217228140542,0.0011824907679005392,0.021603521866711925,8.741255019294e-05,0.8560999153529838,0.14602166101090458,0.08425293486211514,0.003655540531776646,0.001673414628074369,0.0001687674335967883,False,,5.0,5.0,1.3,4.3,-0.013581354738227292,0.007030985884384701,0,100,-0.0004966987380899641,-0.0004947328549974831,0,100,True
22,alternative_matched,centered_confirmation-002,serial,0.05,-0.4933611177198613,0.049999999999999996,0.05,0.01956794895777165,0.20231800524415153,0.03111862510159358,0.0011824907679005392,0.028641917673474182,8.741255019294e-05,0.9656271009122566,0.14602166101090458,0.09895030187803099,0.003655540531776646,0.0018069396634379314,0.0001687674335967883,False,,5.0,5.0,1.45,4.45,0.014884455307372643,-0.0095149721529188,0,100,-0.0004966987380899641,-0.0004947328549974831,0,100,True
22,alternative_matched,centered_confirmation-003,serial,0.05,-0.4314512128249486,0.049999999999999996,0.05,0.019522691558388584,0.20213435652849704,0.02724318416307962,0.0011824907679005392,0.02182861101729524,8.741255019294e-05,0.8589411197578147,0.14602166101090458,0.0865796460420246,0.003655540531776646,0.0014501259262118904,0.0001687674335967883,False,,5.0,5.0,1.25,4.25,0.013040995775707795,-0.00837335003563979,0,100,-0.0004966987380899641,-0.0004947328549974831,0,100,True
22,alternative_matched,centered_confirmation-004,serial,0.05,-0.5204102239457927,0.049999999999999996,0.05,0.01957981242360652,0.20236380355340078,0.03289493388448794,0.0011824907679005392,0.03181556550535523,8.741255019294e-05,1.0085169641648963,0.14602166101090458,0.1045634359833495,0.003655540531776646,0.001777557063837797,0.0001687674335967883,False,,5.0,5.0,1.3,4.3,0.01579243148768766,-0.010007533387359506,0,100,-0.0004966987380899641,-0.0004947328549974831,0,100,True
22,alternative_matched,centered_confirmation-005,serial,0.05,-0.5721576212767027,0.049999999999999996,0.05,0.019620903976020627,0.20252838776558452,0.03617990276064656,0.0011824907679005392,0.038639342375495135,8.741255019294e-05,1.0973655848180488,0.14602166101090458,0.11504062240990078,0.003655540531776646,0.0023035982283093302,0.0001687674335967883,False,,5.0,5.0,1.5,4.5,0.017311102702268197,-0.010976232375286759,0,100,-0.0004966987380899641,-0.0004947328549974831,0,100,True
22,alternative_matched,centered_confirmation-006,serial,0.05,-0.5662041871326249,0.049999999999999996,0.05,0.019618321850883396,0.20251872670659132,0.03581330028649502,0.0011824907679005392,0.03791408672031672,8.741255019294e-05,1.0878329394733146,0.14602166101090458,0.11388369438135529,0.003655540531776646,0.0025499341230793182,0.0001687674335967883,False,,5.0,5.0,1.55,4.55,0.01711638662124498,-0.010877681579232686,0,100,-0.0004966987380899641,-0.0004947328549974831,0,100,True
22,alternative_matched,centered_confirmation-007,serial,0.05,-0.5264386179293323,0.049999999999999996,0.05,0.019583713687473508,0.2023793090777513,0.033281373995457574,0.0011824907679005392,0.03256135170367375,8.741255019294e-05,1.018566679803057,0.14602166101090458,0.10579152742598637,0.003655540531776646,0.0018001528139565742,0.0001687674335967883,False,,5.0,5.0,1.3,4.3,0.01598021741116865,-0.010118593817015086,0,100,-0.0004966987380899641,-0.0004947328549974831,0,100,True
22,alternative_matched,centered_confirmation-000,serial,0.1,0.3541282217646782,0.1,0.10000000000000002,0.02640601939643072,0.23311612537198864,0.026217108101253727,0.0012716802875515202,0.01810781470793246,5.184917500086478e-05,0.7421317288581388,0.05376912298836878,0.08303155969967937,0.0031512866448781783,0.0027500493670567427,0.0008891290266288627,False,,5.0,5.0,1.65,4.65,-0.009148858237487081,0.008214987474113847,0,50,0.0010675917086780018,0.0010434987317449109,0,50,True
22,alternative_matched,centered_confirmation-001,serial,0.1,0.41565273311775136,0.1,0.10000000000000002,0.02550586965510446,0.2295301436637761,0.030132064304316697,0.0012716802875515202,0.02444657425302241,5.184917500086478e-05,0.874100472957279,0.05376912298836878,0.09554788338989925,0.0031512866448781783,0.0017168057948220902,0.0008891290266288627,False,,5.0,5.0,1.3,4.3,-0.01126710747502447,0.009254572593510726,0,50,0.0010675917086780018,0.0010434987317449109,0,50,True
22,alternative_matched,centered_confirmation-002,serial,0.1,-0.4933611177198613,0.1,0.10000000000000002,0.026649912219890166,0.23384430988684438,0.03650004803235357,0.0012716802875515202,0.03569217147725502,5.184917500086478e-05,1.0092245006863134,0.05376912298836878,0.11517234230309294,0.0031512866448781783,0.003669029649034136,0.0008891290266288627,False,,5.0,5.0,1.45,4.45,0.015303091954964395,-0.008967173133984672,0,50,0.0010675917086780018,0.0010434987317449109,0,50,True
22,alternative_matched,centered_confirmation-003,serial,0.1,-0.4314512128249486,0.1,0.10000000000000002,0.02661251688047525,0.23375198966619973,0.03189670223401116,0.0012716802875515202,0.027533018340477933,5.184917500086478e-05,0.892185826033737,0.05376912298836878,0.10068434953866169,0.0031512866448781783,0.003253598233394257,0.0008891290266288627,False,,5.0,5.0,1.25,4.25,0.013665090751427408,-0.007722744122471398,0,50,0.0010675917086780018,0.0010434987317449109,0,50,True
22,alternative_matched,centered_confirmation-004,serial,0.1,-0.5204102239457927,0.1,0.10000000000000002,0.025753498478014003,0.23027046391011455,0.03786488285205511,0.0012716802875515202,0.039498783912477485,5.184917500086478e-05,1.0816314781013983,0.05376912298836878,0.1196920518484237,0.0031512866448781783,0.0037658464916718783,0.0008891290266288627,False,,5.0,5.0,1.3,4.3,0.016432921838539834,-0.009311215717345734,0,50,0.0010675917086780018,0.0010434987317449109,0,50,True
22,alternative_matched,centered_confirmation-005,serial,0.1,-0.5721576212767027,0.1,0.10000000000000002,0.025787213179850867,0.23034845263253761,0.0416305606058161,0.0012716802875515202,0.04738395282452274,5.184917500086478e-05,1.1799119749967115,0.05376912298836878,0.13155457351382344,0.0031512866448781783,0.004138029206196054,0.0008891290266288627,False,,5.0,5.0,1.5,4.5,0.017780460667389624,-0.010339895506283486,0,50,0.0010675917086780018,0.0010434987317449109,0,50,True
22,alternative_matched,centered_confirmation-006,serial,0.1,-0.5662041871326249,0.1,0.10000000000000002,0.02670135279598428,0.23397251243248643,0.04188949006086326,0.0012716802875515202,0.04669370309640742,5.184917500086478e-05,1.1462141537968176,0.05376912298836878,0.13215341150940074,0.0031512866448781783,0.004284322065626662,0.0008891290266288627,False,,5.0,5.0,1.55,4.55,0.01733199010469317,-0.010471221369725177,0,50,0.0010675917086780018,0.0010434987317449109,0,50,True
22,alternative_matched,centered_confirmation-007,serial,0.1,-0.5264386179293323,0.1,0.10000000000000002,0.02575779609198511,0.2302808718442733,0.038306272757118766,0.0012716802875515202,0.04040453706632758,5.184917500086478e-05,1.0933915117684858,0.05376912298836878,0.12108569206612034,0.0031512866448781783,0.003800713940548839,0.0008891290266288627,False,,5.0,5.0,1.3,4.3,0.016609953593987224,-0.009432039096741947,0,50,0.0010675917086780018,0.0010434987317449109,0,50,True
22,alternative_matched,centered_confirmation-000,serial,0.2,0.3541282217646782,0.19999999999999998,0.2,0.046780692266946144,0.2983947784878983,0.03440866713199729,0.002028186901919782,0.02926973650917993,0.00019457025489393027,0.988052342658075,0.09092964661601405,0.10541865578369888,0.005779598266672519,0.004765282248688255,0.0011290232775022077,False,,5.0,5.0,1.65,4.65,-0.0066248509766271575,0.010178587069838577,0,25,0.0013878803966829345,0.0013656792264843587,0,25,True
22,alternative_matched,centered_confirmation-001,serial,0.2,0.41565273311775136,0.19999999999999998,0.2,0.044451718370998185,0.2900290893188932,0.039392988563087775,0.002028186901919782,0.03636346352980147,0.00019457025489393027,1.102316383843454,0.09092964661601405,0.11996764864042958,0.005779598266672519,0.004605162157847534,0.0011290232775022077,False,,5.0,5.0,1.3,4.3,-0.008923232901256373,0.011530968285823933,0,25,0.0013878803966829345,0.0013656792264843587,0,25,True
22,alternative_matched,centered_confirmation-002,serial,0.2,-0.4933611177198613,0.19999999999999998,0.2,0.046560865639273245,0.29778842999113986,0.04834890931535145,0.002028186901919782,0.05951308748636923,0.00019457025489393027,1.377047267382177,0.09092964661601405,0.14770127102114286,0.005779598266672519,0.007484561253109811,0.0011290232775022077,False,,5.0,5.0,1.45,4.45,0.013010972392399029,-0.010829656487852649,0,25,0.0013878803966829345,0.0013656792264843587,0,25,True
22,alternative_matched,centered_confirmation-003,serial,0.2,-0.4314512128249486,0.19999999999999998,0.2,0.04654932937541511,0.2978111825280159,0.042126672628353436,0.002028186901919782,0.045955898715809525,0.00019457025489393027,1.2166450588155113,0.09092964661601405,0.1288121296008016,0.005779598266672519,0.0063130559079235754,0.0011290232775022077,False,,5.0,5.0,1.25,4.25,0.011979254734356131,-0.009421619665786769,0,25,0.0013878803966829345,0.0013656792264843587,0,25,True
22,alternative_matched,centered_confirmation-004,serial,0.2,-0.5204102239457927,0.19999999999999998,0.2,0.04431541038630391,0.28946619832437115,0.04964385773296394,0.002028186901919782,0.06114903975742579,0.00019457025489393027,1.3897007746744476,0.09092964661601405,0.15122490411334405,0.005779598266672519,0.007507304129384938,0.0011290232775022077,False,,5.0,5.0,1.3,4.3,0.014373860907394611,-0.011285265432984243,0,25,0.0013878803966829345,0.0013656792264843587,0,25,True
22,alternative_matched,centered_confirmation-005,serial,0.2,-0.5721576212767027,0.19999999999999998,0.2,0.04433160586323191,0.2894493153971781,0.054676634252128466,0.002028186901919782,0.07316207470278803,0.00019457025489393027,1.512797032122644,0.09092964661601405,0.16631423471533818,0.005779598266672519,0.00836305394823064,0.0011290232775022077,False,,5.0,5.0,1.5,4.5,0.015109627348024565,-0.01240985164953139,0,25,0.0013878803966829345,0.0013656792264843587,0,25,True
22,alternative_matched,centered_confirmation-006,serial,0.2,-0.5662041871326249,0.19999999999999998,0.2,0.043144629119292656,0.2874620496722517,0.05338069259797871,0.002028186901919782,0.07218944668443973,0.00019457025489393027,1.5863892478990875,0.09092964661601405,0.16337431489597068,0.005779598266672519,0.00831897858790166,0.0011290232775022077,False,,5.0,5.0,1.55,4.55,0.015217946123916823,-0.011905375816487998,0,25,0.0013878803966829345,0.0013656792264843587,0,25,True
22,alternative_matched,centered_confirmation-007,serial,0.2,-0.5264386179293323,0.19999999999999998,0.2,0.04431725220516447,0.2894642747911029,0.050216872065716435,0.002028186901919782,0.06254251566968916,0.00019457025489393027,1.4046700341749512,0.09092964661601405,0.1529689077795655,0.005779598266672519,0.007585295496894183,0.0011290232775022077,False,,5.0,5.0,1.3,4.3,0.014524560075838291,-0.011431423589718877,0,25,0.0013878803966829345,0.0013656792264843587,0,25,True
22,alternative_matched,centered_confirmation-000,fixed_cadence,0.0,0.3541282217646782,0.05,0.0,0.016229764910376653,0.1838198857796092,0.02100600959265339,0.003390417214765628,0.01488681576218096,0.000386309869981316,0.7389608009927036,0.20209256403372294,0.06559505971466247,0.010099401105273104,0.0023125746070370296,0.0011055428585877187,False,,5.0,5.0,1.65,4.65,-0.013571592161810465,0.003992451300940494,0,101,-0.0019553414754629795,-0.0019300008764603096,0,101,True
22,alternative_matched,centered_confirmation-001,fixed_cadence,0.0,0.41565273311775136,0.05,0.0,0.016212898334975318,0.1837189944043723,0.024842127070419356,0.003390417214765628,0.021196270194070898,0.000386309869981316,0.8464499547354938,0.20209256403372294,0.07798652057255788,0.010099401105273104,0.002487043692693003,0.0011055428585877187,False,,5.0,5.0,1.3,4.3,-0.01566202912703759,0.004979606700466055,0,101,-0.0019553414754629795,-0.0019300008764603096,0,101,True
22,alternative_matched,centered_confirmation-002,fixed_cadence,0.0,-0.4933611177198613,0.05,0.0,0.016460995242667146,0.1850455174286298,0.028503535153347186,0.003390417214765628,0.02561802541963436,0.000386309869981316,0.9309631197921993,0.20209256403372294,0.08984955603995587,0.010099401105273104,0.0013099753318807272,0.0011055428585877187,False,,5.0,5.0,1.45,4.45,0.014195704532408648,-0.010189117579514568,0,101,-0.0019553414754629795,-0.0019300008764603096,0,101,True
22,alternative_matched,centered_confirmation-003,fixed_cadence,0.0,-0.4314512128249486,0.05,0.0,0.016420368332977067,0.18484355965967797,0.024904529934704628,0.003390417214765628,0.019182166708805192,0.000386309869981316,0.8231990023724796,0.20209256403372294,0.07825879757667199,0.010099401105273104,0.0008283043062431518,0.0011055428585877187,False,,5.0,5.0,1.25,4.25,0.012252042514824802,-0.009144847133738811,0,101,-0.0019553414754629795,-0.0019300008764603096,0,101,True
22,alternative_matched,centered_confirmation-004,fixed_cadence,0.0,-0.5204102239457927,0.05,0.0,0.01646197249610293,0.18504978966977545,0.030042515322021235,0.003390417214765628,0.028186093581032714,0.000386309869981316,0.9625577165953876,0.20209256403372294,0.09467858406043402,0.010099401105273104,0.0010441537081386288,0.0011055428585877187,False,,5.0,5.0,1.3,4.3,0.015146722716832095,-0.010637947678588187,0,101,-0.0019553414754629795,-0.0019300008764603096,0,101,True
22,alternative_matched,centered_confirmation-005,fixed_cadence,0.0,-0.5721576212767027,0.05,0.0,0.016498441495230526,0.18523003207092886,0.03316833607018644,0.003390417214765628,0.034824016055987284,0.000386309869981316,1.0541103019587756,0.20209256403372294,0.10472970623660342,0.010099401105273104,0.0018859471542791001,0.0011055428585877187,False,,5.0,5.0,1.5,4.5,0.016750501168513232,-0.01152372059229122,0,101,-0.0019553414754629795,-0.0019300008764603096,0,101,True
22,alternative_matched,centered_confirmation-006,fixed_cadence,0.0,-0.5662041871326249,0.05,0.0,0.016498127005490706,0.18522890829691377,0.03289315628579663,0.003390417214765628,0.03432118860567898,0.000386309869981316,1.0473122804634334,0.20209256403372294,0.10386607406359245,0.010099401105273104,0.0022742301632774345,0.0011055428585877187,False,,5.0,5.0,1.55,4.55,0.016546076608443195,-0.011434285739743371,0,101,-0.0019553414754629795,-0.0019300008764603096,0,101,True
22,alternative_matched,centered_confirmation-007,fixed_cadence,0.0,-0.5264386179293323,0.05,0.0,0.01646459695919883,0.18506272660058018,0.030394653267184598,0.003390417214765628,0.02885783644262344,0.000386309869981316,0.9717796354763271,0.20209256403372294,0.09580094759910765,0.010099401105273104,0.0010627246991802741,0.0011055428585877187,False,,5.0,5.0,1.3,4.3,0.015344256607437068,-0.010739362369455111,0,101,-0.0019553414754629795,-0.0019300008764603096,0,101,True
22,alternative_matched,centered_confirmation-000,fixed_cadence,0.05,0.3541282217646782,0.049999999999999996,0.05,0.019262288827885058,0.20095671987904115,0.022583269474511603,0.0011824907679005392,0.015533955380370603,8.741255019294e-05,0.7462076513444618,0.14602166101090458,0.07177946460289908,0.003655540531776646,0.0020867257241090616,0.0001687674335967883,False,,5.0,5.0,1.65,4.65,-0.011581233524731562,0.005954205057725249,0,100,-0.0004966987380899641,-0.0004947328549974831,0,100,True
22,alternative_matched,centered_confirmation-001,fixed_cadence,0.05,0.41565273311775136,0.049999999999999996,0.05,0.019253909606249002,0.20089890398016658,0.026477217228140542,0.0011824907679005392,0.021603521866711925,8.741255019294e-05,0.8560999153529838,0.14602166101090458,0.08425293486211514,0.003655540531776646,0.001673414628074369,0.0001687674335967883,False,,5.0,5.0,1.3,4.3,-0.013581354738227292,0.007030985884384701,0,100,-0.0004966987380899641,-0.0004947328549974831,0,100,True
22,alternative_matched,centered_confirmation-002,fixed_cadence,0.05,-0.4933611177198613,0.049999999999999996,0.05,0.01956794895777165,0.20231800524415153,0.03111862510159358,0.0011824907679005392,0.028641917673474182,8.741255019294e-05,0.9656271009122566,0.14602166101090458,0.09895030187803099,0.003655540531776646,0.0018069396634379314,0.0001687674335967883,False,,5.0,5.0,1.45,4.45,0.014884455307372643,-0.0095149721529188,0,100,-0.0004966987380899641,-0.0004947328549974831,0,100,True
22,alternative_matched,centered_confirmation-003,fixed_cadence,0.05,-0.4314512128249486,0.049999999999999996,0.05,0.019522691558388584,0.20213435652849704,0.02724318416307962,0.0011824907679005392,0.02182861101729524,8.741255019294e-05,0.8589411197578147,0.14602166101090458,0.0865796460420246,0.003655540531776646,0.0014501259262118904,0.0001687674335967883,False,,5.0,5.0,1.25,4.25,0.013040995775707795,-0.00837335003563979,0,100,-0.0004966987380899641,-0.0004947328549974831,0,100,True
22,alternative_matched,centered_confirmation-004,fixed_cadence,0.05,-0.5204102239457927,0.049999999999999996,0.05,0.01957981242360652,0.20236380355340078,0.03289493388448794,0.0011824907679005392,0.03181556550535523,8.741255019294e-05,1.0085169641648963,0.14602166101090458,0.1045634359833495,0.003655540531776646,0.001777557063837797,0.0001687674335967883,False,,5.0,5.0,1.3,4.3,0.01579243148768766,-0.010007533387359506,0,100,-0.0004966987380899641,-0.0004947328549974831,0,100,True
22,alternative_matched,centered_confirmation-005,fixed_cadence,0.05,-0.5721576212767027,0.049999999999999996,0.05,0.019620903976020627,0.20252838776558452,0.03617990276064656,0.0011824907679005392,0.038639342375495135,8.741255019294e-05,1.0973655848180488,0.14602166101090458,0.11504062240990078,0.003655540531776646,0.0023035982283093302,0.0001687674335967883,False,,5.0,5.0,1.5,4.5,0.017311102702268197,-0.010976232375286759,0,100,-0.0004966987380899641,-0.0004947328549974831,0,100,True
22,alternative_matched,centered_confirmation-006,fixed_cadence,0.05,-0.5662041871326249,0.049999999999999996,0.05,0.019618321850883396,0.20251872670659132,0.03581330028649502,0.0011824907679005392,0.03791408672031672,8.741255019294e-05,1.0878329394733146,0.14602166101090458,0.11388369438135529,0.003655540531776646,0.0025499341230793182,0.0001687674335967883,False,,5.0,5.0,1.55,4.55,0.01711638662124498,-0.010877681579232686,0,100,-0.0004966987380899641,-0.0004947328549974831,0,100,True
22,alternative_matched,centered_confirmation-007,fixed_cadence,0.05,-0.5264386179293323,0.049999999999999996,0.05,0.019583713687473508,0.2023793090777513,0.033281373995457574,0.0011824907679005392,0.03256135170367375,8.741255019294e-05,1.018566679803057,0.14602166101090458,0.10579152742598637,0.003655540531776646,0.0018001528139565742,0.0001687674335967883,False,,5.0,5.0,1.3,4.3,0.01598021741116865,-0.010118593817015086,0,100,-0.0004966987380899641,-0.0004947328549974831,0,100,True
22,alternative_matched,centered_confirmation-000,fixed_cadence,0.1,0.3541282217646782,0.05,0.1,0.023063588646469246,0.21934963641891286,0.024654391150752835,0.0009544487097044765,0.015913647417204975,3.97723001173453e-05,0.7205301922780252,0.07449571313678988,0.07847620357938331,0.0018438296630117143,0.002551618953279003,0.0008784260463702836,False,,5.0,5.0,1.65,4.65,-0.0094864997588061,0.008051509959767887,0,99,0.0009238452144004217,0.0008981168608539963,0,99,True
22,alternative_matched,centered_confirmation-001,fixed_cadence,0.1,0.41565273311775136,0.05,0.1,0.023067513585464144,0.2193520850725644,0.028832144651780123,0.0009544487097044765,0.0217986182389299,3.97723001173453e-05,0.8341031176072335,0.07449571313678988,0.0917674386003887,0.0018438296630117143,0.0008920608302193733,0.0008784260463702836,False,,5.0,5.0,1.3,4.3,-0.011332891652729382,0.009235429339343048,0,99,0.0009238452144004217,0.0008981168608539963,0,99,True
22,alternative_matched,centered_confirmation-002,fixed_cadence,0.1,-0.4933611177198613,0.05,0.1,0.023338180033438547,0.22027516762219815,0.03402893001373883,0.0009544487097044765,0.030958636057135797,3.97723001173453e-05,0.966698381028769,0.07449571313678988,0.10800673108498365,0.0018438296630117143,0.0026357798824729766,0.0008784260463702836,False,,5.0,5.0,1.45,4.45,0.015366079700741896,-0.009063978462521353,0,99,0.0009238452144004217,0.0008981168608539963,0,99,True
22,alternative_matched,centered_confirmation-003,fixed_cadence,0.1,-0.4314512128249486,0.05,0.1,0.023299214395722464,0.22015583440701986,0.029740648493880285,0.0009544487097044765,0.023814914908984273,3.97723001173453e-05,0.8574409809929109,0.07449571313678988,0.09440736194096878,0.0018438296630117143,0.002386043495924922,0.0008784260463702836,False,,5.0,5.0,1.25,4.25,0.013623429132256637,-0.0077969536649293136,0,99,0.0009238452144004217,0.0008981168608539963,0,99,True
22,alternative_matched,centered_confirmation-004,fixed_cadence,0.1,-0.5204102239457927,0.05,0.1,0.02335734022701662,0.22033423984317918,0.03594042802612341,0.0009544487097044765,0.03448282843892367,3.97723001173453e-05,1.0166353386861062,0.07449571313678988,0.11407104617481509,0.0018438296630117143,0.002707379653277329,0.0008784260463702836,False,,5.0,5.0,1.3,4.3,0.01620750356987489,-0.009599481679884087,0,99,0.0009238452144004217,0.0008981168608539963,0,99,True
22,alternative_matched,centered_confirmation-005,fixed_cadence,0.1,-0.5721576212767027,0.05,0.1,0.023392896709979922,0.22044170042906835,0.03952476272481938,0.0009544487097044765,0.041489776412175015,3.97723001173453e-05,1.1066454676014161,0.07449571313678988,0.12542721430071535,0.0018438296630117143,0.0030656800627989807,0.0008784260463702836,False,,5.0,5.0,1.5,4.5,0.017652018410716182,-0.010677262489083766,0,99,0.0009238452144004217,0.0008981168608539963,0,99,True
22,alternative_matched,centered_confirmation-006,fixed_cadence,0.1,-0.5662041871326249,0.05,0.1,0.0233884976685803,0.2204283186858891,0.03909718885351424,0.0009544487097044765,0.04061421138413212,3.97723001173453e-05,1.095255094490645,0.07449571313678988,0.12407432906090334,0.0018438296630117143,0.00321550290217274,0.0008784260463702836,False,,5.0,5.0,1.55,4.55,0.017476426107440123,-0.010570923256279582,0,99,0.0009238452144004217,0.0008981168608539963,0,99,True
22,alternative_matched,centered_confirmation-007,fixed_cadence,0.1,-0.5264386179293323,0.05,0.1,0.02336152047566887,0.2203469980461149,0.03636155561944968,0.0009544487097044765,0.03527757851272871,3.97723001173453e-05,1.0274130878072953,0.07449571313678988,0.11540602419137422,0.0018438296630117143,0.002729626465411159,0.0008784260463702836,False,,5.0,5.0,1.3,4.3,0.016383774621043335,-0.00972181318101707,0,99,0.0009238452144004217,0.0008981168608539963,0,99,True
22,alternative_matched,centered_confirmation-000,fixed_cadence,0.2,0.3541282217646782,0.049999999999999996,0.19999999999999998,0.030804460805945982,0.2589288685015539,0.028322614201491996,0.0014294715795036968,0.01932740885497458,0.00010139947578397808,0.9122542671186947,0.15528902479243512,0.0922777618757778,0.0033007889689646917,0.0027910513295818806,0.0010620738602319672,False,,5.0,5.0,1.65,4.65,-0.007692469750812199,0.009953063079515932,0,97,0.0012458520929311235,0.0012142933452651394,0,97,True
22,alternative_matched,centered_confirmation-001,fixed_cadence,0.2,0.41565273311775136,0.049999999999999996,0.19999999999999998,0.030831328701538294,0.25900022378423193,0.03328728173092507,0.0014294715795036968,0.026466414550398568,0.00010139947578397808,1.042224094949486,0.15528902479243512,0.10839665256599872,0.0033007889689646917,0.0009178692019228676,0.0010620738602319672,False,,5.0,5.0,1.3,4.3,-0.009217420314719824,0.01140909708037221,0,97,0.0012458520929311235,0.0012142933452651394,0,97,True
22,alternative_matched,centered_confirmation-002,fixed_cadence,0.2,-0.4933611177198613,0.049999999999999996,0.19999999999999998,0.030686248452891998,0.25834606684271527,0.03893796860146718,0.0014294715795036968,0.03841429054603061,0.00010139947578397808,1.222965904258015,0.15528902479243512,0.12688644197584448,0.0033007889689646917,0.002165373153276407,0.0010620738602319672,False,,5.0,5.0,1.45,4.45,0.013697803298661562,-0.010865522452683638,0,97,0.0012458520929311235,0.0012142933452651394,0,97,True
22,alternative_matched,centered_confirmation-003,fixed_cadence,0.2,-0.4314512128249486,0.049999999999999996,0.19999999999999998,0.030679523929870077,0.2583690846698954,0.03392870575761049,0.0014294715795036968,0.02950289887627693,0.00010139947578397808,1.088354215703728,0.15528902479243512,0.1106192786118053,0.0033007889689646917,0.00196403496351759,0.0010620738602319672,False,,5.0,5.0,1.25,4.25,0.012151760141084047,-0.009327527676337788,0,97,0.0012458520929311235,0.0012142933452651394,0,97,True
22,alternative_matched,centered_confirmation-004,fixed_cadence,0.2,-0.5204102239457927,0.049999999999999996,0.19999999999999998,0.030691893152464372,0.2583404432047959,0.041016808997313386,0.0014294715795036968,0.04272439108246897,0.00010139947578397808,1.2819309911949657,0.15528902479243512,0.13368908754534295,0.0033007889689646917,0.0021518309989507593,0.0010620738602319672,False,,5.0,5.0,1.3,4.3,0.014393379817435594,-0.01150263827860135,0,97,0.0012458520929311235,0.0012142933452651394,0,97,True
22,alternative_matched,centered_confirmation-005,fixed_cadence,0.2,-0.5721576212767027,0.049999999999999996,0.19999999999999998,0.030699747151134618,0.2583224596271382,0.04519669999317149,0.0014294715795036968,0.05144625176025101,0.00010139947578397808,1.3933958865029834,0.15528902479243512,0.14725182181849963,0.0033007889689646917,0.0025682192240366907,0.0010620738602319672,False,,5.0,5.0,1.5,4.5,0.015692953298518508,-0.012805182449264024,0,97,0.0012458520929311235,0.0012142933452651394,0,97,True
22,alternative_matched,centered_confirmation-006,fixed_cadence,0.2,-0.5662041871326249,0.049999999999999996,0.19999999999999998,0.03069819344957457,0.25832326680423184,0.04472712757717787,0.0014294715795036968,0.050355993783242944,0.00010139947578397808,1.380085424266579,0.15528902479243512,0.14571914276592643,0.0033007889689646917,0.0027405288480857595,0.0010620738602319672,False,,5.0,5.0,1.55,4.55,0.015551849732825607,-0.012674041738749508,0,97,0.0012458520929311235,0.0012142933452651394,0,97,True
22,alternative_matched,centered_confirmation-007,fixed_cadence,0.2,-0.5264386179293323,0.049999999999999996,0.19999999999999998,0.030692936819374152,0.2583387344368855,0.04149494653371157,0.0014294715795036968,0.043707271290369366,0.00010139947578397808,1.295021177016022,0.15528902479243512,0.13524539275689468,0.0033007889689646917,0.0021661310186544573,0.0010620738602319672,False,,5.0,5.0,1.3,4.3,0.014545839930603358,-0.01164977698942331,0,97,0.0012458520929311235,0.0012142933452651394,0,97,True
22,gain_matched,centered_confirmation-000,serial,0.0,0.3541282217646782,0.05,0.0,0.016085208177134373,0.18362313922869938,0.020621569023546116,0.0023874351962462096,0.014525329129128881,0.00019075962474066028,0.7049278242177354,0.16474580951398485,0.06505813252207157,0.006826151729199903,0.0021387245152923407,0.0010801729559215996,False,,5.0,5.0,1.65,4.65,-0.01317988237822201,0.004402781054110965,0,101,-0.0016195340179815522,-0.0015915870582031695,0,101,True
22,gain_matched,centered_confirmation-001,serial,0.0,0.41565273311775136,0.05,0.0,0.01607292189187329,0.18354597767332342,0.024279327671158583,0.0023874351962462096,0.02038038896591681,0.00019075962474066028,0.8071304523236144,0.16474580951398485,0.07682908573880118,0.006826151729199903,0.002308938685455916,0.0010801729559215996,False,,5.0,5.0,1.3,4.3,-0.015256716546879674,0.005408910446586665,0,101,-0.0016195340179815522,-0.0015915870582031695,0,101,True
22,gain_matched,centered_confirmation-002,serial,0.0,-0.4933611177198613,0.05,0.0,0.016310242202208128,0.1848241083788877,0.02857590323838176,0.0023874351962462096,0.025836947549894036,0.00019075962474066028,0.9021740446276054,0.16474580951398485,0.0906427668518404,0.006826151729199903,0.0011755294878186557,0.0010801729559215996,False,,5.0,5.0,1.45,4.45,0.014462523028908705,-0.009949203948580908,0,101,-0.0016195340179815522,-0.0015915870582031695,0,101,True
22,gain_matched,centered_confirmation-003,serial,0.0,-0.4314512128249486,0.05,0.0,0.016275290439629303,0.18465008037827987,0.025031307254874884,0.0023874351962462096,0.01954181296207839,0.00019075962474066028,0.7994454889780864,0.16474580951398485,0.07926540780534524,0.006826151729199903,0.000741507288271998,0.0010801729559215996,False,,5.0,5.0,1.25,4.25,0.012520003148822522,-0.008894413186223336,0,101,-0.0016195340179815522,-0.0015915870582031695,0,101,True
22,gain_matched,centered_confirmation-004,serial,0.0,-0.5204102239457927,0.05,0.0,0.016314894328934133,0.1848467808213168,0.030167271025147234,0.0023874351962462096,0.028612687599401408,0.00019075962474066028,0.9374076736754757,0.16474580951398485,0.09565845613676582,0.006826151729199903,0.0009102303308141092,0.0010801729559215996,False,,5.0,5.0,1.3,4.3,0.015404078191427922,-0.01040500127553274,0,101,-0.0016195340179815522,-0.0015915870582031695,0,101,True
22,gain_matched,centered_confirmation-005,serial,0.0,-0.5721576212767027,0.05,0.0,0.016346194144663206,0.18500153278826412,0.03320159147265164,0.0023874351962462096,0.0350076651133216,0.00019075962474066028,1.0241138237751113,0.16474580951398485,0.10540026322115596,0.006826151729199903,0.0017010547742188939,0.0010801729559215996,False,,5.0,5.0,1.5,4.5,0.017007700070647933,-0.011297780031968394,0,101,-0.0016195340179815522,-0.0015915870582031695,0,101,True
22,gain_matched,centered_confirmation-006,serial,0.0,-0.5662041871326249,0.05,0.0,0.016345120463852482,0.1849965349562658,0.032891078686512205,0.0023874351962462096,0.034410561388733274,0.00019075962474066028,1.0164148331469878,0.16474580951398485,0.10442267539616715,0.006826151729199903,0.002070529941335045,0.0010801729559215996,False,,5.0,5.0,1.55,4.55,0.016804080877362227,-0.01120569191482522,0,101,-0.0016195340179815522,-0.0015915870582031695,0,101,True
22,gain_matched,centered_confirmation-007,serial,0.0,-0.5264386179293323,0.05,0.0,0.016317479844523176,0.18485956451924146,0.03051893644377716,0.0023874351962462096,0.02929071051350928,0.00019075962474066028,0.946619202870785,0.16474580951398485,0.0967795151904132,0.006826151729199903,0.000925872085075545,0.0010801729559215996,False,,5.0,5.0,1.3,4.3,0.015600759039728379,-0.010507596844301265,0,101,-0.0016195340179815522,-0.0015915870582031695,0,101,True
22,gain_matched,centered_confirmation-000,serial,0.05,0.3541282217646782,0.049999999999999996,0.05,0.019085091530845793,0.20073734446943078,0.02230158779063779,0.00042876917428582765,0.015332441485655567,5.727557430693433e-05,0.7441640223217446,0.14194742746923755,0.07124070434277852,0.0012427771187696326,0.0018884880791556178,0.0001536737474627558,False,,5.0,5.0,1.65,4.65,-0.011230468907302654,0.006322108821766388,0,100,-0.00021154708592448297,-0.00020769235717102395,0,100,True
22,gain_matched,centered_confirmation-001,serial,0.05,0.41565273311775136,0.049999999999999996,0.05,0.019080061587934103,0.2006966733845691,0.026083440433941257,0.00042876917428582765,0.021040853205571097,5.727557430693433e-05,0.8498494435874063,0.14194742746923755,0.0833477576630536,0.0012427771187696326,0.0014966253329101978,0.0001536737474627558,False,,5.0,5.0,1.3,4.3,-0.013216809266155993,0.007420680980846482,0,100,-0.00021154708592448297,-0.00020769235717102395,0,100,True
22,gain_matched,centered_confirmation-002,serial,0.05,-0.4933611177198613,0.049999999999999996,0.05,0.01938510431579064,0.2020754342513541,0.031202077373051286,0.00042876917428582765,0.028984888066033627,5.727557430693433e-05,0.9682843104777176,0.14194742746923755,0.09959594824835702,0.0012427771187696326,0.0016215413847838968,0.0001536737474627558,False,,5.0,5.0,1.45,4.45,0.015092505324722788,-0.009335635029687362,0,100,-0.00021154708592448297,-0.00020769235717102395,0,100,True
22,gain_matched,centered_confirmation-003,serial,0.05,-0.4314512128249486,0.049999999999999996,0.05,0.01934538928847099,0.20191520692729212,0.02734180026910527,0.00042876917428582765,0.0222578695401123,5.727557430693433e-05,0.8646790512678464,0.14194742746923755,0.08727261521833125,0.0012427771187696326,0.0013019634556298912,0.0001536737474627558,False,,5.0,5.0,1.25,4.25,0.013251418905423543,-0.008183222248795181,0,100,-0.00021154708592448297,-0.00020769235717102395,0,100,True
22,gain_matched,centered_confirmation-004,serial,0.05,-0.5204102239457927,0.049999999999999996,0.05,0.01940055643484716,0.20213674747844917,0.03298459838208913,0.00042876917428582765,0.03231036327812149,5.727557430693433e-05,1.0133648362783032,0.14194742746923755,0.10526639317981709,0.0012427771187696326,0.001596087539417515,0.0001536737474627558,False,,5.0,5.0,1.3,4.3,0.015991202384324332,-0.00983617945275341,0,100,-0.00021154708592448297,-0.00020769235717102395,0,100,True
22,gain_matched,centered_confirmation-005,serial,0.05,-0.5721576212767027,0.049999999999999996,0.05,0.019436471479368205,0.2022796683983716,0.03622472142705514,0.00042876917428582765,0.03896298150209344,5.727557430693433e-05,1.0993158860904415,0.14194742746923755,0.11560461819980289,0.0012427771187696326,0.002070125515099773,0.0001536737474627558,False,,5.0,5.0,1.5,4.5,0.017508280757905503,-0.01081167349411476,0,100,-0.00021154708592448297,-0.00020769235717102395,0,100,True
22,gain_matched,centered_confirmation-006,serial,0.05,-0.5662041871326249,0.049999999999999996,0.05,0.019433115254106063,0.20226661365739582,0.035837287296835996,0.00042876917428582765,0.03816248099801919,5.727557430693433e-05,1.089224558959647,0.14194742746923755,0.11437435840256298,0.0012427771187696326,0.0022979576782233254,0.0001536737474627558,False,,5.0,5.0,1.55,4.55,0.017314037602485677,-0.010710106046838273,0,100,-0.00021154708592448297,-0.00020769235717102395,0,100,True
22,gain_matched,centered_confirmation-007,serial,0.05,-0.5264386179293323,0.049999999999999996,0.05,0.01940440944960227,0.20215209016527114,0.03336949912107523,0.00042876917428582765,0.0330615403443121,5.727557430693433e-05,1.023411182391389,0.14194742746923755,0.10649303011501432,0.0012427771187696326,0.0016163531508515511,0.0001536737474627558,False,,5.0,5.0,1.3,4.3,0.016178071020261902,-0.009948511806813007,0,100,-0.00021154708592448297,-0.00020769235717102395,0,100,True
22,gain_matched,centered_confirmation-000,serial,0.1,0.3541282217646782,0.1,0.10000000000000002,0.0262081159972317,0.2332106543618349,0.026014649244477547,0.0020068446334107295,0.018048861740475784,0.0001454206103628462,0.7697364513953884,0.08653218198620845,0.08260222458175236,0.005775166166326845,0.0024994779959757476,0.000899765633418192,False,,5.0,5.0,1.65,4.65,-0.008804573561474679,0.008579597881666564,0,50,0.0013316775066405536,0.0013094884073599391,0,50,True
22,gain_matched,centered_confirmation-001,serial,0.1,0.41565273311775136,0.1,0.10000000000000002,0.025305578982438997,0.22960586496732568,0.029831136215178067,0.0020068446334107295,0.02401368556824814,0.0001454206103628462,0.8946848385413843,0.08653218198620845,0.09482407820659268,0.005775166166326845,0.0015410139596762915,0.000899765633418192,False,,5.0,5.0,1.3,4.3,-0.010916608549878002,0.00964114341678856,0,50,0.0013316775066405536,0.0013094884073599391,0,50,True
22,gain_matched,centered_confirmation-002,serial,0.1,-0.4933611177198613,0.1,0.10000000000000002,0.026452149152156972,0.2339059755001871,0.03662913448839293,0.0020068446334107295,0.03627258740365016,0.0001454206103628462,1.040593919046755,0.08653218198620845,0.11594731859534173,0.005775166166326845,0.0034588386311910275,0.000899765633418192,False,,5.0,5.0,1.45,4.45,0.015485711167529226,-0.008825224737910009,0,50,0.0013316775066405536,0.0013094884073599391,0,50,True
22,gain_matched,centered_confirmation-003,serial,0.1,-0.4314512128249486,0.1,0.10000000000000002,0.026419337850561515,0.2338309180855668,0.03202311129697314,0.0020068446334107295,0.028177110882439703,0.0001454206103628462,0.924928521402712,0.08653218198620845,0.10143092185737486,0.005775166166326845,0.0030648988737425964,0.000899765633418192,False,,5.0,5.0,1.25,4.25,0.013849935410693289,-0.0075693745039986495,0,50,0.0013316775066405536,0.0013094884073599391,0,50,True
22,gain_matched,centered_confirmation-004,serial,0.1,-0.5204102239457927,0.1,0.10000000000000002,0.025556391371341126,0.23032204839686107,0.03797661310075254,0.0020068446334107295,0.040262258380750204,0.0001454206103628462,1.1150610058387473,0.08653218198620845,0.12047417589280578,0.005775166166326845,0.003546434464816349,0.000899765633418192,False,,5.0,5.0,1.3,4.3,0.01661310221977532,-0.009171752906155736,0,50,0.0013316775066405536,0.0013094884073599391,0,50,True
22,gain_matched,centered_confirmation-005,serial,0.1,-0.5721576212767027,0.1,0.10000000000000002,0.025585646197813634,0.2303845242786372,0.041716982937441874,0.0020068446334107295,0.04799821670798966,0.0001454206103628462,1.2124044125159934,0.08653218198620845,0.13228089394441037,0.005775166166326845,0.0038812179141638676,0.000899765633418192,False,,5.0,5.0,1.5,4.5,0.017958612321093678,-0.010206058429386735,0,50,0.0013316775066405536,0.0013094884073599391,0,50,True
22,gain_matched,centered_confirmation-006,serial,0.1,-0.5662041871326249,0.1,0.10000000000000002,0.02650157901995225,0.23402570691383637,0.04196256506834793,0.0020068446334107295,0.04719813588251372,0.0001454206103628462,1.1763621609290793,0.08653218198620845,0.13281075877414528,0.005775166166326845,0.0039986789967688795,0.000899765633418192,False,,5.0,5.0,1.55,4.55,0.017502113602831958,-0.010340989916318582,0,50,0.0013316775066405536,0.0013094884073599391,0,50,True
22,gain_matched,centered_confirmation-007,serial,0.1,-0.5264386179293323,0.1,0.10000000000000002,0.02556072037864308,0.2303324104765524,0.03841602408443664,0.0020068446334107295,0.04117626465562764,0.0001454206103628462,1.12683579374158,0.08653218198620845,0.12186810294254952,0.005775166166326845,0.0035786216076335326,0.000899765633418192,False,,5.0,5.0,1.3,4.3,0.016789316056445243,-0.009293896084715115,0,50,0.0013316775066405536,0.0013094884073599391,0,50,True
22,gain_matched,centered_confirmation-000,serial,0.2,0.3541282217646782,0.19999999999999998,0.2,0.046670848665291524,0.2987301648267612,0.03424235516839359,0.002668162377842961,0.02931317611302229,0.00030690703177572965,1.0020035721192306,0.11066434903239662,0.10506410332898251,0.007920735254953445,0.004566530661370841,0.0011478020020189773,False,,5.0,5.0,1.65,4.65,-0.006302252875132998,0.010507408284461372,0,25,0.001594098849730058,0.0015745335541019936,0,25,True
22,gain_matched,centered_confirmation-001,serial,0.2,0.41565273311775136,0.19999999999999998,0.2,0.04433283025518601,0.290416932593177,0.03917214503922933,0.002668162377842961,0.03600296199511461,0.00030690703177572965,1.1174229867587033,0.11066434903239662,0.11939083902328194,0.007920735254953445,0.00456179439128576,0.0011478020020189773,False,,5.0,5.0,1.3,4.3,-0.008625860111279929,0.011898039637210724,0,25,0.001594098849730058,0.0015745335541019936,0,25,True
22,gain_matched,centered_confirmation-002,serial,0.2,-0.4933611177198613,0.19999999999999998,0.2,0.04651834195530859,0.29810467492357173,0.04859224608673658,0.002668162377842961,0.06063909803689188,0.00030690703177572965,1.3995898417959158,0.11066434903239662,0.14863814961307845,0.007920735254953445,0.0074950388246347805,0.0011478020020189773,False,,5.0,5.0,1.45,4.45,0.013157895220951602,-0.010741501548639554,0,25,0.001594098849730058,0.0015745335541019936,0,25,True
22,gain_matched,centered_confirmation-003,serial,0.2,-0.4314512128249486,0.19999999999999998,0.2,0.04650031515522032,0.2981267052134781,0.04231075911315949,0.002668162377842961,0.04704614887245301,0.00030690703177572965,1.2395249508151958,0.11066434903239662,0.12961850189423163,0.007920735254953445,0.006247177046095434,0.0011478020020189773,False,,5.0,5.0,1.25,4.25,0.012137532173232612,-0.009330421578795786,0,25,0.001594098849730058,0.0015745335541019936,0,25,True
22,gain_matched,centered_confirmation-004,serial,0.2,-0.5204102239457927,0.19999999999999998,0.2,0.04426899315123881,0.289838749335362,0.04984896828463531,0.002668162377842961,0.06256854048416968,0.00030690703177572965,1.4227552227506581,0.11066434903239662,0.15215680120253008,0.007920735254953445,0.007464040986862558,0.0011478020020189773,False,,5.0,5.0,1.3,4.3,0.014534656344489628,-0.011203920656934683,0,25,0.001594098849730058,0.0015745335541019936,0,25,True
22,gain_matched,centered_confirmation-005,serial,0.2,-0.5721576212767027,0.19999999999999998,0.2,0.044289422560937625,0.2898227615608118,0.054905590624513986,0.002668162377842961,0.07451042326166483,0.00030690703177572965,1.5443746127018874,0.11066434903239662,0.16725545633522834,0.007920735254953445,0.008364840761086038,0.0011478020020189773,False,,5.0,5.0,1.5,4.5,0.015250311462716626,-0.012323275186633523,0,25,0.001594098849730058,0.0015745335541019936,0,25,True
22,gain_matched,centered_confirmation-006,serial,0.2,-0.5662041871326249,0.19999999999999998,0.2,0.04310449783673025,0.2877765710145632,0.053598340883121126,0.002668162377842961,0.07342484911256317,0.00030690703177572965,1.612078201753849,0.11066434903239662,0.1642217723977174,0.007920735254953445,0.008299914094587652,0.0011478020020189773,False,,5.0,5.0,1.55,4.55,0.015357106252150105,-0.011805305260893694,0,25,0.001594098849730058,0.0015745335541019936,0,25,True
22,gain_matched,centered_confirmation-007,serial,0.2,-0.5264386179293323,0.19999999999999998,0.2,0.04427118803194805,0.2898366088656712,0.050421536351153824,0.002668162377842961,0.06398350931458638,0.00030690703177572965,1.4379010580310765,0.11066434903239662,0.15390293654931425,0.007920735254953445,0.007541617377876836,0.0011478020020189773,False,,5.0,5.0,1.3,4.3,0.014685313700274996,-0.01135107306920997,0,25,0.001594098849730058,0.0015745335541019936,0,25,True
22,gain_matched,centered_confirmation-000,fixed_cadence,0.0,0.3541282217646782,0.05,0.0,0.016085208177134373,0.18362313922869938,0.020621569023546116,0.0023874351962462096,0.014525329129128881,0.00019075962474066028,0.7049278242177354,0.16474580951398485,0.06505813252207157,0.006826151729199903,0.0021387245152923407,0.0010801729559215996,False,,5.0,5.0,1.65,4.65,-0.01317988237822201,0.004402781054110965,0,101,-0.0016195340179815522,-0.0015915870582031695,0,101,True
22,gain_matched,centered_confirmation-001,fixed_cadence,0.0,0.41565273311775136,0.05,0.0,0.01607292189187329,0.18354597767332342,0.024279327671158583,0.0023874351962462096,0.02038038896591681,0.00019075962474066028,0.8071304523236144,0.16474580951398485,0.07682908573880118,0.006826151729199903,0.002308938685455916,0.0010801729559215996,False,,5.0,5.0,1.3,4.3,-0.015256716546879674,0.005408910446586665,0,101,-0.0016195340179815522,-0.0015915870582031695,0,101,True
22,gain_matched,centered_confirmation-002,fixed_cadence,0.0,-0.4933611177198613,0.05,0.0,0.016310242202208128,0.1848241083788877,0.02857590323838176,0.0023874351962462096,0.025836947549894036,0.00019075962474066028,0.9021740446276054,0.16474580951398485,0.0906427668518404,0.006826151729199903,0.0011755294878186557,0.0010801729559215996,False,,5.0,5.0,1.45,4.45,0.014462523028908705,-0.009949203948580908,0,101,-0.0016195340179815522,-0.0015915870582031695,0,101,True
22,gain_matched,centered_confirmation-003,fixed_cadence,0.0,-0.4314512128249486,0.05,0.0,0.016275290439629303,0.18465008037827987,0.025031307254874884,0.0023874351962462096,0.01954181296207839,0.00019075962474066028,0.7994454889780864,0.16474580951398485,0.07926540780534524,0.006826151729199903,0.000741507288271998,0.0010801729559215996,False,,5.0,5.0,1.25,4.25,0.012520003148822522,-0.008894413186223336,0,101,-0.0016195340179815522,-0.0015915870582031695,0,101,True
22,gain_matched,centered_confirmation-004,fixed_cadence,0.0,-0.5204102239457927,0.05,0.0,0.016314894328934133,0.1848467808213168,0.030167271025147234,0.0023874351962462096,0.028612687599401408,0.00019075962474066028,0.9374076736754757,0.16474580951398485,0.09565845613676582,0.006826151729199903,0.0009102303308141092,0.0010801729559215996,False,,5.0,5.0,1.3,4.3,0.015404078191427922,-0.01040500127553274,0,101,-0.0016195340179815522,-0.0015915870582031695,0,101,True
22,gain_matched,centered_confirmation-005,fixed_cadence,0.0,-0.5721576212767027,0.05,0.0,0.016346194144663206,0.18500153278826412,0.03320159147265164,0.0023874351962462096,0.0350076651133216,0.00019075962474066028,1.0241138237751113,0.16474580951398485,0.10540026322115596,0.006826151729199903,0.0017010547742188939,0.0010801729559215996,False,,5.0,5.0,1.5,4.5,0.017007700070647933,-0.011297780031968394,0,101,-0.0016195340179815522,-0.0015915870582031695,0,101,True
22,gain_matched,centered_confirmation-006,fixed_cadence,0.0,-0.5662041871326249,0.05,0.0,0.016345120463852482,0.1849965349562658,0.032891078686512205,0.0023874351962462096,0.034410561388733274,0.00019075962474066028,1.0164148331469878,0.16474580951398485,0.10442267539616715,0.006826151729199903,0.002070529941335045,0.0010801729559215996,False,,5.0,5.0,1.55,4.55,0.016804080877362227,-0.01120569191482522,0,101,-0.0016195340179815522,-0.0015915870582031695,0,101,True
22,gain_matched,centered_confirmation-007,fixed_cadence,0.0,-0.5264386179293323,0.05,0.0,0.016317479844523176,0.18485956451924146,0.03051893644377716,0.0023874351962462096,0.02929071051350928,0.00019075962474066028,0.946619202870785,0.16474580951398485,0.0967795151904132,0.006826151729199903,0.000925872085075545,0.0010801729559215996,False,,5.0,5.0,1.3,4.3,0.015600759039728379,-0.010507596844301265,0,101,-0.0016195340179815522,-0.0015915870582031695,0,101,True
22,gain_matched,centered_confirmation-000,fixed_cadence,0.05,0.3541282217646782,0.049999999999999996,0.05,0.019085091530845793,0.20073734446943078,0.02230158779063779,0.00042876917428582765,0.015332441485655567,5.727557430693433e-05,0.7441640223217446,0.14194742746923755,0.07124070434277852,0.0012427771187696326,0.0018884880791556178,0.0001536737474627558,False,,5.0,5.0,1.65,4.65,-0.011230468907302654,0.006322108821766388,0,100,-0.00021154708592448297,-0.00020769235717102395,0,100,True
22,gain_matched,centered_confirmation-001,fixed_cadence,0.05,0.41565273311775136,0.049999999999999996,0.05,0.019080061587934103,0.2006966733845691,0.026083440433941257,0.00042876917428582765,0.021040853205571097,5.727557430693433e-05,0.8498494435874063,0.14194742746923755,0.0833477576630536,0.0012427771187696326,0.0014966253329101978,0.0001536737474627558,False,,5.0,5.0,1.3,4.3,-0.013216809266155993,0.007420680980846482,0,100,-0.00021154708592448297,-0.00020769235717102395,0,100,True
22,gain_matched,centered_confirmation-002,fixed_cadence,0.05,-0.4933611177198613,0.049999999999999996,0.05,0.01938510431579064,0.2020754342513541,0.031202077373051286,0.00042876917428582765,0.028984888066033627,5.727557430693433e-05,0.9682843104777176,0.14194742746923755,0.09959594824835702,0.0012427771187696326,0.0016215413847838968,0.0001536737474627558,False,,5.0,5.0,1.45,4.45,0.015092505324722788,-0.009335635029687362,0,100,-0.00021154708592448297,-0.00020769235717102395,0,100,True
22,gain_matched,centered_confirmation-003,fixed_cadence,0.05,-0.4314512128249486,0.049999999999999996,0.05,0.01934538928847099,0.20191520692729212,0.02734180026910527,0.00042876917428582765,0.0222578695401123,5.727557430693433e-05,0.8646790512678464,0.14194742746923755,0.08727261521833125,0.0012427771187696326,0.0013019634556298912,0.0001536737474627558,False,,5.0,5.0,1.25,4.25,0.013251418905423543,-0.008183222248795181,0,100,-0.00021154708592448297,-0.00020769235717102395,0,100,True
22,gain_matched,centered_confirmation-004,fixed_cadence,0.05,-0.5204102239457927,0.049999999999999996,0.05,0.01940055643484716,0.20213674747844917,0.03298459838208913,0.00042876917428582765,0.03231036327812149,5.727557430693433e-05,1.0133648362783032,0.14194742746923755,0.10526639317981709,0.0012427771187696326,0.001596087539417515,0.0001536737474627558,False,,5.0,5.0,1.3,4.3,0.015991202384324332,-0.00983617945275341,0,100,-0.00021154708592448297,-0.00020769235717102395,0,100,True
22,gain_matched,centered_confirmation-005,fixed_cadence,0.05,-0.5721576212767027,0.049999999999999996,0.05,0.019436471479368205,0.2022796683983716,0.03622472142705514,0.00042876917428582765,0.03896298150209344,5.727557430693433e-05,1.0993158860904415,0.14194742746923755,0.11560461819980289,0.0012427771187696326,0.002070125515099773,0.0001536737474627558,False,,5.0,5.0,1.5,4.5,0.017508280757905503,-0.01081167349411476,0,100,-0.00021154708592448297,-0.00020769235717102395,0,100,True
22,gain_matched,centered_confirmation-006,fixed_cadence,0.05,-0.5662041871326249,0.049999999999999996,0.05,0.019433115254106063,0.20226661365739582,0.035837287296835996,0.00042876917428582765,0.03816248099801919,5.727557430693433e-05,1.089224558959647,0.14194742746923755,0.11437435840256298,0.0012427771187696326,0.0022979576782233254,0.0001536737474627558,False,,5.0,5.0,1.55,4.55,0.017314037602485677,-0.010710106046838273,0,100,-0.00021154708592448297,-0.00020769235717102395,0,100,True
22,gain_matched,centered_confirmation-007,fixed_cadence,0.05,-0.5264386179293323,0.049999999999999996,0.05,0.01940440944960227,0.20215209016527114,0.03336949912107523,0.00042876917428582765,0.0330615403443121,5.727557430693433e-05,1.023411182391389,0.14194742746923755,0.10649303011501432,0.0012427771187696326,0.0016163531508515511,0.0001536737474627558,False,,5.0,5.0,1.3,4.3,0.016178071020261902,-0.009948511806813007,0,100,-0.00021154708592448297,-0.00020769235717102395,0,100,True
22,gain_matched,centered_confirmation-000,fixed_cadence,0.1,0.3541282217646782,0.05,0.1,0.02291843527863253,0.21942245383732434,0.02447294864386768,0.0014887391787535404,0.015844831568422132,9.697651214977604e-05,0.7424517483445933,0.10043632933824531,0.07808470292835237,0.003998894126876655,0.002340234044140001,0.0008828152412566089,False,,5.0,5.0,1.65,4.65,-0.0091659479305875,0.008380239050610203,0,99,0.0011597888781893543,0.0011352992941712266,0,99,True
22,gain_matched,centered_confirmation-001,fixed_cadence,0.1,0.41565273311775136,0.05,0.1,0.02292408506130622,0.21943394323740567,0.028603533194866335,0.0014887391787535404,0.021478501586821477,9.697651214977604e-05,0.85209095427721,0.10043632933824531,0.09123879412927348,0.003998894126876655,0.0007595724053227485,0.0008828152412566089,False,,5.0,5.0,1.3,4.3,-0.011002631203902932,0.009590909471327283,0,99,0.0011597888781893543,0.0011352992941712266,0,99,True
22,gain_matched,centered_confirmation-002,fixed_cadence,0.1,-0.4933611177198613,0.05,0.1,0.023185076302279624,0.22031325485395328,0.03411982167547389,0.0014887391787535404,0.0313974088816172,9.697651214977604e-05,0.9922610897752571,0.10043632933824531,0.10861668882791899,0.003998894126876655,0.0024555602706892487,0.0008828152412566089,False,,5.0,5.0,1.45,4.45,0.015510472090469626,-0.008944123268927523,0,99,0.0011597888781893543,0.0011352992941712266,0,99,True
22,gain_matched,centered_confirmation-003,fixed_cadence,0.1,-0.4314512128249486,0.05,0.1,0.023149987856896592,0.22020859829107814,0.029813630916703106,0.0014887391787535404,0.024278733741811116,9.697651214977604e-05,0.8832564968797492,0.10043632933824531,0.09493949660914783,0.003998894126876655,0.0022405351790612755,0.0008828152412566089,False,,5.0,5.0,1.25,4.25,0.013775913985000878,-0.0076673020956959685,0,99,0.0011597888781893543,0.0011352992941712266,0,99,True
22,gain_matched,centered_confirmation-004,fixed_cadence,0.1,-0.5204102239457927,0.05,0.1,0.023206541786454263,0.22038059110839414,0.036008983420844624,0.0014887391787535404,0.03503106603746306,9.697651214977604e-05,1.042589077446155,0.10043632933824531,0.11465783688818527,0.003998894126876655,0.0025326026538725365,0.0008828152412566089,False,,5.0,5.0,1.3,4.3,0.016346155913101464,-0.009489549046357942,0,99,0.0011597888781893543,0.0011352992941712266,0,99,True
22,gain_matched,centered_confirmation-005,fixed_cadence,0.1,-0.5721576212767027,0.05,0.1,0.023238391049430002,0.2204742090032128,0.03958821450398176,0.0014887391787535404,0.04194837695282374,9.697651214977604e-05,1.1317412609788702,0.10043632933824531,0.126010668110976,0.003998894126876655,0.002831732668625685,0.0008828152412566089,False,,5.0,5.0,1.5,4.5,0.017782337553726466,-0.010572364639803036,0,99,0.0011597888781893543,0.0011352992941712266,0,99,True
22,gain_matched,centered_confirmation-006,fixed_cadence,0.1,-0.5662041871326249,0.05,0.1,0.023233439841358366,0.2204588452111723,0.03915115487982348,0.0014887391787535404,0.0410155933506633,9.697651214977604e-05,1.1200026745530893,0.10043632933824531,0.12461681918837385,0.003998894126876655,0.002958123744755778,0.0008828152412566089,False,,5.0,5.0,1.55,4.55,0.017605713637100485,-0.010462427970522412,0,99,0.0011597888781893543,0.0011352992941712266,0,99,True
22,gain_matched,centered_confirmation-007,fixed_cadence,0.1,-0.5264386179293323,0.05,0.1,0.023210687179990898,0.2203931815910618,0.03642855852160099,0.0014887391787535404,0.035831973351957876,9.697651214977604e-05,1.0533703274461554,0.10043632933824531,0.11599300603400665,0.003998894126876655,0.0025527327381342996,0.0008828152412566089,False,,5.0,5.0,1.3,4.3,0.01652140730165127,-0.009613236887440927,0,99,0.0011597888781893543,0.0011352992941712266,0,99,True
22,gain_matched,centered_confirmation-000,fixed_cadence,0.2,0.3541282217646782,0.049999999999999996,0.19999999999999998,0.030697970180303014,0.25913541509928395,0.02823553357196189,0.0016668423004603753,0.019372803381700776,0.0001235557363206993,0.918324694131024,0.16248489083767664,0.09217430273664491,0.004271593556669454,0.0025716599822880547,0.0010579442201582622,False,,5.0,5.0,1.65,4.65,-0.007500431934307985,0.010135349016744327,0,97,0.001348319479886715,0.0013170718297031987,0,97,True
22,gain_matched,centered_confirmation-001,fixed_cadence,0.2,0.41565273311775136,0.049999999999999996,0.19999999999999998,0.030724779279039115,0.2592073478848594,0.033213929414391885,0.0016668423004603753,0.026446996714280795,0.0001235557363206993,1.0471109396410052,0.16248489083767664,0.10834890940561266,0.004271593556669454,0.0008203170551837045,0.0010579442201582622,False,,5.0,5.0,1.3,4.3,-0.009021624262008542,0.011616635341402002,0,97,0.001348319479886715,0.0013170718297031987,0,97,True
22,gain_matched,centered_confirmation-002,fixed_cadence,0.2,-0.4933611177198613,0.049999999999999996,0.19999999999999998,0.030569981772473925,0.25851719020199926,0.038928508184399635,0.0016668423004603753,0.038817379281657904,0.0001235557363206993,1.2307482236069511,0.16248489083767664,0.12716594614542492,0.004271593556669454,0.002035618834922855,0.0010579442201582622,False,,5.0,5.0,1.45,4.45,0.013721889638964358,-0.010845161423309763,0,97,0.001348319479886715,0.0013170718297031987,0,97,True
22,gain_matched,centered_confirmation-003,fixed_cadence,0.2,-0.4314512128249486,0.049999999999999996,0.19999999999999998,0.03056402952393096,0.25854291001931623,0.03389127429302566,0.0016668423004603753,0.029852134284554608,0.0001235557363206993,1.0967694487240978,0.16248489083767664,0.11079535224198721,0.004271593556669454,0.001889168565436333,0.0010579442201582622,False,,5.0,5.0,1.25,4.25,0.012187881536100332,-0.009303954789848861,0,97,0.001348319479886715,0.0013170718297031987,0,97,True
22,gain_matched,centered_confirmation-004,fixed_cadence,0.2,-0.5204102239457927,0.049999999999999996,0.19999999999999998,0.030575499613976674,0.25851160964488734,0.0409780255151275,0.0016668423004603753,0.043193887618632784,0.0001235557363206993,1.2903786909771038,0.16248489083767664,0.13391889081464506,0.004271593556669454,0.002056769568156962,0.0010579442201582622,False,,5.0,5.0,1.3,4.3,0.014418952637229388,-0.011490371023862737,0,97,0.001348319479886715,0.0013170718297031987,0,97,True
22,gain_matched,centered_confirmation-005,fixed_cadence,0.2,-0.5721576212767027,0.049999999999999996,0.19999999999999998,0.03058288047174558,0.25849233649411446,0.04517695661036177,0.0016668423004603753,0.05194296507287605,0.0001235557363206993,1.401253165323741,0.16248489083767664,0.1475475514152301,0.004271593556669454,0.0023777493313925373,0.0010579442201582622,False,,5.0,5.0,1.5,4.5,0.01570522522038621,-0.01279245485585028,0,97,0.001348319479886715,0.0013170718297031987,0,97,True
22,gain_matched,centered_confirmation-006,fixed_cadence,0.2,-0.5662041871326249,0.049999999999999996,0.19999999999999998,0.030581347329890214,0.2584933980659457,0.044709201088491364,0.0016668423004603753,0.050824138720226654,0.0001235557363206993,1.3877486104708976,0.16248489083767664,0.14601293955286798,0.004271593556669454,0.002522631631130642,0.0010579442201582622,False,,5.0,5.0,1.55,4.55,0.015561517151881279,-0.012658656313323713,0,97,0.001348319479886715,0.0013170718297031987,0,97,True
22,gain_matched,centered_confirmation-007,fixed_cadence,0.2,-0.5264386179293323,0.049999999999999996,0.19999999999999998,0.030576513651086677,0.25850981559694935,0.041455152989991015,0.0016668423004603753,0.044185493011370744,0.0001235557363206993,1.3034842944708545,0.16248489083767664,0.1354762513702928,0.004271593556669454,0.002069741559961268,0.0010579442201582622,False,,5.0,5.0,1.3,4.3,0.01457076220630509,-0.011638304093515793,0,97,0.001348319479886715,0.0013170718297031987,0,97,True
33,native,centered_confirmation-000,serial,0.0,0.3541282217646782,0.05,0.0,0.016493613060293545,0.18475750567241367,0.02079974697947334,0.0005024325644920096,0.01367217197070425,2.0076330106751777e-05,0.5915714986622334,0.054116006940603256,0.06573801325107839,0.0015768893825751245,0.0019410751440093698,6.817580675663034e-05,False,,5.0,5.0,1.65,4.65,-0.011689586751163005,0.005871501204463098,0,101,-0.0002004968002438545,-0.0001997949448599125,0,101,True
33,native,centered_confirmation-001,serial,0.0,0.41565273311775136,0.05,0.0,0.016511190416385,0.18483217106185343,0.024391095958424508,0.0005024325644920096,0.018864133252433687,2.0076330106751777e-05,0.6871896050870419,0.054116006940603256,0.07711442809567097,0.0015768893825751245,0.0014244916951860044,6.817580675663034e-05,False,,5.0,5.0,1.3,4.3,-0.013735979609191418,0.006885867121972383,0,101,-0.0002004968002438545,-0.0001997949448599125,0,101,True
33,native,centered_confirmation-002,serial,0.0,-0.4933611177198613,0.05,0.0,0.016451445677348703,0.18453564757719013,0.02867673177650611,0.0005024325644920096,0.025850038856211937,2.0076330106751777e-05,0.8011888898909092,0.054116006940603256,0.09065993058169397,0.0015768893825751245,0.0016848098119947163,6.817580675663034e-05,False,,5.0,5.0,1.45,4.45,0.01578700765967369,-0.008644253172486866,0,101,-0.0002004968002438545,-0.0001997949448599125,0,101,True
33,native,centered_confirmation-003,serial,0.0,-0.4314512128249486,0.05,0.0,0.01644406384506021,0.18451110843002322,0.02511637941271882,0.0005024325644920096,0.01977911250798197,2.0076330106751777e-05,0.7057330198585987,0.054116006940603256,0.07938639571281482,0.0015768893825751245,0.0013452471484836817,6.817580675663034e-05,False,,5.0,5.0,1.25,4.25,0.013849230855703354,-0.007576629269852556,0,101,-0.0002004968002438545,-0.0001997949448599125,0,101,True
33,native,centered_confirmation-004,serial,0.0,-0.5204102239457927,0.05,0.0,0.016455160867299198,0.1845494139420319,0.030293023535933362,0.0005024325644920096,0.02877966869118768,2.0076330106751777e-05,0.8417169190943241,0.054116006940603256,0.09575297081291377,0.0015768893825751245,0.0016327333993710993,6.817580675663034e-05,False,,5.0,5.0,1.3,4.3,0.016716239042580128,-0.009102849344044176,0,101,-0.0002004968002438545,-0.0001997949448599125,0,101,True
33,native,centered_confirmation-005,serial,0.0,-0.5721576212767027,0.05,0.0,0.016462792287835027,0.18457554872360968,0.03328454908512304,0.0005024325644920096,0.03480918243871504,2.0076330106751777e-05,0.9212779067456722,0.054116006940603256,0.10522396038953341,0.0015768893825751245,0.0021384445238851607,6.817580675663034e-05,False,,5.0,5.0,1.5,4.5,0.018320734053850173,-0.010008468495777623,0,101,-0.0002004968002438545,-0.0001997949448599125,0,101,True
33,native,centered_confirmation-006,serial,0.0,-0.5662041871326249,0.05,0.0,0.016461930741251928,0.18457230954184645,0.032939101104477744,0.0005024325644920096,0.034111883265952055,2.0076330106751777e-05,0.9121674112975597,0.054116006940603256,0.10413685508448424,0.0015768893825751245,0.002367622144372125,6.817580675663034e-05,False,,5.0,5.0,1.55,4.55,0.018122199177742004,-0.009916840991240973,0,101,-0.0002004968002438545,-0.0001997949448599125,0,101,True
33,native,centered_confirmation-007,serial,0.0,-0.5264386179293323,0.05,0.0,0.01645601163576907,0.18455239685509614,0.030645599940556142,0.0005024325644920096,0.02945193578212675,2.0076330106751777e-05,0.8509082160890102,0.054116006940603256,0.09686707771021863,0.0015768893825751245,0.001652373792358815,6.817580675663034e-05,False,,5.0,5.0,1.3,4.3,0.01691167876124382,-0.009206495951627671,0,101,-0.0002004968002438545,-0.0001997949448599125,0,101,True
33,native,centered_confirmation-000,serial,0.05,0.3541282217646782,0.049999999999999996,0.05,0.019585625463874667,0.20176048635731453,0.02255583915321088,0.0004207515081063573,0.014693700586670327,1.5241139310947368e-05,0.6393956951797009,0.04649577662348747,0.07154851294761629,0.0013216438671914824,0.0020706217741520917,0.000184331211056652,False,,5.0,5.0,1.65,4.65,-0.010671097226440905,0.006871800322838409,0,100,0.00026965979486703867,0.0002647595230523094,0,100,True
33,native,centered_confirmation-001,serial,0.05,0.41565273311775136,0.049999999999999996,0.05,0.019601654454949526,0.20180918596381062,0.026406974210441216,0.0004207515081063573,0.02008088812769723,1.5241139310947368e-05,0.7424950040876865,0.04649577662348747,0.08374336790000864,0.0013216438671914824,0.0013005229732966327,0.000184331211056652,False,,5.0,5.0,1.3,4.3,-0.012629313953220844,0.007978280066789033,0,100,0.00026965979486703867,0.0002647595230523094,0,100,True
33,native,centered_confirmation-002,serial,0.05,-0.4933611177198613,0.049999999999999996,0.05,0.019574455240429837,0.2017676331031757,0.03140204638956931,0.0004207515081063573,0.02864400590760602,1.5241139310947368e-05,0.8752179332077503,0.04649577662348747,0.09959531756602052,0.0013216438671914824,0.0019748918418333746,0.000184331211056652,False,,5.0,5.0,1.45,4.45,0.015495066158473491,-0.008925676237216181,0,100,0.00026965979486703867,0.0002647595230523094,0,100,True
33,native,centered_confirmation-003,serial,0.05,-0.4314512128249486,0.049999999999999996,0.05,0.019564441331603264,0.20173109616257598,0.027488948948726256,0.0004207515081063573,0.02202301691986907,1.5241139310947368e-05,0.7730208151042461,0.04649577662348747,0.08719285407555852,0.0013216438671914824,0.0016642561481480576,0.000184331211056652,False,,5.0,5.0,1.25,4.25,0.01365904938429594,-0.007764999993926908,0,100,0.00026965979486703867,0.0002647595230523094,0,100,True
33,native,centered_confirmation-004,serial,0.05,-0.5204102239457927,0.049999999999999996,0.05,0.019579646203967613,0.20178625449892357,0.03315263374587251,0.0004207515081063573,0.031936728440522026,1.5241139310947368e-05,0.9220260567963123,0.04649577662348747,0.10515080170708534,0.0013216438671914824,0.001974671277587025,0.000184331211056652,False,,5.0,5.0,1.3,4.3,0.016387747973203658,-0.009425725238820485,0,100,0.00026965979486703867,0.0002647595230523094,0,100,True
33,native,centered_confirmation-005,serial,0.05,-0.5721576212767027,0.049999999999999996,0.05,0.01958929743273821,0.20182105899882619,0.036414829112821706,0.0004207515081063573,0.03843699341123671,1.5241139310947368e-05,1.006444152444601,0.04649577662348747,0.11548754938905184,0.0013216438671914824,0.0024179203299908303,0.000184331211056652,False,,5.0,5.0,1.5,4.5,0.017905253916978833,-0.01040935907434369,0,100,0.00026965979486703867,0.0002647595230523094,0,100,True
33,native,centered_confirmation-006,serial,0.05,-0.5662041871326249,0.049999999999999996,0.05,0.019587982082624095,0.20181635205189713,0.03602282289332206,0.0004207515081063573,0.03761549974946218,1.5241139310947368e-05,0.9957282058894634,0.04649577662348747,0.11424513642520903,0.0013216438671914824,0.0026177634981162426,0.000184331211056652,False,,5.0,5.0,1.55,4.55,0.01771473940461874,-0.010309034202620061,0,100,0.00026965979486703867,0.0002647595230523094,0,100,True
33,native,centered_confirmation-007,serial,0.05,-0.5264386179293323,0.049999999999999996,0.05,0.019580775059694435,0.201790322404136,0.03353698128149462,0.0004207515081063573,0.032676260733646253,1.5241139310947368e-05,0.9321306087076664,0.04649577662348747,0.10636939025206553,0.0013216438671914824,0.0019956812464448316,0.000184331211056652,False,,5.0,5.0,1.3,4.3,0.016573900915682317,-0.009538516289133873,0,100,0.00026965979486703867,0.0002647595230523094,0,100,True
33,native,centered_confirmation-000,serial,0.1,0.3541282217646782,0.1,0.10000000000000002,0.026488265181336436,0.23338654982576576,0.026184932154859154,0.0005766216925257025,0.017968953054377682,6.1365679395949954e-06,0.7114159502089024,0.022519025951623917,0.08289964677805811,0.0012811355773161123,0.0026292681936185267,0.0004662001592695332,False,,5.0,5.0,1.65,4.65,-0.009607407823204992,0.007767977974680482,0,50,0.0005193684250116348,0.0005064852119312553,0,50,True
33,native,centered_confirmation-001,serial,0.1,0.41565273311775136,0.1,0.10000000000000002,0.02560433753573964,0.2298867628777994,0.03021664165578248,0.0005766216925257025,0.024478536189346707,6.1365679395949954e-06,0.8480028621852398,0.022519025951623917,0.09579474614936512,0.0012811355773161123,0.0019577738760414246,0.0004662001592695332,False,,5.0,5.0,1.3,4.3,-0.011710452660918236,0.008840350807636496,0,50,0.0005193684250116348,0.0005064852119312553,0,50,True
33,native,centered_confirmation-002,serial,0.1,-0.4933611177198613,0.1,0.10000000000000002,0.026525970871312178,0.2337311450491747,0.036374863085466204,0.0005766216925257025,0.0353335361977718,6.1365679395949954e-06,0.9880461730062962,0.022519025951623917,0.11512228662465297,0.0012811355773161123,0.0031995355698957477,0.0004662001592695332,False,,5.0,5.0,1.45,4.45,0.014647270366549494,-0.009633732226911749,0,50,0.0005193684250116348,0.0005064852119312553,0,50,True
33,native,centered_confirmation-003,serial,0.1,-0.4314512128249486,0.1,0.10000000000000002,0.02651079007985221,0.23367973451880245,0.03176608467790838,0.0005766216925257025,0.027075919372327898,6.1365679395949954e-06,0.8677401579916477,0.022519025951623917,0.10054982856801117,0.0012811355773161123,0.0027929761393902545,0.0004662001592695332,False,,5.0,5.0,1.25,4.25,0.013023631647229198,-0.008375583377419867,0,50,0.0005193684250116348,0.0005064852119312553,0,50,True
33,native,centered_confirmation-004,serial,0.1,-0.5204102239457927,0.1,0.10000000000000002,0.025644505295566312,0.23025223978302986,0.03771792904279793,0.0005766216925257025,0.038960758433751845,6.1365679395949954e-06,1.0591810755431652,0.022519025951623917,0.11958393481789156,0.0012811355773161123,0.00328059520150087,0.0004662001592695332,False,,5.0,5.0,1.3,4.3,0.015761479362845422,-0.009998878089371227,0,50,0.0005193684250116348,0.0005064852119312553,0,50,True
33,native,centered_confirmation-005,serial,0.1,-0.5721576212767027,0.1,0.10000000000000002,0.025659123737673026,0.23029735093048245,0.041503653079372836,0.0005766216925257025,0.046997649932812496,6.1365679395949954e-06,1.1608162336051464,0.022519025951623917,0.13157199192187932,0.0012811355773161123,0.0036634095299493863,0.0004662001592695332,False,,5.0,5.0,1.5,4.5,0.017094097286462783,-0.01103757816172209,0,50,0.0005193684250116348,0.0005064852119312553,0,50,True
33,native,centered_confirmation-006,serial,0.1,-0.5662041871326249,0.1,0.10000000000000002,0.026545630889252905,0.23379545133513926,0.041762627595201496,0.0005766216925257025,0.046417622440968365,6.1365679395949954e-06,1.1284072883427143,0.022519025951623917,0.13216769796829925,0.0012811355773161123,0.0038370894886504588,0.0004662001592695332,False,,5.0,5.0,1.55,4.55,0.016657302156090736,-0.011152158822302308,0,50,0.0005193684250116348,0.0005064852119312553,0,50,True
33,native,centered_confirmation-007,serial,0.1,-0.5264386179293323,0.1,0.10000000000000002,0.025646159835445607,0.23025743488214576,0.03815667607623645,0.0005766216925257025,0.039862559661042705,6.1365679395949954e-06,1.0711208172142506,0.022519025951623917,0.12097472093569468,0.0012811355773161123,0.0033139933373152936,0.0004662001592695332,False,,5.0,5.0,1.3,4.3,0.015937260910868646,-0.010121320230964254,0,50,0.0005193684250116348,0.0005064852119312553,0,50,True
33,native,centered_confirmation-000,serial,0.2,0.3541282217646782,0.19999999999999998,0.2,0.04701626661220265,0.29866338440228135,0.034418610454542184,0.0006994145802161771,0.029684795175036683,6.82287187807329e-05,0.9659766778349876,0.0609813816845417,0.10496974365803498,0.00205212374305281,0.00551910119549402,0.0004424672551984011,False,,5.0,5.0,1.65,4.65,-0.008524299412965777,0.00832160457457307,0,25,-0.00044085383415222153,-0.00042457732531085804,0,25,True
33,native,centered_confirmation-001,serial,0.2,0.41565273311775136,0.19999999999999998,0.2,0.0448182750845081,0.2908167343529062,0.03980427122763203,0.0006994145802161771,0.038310798852265876,6.82287187807329e-05,1.104015875607729,0.0609813816845417,0.12100390386556859,0.00205212374305281,0.0056511648195604605,0.0004424672551984011,False,,5.0,5.0,1.3,4.3,-0.010794499516487128,0.00968427401115207,0,25,-0.00044085383415222153,-0.00042457732531085804,0,25,True
33,native,centered_confirmation-002,serial,0.2,-0.4933611177198613,0.19999999999999998,0.2,0.04713346973953362,0.2989979420719981,0.04834012475897408,0.0006994145802161771,0.057768443609633166,6.82287187807329e-05,1.325123142451048,0.0609813816845417,0.14786484936831887,0.00205212374305281,0.006119744842134012,0.0004424672551984011,False,,5.0,5.0,1.45,4.45,0.01106342375278473,-0.012728063662702118,0,25,-0.00044085383415222153,-0.00042457732531085804,0,25,True
33,native,centered_confirmation-003,serial,0.2,-0.4314512128249486,0.19999999999999998,0.2,0.04709148491315893,0.29894814978402373,0.042065981361010876,0.0006994145802161771,0.04383536917844482,6.82287187807329e-05,1.1629719659686089,0.0609813816845417,0.12868951214759583,0.00205212374305281,0.005242272963918866,0.0004424672551984011,False,,5.0,5.0,1.25,4.25,0.010052778571844112,-0.011289789098411069,0,25,-0.00044085383415222153,-0.00042457732531085804,0,25,True
33,native,centered_confirmation-004,serial,0.2,-0.5204102239457927,0.19999999999999998,0.2,0.04492692460261004,0.2911862180257515,0.049646741263043276,0.0006994145802161771,0.05896264475628376,6.82287187807329e-05,1.3643532618880272,0.0609813816845417,0.1514111515373057,0.00205212374305281,0.006335142483751809,0.0004424672551984011,False,,5.0,5.0,1.3,4.3,0.01240178421139718,-0.013196174008374171,0,25,-0.00044085383415222153,-0.00042457732531085804,0,25,True
33,native,centered_confirmation-005,serial,0.2,-0.5721576212767027,0.19999999999999998,0.2,0.04496262505738533,0.2912202823981154,0.05481070157493444,0.0006994145802161771,0.07171600415413194,6.82287187807329e-05,1.4960736595094204,0.0609813816845417,0.16711811618228484,0.00205212374305281,0.007022743787562476,0.0004424672551984011,False,,5.0,5.0,1.5,4.5,0.013124146312475207,-0.014349420615099856,0,25,-0.00044085383415222153,-0.00042457732531085804,0,25,True
33,native,centered_confirmation-006,serial,0.2,-0.5662041871326249,0.19999999999999998,0.2,0.04384654289390549,0.28954163227062024,0.05361514874836738,0.0006994145802161771,0.0708106707847888,6.82287187807329e-05,1.5544736944139004,0.0609813816845417,0.16455916667680423,0.00205212374305281,0.00703936391712803,0.0004424672551984011,False,,5.0,5.0,1.55,4.55,0.01317342594265938,-0.013911068202656158,0,25,-0.00044085383415222153,-0.00042457732531085804,0,25,True
33,native,centered_confirmation-007,serial,0.2,-0.5264386179293323,0.19999999999999998,0.2,0.04493050913919708,0.29118901225606675,0.05022499276591496,0.0006994145802161771,0.060331359815903186,6.82287187807329e-05,1.379430964589119,0.0609813816845417,0.1531680077728871,0.00205212374305281,0.006413166272755653,0.0004424672551984011,False,,5.0,5.0,1.3,4.3,0.012549860775470743,-0.013344629078439672,0,25,-0.00044085383415222153,-0.00042457732531085804,0,25,True
33,native,centered_confirmation-000,fixed_cadence,0.0,0.3541282217646782,0.05,0.0,0.016493613060293545,0.18475750567241367,0.02079974697947334,0.0005024325644920096,0.01367217197070425,2.0076330106751777e-05,0.5915714986622334,0.054116006940603256,0.06573801325107839,0.0015768893825751245,0.0019410751440093698,6.817580675663034e-05,False,,5.0,5.0,1.65,4.65,-0.011689586751163005,0.005871501204463098,0,101,-0.0002004968002438545,-0.0001997949448599125,0,101,True
33,native,centered_confirmation-001,fixed_cadence,0.0,0.41565273311775136,0.05,0.0,0.016511190416385,0.18483217106185343,0.024391095958424508,0.0005024325644920096,0.018864133252433687,2.0076330106751777e-05,0.6871896050870419,0.054116006940603256,0.07711442809567097,0.0015768893825751245,0.0014244916951860044,6.817580675663034e-05,False,,5.0,5.0,1.3,4.3,-0.013735979609191418,0.006885867121972383,0,101,-0.0002004968002438545,-0.0001997949448599125,0,101,True
33,native,centered_confirmation-002,fixed_cadence,0.0,-0.4933611177198613,0.05,0.0,0.016451445677348703,0.18453564757719013,0.02867673177650611,0.0005024325644920096,0.025850038856211937,2.0076330106751777e-05,0.8011888898909092,0.054116006940603256,0.09065993058169397,0.0015768893825751245,0.0016848098119947163,6.817580675663034e-05,False,,5.0,5.0,1.45,4.45,0.01578700765967369,-0.008644253172486866,0,101,-0.0002004968002438545,-0.0001997949448599125,0,101,True
33,native,centered_confirmation-003,fixed_cadence,0.0,-0.4314512128249486,0.05,0.0,0.01644406384506021,0.18451110843002322,0.02511637941271882,0.0005024325644920096,0.01977911250798197,2.0076330106751777e-05,0.7057330198585987,0.054116006940603256,0.07938639571281482,0.0015768893825751245,0.0013452471484836817,6.817580675663034e-05,False,,5.0,5.0,1.25,4.25,0.013849230855703354,-0.007576629269852556,0,101,-0.0002004968002438545,-0.0001997949448599125,0,101,True
33,native,centered_confirmation-004,fixed_cadence,0.0,-0.5204102239457927,0.05,0.0,0.016455160867299198,0.1845494139420319,0.030293023535933362,0.0005024325644920096,0.02877966869118768,2.0076330106751777e-05,0.8417169190943241,0.054116006940603256,0.09575297081291377,0.0015768893825751245,0.0016327333993710993,6.817580675663034e-05,False,,5.0,5.0,1.3,4.3,0.016716239042580128,-0.009102849344044176,0,101,-0.0002004968002438545,-0.0001997949448599125,0,101,True
33,native,centered_confirmation-005,fixed_cadence,0.0,-0.5721576212767027,0.05,0.0,0.016462792287835027,0.18457554872360968,0.03328454908512304,0.0005024325644920096,0.03480918243871504,2.0076330106751777e-05,0.9212779067456722,0.054116006940603256,0.10522396038953341,0.0015768893825751245,0.0021384445238851607,6.817580675663034e-05,False,,5.0,5.0,1.5,4.5,0.018320734053850173,-0.010008468495777623,0,101,-0.0002004968002438545,-0.0001997949448599125,0,101,True
33,native,centered_confirmation-006,fixed_cadence,0.0,-0.5662041871326249,0.05,0.0,0.016461930741251928,0.18457230954184645,0.032939101104477744,0.0005024325644920096,0.034111883265952055,2.0076330106751777e-05,0.9121674112975597,0.054116006940603256,0.10413685508448424,0.0015768893825751245,0.002367622144372125,6.817580675663034e-05,False,,5.0,5.0,1.55,4.55,0.018122199177742004,-0.009916840991240973,0,101,-0.0002004968002438545,-0.0001997949448599125,0,101,True
33,native,centered_confirmation-007,fixed_cadence,0.0,-0.5264386179293323,0.05,0.0,0.01645601163576907,0.18455239685509614,0.030645599940556142,0.0005024325644920096,0.02945193578212675,2.0076330106751777e-05,0.8509082160890102,0.054116006940603256,0.09686707771021863,0.0015768893825751245,0.001652373792358815,6.817580675663034e-05,False,,5.0,5.0,1.3,4.3,0.01691167876124382,-0.009206495951627671,0,101,-0.0002004968002438545,-0.0001997949448599125,0,101,True
33,native,centered_confirmation-000,fixed_cadence,0.05,0.3541282217646782,0.049999999999999996,0.05,0.019585625463874667,0.20176048635731453,0.02255583915321088,0.0004207515081063573,0.014693700586670327,1.5241139310947368e-05,0.6393956951797009,0.04649577662348747,0.07154851294761629,0.0013216438671914824,0.0020706217741520917,0.000184331211056652,False,,5.0,5.0,1.65,4.65,-0.010671097226440905,0.006871800322838409,0,100,0.00026965979486703867,0.0002647595230523094,0,100,True
33,native,centered_confirmation-001,fixed_cadence,0.05,0.41565273311775136,0.049999999999999996,0.05,0.019601654454949526,0.20180918596381062,0.026406974210441216,0.0004207515081063573,0.02008088812769723,1.5241139310947368e-05,0.7424950040876865,0.04649577662348747,0.08374336790000864,0.0013216438671914824,0.0013005229732966327,0.000184331211056652,False,,5.0,5.0,1.3,4.3,-0.012629313953220844,0.007978280066789033,0,100,0.00026965979486703867,0.0002647595230523094,0,100,True
33,native,centered_confirmation-002,fixed_cadence,0.05,-0.4933611177198613,0.049999999999999996,0.05,0.019574455240429837,0.2017676331031757,0.03140204638956931,0.0004207515081063573,0.02864400590760602,1.5241139310947368e-05,0.8752179332077503,0.04649577662348747,0.09959531756602052,0.0013216438671914824,0.0019748918418333746,0.000184331211056652,False,,5.0,5.0,1.45,4.45,0.015495066158473491,-0.008925676237216181,0,100,0.00026965979486703867,0.0002647595230523094,0,100,True
33,native,centered_confirmation-003,fixed_cadence,0.05,-0.4314512128249486,0.049999999999999996,0.05,0.019564441331603264,0.20173109616257598,0.027488948948726256,0.0004207515081063573,0.02202301691986907,1.5241139310947368e-05,0.7730208151042461,0.04649577662348747,0.08719285407555852,0.0013216438671914824,0.0016642561481480576,0.000184331211056652,False,,5.0,5.0,1.25,4.25,0.01365904938429594,-0.007764999993926908,0,100,0.00026965979486703867,0.0002647595230523094,0,100,True
33,native,centered_confirmation-004,fixed_cadence,0.05,-0.5204102239457927,0.049999999999999996,0.05,0.019579646203967613,0.20178625449892357,0.03315263374587251,0.0004207515081063573,0.031936728440522026,1.5241139310947368e-05,0.9220260567963123,0.04649577662348747,0.10515080170708534,0.0013216438671914824,0.001974671277587025,0.000184331211056652,False,,5.0,5.0,1.3,4.3,0.016387747973203658,-0.009425725238820485,0,100,0.00026965979486703867,0.0002647595230523094,0,100,True
33,native,centered_confirmation-005,fixed_cadence,0.05,-0.5721576212767027,0.049999999999999996,0.05,0.01958929743273821,0.20182105899882619,0.036414829112821706,0.0004207515081063573,0.03843699341123671,1.5241139310947368e-05,1.006444152444601,0.04649577662348747,0.11548754938905184,0.0013216438671914824,0.0024179203299908303,0.000184331211056652,False,,5.0,5.0,1.5,4.5,0.017905253916978833,-0.01040935907434369,0,100,0.00026965979486703867,0.0002647595230523094,0,100,True
33,native,centered_confirmation-006,fixed_cadence,0.05,-0.5662041871326249,0.049999999999999996,0.05,0.019587982082624095,0.20181635205189713,0.03602282289332206,0.0004207515081063573,0.03761549974946218,1.5241139310947368e-05,0.9957282058894634,0.04649577662348747,0.11424513642520903,0.0013216438671914824,0.0026177634981162426,0.000184331211056652,False,,5.0,5.0,1.55,4.55,0.01771473940461874,-0.010309034202620061,0,100,0.00026965979486703867,0.0002647595230523094,0,100,True
33,native,centered_confirmation-007,fixed_cadence,0.05,-0.5264386179293323,0.049999999999999996,0.05,0.019580775059694435,0.201790322404136,0.03353698128149462,0.0004207515081063573,0.032676260733646253,1.5241139310947368e-05,0.9321306087076664,0.04649577662348747,0.10636939025206553,0.0013216438671914824,0.0019956812464448316,0.000184331211056652,False,,5.0,5.0,1.3,4.3,0.016573900915682317,-0.009538516289133873,0,100,0.00026965979486703867,0.0002647595230523094,0,100,True
33,native,centered_confirmation-000,fixed_cadence,0.1,0.3541282217646782,0.05,0.1,0.02342269405230184,0.22020456839735483,0.02469724573571547,0.0005190423263872955,0.01566371244586798,6.733375042151935e-06,0.6830874271690845,0.03942025825381279,0.07833029517823309,0.0009802124577126966,0.0023915506404637325,0.00046279878884832525,False,,5.0,5.0,1.65,4.65,-0.009813725389540196,0.007724739452823109,0,99,0.0004969362169504165,0.00048348604171475913,0,99,True
33,native,centered_confirmation-001,fixed_cadence,0.1,0.41565273311775136,0.05,0.1,0.023434513664637176,0.22021991295388804,0.028971275093190352,0.0005190423263872955,0.021530637052403975,6.733375042151935e-06,0.7966524176299572,0.03942025825381279,0.09185874778908995,0.0009802124577126966,0.0011774879110886685,0.00046279878884832525,False,,5.0,5.0,1.3,4.3,-0.01165209263563156,0.008927323292841394,0,99,0.0004969362169504165,0.00048348604171475913,0,99,True
33,native,centered_confirmation-002,fixed_cadence,0.1,-0.4933611177198613,0.05,0.1,0.02345494817040575,0.2205092501176982,0.03420128845870464,0.0005190423263872955,0.03066912739012777,6.733375042151935e-06,0.9376615472137928,0.03942025825381279,0.10848044624250892,0.0009802124577126966,0.002329247744194821,0.00046279878884832525,False,,5.0,5.0,1.45,4.45,0.014801491796970368,-0.00961214430173231,0,99,0.0004969362169504165,0.00048348604171475913,0,99,True
33,native,centered_confirmation-003,fixed_cadence,0.1,-0.4314512128249486,0.05,0.1,0.02344244507884831,0.22045866761249325,0.029880373206290344,0.0005190423263872955,0.023500695205968047,6.733375042151935e-06,0.8263527788221836,0.03942025825381279,0.09477761458588632,0.0009802124577126966,0.002008625565222344,0.00046279878884832525,False,,5.0,5.0,1.25,4.25,0.013080790266394615,-0.008330973895068513,0,99,0.0004969362169504165,0.00048348604171475913,0,99,True
33,native,centered_confirmation-004,fixed_cadence,0.1,-0.5204102239457927,0.05,0.1,0.023460799325184373,0.22053262715985775,0.03607950830920078,0.0005190423263872955,0.03412344930647179,6.733375042151935e-06,0.9876102767884731,0.03942025825381279,0.11444369480476249,0.0009802124577126966,0.002335216800514473,0.00046279878884832525,False,,5.0,5.0,1.3,4.3,0.015640345215797425,-0.010157431424402442,0,99,0.0004969362169504165,0.00048348604171475913,0,99,True
33,native,centered_confirmation-005,fixed_cadence,0.1,-0.5721576212767027,0.05,0.1,0.0234726090457474,0.22057882417312988,0.03968974611163371,0.0005190423263872955,0.04117495856352537,6.733375042151935e-06,1.0794720984995365,0.03942025825381279,0.12589058392030336,0.0009802124577126966,0.00280320195748906,0.00046279878884832525,False,,5.0,5.0,1.5,4.5,0.017064514569938183,-0.01124544055474416,0,99,0.0004969362169504165,0.00048348604171475913,0,99,True
33,native,centered_confirmation-006,fixed_cadence,0.1,-0.5662041871326249,0.05,0.1,0.02347115753250423,0.22057320155923069,0.039271945386432236,0.0005190423263872955,0.04031457791279918,6.733375042151935e-06,1.0679339431226254,0.03942025825381279,0.12456548726449616,0.0009802124577126966,0.003007378029976128,0.00046279878884832525,False,,5.0,5.0,1.55,4.55,0.016888501681387426,-0.011136558893023582,0,99,0.0004969362169504165,0.00048348604171475913,0,99,True
33,native,centered_confirmation-007,fixed_cadence,0.1,-0.5264386179293323,0.05,0.1,0.02346212570599312,0.2205378869973873,0.036499458479819474,0.0005190423263872955,0.034914337089026824,6.733375042151935e-06,0.9985250793397427,0.03942025825381279,0.11577592134910675,0.0009802124577126966,0.0023573976666096835,0.00046279878884832525,False,,5.0,5.0,1.3,4.3,0.015815043821930885,-0.010281412522705747,0,99,0.0004969362169504165,0.00048348604171475913,0,99,True
33,native,centered_confirmation-000,fixed_cadence,0.2,0.3541282217646782,0.049999999999999996,0.19999999999999998,0.03146114804430598,0.2598696625424089,0.028274097102860305,0.0005109504672471892,0.019235961783345076,4.250982414803067e-05,0.8248074725270271,0.06387589499354362,0.09157698689426104,0.001453395923408146,0.0024531705531856073,0.00044158540518717015,False,,5.0,5.0,1.65,4.65,-0.009404923208057879,0.008287741728447803,0,97,-0.00044582709670066835,-0.0004330541574049292,0,97,True
33,native,centered_confirmation-001,fixed_cadence,0.2,0.41565273311775136,0.049999999999999996,0.19999999999999998,0.03146268634895415,0.2598504951122248,0.03329415603347137,0.0005109504672471892,0.026576680621369385,4.250982414803067e-05,0.9586801193654537,0.06387589499354362,0.10780968640014019,0.001453395923408146,0.0016176227062767422,0.00044158540518717015,False,,5.0,5.0,1.3,4.3,-0.010923817567527293,0.009714718611788412,0,97,-0.00044582709670066835,-0.0004330541574049292,0,97,True
33,native,centered_confirmation-002,fixed_cadence,0.2,-0.4933611177198613,0.049999999999999996,0.19999999999999998,0.031637403231656605,0.2603036017983909,0.03977435515196592,0.0005109504672471892,0.036874665858651436,4.250982414803067e-05,1.1220254190266132,0.06387589499354362,0.12874159481503078,0.001453395923408146,0.0021822858991630404,0.00044158540518717015,False,,5.0,5.0,1.45,4.45,0.011876580119132996,-0.012615398968135367,0,97,-0.00044582709670066835,-0.0004330541574049292,0,97,True
33,native,centered_confirmation-003,fixed_cadence,0.2,-0.4314512128249486,0.049999999999999996,0.19999999999999998,0.03161314035601613,0.26025178296515145,0.0347327844515419,0.0005109504672471892,0.028142057732111838,4.250982414803067e-05,0.9890371933579445,0.06387589499354362,0.11244332185258021,0.001453395923408146,0.000999088879192028,0.00044158540518717015,False,,5.0,5.0,1.25,4.25,0.010352675616741181,-0.011048782293361184,0,97,-0.00044582709670066835,-0.0004330541574049292,0,97,True
33,native,centered_confirmation-004,fixed_cadence,0.2,-0.5204102239457927,0.049999999999999996,0.19999999999999998,0.0316458821837823,0.2603179034147324,0.04191740983075862,0.0005109504672471892,0.04092431783073722,4.250982414803067e-05,1.1801447160542011,0.06387589499354362,0.13566998050841708,0.001453395923408146,0.0014148743057771716,0.00044158540518717015,False,,5.0,5.0,1.3,4.3,0.012558919191360474,-0.01325347176315859,0,97,-0.00044582709670066835,-0.0004330541574049292,0,97,True
33,native,centered_confirmation-005,fixed_cadence,0.2,-0.5721576212767027,0.049999999999999996,0.19999999999999998,0.031666639716353945,0.2603625722029603,0.046144525448148774,0.0005109504672471892,0.049524073232818634,4.250982414803067e-05,1.2894542142748833,0.06387589499354362,0.14932343698556463,0.001453395923408146,0.002957041130493361,0.00044158540518717015,False,,5.0,5.0,1.5,4.5,0.01384343337267637,-0.014586245755929145,0,97,-0.00044582709670066835,-0.0004330541574049292,0,97,True
33,native,centered_confirmation-006,fixed_cadence,0.2,-0.5662041871326249,0.049999999999999996,0.19999999999999998,0.03166425917141012,0.26035766159199925,0.04567520047501683,0.0005109504672471892,0.048516562719720636,4.250982414803067e-05,1.2762345373630524,0.06387589499354362,0.14780537918304554,0.001453395923408146,0.003390767902796198,0.00044158540518717015,False,,5.0,5.0,1.55,4.55,0.013709243945777414,-0.01445696025218956,0,97,-0.00044582709670066835,-0.0004330541574049292,0,97,True
33,native,centered_confirmation-007,fixed_cadence,0.2,-0.5264386179293323,0.049999999999999996,0.19999999999999998,0.0316481110015562,0.26032241748467,0.04240376941994646,0.0005109504672471892,0.041873381508366725,4.250982414803067e-05,1.1930053867399693,0.06387589499354362,0.13724165577190928,0.001453395923408146,0.001433283113618244,0.00044158540518717015,False,,5.0,5.0,1.3,4.3,0.012708968296647073,-0.013402576275554124,0,97,-0.00044582709670066835,-0.0004330541574049292,0,97,True
33,raw_weak,centered_confirmation-000,serial,0.0,0.3541282217646782,0.05,0.0,0.016173056004488224,0.18361118249250266,0.020098370165166333,0.004175384098508866,0.014732681505017482,0.0001639875172978859,0.6399107538163662,0.09562956169247627,0.06211839600493107,0.007503558871198461,0.004354853558902567,0.003801998348458546,False,,5.0,5.0,1.65,4.65,-0.015627473406493664,0.0020263805232822027,0,101,-0.004056933335959911,-0.003946247465056881,0,101,True
33,raw_weak,centered_confirmation-001,serial,0.0,0.41565273311775136,0.05,0.0,0.01619168215585325,0.1836937026382709,0.02360459209800236,0.004175384098508866,0.02029630291128749,0.0001639875172978859,0.7372128032147884,0.09562956169247627,0.0734945871559522,0.007503558871198461,0.005035411236002616,0.003801998348458546,False,,5.0,5.0,1.3,4.3,-0.01770796310156584,0.003034345482242704,0,101,-0.004056933335959911,-0.003946247465056881,0,101,True
33,raw_weak,centered_confirmation-002,serial,0.0,-0.4933611177198613,0.05,0.0,0.016128649187659067,0.18337923800894404,0.029562284390665876,0.004175384098508866,0.025501174465510597,0.0001639875172978859,0.8450177870690823,0.09562956169247627,0.0931494839201479,0.007503558871198461,0.002841932434992723,0.003801998348458546,False,,5.0,5.0,1.45,4.45,0.012065077759325502,-0.012255515368414831,0,101,-0.004056933335959911,-0.003946247465056881,0,101,True
33,raw_weak,centered_confirmation-003,serial,0.0,-0.4314512128249486,0.05,0.0,0.016121811176095454,0.1833572395898198,0.026135003301622918,0.004175384098508866,0.01944135560760356,0.0001639875172978859,0.7450165413320065,0.09562956169247627,0.08213425432287258,0.007503558871198461,0.002732849950945953,0.003801998348458546,False,,5.0,5.0,1.25,4.25,0.01011833529919386,-0.011210903360461504,0,101,-0.004056933335959911,-0.003946247465056881,0,101,True
33,raw_weak,centered_confirmation-004,serial,0.0,-0.5204102239457927,0.05,0.0,0.01613220400423773,0.18339380646950157,0.03118262991197948,0.004175384098508866,0.02842103129453449,0.0001639875172978859,0.8837572671473026,0.09562956169247627,0.09830096424783576,0.007503558871198461,0.002498552670452383,0.003801998348458546,False,,5.0,5.0,1.3,4.3,0.013010250590741634,-0.012711822530144959,0,101,-0.004056933335959911,-0.003946247465056881,0,101,True
33,raw_weak,centered_confirmation-005,serial,0.0,-0.5721576212767027,0.05,0.0,0.0161394804572593,0.18341827412351364,0.03409163871267616,0.004175384098508866,0.03452188535389347,0.0001639875172978859,0.9678385220468044,0.09562956169247627,0.10763833092671864,0.007503558871198461,0.003096711195692456,0.003801998348458546,False,,5.0,5.0,1.5,4.5,0.014616679772734642,-0.01359539929307069,0,101,-0.004056933335959911,-0.003946247465056881,0,101,True
33,raw_weak,centered_confirmation-006,serial,0.0,-0.5662041871326249,0.05,0.0,0.016138753297367765,0.18341527312193376,0.03376138222280164,0.004175384098508866,0.033866505855549296,0.0001639875172978859,0.9594051726162434,0.09562956169247627,0.10659256404827414,0.007503558871198461,0.0035277251343692516,0.003801998348458546,False,,5.0,5.0,1.55,4.55,0.014411880820989608,-0.013503430609307008,0,101,-0.004056933335959911,-0.003946247465056881,0,101,True
33,raw_weak,centered_confirmation-007,serial,0.0,-0.5264386179293323,0.05,0.0,0.016132997127086407,0.1833966951383537,0.03152888030332625,0.004175384098508866,0.029094895549226566,0.0001639875172978859,0.8930924721062183,0.09562956169247627,0.09940766516992826,0.007503558871198461,0.0024863584213461777,0.003801998348458546,False,,5.0,5.0,1.3,4.3,0.013207472674548627,-0.012813835250219138,0,101,-0.004056933335959911,-0.003946247465056881,0,101,True
33,raw_weak,centered_confirmation-000,serial,0.05,0.3541282217646782,0.049999999999999996,0.05,0.019286178509097487,0.20082584221066538,0.021712696623062983,0.004162544169562025,0.015852061277310314,0.00011582540267804021,0.6562685035169125,0.05280992016196251,0.06755170309261753,0.006027980883453592,0.0047404236881051385,0.004129694859141064,False,,5.0,5.0,1.65,4.65,-0.015145455487072468,0.0025036650017890927,0,100,-0.004125344194471836,-0.004003086821840099,0,100,True
33,raw_weak,centered_confirmation-001,serial,0.05,0.41565273311775136,0.049999999999999996,0.05,0.019303345043760797,0.20088087233812352,0.02541846747080956,0.004162544169562025,0.021594301879679693,0.00011582540267804021,0.7606162689626217,0.05280992016196251,0.0795467638632785,0.006027980883453592,0.005463142355784891,0.004129694859141064,False,,5.0,5.0,1.3,4.3,-0.017139681614935398,0.0036042033387315626,0,100,-0.004125344194471836,-0.004003086821840099,0,100,True
33,raw_weak,centered_confirmation-002,serial,0.05,-0.4933611177198613,0.049999999999999996,0.05,0.01927418154467888,0.20082865410039957,0.032450587663092306,0.004162544169562025,0.028220858970201386,0.00011582540267804021,0.8869977481663227,0.05280992016196251,0.10272975641511298,0.006027980883453592,0.0030703101280893843,0.004129694859141064,False,,5.0,5.0,1.45,4.45,0.011234867200255393,-0.01305451104057925,0,100,-0.004125344194471836,-0.004003086821840099,0,100,True
33,raw_weak,centered_confirmation-003,serial,0.05,-0.4314512128249486,0.049999999999999996,0.05,0.019265193942224562,0.20079584018074942,0.028712770304022816,0.004162544169562025,0.021657649601009212,0.00011582540267804021,0.7804912514984608,0.05280992016196251,0.09073151547254954,0.006027980883453592,0.002979414493816811,0.004129694859141064,False,,5.0,5.0,1.25,4.25,0.009391170181334018,-0.011918214742046823,0,100,-0.004125344194471836,-0.004003086821840099,0,100,True
33,raw_weak,centered_confirmation-004,serial,0.05,-0.5204102239457927,0.049999999999999996,0.05,0.019279808441794388,0.20084987334230114,0.03424696056774066,0.004162544169562025,0.03155056478432266,0.00011582540267804021,0.9323238767683506,0.05280992016196251,0.10847424732069168,0.006027980883453592,0.0027220482568046604,0.004129694859141064,False,,5.0,5.0,1.3,4.3,0.012144859693944453,-0.01355269973410268,0,100,-0.004125344194471836,-0.004003086821840099,0,100,True
33,raw_weak,centered_confirmation-005,serial,0.05,-0.5721576212767027,0.049999999999999996,0.05,0.0192887397551883,0.20088204113411537,0.03738723309156129,0.004162544169562025,0.03807820711760053,0.00011582540267804021,1.0212487541139126,0.05280992016196251,0.11853256142792834,0.006027980883453592,0.003334592530821829,0.004129694859141064,False,,5.0,5.0,1.5,4.5,0.013662580586969852,-0.014512963676802127,0,100,-0.004125344194471836,-0.004003086821840099,0,100,True
33,raw_weak,centered_confirmation-006,serial,0.05,-0.5662041871326249,0.049999999999999996,0.05,0.019287476909250503,0.20087727819179774,0.03700222613547698,0.004162544169562025,0.037291820872052885,0.00011582540267804021,1.0111944936215878,0.05280992016196251,0.11730403746031727,0.006027980883453592,0.0037968729020709953,0.004129694859141064,False,,5.0,5.0,1.55,4.55,0.013465330749750138,-0.014412260825174574,0,100,-0.004125344194471836,-0.004003086821840099,0,100,True
33,raw_weak,centered_confirmation-007,serial,0.05,-0.5264386179293323,0.049999999999999996,0.05,0.019280908936262844,0.20085393443637647,0.03462590253728226,0.004162544169562025,0.03229300839411752,0.00011582540267804021,0.9425915963947773,0.05280992016196251,0.1096871874054954,0.006027980883453592,0.002708973820517966,0.004129694859141064,False,,5.0,5.0,1.3,4.3,0.012332851998507975,-0.013663798066293292,0,100,-0.004125344194471836,-0.004003086821840099,0,100,True
33,raw_weak,centered_confirmation-000,serial,0.1,0.3541282217646782,0.1,0.10000000000000002,0.026246687695050286,0.23269688592157367,0.025376965395674876,0.004424668851586816,0.01943904611962775,0.00015663742922028545,0.7592846639454365,0.057135988026857376,0.07868671260427225,0.0065108104723253955,0.005892916447424982,0.004385458218378893,False,,5.0,5.0,1.65,4.65,-0.014577066153287885,0.0029078729016688834,0,50,-0.004375658184289932,-0.004247372742678716,0,50,True
33,raw_weak,centered_confirmation-001,serial,0.1,0.41565273311775136,0.1,0.10000000000000002,0.025368155876841037,0.22918363863881577,0.02925621409544389,0.004424668851586816,0.02645568602223928,0.00015663742922028545,0.9017775766551495,0.057135988026857376,0.09133314256654619,0.0065108104723253955,0.006466295938835277,0.004385458218378893,False,,5.0,5.0,1.3,4.3,-0.016729635372757914,0.003981187681890165,0,50,-0.004375658184289932,-0.004247372742678716,0,50,True
33,raw_weak,centered_confirmation-002,serial,0.1,-0.4933611177198613,0.1,0.10000000000000002,0.026290719857984236,0.23304156622154146,0.03749821901666656,0.004424668851586816,0.03499038750767062,0.00015663742922028545,1.0304022766649723,0.057135988026857376,0.1186505413942001,0.0065108104723253955,0.0025814570928138483,0.004385458218378893,False,,5.0,5.0,1.45,4.45,0.009895114600658419,-0.014242207149220898,0,50,-0.004375658184289932,-0.004247372742678716,0,50,True
33,raw_weak,centered_confirmation-003,serial,0.1,-0.4314512128249486,0.1,0.10000000000000002,0.02627575760135589,0.2329939578693868,0.03310607187976593,0.004424668851586816,0.026759585334084793,0.00015663742922028545,0.9045043401420116,0.057135988026857376,0.10459762681397092,0.0065108104723253955,0.0030762398185475315,0.004385458218378893,False,,5.0,5.0,1.25,4.25,0.008269168063998224,-0.013013179822231874,0,50,-0.004375658184289932,-0.004247372742678716,0,50,True
33,raw_weak,centered_confirmation-004,serial,0.1,-0.5204102239457927,0.1,0.10000000000000002,0.025414290345381518,0.2295622961463279,0.03892712695840801,0.004424668851586816,0.03863761556310071,0.00015663742922028545,1.1002039350569248,0.057135988026857376,0.12339422916656956,0.0065108104723253955,0.0027769823335837135,0.004385458218378893,False,,5.0,5.0,1.3,4.3,0.011032588407397273,-0.014609858871703237,0,50,-0.004375658184289932,-0.004247372742678716,0,50,True
33,raw_weak,centered_confirmation-005,serial,0.1,-0.5721576212767027,0.1,0.10000000000000002,0.025428949479889218,0.22960805384778976,0.04256044408652833,0.004424668851586816,0.0467558538590567,0.00015663742922028545,1.207186784595251,0.057135988026857376,0.13502329026749502,0.0065108104723253955,0.0028003908492826458,0.004385458218378893,False,,5.0,5.0,1.5,4.5,0.012357115000486373,-0.015619669983782752,0,50,-0.004375658184289932,-0.004247372742678716,0,50,True
33,raw_weak,centered_confirmation-006,serial,0.1,-0.5662041871326249,0.1,0.10000000000000002,0.026311287031996637,0.23310394136702606,0.04282510189630009,0.004424668851586816,0.04627642409033945,0.00015663742922028545,1.1759238876402378,0.057135988026857376,0.13563629783744924,0.0065108104723253955,0.003370534539159237,0.004385458218378893,False,,5.0,5.0,1.55,4.55,0.011910636723041533,-0.01573102221901879,0,50,-0.004375658184289932,-0.004247372742678716,0,50,True
33,raw_weak,centered_confirmation-007,serial,0.1,-0.5264386179293323,0.1,0.10000000000000002,0.025415992122464166,0.2295675988414314,0.039361442496179344,0.004424668851586816,0.03954599486339368,0.00015663742922028545,1.1123757250607014,0.057135988026857376,0.12478091267498721,0.0065108104723253955,0.002772387250003349,0.004385458218378893,False,,5.0,5.0,1.3,4.3,0.01121039539575577,-0.014730559886652329,0,50,-0.004375658184289932,-0.004247372742678716,0,50,True
33,raw_weak,centered_confirmation-000,serial,0.2,0.3541282217646782,0.19999999999999998,0.2,0.04709769790647467,0.2982635601273,0.03399841843709081,0.0062189664500093104,0.03220725540605319,0.0004752185208830445,1.052364520728588,0.1223641075193882,0.10040433890528432,0.010009539857243106,0.01048006494706429,0.006182686312561201,False,,5.0,5.0,1.65,4.65,-0.01418082267045975,0.002738982819001416,0,25,-0.006057202070951462,-0.005879572032018866,0,25,True
33,raw_weak,centered_confirmation-001,serial,0.2,0.41565273311775136,0.19999999999999998,0.2,0.04488413168886384,0.2903286577474404,0.03912181984187102,0.0062189664500093104,0.04175275698377848,0.0004752185208830445,1.2023475393652916,0.1223641075193882,0.11610771632283827,0.010009539857243106,0.010807054225876769,0.006182686312561201,False,,5.0,5.0,1.3,4.3,-0.0165633648633957,0.00412725819577279,0,25,-0.006057202070951462,-0.005879572032018866,0,25,True
33,raw_weak,centered_confirmation-002,serial,0.2,-0.4933611177198613,0.19999999999999998,0.2,0.04724210656766388,0.2986183675378614,0.04976906725812415,0.0062189664500093104,0.05822535287246611,0.0004752185208830445,1.402758564800024,0.1223641075193882,0.15192455296435864,0.010009539857243106,0.004267461614646648,0.006182686312561201,False,,5.0,5.0,1.45,4.45,0.005598702281713487,-0.018018216903120107,0,25,-0.006057202070951462,-0.005879572032018866,0,25,True
33,raw_weak,centered_confirmation-003,serial,0.2,-0.4314512128249486,0.19999999999999998,0.2,0.047196051790661664,0.2985727833410334,0.04383148424173526,0.0062189664500093104,0.04414238888823683,0.0004752185208830445,1.2381242401897907,0.1223641075193882,0.13351506312740952,0.010009539857243106,0.00565951319946058,0.006182686312561201,False,,5.0,5.0,1.25,4.25,0.00462004840373994,-0.016627725262550297,0,25,-0.006057202070951462,-0.005879572032018866,0,25,True
33,raw_weak,centered_confirmation-004,serial,0.2,-0.5204102239457927,0.19999999999999998,0.2,0.04501961140532112,0.29072251170425206,0.05125847536137765,0.0062189664500093104,0.059399920406509675,0.0004752185208830445,1.445143949240446,0.1223641075193882,0.1558631511943867,0.010009539857243106,0.005761210518288313,0.006182686312561201,False,,5.0,5.0,1.3,4.3,0.006994717568159113,-0.018502902579574727,0,25,-0.006057202070951462,-0.005879572032018866,0,25,True
33,raw_weak,centered_confirmation-005,serial,0.2,-0.5721576212767027,0.19999999999999998,0.2,0.0450592611367619,0.2907540749240834,0.05617491826362965,0.0062189664500093104,0.07246392562332189,0.0004752185208830445,1.5834062919020653,0.1223641075193882,0.17109473605897574,0.010009539857243106,0.004717267071133107,0.006182686312561201,False,,5.0,5.0,1.5,4.5,0.007661833614110948,-0.019604967433814062,0,25,-0.006057202070951462,-0.005879572032018866,0,25,True
33,raw_weak,centered_confirmation-006,serial,0.2,-0.5662041871326249,0.19999999999999998,0.2,0.04394701139523244,0.2890753455887559,0.054968610183750946,0.0062189664500093104,0.07161584219876276,0.0004752185208830445,1.6396384313702583,0.1223641075193882,0.16856336117439524,0.010009539857243106,0.004913088601378608,0.006182686312561201,False,,5.0,5.0,1.55,4.55,0.00768639966845513,-0.019163719605056816,0,25,-0.006057202070951462,-0.005879572032018866,0,25,True
33,raw_weak,centered_confirmation-007,serial,0.2,-0.5264386179293323,0.19999999999999998,0.2,0.04502360647945947,0.29072551655242584,0.0518334824766016,0.0062189664500093104,0.060794140662397696,0.0004752185208830445,1.4606341160833836,0.1223641075193882,0.15761732290294383,0.010009539857243106,0.005809124143616114,0.006182686312561201,False,,5.0,5.0,1.3,4.3,0.007145290076732647,-0.018649540481957196,0,25,-0.006057202070951462,-0.005879572032018866,0,25,True
33,raw_weak,centered_confirmation-000,fixed_cadence,0.0,0.3541282217646782,0.05,0.0,0.016173056004488224,0.18361118249250266,0.020098370165166333,0.004175384098508866,0.014732681505017482,0.0001639875172978859,0.6399107538163662,0.09562956169247627,0.06211839600493107,0.007503558871198461,0.004354853558902567,0.003801998348458546,False,,5.0,5.0,1.65,4.65,-0.015627473406493664,0.0020263805232822027,0,101,-0.004056933335959911,-0.003946247465056881,0,101,True
33,raw_weak,centered_confirmation-001,fixed_cadence,0.0,0.41565273311775136,0.05,0.0,0.01619168215585325,0.1836937026382709,0.02360459209800236,0.004175384098508866,0.02029630291128749,0.0001639875172978859,0.7372128032147884,0.09562956169247627,0.0734945871559522,0.007503558871198461,0.005035411236002616,0.003801998348458546,False,,5.0,5.0,1.3,4.3,-0.01770796310156584,0.003034345482242704,0,101,-0.004056933335959911,-0.003946247465056881,0,101,True
33,raw_weak,centered_confirmation-002,fixed_cadence,0.0,-0.4933611177198613,0.05,0.0,0.016128649187659067,0.18337923800894404,0.029562284390665876,0.004175384098508866,0.025501174465510597,0.0001639875172978859,0.8450177870690823,0.09562956169247627,0.0931494839201479,0.007503558871198461,0.002841932434992723,0.003801998348458546,False,,5.0,5.0,1.45,4.45,0.012065077759325502,-0.012255515368414831,0,101,-0.004056933335959911,-0.003946247465056881,0,101,True
33,raw_weak,centered_confirmation-003,fixed_cadence,0.0,-0.4314512128249486,0.05,0.0,0.016121811176095454,0.1833572395898198,0.026135003301622918,0.004175384098508866,0.01944135560760356,0.0001639875172978859,0.7450165413320065,0.09562956169247627,0.08213425432287258,0.007503558871198461,0.002732849950945953,0.003801998348458546,False,,5.0,5.0,1.25,4.25,0.01011833529919386,-0.011210903360461504,0,101,-0.004056933335959911,-0.003946247465056881,0,101,True
33,raw_weak,centered_confirmation-004,fixed_cadence,0.0,-0.5204102239457927,0.05,0.0,0.01613220400423773,0.18339380646950157,0.03118262991197948,0.004175384098508866,0.02842103129453449,0.0001639875172978859,0.8837572671473026,0.09562956169247627,0.09830096424783576,0.007503558871198461,0.002498552670452383,0.003801998348458546,False,,5.0,5.0,1.3,4.3,0.013010250590741634,-0.012711822530144959,0,101,-0.004056933335959911,-0.003946247465056881,0,101,True
33,raw_weak,centered_confirmation-005,fixed_cadence,0.0,-0.5721576212767027,0.05,0.0,0.0161394804572593,0.18341827412351364,0.03409163871267616,0.004175384098508866,0.03452188535389347,0.0001639875172978859,0.9678385220468044,0.09562956169247627,0.10763833092671864,0.007503558871198461,0.003096711195692456,0.003801998348458546,False,,5.0,5.0,1.5,4.5,0.014616679772734642,-0.01359539929307069,0,101,-0.004056933335959911,-0.003946247465056881,0,101,True
33,raw_weak,centered_confirmation-006,fixed_cadence,0.0,-0.5662041871326249,0.05,0.0,0.016138753297367765,0.18341527312193376,0.03376138222280164,0.004175384098508866,0.033866505855549296,0.0001639875172978859,0.9594051726162434,0.09562956169247627,0.10659256404827414,0.007503558871198461,0.0035277251343692516,0.003801998348458546,False,,5.0,5.0,1.55,4.55,0.014411880820989608,-0.013503430609307008,0,101,-0.004056933335959911,-0.003946247465056881,0,101,True
33,raw_weak,centered_confirmation-007,fixed_cadence,0.0,-0.5264386179293323,0.05,0.0,0.016132997127086407,0.1833966951383537,0.03152888030332625,0.004175384098508866,0.029094895549226566,0.0001639875172978859,0.8930924721062183,0.09562956169247627,0.09940766516992826,0.007503558871198461,0.0024863584213461777,0.003801998348458546,False,,5.0,5.0,1.3,4.3,0.013207472674548627,-0.012813835250219138,0,101,-0.004056933335959911,-0.003946247465056881,0,101,True
33,raw_weak,centered_confirmation-000,fixed_cadence,0.05,0.3541282217646782,0.049999999999999996,0.05,0.019286178509097487,0.20082584221066538,0.021712696623062983,0.004162544169562025,0.015852061277310314,0.00011582540267804021,0.6562685035169125,0.05280992016196251,0.06755170309261753,0.006027980883453592,0.0047404236881051385,0.004129694859141064,False,,5.0,5.0,1.65,4.65,-0.015145455487072468,0.0025036650017890927,0,100,-0.004125344194471836,-0.004003086821840099,0,100,True
33,raw_weak,centered_confirmation-001,fixed_cadence,0.05,0.41565273311775136,0.049999999999999996,0.05,0.019303345043760797,0.20088087233812352,0.02541846747080956,0.004162544169562025,0.021594301879679693,0.00011582540267804021,0.7606162689626217,0.05280992016196251,0.0795467638632785,0.006027980883453592,0.005463142355784891,0.004129694859141064,False,,5.0,5.0,1.3,4.3,-0.017139681614935398,0.0036042033387315626,0,100,-0.004125344194471836,-0.004003086821840099,0,100,True
33,raw_weak,centered_confirmation-002,fixed_cadence,0.05,-0.4933611177198613,0.049999999999999996,0.05,0.01927418154467888,0.20082865410039957,0.032450587663092306,0.004162544169562025,0.028220858970201386,0.00011582540267804021,0.8869977481663227,0.05280992016196251,0.10272975641511298,0.006027980883453592,0.0030703101280893843,0.004129694859141064,False,,5.0,5.0,1.45,4.45,0.011234867200255393,-0.01305451104057925,0,100,-0.004125344194471836,-0.004003086821840099,0,100,True
33,raw_weak,centered_confirmation-003,fixed_cadence,0.05,-0.4314512128249486,0.049999999999999996,0.05,0.019265193942224562,0.20079584018074942,0.028712770304022816,0.004162544169562025,0.021657649601009212,0.00011582540267804021,0.7804912514984608,0.05280992016196251,0.09073151547254954,0.006027980883453592,0.002979414493816811,0.004129694859141064,False,,5.0,5.0,1.25,4.25,0.009391170181334018,-0.011918214742046823,0,100,-0.004125344194471836,-0.004003086821840099,0,100,True
33,raw_weak,centered_confirmation-004,fixed_cadence,0.05,-0.5204102239457927,0.049999999999999996,0.05,0.019279808441794388,0.20084987334230114,0.03424696056774066,0.004162544169562025,0.03155056478432266,0.00011582540267804021,0.9323238767683506,0.05280992016196251,0.10847424732069168,0.006027980883453592,0.0027220482568046604,0.004129694859141064,False,,5.0,5.0,1.3,4.3,0.012144859693944453,-0.01355269973410268,0,100,-0.004125344194471836,-0.004003086821840099,0,100,True
33,raw_weak,centered_confirmation-005,fixed_cadence,0.05,-0.5721576212767027,0.049999999999999996,0.05,0.0192887397551883,0.20088204113411537,0.03738723309156129,0.004162544169562025,0.03807820711760053,0.00011582540267804021,1.0212487541139126,0.05280992016196251,0.11853256142792834,0.006027980883453592,0.003334592530821829,0.004129694859141064,False,,5.0,5.0,1.5,4.5,0.013662580586969852,-0.014512963676802127,0,100,-0.004125344194471836,-0.004003086821840099,0,100,True
33,raw_weak,centered_confirmation-006,fixed_cadence,0.05,-0.5662041871326249,0.049999999999999996,0.05,0.019287476909250503,0.20087727819179774,0.03700222613547698,0.004162544169562025,0.037291820872052885,0.00011582540267804021,1.0111944936215878,0.05280992016196251,0.11730403746031727,0.006027980883453592,0.0037968729020709953,0.004129694859141064,False,,5.0,5.0,1.55,4.55,0.013465330749750138,-0.014412260825174574,0,100,-0.004125344194471836,-0.004003086821840099,0,100,True
33,raw_weak,centered_confirmation-007,fixed_cadence,0.05,-0.5264386179293323,0.049999999999999996,0.05,0.019280908936262844,0.20085393443637647,0.03462590253728226,0.004162544169562025,0.03229300839411752,0.00011582540267804021,0.9425915963947773,0.05280992016196251,0.1096871874054954,0.006027980883453592,0.002708973820517966,0.004129694859141064,False,,5.0,5.0,1.3,4.3,0.012332851998507975,-0.013663798066293292,0,100,-0.004125344194471836,-0.004003086821840099,0,100,True
33,raw_weak,centered_confirmation-000,fixed_cadence,0.1,0.3541282217646782,0.05,0.1,0.023138425932484632,0.2194114901256682,0.023742468382010405,0.004407131586388444,0.016957396013067925,0.00014163635223499865,0.7196334190666676,0.0648755393922329,0.07391395492470001,0.006378049054094254,0.0049663460548954805,0.004374226673830157,False,,5.0,5.0,1.65,4.65,-0.014746512286365032,0.002908302946179641,0,99,-0.004359161481261253,-0.0042295235076917235,0,99,True
33,raw_weak,centered_confirmation-001,fixed_cadence,0.1,0.41565273311775136,0.05,0.1,0.023150564520485126,0.2194270237765406,0.02780131380969864,0.004407131586388444,0.02313903747043211,0.00014163635223499865,0.8344168774783611,0.0648755393922329,0.08702941477387542,0.006378049054094254,0.005815266170896334,0.004374226673830157,False,,5.0,5.0,1.3,4.3,-0.016623087227344513,0.0041047250526585225,0,99,-0.004359161481261253,-0.0042295235076917235,0,99,True
33,raw_weak,centered_confirmation-002,fixed_cadence,0.1,-0.4933611177198613,0.05,0.1,0.023173301799154302,0.219728365767801,0.035469217032257284,0.004407131586388444,0.030310705008542074,0.00014163635223499865,0.968883354216814,0.0648755393922329,0.11227260754144741,0.006378049054094254,0.00336513629690768,0.004374226673830157,False,,5.0,5.0,1.45,4.45,0.010079692117869854,-0.014179485653351687,0,99,-0.004359161481261253,-0.0042295235076917235,0,99,True
33,raw_weak,centered_confirmation-003,fixed_cadence,0.1,-0.4314512128249486,0.05,0.1,0.02316151299161276,0.21967868304815716,0.03136737355788866,0.004407131586388444,0.023238639340745257,0.00014163635223499865,0.853832196444273,0.0648755393922329,0.09912621924167057,0.006378049054094254,0.0030995218081920476,0.004374226673830157,False,,5.0,5.0,1.25,4.25,0.008353394269943238,-0.012924532405602379,0,99,-0.004359161481261253,-0.0042295235076917235,0,99,True
33,raw_weak,centered_confirmation-004,fixed_cadence,0.1,-0.5204102239457927,0.05,0.1,0.02317989734729092,0.21975412887630158,0.03743078739631006,0.004407131586388444,0.03385272643085332,0.00014163635223499865,1.0179121233522892,0.0648755393922329,0.11854492116299835,0.006378049054094254,0.0028474045269417047,0.004374226673830157,False,,5.0,5.0,1.3,4.3,0.010937759093940257,-0.014723229482250803,0,99,-0.004359161481261253,-0.0042295235076917235,0,99,True
33,raw_weak,centered_confirmation-005,fixed_cadence,0.1,-0.5721576212767027,0.05,0.1,0.023191281563229523,0.21980034495986847,0.04087627015898534,0.004407131586388444,0.04088838232164851,0.00014163635223499865,1.1137552373111248,0.0648755393922329,0.12957451623440297,0.006378049054094254,0.0037360691681357135,0.004374226673830157,False,,5.0,5.0,1.5,4.5,0.012359707057476044,-0.015786267777735754,0,99,-0.004359161481261253,-0.0042295235076917235,0,99,True
33,raw_weak,centered_confirmation-006,fixed_cadence,0.1,-0.5662041871326249,0.05,0.1,0.023189820224880926,0.21979473440556993,0.04045536777038273,0.004407131586388444,0.040051306798500816,0.00014163635223499865,1.1028158105909824,0.0648755393922329,0.12823285895850214,0.006378049054094254,0.0042744904806663745,0.004374226673830157,False,,5.0,5.0,1.55,4.55,0.01217650957405567,-0.015677108557964524,0,99,-0.004359161481261253,-0.0042295235076917235,0,99,True
33,raw_weak,centered_confirmation-007,fixed_cadence,0.1,-0.5264386179293323,0.05,0.1,0.02318127273949602,0.2197596211253528,0.03784576878212018,0.004407131586388444,0.034648515587274935,0.00014163635223499865,1.029000412672758,0.0648755393922329,0.11987214779562345,0.006378049054094254,0.002833219189683899,0.004374226673830157,False,,5.0,5.0,1.3,4.3,0.011114288493990897,-0.014845446635124862,0,99,-0.004359161481261253,-0.0042295235076917235,0,99,True
33,raw_weak,centered_confirmation-000,fixed_cadence,0.2,0.3541282217646782,0.049999999999999996,0.19999999999999998,0.031158494583863904,0.2593192329483305,0.027174151429127574,0.006044178409769432,0.020802559230654376,0.0003717661558901367,0.8895459026098251,0.1151186041533947,0.08617689044701725,0.007924237201588417,0.0057876050777287075,0.006122309607670786,False,,5.0,5.0,1.65,4.65,-0.015006076358258721,0.002827365580334567,0,97,-0.005971607193350792,-0.00578787617318968,0,97,True
33,raw_weak,centered_confirmation-001,fixed_cadence,0.2,0.41565273311775136,0.049999999999999996,0.19999999999999998,0.03116170541117962,0.2593012958108352,0.03182882045920174,0.006044178409769432,0.02834509001368155,0.0003717661558901367,1.0258804261684418,0.1151186041533947,0.10164385566420002,0.007924237201588417,0.007112570834649092,0.006122309607670786,False,,5.0,5.0,1.3,4.3,-0.01655784733593464,0.004244048938928747,0,97,-0.005971607193350792,-0.00578787617318968,0,97,True
33,raw_weak,centered_confirmation-002,fixed_cadence,0.2,-0.4933611177198613,0.049999999999999996,0.19999999999999998,0.031348067607941545,0.2597848386821179,0.041686129585339675,0.006044178409769432,0.0370560720068148,0.0003717661558901367,1.1860988661646843,0.1151186041533947,0.1339819459538082,0.007924237201588417,0.006047457952758429,0.006122309607670786,False,,5.0,5.0,1.45,4.45,0.006482359953224659,-0.017813606675133827,0,97,-0.005971607193350792,-0.00578787617318968,0,97,True
33,raw_weak,centered_confirmation-003,fixed_cadence,0.2,-0.4314512128249486,0.049999999999999996,0.19999999999999998,0.03132343085608149,0.2597325305238751,0.03691504167050076,0.006044178409769432,0.028412363827036862,0.0003717661558901367,1.0504138842225075,0.1151186041533947,0.11834482630343654,0.007924237201588417,0.00512471323500607,0.006122309607670786,False,,5.0,5.0,1.25,4.25,0.004952754825353621,-0.01627348670310284,0,97,-0.005971607193350792,-0.00578787617318968,0,97,True
33,raw_weak,centered_confirmation-004,fixed_cadence,0.2,-0.5204102239457927,0.049999999999999996,0.19999999999999998,0.03135847304243377,0.2598030218241543,0.04394023037962411,0.006044178409769432,0.04127962750642981,0.0003717661558901367,1.2449783086776733,0.1151186041533947,0.14133958540985003,0.007924237201588417,0.005103643788131626,0.006122309607670786,False,,5.0,5.0,1.3,4.3,0.007183147966861725,-0.01844803922076049,0,97,-0.005971607193350792,-0.00578787617318968,0,97,True
33,raw_weak,centered_confirmation-005,fixed_cadence,0.2,-0.5721576212767027,0.049999999999999996,0.19999999999999998,0.03137961530930922,0.2598479420857761,0.04794340512661657,0.006044178409769432,0.049831844788031314,0.0003717661558901367,1.3558632880449295,0.1151186041533947,0.1544202942091963,0.007924237201588417,0.006613386772415561,0.006122309607670786,False,,5.0,5.0,1.5,4.5,0.008467039838433265,-0.019756741782591247,0,97,-0.005971607193350792,-0.00578787617318968,0,97,True
33,raw_weak,centered_confirmation-006,fixed_cadence,0.2,-0.5662041871326249,0.049999999999999996,0.19999999999999998,0.03137687399064669,0.25984227736441495,0.04745270581868117,0.006044178409769432,0.048808861165482796,0.0003717661558901367,1.342547032982111,0.1151186041533947,0.15282177493523158,0.007924237201588417,0.0071649585676390685,0.006122309607670786,False,,5.0,5.0,1.55,4.55,0.008326991274952887,-0.019628325603106903,0,97,-0.005971607193350792,-0.00578787617318968,0,97,True
33,raw_weak,centered_confirmation-007,fixed_cadence,0.2,-0.5264386179293323,0.049999999999999996,0.19999999999999998,0.03136087703109755,0.2598077799588806,0.044420480975218286,0.006044178409769432,0.04224061007964852,0.0003717661558901367,1.258037704974413,0.1151186041533947,0.1429082852493894,0.007924237201588417,0.0050936686986525585,0.006122309607670786,False,,5.0,5.0,1.3,4.3,0.007335002534091473,-0.018595216030586455,0,97,-0.005971607193350792,-0.00578787617318968,0,97,True
33,raw_strong,centered_confirmation-000,serial,0.0,0.3541282217646782,0.05,0.0,0.016822215612383538,0.18589690063354866,0.022226726587665238,0.0036986155005369965,0.012859957617923568,0.00012917893795712235,0.5982784368097782,0.06963158026337624,0.06940432423561094,0.004445215185637683,0.004416513041284615,0.0037445386633083682,False,,5.0,5.0,1.65,4.65,-0.0076702188700437535,0.009797975170562205,0,101,0.003737455606460571,0.0036257287576236885,0,101,True
33,raw_strong,centered_confirmation-001,serial,0.0,0.41565273311775136,0.05,0.0,0.01683901146250232,0.18596489475991862,0.025822474410153208,0.0036986155005369965,0.01771897058842932,0.00012917893795712235,0.6911253742873669,0.06963158026337624,0.08086340633988288,0.004445215185637683,0.0026863612954347374,0.0037445386633083682,False,,5.0,5.0,1.3,4.3,-0.009681966155767439,0.010819401538824285,0,101,0.003737455606460571,0.0036257287576236885,0,101,True
33,raw_strong,centered_confirmation-002,serial,0.0,-0.4933611177198613,0.05,0.0,0.016782561064314482,0.1856847805109893,0.028257473018015032,0.0036986155005369965,0.02644244610003442,0.00012917893795712235,0.8123904280364513,0.06963158026337624,0.08807770888995554,0.004445215185637683,0.004965260576458853,0.0037445386633083682,False,,5.0,5.0,1.45,4.45,0.019590683840215208,-0.004957339832121335,0,101,0.003737455606460571,0.0036257287576236885,0,101,True
33,raw_strong,centered_confirmation-003,serial,0.0,-0.4314512128249486,0.05,0.0,0.016774616607055225,0.18565777986876353,0.02461582547865214,0.0036986155005369965,0.02034122567090162,0.00012917893795712235,0.7197362743318081,0.06963158026337624,0.07650793532846531,0.004445215185637683,0.00499315369903086,0.0037445386633083682,False,,5.0,5.0,1.25,4.25,0.017661042511463165,-0.0038660908933508048,0,101,0.003737455606460571,0.0036257287576236885,0,101,True
33,raw_strong,centered_confirmation-004,serial,0.0,-0.5204102239457927,0.05,0.0,0.01678646155820078,0.1856977575941093,0.02983124289830036,0.0036986155005369965,0.02936245182905346,0.00012917893795712235,0.8536905981600285,0.06963158026337624,0.09307242204681423,0.004445215185637683,0.005245589326844025,0.0037445386633083682,False,,5.0,5.0,1.3,4.3,0.020503338985145093,-0.005418280672781872,0,101,0.003737455606460571,0.0036257287576236885,0,101,True
33,raw_strong,centered_confirmation-005,serial,0.0,-0.5721576212767027,0.05,0.0,0.016794434308158898,0.18572545414736377,0.03287842338348015,0.0036986155005369965,0.03534830594900883,0.00012917893795712235,0.9301655180752277,0.06963158026337624,0.1027296853577114,0.004445215185637683,0.005081872917977999,0.0037445386633083682,False,,5.0,5.0,1.5,4.5,0.022106710262596606,-0.0063463776480839704,0,101,0.003737455606460571,0.0036257287576236885,0,101,True
33,raw_strong,centered_confirmation-006,serial,0.0,-0.5662041871326249,0.05,0.0,0.016793431409723336,0.18572202008928146,0.032524636057429744,0.0036986155005369965,0.034617291643738675,0.00012917893795712235,0.9205420129001141,0.06963158026337624,0.10161370372303771,0.004445215185637683,0.004949910134503738,0.0037445386633083682,False,,5.0,5.0,1.55,4.55,0.021914475969970225,-0.006254942247420285,0,101,0.003737455606460571,0.0036257287576236885,0,101,True
33,raw_strong,centered_confirmation-007,serial,0.0,-0.5264386179293323,0.05,0.0,0.0167873689607975,0.1857008188881377,0.030184796690637002,0.0036986155005369965,0.030032899453717055,0.00012917893795712235,0.8627547509968281,0.06963158026337624,0.09419349287484874,0.004445215185637683,0.005263576318737839,0.0037445386633083682,False,,5.0,5.0,1.3,4.3,0.020696971379220486,-0.005523618141757459,0,101,0.003737455606460571,0.0036257287576236885,0,101,True
33,raw_strong,centered_confirmation-000,serial,0.05,0.3541282217646782,0.049999999999999996,0.05,0.019893798288849015,0.20269177903382235,0.02426846897596067,0.004809998344311938,0.013855698739898198,0.0002312702425894508,0.6761845387518406,0.0987512432038784,0.07561290098370063,0.007661815762004467,0.005218669524252408,0.004581801222296067,False,,5.0,5.0,1.65,4.65,-0.006109494902193546,0.011326295104700065,0,100,0.0047515897080302235,0.004616619913546931,0,100,True
33,raw_strong,centered_confirmation-001,serial,0.05,0.41565273311775136,0.049999999999999996,0.05,0.019908849380801112,0.2027347181786791,0.02816452802497547,0.004809998344311938,0.01893035571306175,0.0002312702425894508,0.7738283090293407,0.0987512432038784,0.08810727803376414,0.007661815762004467,0.0034473469833272313,0.004581801222296067,False,,5.0,5.0,1.3,4.3,-0.008031589724123479,0.012439618721076703,0,100,0.0047515897080302235,0.004616619913546931,0,100,True
33,raw_strong,centered_confirmation-002,serial,0.05,-0.4933611177198613,0.049999999999999996,0.05,0.019883620382046302,0.20270226664463306,0.03090573034443449,0.004809998344311938,0.029362873004597695,0.0002312702425894508,0.915778074413538,0.0987512432038784,0.09633282509179142,0.007661815762004467,0.005851764285756251,0.004581801222296067,False,,5.0,5.0,1.45,4.45,0.0198423245921731,-0.00471649656968288,0,100,0.0047515897080302235,0.004616619913546931,0,100,True
33,raw_strong,centered_confirmation-003,serial,0.05,-0.4314512128249486,0.049999999999999996,0.05,0.0198724305995424,0.20266155935028635,0.02688094905305713,0.004809998344311938,0.022668763028123505,0.0002312702425894508,0.8132717572152615,0.0987512432038784,0.08348167419505495,0.007661815762004467,0.005892805373557203,0.004581801222296067,False,,5.0,5.0,1.25,4.25,0.01801341716200113,-0.003530865709961968,0,100,0.0047515897080302235,0.004616619913546931,0,100,True
33,raw_strong,centered_confirmation-004,serial,0.05,-0.5204102239457927,0.049999999999999996,0.05,0.019888242641038934,0.20271772973130883,0.03256439886444317,0.004809998344311938,0.03260046778033487,0.0002312702425894508,0.960844773799181,0.0987512432038784,0.10165668522580226,0.007661815762004467,0.006159021005769914,0.004581801222296067,False,,5.0,5.0,1.3,4.3,0.02071728389710188,-0.005218554093898077,0,100,0.0047515897080302235,0.004616619913546931,0,100,True
33,raw_strong,centered_confirmation-005,serial,0.05,-0.5721576212767027,0.049999999999999996,0.05,0.019898794306284582,0.2027558017210975,0.035916344125645455,0.004809998344311938,0.039099045368082244,0.0002312702425894508,1.0448171384632587,0.0987512432038784,0.11232930595669562,0.007661815762004467,0.005953160400300189,0.004581801222296067,False,,5.0,5.0,1.5,4.5,0.02223502155393362,-0.006225906868774741,0,100,0.0047515897080302235,0.004616619913546931,0,100,True
33,raw_strong,centered_confirmation-006,serial,0.05,-0.5662041871326249,0.049999999999999996,0.05,0.019897419349946568,0.2027511763866028,0.03552640907115039,0.004809998344311938,0.0382517414063069,0.0002312702425894508,1.0339046083390713,0.0987512432038784,0.11108787681229958,0.007661815762004467,0.005791416301305451,0.004581801222296067,False,,5.0,5.0,1.55,4.55,0.022051184438169003,-0.006125762304855379,0,100,0.0047515897080302235,0.004616619913546931,0,100,True
33,raw_strong,centered_confirmation-007,serial,0.05,-0.5264386179293323,0.049999999999999996,0.05,0.019889390445203246,0.2027217846330858,0.03294770022957501,0.004809998344311938,0.033336740281813985,0.0002312702425894508,0.9707946889102459,0.0987512432038784,0.10288078334908807,0.007661815762004467,0.006177869264929204,0.004581801222296067,False,,5.0,5.0,1.3,4.3,0.020901604555547237,-0.005333093624456549,0,100,0.0047515897080302235,0.004616619913546931,0,100,True
33,raw_strong,centered_confirmation-000,serial,0.1,0.3541282217646782,0.1,0.10000000000000002,0.026741195476191144,0.2341250432679156,0.027954479306433085,0.005626536361663614,0.016931946010510165,0.0002720487437213315,0.7503092847764492,0.08304456248879433,0.08722521640576275,0.009115431223844991,0.005651338944083379,0.005407895567880103,False,,5.0,5.0,1.65,4.65,-0.004542876034975051,0.012722255382476821,0,50,0.005509142577648163,0.005351786987595167,0,50,True
33,raw_strong,centered_confirmation-001,serial,0.1,0.41565273311775136,0.1,0.10000000000000002,0.02585154830405763,0.23058918763787004,0.03204256584153553,0.005626536361663614,0.02299867177520485,0.0002720487437213315,0.8763606287539005,0.08304456248879433,0.10046859577717934,0.009115431223844991,0.0037543780074190095,0.005407895567880103,False,,5.0,5.0,1.3,4.3,-0.006597077473998072,0.013794958459128263,0,50,0.005509142577648163,0.005351786987595167,0,50,True
33,raw_strong,centered_confirmation-002,serial,0.1,-0.4933611177198613,0.1,0.10000000000000002,0.026772973927694215,0.23445674766129668,0.03584900154214303,0.005626536361663614,0.03605414524266995,0.0002720487437213315,1.0302234627306461,0.08304456248879433,0.1114581422746714,0.009115431223844991,0.0076743855351156425,0.005407895567880103,False,,5.0,5.0,1.45,4.45,0.019495297595858573,-0.0049385417597974934,0,50,0.005509142577648163,0.005351786987595167,0,50,True
33,raw_strong,centered_confirmation-003,serial,0.1,-0.4314512128249486,0.1,0.10000000000000002,0.026757136487830516,0.23440372468946266,0.031095017278099366,0.005626536361663614,0.0277522010841345,0.0002720487437213315,0.9104376845061779,0.08304456248879433,0.09632822494587671,0.009115431223844991,0.007394809480658925,0.005407895567880103,False,,5.0,5.0,1.25,4.25,0.017873417213559152,-0.0036505254855914208,0,50,0.005509142577648163,0.005351786987595167,0,50,True
33,raw_strong,centered_confirmation-004,serial,0.1,-0.5204102239457927,0.1,0.10000000000000002,0.025885856762045557,0.2309474911313391,0.037065877080582794,0.005626536361663614,0.03963766637750277,0.0002720487437213315,1.0986736230552197,0.08304456248879433,0.11560433469691972,0.009115431223844991,0.00785277892210963,0.005407895567880103,False,,5.0,5.0,1.3,4.3,0.020586011558771135,-0.005301339515948082,0,50,0.005509142577648163,0.005351786987595167,0,50,True
33,raw_strong,centered_confirmation-005,serial,0.1,-0.5721576212767027,0.1,0.10000000000000002,0.02590083127487373,0.23099682545755415,0.04096779127175575,0.005626536361663614,0.04762659844808651,0.0002720487437213315,1.1996903829276562,0.08304456248879433,0.12798354183359428,0.009115431223844991,0.0079168894865043,0.005407895567880103,False,,5.0,5.0,1.5,4.5,0.021927008405327797,-0.006369245111532329,0,50,0.005509142577648163,0.005351786987595167,0,50,True
33,raw_strong,centered_confirmation-006,serial,0.1,-0.5662041871326249,0.1,0.10000000000000002,0.026791815020716637,0.23451838161665042,0.04122225645470441,0.005626536361663614,0.04696187438838987,0.0002720487437213315,1.167044136673212,0.08304456248879433,0.1285915986371613,0.009115431223844991,0.007787410515857967,0.005407895567880103,False,,5.0,5.0,1.55,4.55,0.021499579027295112,-0.006486807139229731,0,50,0.005509142577648163,0.005351786987595167,0,50,True
33,raw_strong,centered_confirmation-007,serial,0.1,-0.5264386179293323,0.1,0.10000000000000002,0.025887426615702015,0.23095282692888078,0.037501771992372486,0.005626536361663614,0.040532412072112785,0.0002720487437213315,1.1103916727006435,0.08304456248879433,0.11699938613285284,0.009115431223844991,0.007882273699866863,0.005407895567880103,False,,5.0,5.0,1.3,4.3,0.020759816095232968,-0.005425569581838251,0,50,0.005509142577648163,0.005351786987595167,0,50,True
33,raw_strong,centered_confirmation-000,serial,0.2,0.3541282217646782,0.19999999999999998,0.2,0.046964733172093744,0.29907713316897055,0.03589166498232381,0.005518053495531324,0.027817806872648475,0.00023772520908710293,0.9418090060353279,0.07260806858539581,0.10968035808290705,0.009429003022867073,0.005442623502569777,0.005392382163652585,False,,5.0,5.0,1.65,4.65,-0.0027635954320430795,0.014005368183260508,0,25,0.0052784204483032225,0.005128831535666248,0,25,True
33,raw_strong,centered_confirmation-001,serial,0.2,0.41565273311775136,0.19999999999999998,0.2,0.044780316949458214,0.2913061959440285,0.041430620983195825,0.005518053495531324,0.03564351927388791,0.00023772520908710293,1.065272968262434,0.07260806858539581,0.12617717356249158,0.009429003022867073,0.0038866847070437058,0.005392382163652585,False,,5.0,5.0,1.3,4.3,-0.00492814257740975,0.015345917240773155,0,25,0.0052784204483032225,0.005128831535666248,0,25,True
33,raw_strong,centered_confirmation-002,serial,0.2,-0.4933611177198613,0.19999999999999998,0.2,0.047053235323955125,0.29941998300970835,0.04748766089927391,0.005518053495531324,0.05780236024962087,0.00023772520908710293,1.3078133016824722,0.07260806858539581,0.14357611262976624,0.009429003022867073,0.010809390192424363,0.005392382163652585,False,,5.0,5.0,1.45,4.45,0.016635147482156755,-0.007346569795850459,0,25,0.0052784204483032225,0.005128831535666248,0,25,True
33,raw_strong,centered_confirmation-003,serial,0.2,-0.4314512128249486,0.19999999999999998,0.2,0.04701441763785321,0.29936603551758056,0.040952765827784836,0.005518053495531324,0.04400887992388199,0.00023772520908710293,1.1440540850162506,0.07260806858539581,0.12362911311036417,0.009429003022867073,0.009559633980434239,0.005392382163652585,False,,5.0,5.0,1.25,4.25,0.015594140440225612,-0.005860166149405887,0,25,0.0052784204483032225,0.005128831535666248,0,25,True
33,raw_strong,centered_confirmation-004,serial,0.2,-0.5204102239457927,0.19999999999999998,0.2,0.04486075349466506,0.291650690415654,0.04857816496229216,0.005518053495531324,0.058993459694280874,0.00023772520908710293,1.3433172926306725,0.07260806858539581,0.1466909984184287,0.009429003022867073,0.010673294755053056,0.005392382163652585,False,,5.0,5.0,1.3,4.3,0.01791836991906167,-0.007799049247123119,0,25,0.0052784204483032225,0.005128831535666248,0,25,True
33,raw_strong,centered_confirmation-005,serial,0.2,-0.5721576212767027,0.19999999999999998,0.2,0.044893577758612045,0.2916886429238111,0.05395022237452004,0.005518053495531324,0.07147679103942606,0.00023772520908710293,1.4723479934036732,0.07260806858539581,0.16293432419164985,0.009429003022867073,0.011552341403102804,0.005392382163652585,False,,5.0,5.0,1.5,4.5,0.018692401051521305,-0.009003038579887367,0,25,0.0052784204483032225,0.005128831535666248,0,25,True
33,raw_strong,centered_confirmation-006,serial,0.2,-0.5662041871326249,0.19999999999999998,0.2,0.04377330888117687,0.2900106535494681,0.0527848273821856,0.005518053495531324,0.07053769269869108,0.00023772520908710293,1.530277393758297,0.07260806858539581,0.16037284604459387,0.009429003022867073,0.011408421553991575,0.005392382163652585,False,,5.0,5.0,1.55,4.55,0.018764791637659078,-0.008566720401399419,0,25,0.0052784204483032225,0.005128831535666248,0,25,True
33,raw_strong,centered_confirmation-007,serial,0.2,-0.5264386179293323,0.19999999999999998,0.2,0.0448639047684433,0.29165322358257084,0.04915234000202835,0.005518053495531324,0.06033649525059776,0.00023772520908710293,1.3580055721104145,0.07260806858539581,0.14844983732194666,0.009429003022867073,0.01074056862982433,0.005392382163652585,False,,5.0,5.0,1.3,4.3,0.018063996732234962,-0.007949450801096707,0,25,0.0052784204483032225,0.005128831535666248,0,25,True
33,raw_strong,centered_confirmation-000,fixed_cadence,0.0,0.3541282217646782,0.05,0.0,0.016822215612383538,0.18589690063354866,0.022226726587665238,0.0036986155005369965,0.012859957617923568,0.00012917893795712235,0.5982784368097782,0.06963158026337624,0.06940432423561094,0.004445215185637683,0.004416513041284615,0.0037445386633083682,False,,5.0,5.0,1.65,4.65,-0.0076702188700437535,0.009797975170562205,0,101,0.003737455606460571,0.0036257287576236885,0,101,True
33,raw_strong,centered_confirmation-001,fixed_cadence,0.0,0.41565273311775136,0.05,0.0,0.01683901146250232,0.18596489475991862,0.025822474410153208,0.0036986155005369965,0.01771897058842932,0.00012917893795712235,0.6911253742873669,0.06963158026337624,0.08086340633988288,0.004445215185637683,0.0026863612954347374,0.0037445386633083682,False,,5.0,5.0,1.3,4.3,-0.009681966155767439,0.010819401538824285,0,101,0.003737455606460571,0.0036257287576236885,0,101,True
33,raw_strong,centered_confirmation-002,fixed_cadence,0.0,-0.4933611177198613,0.05,0.0,0.016782561064314482,0.1856847805109893,0.028257473018015032,0.0036986155005369965,0.02644244610003442,0.00012917893795712235,0.8123904280364513,0.06963158026337624,0.08807770888995554,0.004445215185637683,0.004965260576458853,0.0037445386633083682,False,,5.0,5.0,1.45,4.45,0.019590683840215208,-0.004957339832121335,0,101,0.003737455606460571,0.0036257287576236885,0,101,True
33,raw_strong,centered_confirmation-003,fixed_cadence,0.0,-0.4314512128249486,0.05,0.0,0.016774616607055225,0.18565777986876353,0.02461582547865214,0.0036986155005369965,0.02034122567090162,0.00012917893795712235,0.7197362743318081,0.06963158026337624,0.07650793532846531,0.004445215185637683,0.00499315369903086,0.0037445386633083682,False,,5.0,5.0,1.25,4.25,0.017661042511463165,-0.0038660908933508048,0,101,0.003737455606460571,0.0036257287576236885,0,101,True
33,raw_strong,centered_confirmation-004,fixed_cadence,0.0,-0.5204102239457927,0.05,0.0,0.01678646155820078,0.1856977575941093,0.02983124289830036,0.0036986155005369965,0.02936245182905346,0.00012917893795712235,0.8536905981600285,0.06963158026337624,0.09307242204681423,0.004445215185637683,0.005245589326844025,0.0037445386633083682,False,,5.0,5.0,1.3,4.3,0.020503338985145093,-0.005418280672781872,0,101,0.003737455606460571,0.0036257287576236885,0,101,True
33,raw_strong,centered_confirmation-005,fixed_cadence,0.0,-0.5721576212767027,0.05,0.0,0.016794434308158898,0.18572545414736377,0.03287842338348015,0.0036986155005369965,0.03534830594900883,0.00012917893795712235,0.9301655180752277,0.06963158026337624,0.1027296853577114,0.004445215185637683,0.005081872917977999,0.0037445386633083682,False,,5.0,5.0,1.5,4.5,0.022106710262596606,-0.0063463776480839704,0,101,0.003737455606460571,0.0036257287576236885,0,101,True
33,raw_strong,centered_confirmation-006,fixed_cadence,0.0,-0.5662041871326249,0.05,0.0,0.016793431409723336,0.18572202008928146,0.032524636057429744,0.0036986155005369965,0.034617291643738675,0.00012917893795712235,0.9205420129001141,0.06963158026337624,0.10161370372303771,0.004445215185637683,0.004949910134503738,0.0037445386633083682,False,,5.0,5.0,1.55,4.55,0.021914475969970225,-0.006254942247420285,0,101,0.003737455606460571,0.0036257287576236885,0,101,True
33,raw_strong,centered_confirmation-007,fixed_cadence,0.0,-0.5264386179293323,0.05,0.0,0.0167873689607975,0.1857008188881377,0.030184796690637002,0.0036986155005369965,0.030032899453717055,0.00012917893795712235,0.8627547509968281,0.06963158026337624,0.09419349287484874,0.004445215185637683,0.005263576318737839,0.0037445386633083682,False,,5.0,5.0,1.3,4.3,0.020696971379220486,-0.005523618141757459,0,101,0.003737455606460571,0.0036257287576236885,0,101,True
33,raw_strong,centered_confirmation-000,fixed_cadence,0.05,0.3541282217646782,0.049999999999999996,0.05,0.019893798288849015,0.20269177903382235,0.02426846897596067,0.004809998344311938,0.013855698739898198,0.0002312702425894508,0.6761845387518406,0.0987512432038784,0.07561290098370063,0.007661815762004467,0.005218669524252408,0.004581801222296067,False,,5.0,5.0,1.65,4.65,-0.006109494902193546,0.011326295104700065,0,100,0.0047515897080302235,0.004616619913546931,0,100,True
33,raw_strong,centered_confirmation-001,fixed_cadence,0.05,0.41565273311775136,0.049999999999999996,0.05,0.019908849380801112,0.2027347181786791,0.02816452802497547,0.004809998344311938,0.01893035571306175,0.0002312702425894508,0.7738283090293407,0.0987512432038784,0.08810727803376414,0.007661815762004467,0.0034473469833272313,0.004581801222296067,False,,5.0,5.0,1.3,4.3,-0.008031589724123479,0.012439618721076703,0,100,0.0047515897080302235,0.004616619913546931,0,100,True
33,raw_strong,centered_confirmation-002,fixed_cadence,0.05,-0.4933611177198613,0.049999999999999996,0.05,0.019883620382046302,0.20270226664463306,0.03090573034443449,0.004809998344311938,0.029362873004597695,0.0002312702425894508,0.915778074413538,0.0987512432038784,0.09633282509179142,0.007661815762004467,0.005851764285756251,0.004581801222296067,False,,5.0,5.0,1.45,4.45,0.0198423245921731,-0.00471649656968288,0,100,0.0047515897080302235,0.004616619913546931,0,100,True
33,raw_strong,centered_confirmation-003,fixed_cadence,0.05,-0.4314512128249486,0.049999999999999996,0.05,0.0198724305995424,0.20266155935028635,0.02688094905305713,0.004809998344311938,0.022668763028123505,0.0002312702425894508,0.8132717572152615,0.0987512432038784,0.08348167419505495,0.007661815762004467,0.005892805373557203,0.004581801222296067,False,,5.0,5.0,1.25,4.25,0.01801341716200113,-0.003530865709961968,0,100,0.0047515897080302235,0.004616619913546931,0,100,True
33,raw_strong,centered_confirmation-004,fixed_cadence,0.05,-0.5204102239457927,0.049999999999999996,0.05,0.019888242641038934,0.20271772973130883,0.03256439886444317,0.004809998344311938,0.03260046778033487,0.0002312702425894508,0.960844773799181,0.0987512432038784,0.10165668522580226,0.007661815762004467,0.006159021005769914,0.004581801222296067,False,,5.0,5.0,1.3,4.3,0.02071728389710188,-0.005218554093898077,0,100,0.0047515897080302235,0.004616619913546931,0,100,True
33,raw_strong,centered_confirmation-005,fixed_cadence,0.05,-0.5721576212767027,0.049999999999999996,0.05,0.019898794306284582,0.2027558017210975,0.035916344125645455,0.004809998344311938,0.039099045368082244,0.0002312702425894508,1.0448171384632587,0.0987512432038784,0.11232930595669562,0.007661815762004467,0.005953160400300189,0.004581801222296067,False,,5.0,5.0,1.5,4.5,0.02223502155393362,-0.006225906868774741,0,100,0.0047515897080302235,0.004616619913546931,0,100,True
33,raw_strong,centered_confirmation-006,fixed_cadence,0.05,-0.5662041871326249,0.049999999999999996,0.05,0.019897419349946568,0.2027511763866028,0.03552640907115039,0.004809998344311938,0.0382517414063069,0.0002312702425894508,1.0339046083390713,0.0987512432038784,0.11108787681229958,0.007661815762004467,0.005791416301305451,0.004581801222296067,False,,5.0,5.0,1.55,4.55,0.022051184438169003,-0.006125762304855379,0,100,0.0047515897080302235,0.004616619913546931,0,100,True
33,raw_strong,centered_confirmation-007,fixed_cadence,0.05,-0.5264386179293323,0.049999999999999996,0.05,0.019889390445203246,0.2027217846330858,0.03294770022957501,0.004809998344311938,0.033336740281813985,0.0002312702425894508,0.9707946889102459,0.0987512432038784,0.10288078334908807,0.007661815762004467,0.006177869264929204,0.004581801222296067,False,,5.0,5.0,1.3,4.3,0.020901604555547237,-0.005333093624456549,0,100,0.0047515897080302235,0.004616619913546931,0,100,True
33,raw_strong,centered_confirmation-000,fixed_cadence,0.1,0.3541282217646782,0.05,0.1,0.023717021266788353,0.22099756928223788,0.0266297171388448,0.00551602026548527,0.014758851604623261,0.00024820874030644796,0.7135882787406445,0.08707081899046898,0.0828465625295002,0.008280841240016507,0.0062109264966826155,0.005390835371513749,False,,5.0,5.0,1.65,4.65,-0.0047856768593192095,0.012634476955314644,0,99,0.00544750988483429,0.0052874842652987555,0,99,True
33,raw_strong,centered_confirmation-001,fixed_cadence,0.1,0.41565273311775136,0.05,0.1,0.02372851773995644,0.2210124351194579,0.030996478520333423,0.00551602026548527,0.020351458069513384,0.00024820874030644796,0.8212764002382755,0.08707081899046898,0.09688481630057402,0.008280841240016507,0.0042141022363251955,0.005390835371513749,False,,5.0,5.0,1.3,4.3,-0.0065863411873579025,0.013844375929464525,0,99,0.00544750988483429,0.0052874842652987555,0,99,True
33,raw_strong,centered_confirmation-002,fixed_cadence,0.1,-0.4933611177198613,0.05,0.1,0.02374692263889741,0.2212892823440615,0.033545247635276436,0.00551602026548527,0.031374993677556466,0.00024820874030644796,0.9710376150906086,0.08707081899046898,0.10452808013143472,0.008280841240016507,0.006639176177012831,0.005390835371513749,False,,5.0,5.0,1.45,4.45,0.019617559388279915,-0.004957723971781314,0,99,0.00544750988483429,0.0052874842652987555,0,99,True
33,raw_strong,centered_confirmation-003,fixed_cadence,0.1,-0.4314512128249486,0.05,0.1,0.023733466470782817,0.22123707112315996,0.029078926157661483,0.00551602026548527,0.024101305270663776,0.00024820874030644796,0.8589197881519794,0.08707081899046898,0.09023989456150358,0.008280841240016507,0.006764348580485612,0.005390835371513749,False,,5.0,5.0,1.25,4.25,0.017902290634810924,-0.0036498837023723257,0,99,0.00544750988483429,0.0052874842652987555,0,99,True
33,raw_strong,centered_confirmation-004,fixed_cadence,0.1,-0.5204102239457927,0.05,0.1,0.023751811547194367,0.22130941061786433,0.03528918096627956,0.00551602026548527,0.03472772758861818,0.00024820874030644796,1.0186364687979221,0.08707081899046898,0.11015128635079252,0.008280841240016507,0.00702285439886097,0.005390835371513749,False,,5.0,5.0,1.3,4.3,0.020437145419418812,-0.005504857680943806,0,99,0.00544750988483429,0.0052874842652987555,0,99,True
33,raw_strong,centered_confirmation-005,fixed_cadence,0.1,-0.5721576212767027,0.05,0.1,0.023764356352927556,0.22135669865523952,0.03902665300851473,0.00551602026548527,0.04181491881221823,0.00024820874030644796,1.1106919310986996,0.08707081899046898,0.12206128183819648,0.008280841240016507,0.006711486392664786,0.005390835371513749,False,,5.0,5.0,1.5,4.5,0.021863396652042864,-0.006618040892342664,0,99,0.00544750988483429,0.0052874842652987555,0,99,True
33,raw_strong,centered_confirmation-006,fixed_cadence,0.1,-0.5662041871326249,0.05,0.1,0.02376297105232956,0.22135131357369234,0.03862239228502985,0.00551602026548527,0.040940333833900125,0.00024820874030644796,1.0992714203894138,0.08707081899046898,0.12076808276780447,0.008280841240016507,0.006514941112550272,0.005390835371513749,False,,5.0,5.0,1.55,4.55,0.02169434744864702,-0.006509178402438207,0,99,0.00544750988483429,0.0052874842652987555,0,99,True
33,raw_strong,centered_confirmation-007,fixed_cadence,0.1,-0.5264386179293323,0.05,0.1,0.023753112933101353,0.22131446205657404,0.0357068537121051,0.00551602026548527,0.035513384566672294,0.00024820874030644796,1.029380802065134,0.08707081899046898,0.11148808594267484,0.008280841240016507,0.007042351664290945,0.005390835371513749,False,,5.0,5.0,1.3,4.3,0.02061000056564808,-0.005630662503173399,0,99,0.00544750988483429,0.0052874842652987555,0,99,True
33,raw_strong,centered_confirmation-000,fixed_cadence,0.2,0.3541282217646782,0.049999999999999996,0.19999999999999998,0.03177677078612287,0.26042265386111035,0.030495702966270466,0.0053130546654124285,0.01816534199521312,0.00018683192668709367,0.8172618970274925,0.07346458733081818,0.09712971942676221,0.007661443110316778,0.0070135199126411555,0.005342142603594255,False,,5.0,5.0,1.65,4.65,-0.00370089132338762,0.013847436575613053,0,97,0.0051812373101711275,0.005019314177224348,0,97,True
33,raw_strong,centered_confirmation-001,fixed_cadence,0.2,0.41565273311775136,0.049999999999999996,0.19999999999999998,0.03177626554295326,0.2604013616246837,0.03571661018220147,0.0053130546654124285,0.025330453925045914,0.00018683192668709367,0.9468178078532219,0.07346458733081818,0.11419289378196036,0.007661443110316778,0.0048225333392320924,0.005342142603594255,False,,5.0,5.0,1.3,4.3,-0.005188046209514141,0.015286085099882298,0,97,0.0051812373101711275,0.005019314177224348,0,97,True
33,raw_strong,centered_confirmation-002,fixed_cadence,0.2,-0.4933611177198613,0.049999999999999996,0.19999999999999998,0.031940627566665644,0.2608253891059813,0.03850760041760219,0.0053130546654124285,0.03713838516307478,0.00018683192668709367,1.114310398697853,0.07346458733081818,0.12330478833343451,0.007661443110316778,0.005753799432500004,0.005342142603594255,False,,5.0,5.0,1.45,4.45,0.01737067811191082,-0.007323478495444115,0,97,0.0051812373101711275,0.005019314177224348,0,97,True
33,raw_strong,centered_confirmation-003,fixed_cadence,0.2,-0.4314512128249486,0.049999999999999996,0.19999999999999998,0.03191625097597964,0.26077333139878056,0.03327304313423932,0.0053130546654124285,0.028317813264540973,0.00018683192668709367,0.9816688299179077,0.07346458733081818,0.106328831619333,0.007661443110316778,0.00624178857113231,0.005342142603594255,False,,5.0,5.0,1.25,4.25,0.015853160806000233,-0.005730139698035845,0,97,0.0051812373101711275,0.005019314177224348,0,97,True
33,raw_strong,centered_confirmation-004,fixed_cadence,0.2,-0.5204102239457927,0.049999999999999996,0.19999999999999998,0.03194687326581934,0.26083539380568493,0.04048626277425867,0.0053130546654124285,0.04100991604145289,0.00018683192668709367,1.1697963811457157,0.07346458733081818,0.1297850495883289,0.007661443110316778,0.006318662181319974,0.005342142603594255,False,,5.0,5.0,1.3,4.3,0.018035021796822547,-0.007965704494503234,0,97,0.0051812373101711275,0.005019314177224348,0,97,True
33,raw_strong,centered_confirmation-005,fixed_cadence,0.2,-0.5721576212767027,0.049999999999999996,0.19999999999999998,0.03196771228401821,0.2608805074075312,0.044897301286384084,0.0053130546654124285,0.04966408325483079,0.00018683192668709367,1.2795308232307434,0.07346458733081818,0.14404048428861418,0.007661443110316778,0.005693391405570092,0.005342142603594255,False,,5.0,5.0,1.5,4.5,0.01931911446154117,-0.0093224801894984,0,97,0.0051812373101711275,0.005019314177224348,0,97,True
33,raw_strong,centered_confirmation-006,fixed_cadence,0.2,-0.5662041871326249,0.049999999999999996,0.19999999999999998,0.03196581107097391,0.260876547750999,0.044460890102860126,0.0053130546654124285,0.0486776365358317,0.00018683192668709367,1.2666834704577923,0.07346458733081818,0.14261424684437637,0.007661443110316778,0.005467513431641885,0.005342142603594255,False,,5.0,5.0,1.55,4.55,0.01919045243412256,-0.009192021898663843,0,97,0.0051812373101711275,0.005019314177224348,0,97,True
33,raw_strong,centered_confirmation-007,fixed_cadence,0.2,-0.5264386179293323,0.049999999999999996,0.19999999999999998,0.031948927174370916,0.2608395697795291,0.04097110085681554,0.0053130546654124285,0.04194674910133768,0.00018683192668709367,1.1824619211256504,0.07346458733081818,0.1313596665009403,0.007661443110316778,0.0063316941926305674,0.005342142603594255,False,,5.0,5.0,1.3,4.3,0.018183211237192153,-0.008116818132189122,0,97,0.0051812373101711275,0.005019314177224348,0,97,True
33,centered_weak,centered_confirmation-000,serial,0.0,0.3541282217646782,0.05,0.0,0.016167130531307524,0.1835791310179635,0.020670443111959477,0.0009593077496190337,0.014008328149317448,3.510155855630843e-05,0.619457762577932,0.07592960063497313,0.06548000918109735,0.002964983086793431,0.0018423015402393409,7.46443190824575e-05,False,,5.0,5.0,1.65,4.65,-0.01193154983351715,0.005611526955961711,0,101,-0.0003604386759806448,-0.00036059013374324254,0,101,True
33,centered_weak,centered_confirmation-001,serial,0.0,0.41565273311775136,0.05,0.0,0.016185899478838306,0.18366125614086465,0.02432210238278301,0.0009593077496190337,0.01952868320252556,3.510155855630843e-05,0.7188936582593132,0.07592960063497313,0.07711364890723661,0.002964983086793431,0.001449932936211186,7.46443190824575e-05,False,,5.0,5.0,1.3,4.3,-0.014012035058240968,0.0066194849326343674,0,101,-0.0003604386759806448,-0.00036059013374324254,0,101,True
33,centered_weak,centered_confirmation-002,serial,0.0,-0.4933611177198613,0.05,0.0,0.016120069684416073,0.18333540798879588,0.028283067630746082,0.0009593077496190337,0.02621460788217744,3.510155855630843e-05,0.8307709804562736,0.07592960063497313,0.08969163634429596,0.002964983086793431,0.0016466257132927032,7.46443190824575e-05,False,,5.0,5.0,1.45,4.45,0.015765005460579316,-0.008666469130694585,0,101,-0.0003604386759806448,-0.00036059013374324254,0,101,True
33,centered_weak,centered_confirmation-003,serial,0.0,-0.4314512128249486,0.05,0.0,0.01611305103658488,0.1833120422539706,0.024727774780521156,0.0009593077496190337,0.019932324829731674,3.510155855630843e-05,0.7314004263667274,0.07592960063497313,0.07836995743181543,0.002964983086793431,0.001357850705198483,7.46443190824575e-05,False,,5.0,5.0,1.25,4.25,0.013817826023895665,-0.00762228783628144,0,101,-0.0003604386759806448,-0.00036059013374324254,0,101,True
33,centered_weak,centered_confirmation-004,serial,0.0,-0.5204102239457927,0.05,0.0,0.016123302251218972,0.1833480341823579,0.029852710308156078,0.0009593077496190337,0.029092208135907398,3.510155855630843e-05,0.8701629823831726,0.07592960063497313,0.0946418457044149,0.002964983086793431,0.001649665375041156,7.46443190824575e-05,False,,5.0,5.0,1.3,4.3,0.016710536851186675,-0.009122421374751255,0,101,-0.0003604386759806448,-0.00036059013374324254,0,101,True
33,centered_weak,centered_confirmation-005,serial,0.0,-0.5721576212767027,0.05,0.0,0.01613075459133542,0.18337389710032373,0.032859119879071585,0.0009593077496190337,0.03538072576478534,3.510155855630843e-05,0.9532646721986938,0.07592960063497313,0.10421223034124269,0.002964983086793431,0.0020582481443032164,7.46443190824575e-05,False,,5.0,5.0,1.5,4.5,0.018317365570564192,-0.010005588900713985,0,101,-0.0003604386759806448,-0.00036059013374324254,0,101,True
33,centered_weak,centered_confirmation-006,serial,0.0,-0.5662041871326249,0.05,0.0,0.016130055989454686,0.18337120426677964,0.032534294744496886,0.0009593077496190337,0.03471534809095256,3.510155855630843e-05,0.9444372615603615,0.07592960063497313,0.10318829288905947,0.002964983086793431,0.002252330754681568,7.46443190824575e-05,False,,5.0,5.0,1.55,4.55,0.018112542218167705,-0.009913644444952529,0,101,-0.0003604386759806448,-0.00036059013374324254,0,101,True
33,centered_weak,centered_confirmation-007,serial,0.0,-0.5264386179293323,0.05,0.0,0.016124101624088186,0.18335092818936174,0.030201665386397646,0.0009593077496190337,0.029775400667513458,3.510155855630843e-05,0.8795032537368942,0.07592960063497313,0.09574866340762103,0.002964983086793431,0.0016695969589289358,7.46443190824575e-05,False,,5.0,5.0,1.3,4.3,0.01690782785286419,-0.009224366201089521,0,101,-0.0003604386759806448,-0.00036059013374324254,0,101,True
33,centered_weak,centered_confirmation-000,serial,0.05,0.3541282217646782,0.049999999999999996,0.05,0.019278583915455873,0.20078590553552317,0.022459605427763887,0.00024092519915241427,0.015066405310065428,4.499757177135733e-06,0.634853060681629,0.031672682006168074,0.07144039392671878,0.0005356645678540867,0.00196662192350149,0.0001755926655264582,False,,5.0,5.0,1.65,4.65,-0.010922602457187944,0.006598453901117867,0,100,9.782101473969781e-05,9.193109172700317e-05,0,100,True
33,centered_weak,centered_confirmation-001,serial,0.05,0.41565273311775136,0.049999999999999996,0.05,0.019295709749055843,0.20084049182479569,0.026358651553071724,0.00024092519915241427,0.02079411648924547,4.499757177135733e-06,0.7420559631178854,0.031672682006168074,0.08384147461905686,0.0005356645678540867,0.0013533058505774565,0.0001755926655264582,False,,5.0,5.0,1.3,4.3,-0.012916868073128038,0.00769893039082659,0,100,9.782101473969781e-05,9.193109172700317e-05,0,100,True
33,centered_weak,centered_confirmation-002,serial,0.05,-0.4933611177198613,0.049999999999999996,0.05,0.019262398529002835,0.20077255846704484,0.03101692727741878,0.00024092519915241427,0.029044125611708764,4.499757177135733e-06,0.8726901964734075,0.031672682006168074,0.09866600356091597,0.0005356645678540867,0.0019753526970316434,0.0001755926655264582,False,,5.0,5.0,1.45,4.45,0.015462385597445196,-0.008955171241269155,0,100,9.782101473969781e-05,9.193109172700317e-05,0,100,True
33,centered_weak,centered_confirmation-003,serial,0.05,-0.4314512128249486,0.049999999999999996,0.05,0.019252632982203432,0.20073660966969706,0.02712266881623858,0.00024092519915241427,0.02220517825720002,4.499757177135733e-06,0.7667343349645612,0.031672682006168074,0.08627149369295262,0.0005356645678540867,0.0016940020813397978,0.0001755926655264582,False,,5.0,5.0,1.25,4.25,0.013618299844481176,-0.007819270385602498,0,100,9.782101473969781e-05,9.193109172700317e-05,0,100,True
33,centered_weak,centered_confirmation-004,serial,0.05,-0.5204102239457927,0.049999999999999996,0.05,0.019267169951393624,0.20079022391450366,0.03273812144721683,0.00024092519915241427,0.03230240640316929,4.499757177135733e-06,0.9186477617810247,0.031672682006168074,0.10413171012210558,0.0005356645678540867,0.0020177551007549807,0.0001755926655264582,False,,5.0,5.0,1.3,4.3,0.016373040261484808,-0.00945271740373747,0,100,9.782101473969781e-05,9.193109172700317e-05,0,100,True
33,centered_weak,centered_confirmation-005,serial,0.05,-0.5721576212767027,0.049999999999999996,0.05,0.019276823102644766,0.2008253438875416,0.036003315340431156,0.00024092519915241427,0.039069962349615746,4.499757177135733e-06,1.0066219822953222,0.031672682006168074,0.11452183409619442,0.0005356645678540867,0.0023829808456751213,0.0001755926655264582,False,,5.0,5.0,1.5,4.5,0.017891067187108225,-0.010412665696392645,0,100,9.782101473969781e-05,9.193109172700317e-05,0,100,True
33,centered_weak,centered_confirmation-006,serial,0.05,-0.5662041871326249,0.049999999999999996,0.05,0.019275724113900737,0.20082133381897013,0.03562925883679256,0.00024092519915241427,0.038277887472557545,4.499757177135733e-06,0.996154512603092,0.031672682006168074,0.11333494173040118,0.0005356645678540867,0.002547310780600907,0.0001755926655264582,False,,5.0,5.0,1.55,4.55,0.017693679141618436,-0.010312082798680428,0,100,9.782101473969781e-05,9.193109172700317e-05,0,100,True
33,centered_weak,centered_confirmation-007,serial,0.05,-0.5264386179293323,0.049999999999999996,0.05,0.019268263154704156,0.2007942728852298,0.03311948727324481,0.00024092519915241427,0.03305496242226645,4.499757177135733e-06,0.9289207340667722,0.031672682006168074,0.10534428423445845,0.0005356645678540867,0.002039378369766524,0.0001755926655264582,False,,5.0,5.0,1.3,4.3,0.016561094778396315,-0.009563743493072121,0,100,9.782101473969781e-05,9.193109172700317e-05,0,100,True
33,centered_weak,centered_confirmation-000,serial,0.1,0.3541282217646782,0.1,0.10000000000000002,0.026234164944723436,0.23265272187054326,0.02616226094932136,0.000536724149198252,0.01851052519636345,1.2078016776395908e-05,0.7292745388326306,0.02839372821423006,0.08294172667014595,0.0009285007950158359,0.0025528808046010095,0.00045267033465487446,False,,5.0,5.0,1.65,4.65,-0.009874244083137711,0.007468419828658565,0,50,0.0003269839543388269,0.000312698401790961,0,50,True
33,centered_weak,centered_confirmation-001,serial,0.1,0.41565273311775136,0.1,0.10000000000000002,0.025355722470253937,0.2291395263258662,0.030271723272320014,0.000536724149198252,0.025506789442502932,1.2078016776395908e-05,0.8739300198135038,0.02839372821423006,0.09613143939651483,0.0009285007950158359,0.0021077799512659447,0.00045267033465487446,False,,5.0,5.0,1.3,4.3,-0.012026899729342662,0.008541464833930397,0,50,0.0003269839543388269,0.000312698401790961,0,50,True
33,centered_weak,centered_confirmation-002,serial,0.1,-0.4933611177198613,0.1,0.10000000000000002,0.026274752542709643,0.23298587312540303,0.036022755178234826,0.000536724149198252,0.03595688881692435,1.2078016776395908e-05,1.0091970614370962,0.02839372821423006,0.11417877470873279,0.0009285007950158359,0.00331975303701085,0.00045267033465487446,False,,5.0,5.0,1.45,4.45,0.014603188585071366,-0.009676859168571481,0,50,0.0003269839543388269,0.000312698401790961,0,50,True
33,centered_weak,centered_confirmation-003,serial,0.1,-0.4314512128249486,0.1,0.10000000000000002,0.026258830330103462,0.23293604955215902,0.03142401151983894,0.000536724149198252,0.027375084176196527,1.2078016776395908e-05,0.8845820031342168,0.02839372821423006,0.09959069252869866,0.0009285007950158359,0.002870686800715108,0.00045267033465487446,False,,5.0,5.0,1.25,4.25,0.012976824815897745,-0.00844814670644298,0,50,0.0003269839543388269,0.000312698401790961,0,50,True
33,centered_weak,centered_confirmation-004,serial,0.1,-0.5204102239457927,0.1,0.10000000000000002,0.025397340557801774,0.22950193074176206,0.037338713176154385,0.000536724149198252,0.039504630603469926,1.2078016776395908e-05,1.0804916299161573,0.02839372821423006,0.11854618215945059,0.0009285007950158359,0.003399371740975521,0.00045267033465487446,False,,5.0,5.0,1.3,4.3,0.015741611968307298,-0.010043504695296942,0,50,0.0003269839543388269,0.000312698401790961,0,50,True
33,centered_weak,centered_confirmation-005,serial,0.1,-0.5721576212767027,0.1,0.10000000000000002,0.02541287961816978,0.2295497810956656,0.04114100666455976,0.000536724149198252,0.047928911828735786,1.2078016776395908e-05,1.1861956245479246,0.02839372821423006,0.13062340679158294,0.0009285007950158359,0.0037781017421333806,0.00045267033465487446,False,,5.0,5.0,1.5,4.5,0.01706644925060729,-0.011053083737326632,0,50,0.0003269839543388269,0.000312698401790961,0,50,True
33,centered_weak,centered_confirmation-006,serial,0.1,-0.5662041871326249,0.1,0.10000000000000002,0.02629539620238036,0.23304795825381458,0.04142273803646041,0.000536724149198252,0.04742801065741708,1.2078016776395908e-05,1.1538027352866786,0.02839372821423006,0.13129205311677106,0.0009285007950158359,0.003912032170920403,0.00045267033465487446,False,,5.0,5.0,1.55,4.55,0.016619805942802227,-0.011164624108299862,0,50,0.0003269839543388269,0.000312698401790961,0,50,True
33,centered_weak,centered_confirmation-007,serial,0.1,-0.5264386179293323,0.1,0.10000000000000002,0.025399012905072592,0.22950708437324382,0.037775435099943466,0.000536724149198252,0.04042494423165254,1.2078016776395908e-05,1.0926690078553816,0.02839372821423006,0.11993242328857953,0.0009285007950158359,0.003434553308459421,0.00045267033465487446,False,,5.0,5.0,1.3,4.3,0.015919534068136017,-0.010164085166488018,0,50,0.0003269839543388269,0.000312698401790961,0,50,True
33,centered_weak,centered_confirmation-000,serial,0.2,0.3541282217646782,0.19999999999999998,0.2,0.047075177688763944,0.29824877327869487,0.034572596373671036,0.0011831892831116707,0.030862721960719403,0.00014140503993621925,1.0138097080551876,0.08786188915007229,0.10513560113449345,0.0038574174142048537,0.005811613614188773,0.00046444701675707055,False,,5.0,5.0,1.65,4.65,-0.008730050280169639,0.008028407620024408,0,25,-0.0006074042166034286,-0.0005923032576030773,0,25,True
33,centered_weak,centered_confirmation-001,serial,0.2,0.41565273311775136,0.19999999999999998,0.2,0.04486242724712845,0.2903051836838211,0.04007558225067883,0.0011831892831116707,0.04033639079682748,0.00014140503993621925,1.1618848565184365,0.08786188915007229,0.12155948542073179,0.0038574174142048537,0.006101415541876417,0.00046444701675707055,False,,5.0,5.0,1.3,4.3,-0.01111374507792393,0.009415882416149574,0,25,-0.0006074042166034286,-0.0005923032576030773,0,25,True
33,centered_weak,centered_confirmation-002,serial,0.2,-0.4933611177198613,0.19999999999999998,0.2,0.04722880863031228,0.2985940638181683,0.04817512505725456,0.0011831892831116707,0.05951900723407125,0.00014140503993621925,1.3769001375102294,0.08786188915007229,0.14698671760973292,0.0038574174142048537,0.006684719409500487,0.00046444701675707055,False,,5.0,5.0,1.45,4.45,0.01106039200775227,-0.012720222577867448,0,25,-0.0006074042166034286,-0.0005923032576030773,0,25,True
33,centered_weak,centered_confirmation-003,serial,0.2,-0.4314512128249486,0.19999999999999998,0.2,0.04718024942012401,0.2985442060456439,0.041888108553811955,0.0011831892831116707,0.044889158537297365,0.00014140503993621925,1.2096507708691848,0.08786188915007229,0.1277387731305003,0.0038574174142048537,0.005661421202128261,0.00046444701675707055,False,,5.0,5.0,1.25,4.25,0.010080449179335454,-0.01133095017056683,0,25,-0.0006074042166034286,-0.0005923032576030773,0,25,True
33,centered_weak,centered_confirmation-004,serial,0.2,-0.5204102239457927,0.19999999999999998,0.2,0.04500488588758975,0.29068736329682243,0.04945925552274836,0.0011831892831116707,0.060512432188686696,0.00014140503993621925,1.4205101366304649,0.08786188915007229,0.15038333344721064,0.0038574174142048537,0.006877609282556584,0.00046444701675707055,False,,5.0,5.0,1.3,4.3,0.012457777455969671,-0.013203631244878482,0,25,-0.0006074042166034286,-0.0005923032576030773,0,25,True
33,centered_weak,centered_confirmation-005,serial,0.2,-0.5721576212767027,0.19999999999999998,0.2,0.04504645118992622,0.2907244110075685,0.054665582366931,0.0011831892831116707,0.07402772281635872,0.00014140503993621925,1.5578216175698532,0.08786188915007229,0.1662568776101346,0.0038574174142048537,0.0076325446027813324,0.00046444701675707055,False,,5.0,5.0,1.5,4.5,0.01312581215850911,-0.014304644112544687,0,25,-0.0006074042166034286,-0.0005923032576030773,0,25,True
33,centered_weak,centered_confirmation-006,serial,0.2,-0.5662041871326249,0.19999999999999998,0.2,0.04393438381914768,0.289045711915439,0.053495886946818186,0.0011831892831116707,0.07315642534299326,0.00014140503993621925,1.6144639301263584,0.08786188915007229,0.16378957729388233,0.0038574174142048537,0.0075845900167608275,0.00046444701675707055,False,,5.0,5.0,1.55,4.55,0.013149891689940307,-0.013863759611211368,0,25,-0.0006074042166034286,-0.0005923032576030773,0,25,True
33,centered_weak,centered_confirmation-007,serial,0.2,-0.5264386179293323,0.19999999999999998,0.2,0.045008930184297524,0.2906903496729204,0.05003818581285885,0.0011831892831116707,0.06192415581062986,0.00014140503993621925,1.4360100264810813,0.08786188915007229,0.15213728354290584,0.0038574174142048537,0.006962174270812525,0.00046444701675707055,False,,5.0,5.0,1.3,4.3,0.012608586893006184,-0.01335007589438773,0,25,-0.0006074042166034286,-0.0005923032576030773,0,25,True
33,centered_weak,centered_confirmation-000,fixed_cadence,0.0,0.3541282217646782,0.05,0.0,0.016167130531307524,0.1835791310179635,0.020670443111959477,0.0009593077496190337,0.014008328149317448,3.510155855630843e-05,0.619457762577932,0.07592960063497313,0.06548000918109735,0.002964983086793431,0.0018423015402393409,7.46443190824575e-05,False,,5.0,5.0,1.65,4.65,-0.01193154983351715,0.005611526955961711,0,101,-0.0003604386759806448,-0.00036059013374324254,0,101,True
33,centered_weak,centered_confirmation-001,fixed_cadence,0.0,0.41565273311775136,0.05,0.0,0.016185899478838306,0.18366125614086465,0.02432210238278301,0.0009593077496190337,0.01952868320252556,3.510155855630843e-05,0.7188936582593132,0.07592960063497313,0.07711364890723661,0.002964983086793431,0.001449932936211186,7.46443190824575e-05,False,,5.0,5.0,1.3,4.3,-0.014012035058240968,0.0066194849326343674,0,101,-0.0003604386759806448,-0.00036059013374324254,0,101,True
33,centered_weak,centered_confirmation-002,fixed_cadence,0.0,-0.4933611177198613,0.05,0.0,0.016120069684416073,0.18333540798879588,0.028283067630746082,0.0009593077496190337,0.02621460788217744,3.510155855630843e-05,0.8307709804562736,0.07592960063497313,0.08969163634429596,0.002964983086793431,0.0016466257132927032,7.46443190824575e-05,False,,5.0,5.0,1.45,4.45,0.015765005460579316,-0.008666469130694585,0,101,-0.0003604386759806448,-0.00036059013374324254,0,101,True
33,centered_weak,centered_confirmation-003,fixed_cadence,0.0,-0.4314512128249486,0.05,0.0,0.01611305103658488,0.1833120422539706,0.024727774780521156,0.0009593077496190337,0.019932324829731674,3.510155855630843e-05,0.7314004263667274,0.07592960063497313,0.07836995743181543,0.002964983086793431,0.001357850705198483,7.46443190824575e-05,False,,5.0,5.0,1.25,4.25,0.013817826023895665,-0.00762228783628144,0,101,-0.0003604386759806448,-0.00036059013374324254,0,101,True
33,centered_weak,centered_confirmation-004,fixed_cadence,0.0,-0.5204102239457927,0.05,0.0,0.016123302251218972,0.1833480341823579,0.029852710308156078,0.0009593077496190337,0.029092208135907398,3.510155855630843e-05,0.8701629823831726,0.07592960063497313,0.0946418457044149,0.002964983086793431,0.001649665375041156,7.46443190824575e-05,False,,5.0,5.0,1.3,4.3,0.016710536851186675,-0.009122421374751255,0,101,-0.0003604386759806448,-0.00036059013374324254,0,101,True
33,centered_weak,centered_confirmation-005,fixed_cadence,0.0,-0.5721576212767027,0.05,0.0,0.01613075459133542,0.18337389710032373,0.032859119879071585,0.0009593077496190337,0.03538072576478534,3.510155855630843e-05,0.9532646721986938,0.07592960063497313,0.10421223034124269,0.002964983086793431,0.0020582481443032164,7.46443190824575e-05,False,,5.0,5.0,1.5,4.5,0.018317365570564192,-0.010005588900713985,0,101,-0.0003604386759806448,-0.00036059013374324254,0,101,True
33,centered_weak,centered_confirmation-006,fixed_cadence,0.0,-0.5662041871326249,0.05,0.0,0.016130055989454686,0.18337120426677964,0.032534294744496886,0.0009593077496190337,0.03471534809095256,3.510155855630843e-05,0.9444372615603615,0.07592960063497313,0.10318829288905947,0.002964983086793431,0.002252330754681568,7.46443190824575e-05,False,,5.0,5.0,1.55,4.55,0.018112542218167705,-0.009913644444952529,0,101,-0.0003604386759806448,-0.00036059013374324254,0,101,True
33,centered_weak,centered_confirmation-007,fixed_cadence,0.0,-0.5264386179293323,0.05,0.0,0.016124101624088186,0.18335092818936174,0.030201665386397646,0.0009593077496190337,0.029775400667513458,3.510155855630843e-05,0.8795032537368942,0.07592960063497313,0.09574866340762103,0.002964983086793431,0.0016695969589289358,7.46443190824575e-05,False,,5.0,5.0,1.3,4.3,0.01690782785286419,-0.009224366201089521,0,101,-0.0003604386759806448,-0.00036059013374324254,0,101,True
33,centered_weak,centered_confirmation-000,fixed_cadence,0.05,0.3541282217646782,0.049999999999999996,0.05,0.019278583915455873,0.20078590553552317,0.022459605427763887,0.00024092519915241427,0.015066405310065428,4.499757177135733e-06,0.634853060681629,0.031672682006168074,0.07144039392671878,0.0005356645678540867,0.00196662192350149,0.0001755926655264582,False,,5.0,5.0,1.65,4.65,-0.010922602457187944,0.006598453901117867,0,100,9.782101473969781e-05,9.193109172700317e-05,0,100,True
33,centered_weak,centered_confirmation-001,fixed_cadence,0.05,0.41565273311775136,0.049999999999999996,0.05,0.019295709749055843,0.20084049182479569,0.026358651553071724,0.00024092519915241427,0.02079411648924547,4.499757177135733e-06,0.7420559631178854,0.031672682006168074,0.08384147461905686,0.0005356645678540867,0.0013533058505774565,0.0001755926655264582,False,,5.0,5.0,1.3,4.3,-0.012916868073128038,0.00769893039082659,0,100,9.782101473969781e-05,9.193109172700317e-05,0,100,True
33,centered_weak,centered_confirmation-002,fixed_cadence,0.05,-0.4933611177198613,0.049999999999999996,0.05,0.019262398529002835,0.20077255846704484,0.03101692727741878,0.00024092519915241427,0.029044125611708764,4.499757177135733e-06,0.8726901964734075,0.031672682006168074,0.09866600356091597,0.0005356645678540867,0.0019753526970316434,0.0001755926655264582,False,,5.0,5.0,1.45,4.45,0.015462385597445196,-0.008955171241269155,0,100,9.782101473969781e-05,9.193109172700317e-05,0,100,True
33,centered_weak,centered_confirmation-003,fixed_cadence,0.05,-0.4314512128249486,0.049999999999999996,0.05,0.019252632982203432,0.20073660966969706,0.02712266881623858,0.00024092519915241427,0.02220517825720002,4.499757177135733e-06,0.7667343349645612,0.031672682006168074,0.08627149369295262,0.0005356645678540867,0.0016940020813397978,0.0001755926655264582,False,,5.0,5.0,1.25,4.25,0.013618299844481176,-0.007819270385602498,0,100,9.782101473969781e-05,9.193109172700317e-05,0,100,True
33,centered_weak,centered_confirmation-004,fixed_cadence,0.05,-0.5204102239457927,0.049999999999999996,0.05,0.019267169951393624,0.20079022391450366,0.03273812144721683,0.00024092519915241427,0.03230240640316929,4.499757177135733e-06,0.9186477617810247,0.031672682006168074,0.10413171012210558,0.0005356645678540867,0.0020177551007549807,0.0001755926655264582,False,,5.0,5.0,1.3,4.3,0.016373040261484808,-0.00945271740373747,0,100,9.782101473969781e-05,9.193109172700317e-05,0,100,True
33,centered_weak,centered_confirmation-005,fixed_cadence,0.05,-0.5721576212767027,0.049999999999999996,0.05,0.019276823102644766,0.2008253438875416,0.036003315340431156,0.00024092519915241427,0.039069962349615746,4.499757177135733e-06,1.0066219822953222,0.031672682006168074,0.11452183409619442,0.0005356645678540867,0.0023829808456751213,0.0001755926655264582,False,,5.0,5.0,1.5,4.5,0.017891067187108225,-0.010412665696392645,0,100,9.782101473969781e-05,9.193109172700317e-05,0,100,True
33,centered_weak,centered_confirmation-006,fixed_cadence,0.05,-0.5662041871326249,0.049999999999999996,0.05,0.019275724113900737,0.20082133381897013,0.03562925883679256,0.00024092519915241427,0.038277887472557545,4.499757177135733e-06,0.996154512603092,0.031672682006168074,0.11333494173040118,0.0005356645678540867,0.002547310780600907,0.0001755926655264582,False,,5.0,5.0,1.55,4.55,0.017693679141618436,-0.010312082798680428,0,100,9.782101473969781e-05,9.193109172700317e-05,0,100,True
33,centered_weak,centered_confirmation-007,fixed_cadence,0.05,-0.5264386179293323,0.049999999999999996,0.05,0.019268263154704156,0.2007942728852298,0.03311948727324481,0.00024092519915241427,0.03305496242226645,4.499757177135733e-06,0.9289207340667722,0.031672682006168074,0.10534428423445845,0.0005356645678540867,0.002039378369766524,0.0001755926655264582,False,,5.0,5.0,1.3,4.3,0.016561094778396315,-0.009563743493072121,0,100,9.782101473969781e-05,9.193109172700317e-05,0,100,True
33,centered_weak,centered_confirmation-000,fixed_cadence,0.1,0.3541282217646782,0.05,0.1,0.02312971790124001,0.21936852271525167,0.0246365426777216,0.0004938972778877483,0.016096561694465588,7.453063473120268e-06,0.6975788796359655,0.04383789245430202,0.07830674503458424,0.0008014705406252752,0.0022743839501153627,0.00045525599047361096,False,,5.0,5.0,1.65,4.65,-0.010057908326493694,0.007452797861320469,0,99,0.0003295421301255682,0.00031503980006428905,0,99,True
33,centered_weak,centered_confirmation-001,fixed_cadence,0.1,0.41565273311775136,0.05,0.1,0.023142358341899878,0.21938674837216407,0.02894083010797904,0.0004938972778877483,0.022309504418948935,7.453063473120268e-06,0.8152494752818701,0.04383789245430202,0.09199017211133166,0.0008014705406252752,0.0012444830407114848,0.00045525599047361096,False,,5.0,5.0,1.3,4.3,-0.011934512138472988,0.008649165760968748,0,99,0.0003295421301255682,0.00031503980006428905,0,99,True
33,centered_weak,centered_confirmation-002,fixed_cadence,0.1,-0.4933611177198613,0.05,0.1,0.02315957444175725,0.21966898108056782,0.03384789312466744,0.0004938972778877483,0.031156383068122635,7.453063473120268e-06,0.9539755234533903,0.04383789245430202,0.10761715808096062,0.0008014705406252752,0.0023571043101330708,0.00045525599047361096,False,,5.0,5.0,1.45,4.45,0.014773445173991725,-0.009629821652240262,0,99,0.0003295421301255682,0.00031503980006428905,0,99,True
33,centered_weak,centered_confirmation-003,fixed_cadence,0.1,-0.4314512128249486,0.05,0.1,0.023146983010977458,0.2196169625236803,0.029557631116307315,0.0004938972778877483,0.023760590489575437,7.453063473120268e-06,0.8392643729263899,0.04383789245430202,0.0939582518034877,0.0008014705406252752,0.0020606223937577562,0.00045525599047361096,False,,5.0,5.0,1.25,4.25,0.01304687798757653,-0.008375191332198856,0,99,0.0003295421301255682,0.00031503980006428905,0,99,True
33,centered_weak,centered_confirmation-004,fixed_cadence,0.1,-0.5204102239457927,0.05,0.1,0.023165230600477815,0.21969177419473887,0.03571018569160933,0.0004938972778877483,0.03459325532486388,7.453063473120268e-06,1.0035335818344708,0.04383789245430202,0.1135283748671073,0.0008014705406252752,0.002405690611136644,0.00045525599047361096,False,,5.0,5.0,1.3,4.3,0.01563244403143029,-0.010172681182048367,0,99,0.0003295421301255682,0.00031503980006428905,0,99,True
33,centered_weak,centered_confirmation-005,fixed_cadence,0.1,-0.5721576212767027,0.05,0.1,0.0231773923941553,0.21974014096251512,0.039312700072345594,0.0004938972778877483,0.041920985426780355,7.453063473120268e-06,1.0985975140744801,0.04383789245430202,0.12499583225817983,0.0008014705406252752,0.0027984594806573673,0.00045525599047361096,False,,5.0,5.0,1.5,4.5,0.01705455646653275,-0.011235495000522042,0,99,0.0003295421301255682,0.00031503980006428905,0,99,True
33,centered_weak,centered_confirmation-006,fixed_cadence,0.1,-0.5662041871326249,0.05,0.1,0.02317610028726157,0.21973501088954195,0.038909991484256945,0.0004938972778877483,0.041086326649910895,7.453063473120268e-06,1.087340506356394,0.04383789245430202,0.12371815268202656,0.0008014705406252752,0.002969127435127709,0.00045525599047361096,False,,5.0,5.0,1.55,4.55,0.016871174208713573,-0.011126503008396403,0,99,0.0003295421301255682,0.00031503980006428905,0,99,True
33,centered_weak,centered_confirmation-007,fixed_cadence,0.1,-0.5264386179293323,0.05,0.1,0.023166560709820233,0.21969711663331803,0.0361275841926784,0.0004938972778877483,0.035399356049948136,7.453063473120268e-06,1.0146263787562009,0.04383789245430202,0.114855575902878,0.0008014705406252752,0.0024288383796270264,0.00045525599047361096,False,,5.0,5.0,1.3,4.3,0.015809080533577012,-0.010294780879576365,0,99,0.0003295421301255682,0.00031503980006428905,0,99,True
33,centered_weak,centered_confirmation-000,fixed_cadence,0.2,0.3541282217646782,0.049999999999999996,0.19999999999999998,0.031149126928010917,0.2592902600829601,0.028214461111997317,0.0007762518072003259,0.019796519192542467,7.798525763114574e-05,0.8549497020696248,0.08162324552284136,0.09158615322989697,0.0025347693046349,0.0024032110231942605,0.0004422093192007476,False,,5.0,5.0,1.65,4.65,-0.009594488728191419,0.00806729477465668,0,97,-0.0005597744391818494,-0.0005474183221116783,0,97,True
33,centered_weak,centered_confirmation-001,fixed_cadence,0.2,0.41565273311775136,0.049999999999999996,0.19999999999999998,0.031151747478426788,0.2592718546441187,0.03321861960604214,0.0007762518072003259,0.027440514848669956,7.798525763114574e-05,0.9921709192250814,0.08162324552284136,0.10783656636393481,0.0025347693046349,0.0016569737841267138,0.0004422093192007476,False,,5.0,5.0,1.3,4.3,-0.011146867673244043,0.009483470374752782,0,97,-0.0005597744391818494,-0.0005474183221116783,0,97,True
33,centered_weak,centered_confirmation-002,fixed_cadence,0.2,-0.4933611177198613,0.049999999999999996,0.19999999999999998,0.03133113490177206,0.25974198782399566,0.03949903609174816,0.0007762518072003259,0.03771080449501027,7.798525763114574e-05,1.155639712259635,0.08162324552284136,0.12817906716658872,0.0025347693046349,0.002030337414696724,0.0004422093192007476,False,,5.0,5.0,1.45,4.45,0.011902610000822978,-0.012564245715942496,0,97,-0.0005597744391818494,-0.0005474183221116783,0,97,True
33,centered_weak,centered_confirmation-003,fixed_cadence,0.2,-0.4314512128249486,0.049999999999999996,0.19999999999999998,0.031305352775884636,0.2596874455275926,0.03450208798167385,0.0007762518072003259,0.0287189200481798,7.798525763114574e-05,1.0195374419246759,0.08162324552284136,0.1119591412941227,0.0025347693046349,0.0009864322460189359,0.0004422093192007476,False,,5.0,5.0,1.25,4.25,0.01037242298260732,-0.011024959511921523,0,97,-0.0005597744391818494,-0.0005474183221116783,0,97,True
33,centered_weak,centered_confirmation-004,fixed_cadence,0.2,-0.5204102239457927,0.049999999999999996,0.19999999999999998,0.03134019964456214,0.25975711458937567,0.041642734604186236,0.0007762518072003259,0.041803708772442584,7.798525763114574e-05,1.214148302123412,0.08162324552284136,0.1351107468143714,0.0025347693046349,0.0013638120917831517,0.0004422093192007476,False,,5.0,5.0,1.3,4.3,0.012604794439528421,-0.013197419225146573,0,97,-0.0005597744391818494,-0.0005474183221116783,0,97,True
33,centered_weak,centered_confirmation-005,fixed_cadence,0.2,-0.5721576212767027,0.049999999999999996,0.19999999999999998,0.03136260935758487,0.2598048198356828,0.04584243787912705,0.0007762518072003259,0.0506888943897792,7.798525763114574e-05,1.3260708120916929,0.08162324552284136,0.14872960281164987,0.0025347693046349,0.002774555064020164,0.0004422093192007476,False,,5.0,5.0,1.5,4.5,0.013888986196968985,-0.014505546111260006,0,97,-0.0005597744391818494,-0.0005474183221116783,0,97,True
33,centered_weak,centered_confirmation-006,fixed_cadence,0.2,-0.5662041871326249,0.049999999999999996,0.19999999999999998,0.03136014174237452,0.25979986775315433,0.04537970985077584,0.0007762518072003259,0.04968214878068452,7.798525763114574e-05,1.312865477547511,0.08162324552284136,0.14723185503648017,0.0025347693046349,0.00320618102900752,0.0004422093192007476,False,,5.0,5.0,1.55,4.55,0.013748576094065143,-0.014377471980691447,0,97,-0.0005597744391818494,-0.0005474183221116783,0,97,True
33,centered_weak,centered_confirmation-007,fixed_cadence,0.2,-0.5264386179293323,0.049999999999999996,0.19999999999999998,0.03134259801335225,0.25976189369355274,0.04212687093516112,0.0007762518072003259,0.042774861397837566,7.798525763114574e-05,1.2272191909407224,0.08162324552284136,0.13667918094614154,0.0025347693046349,0.0013824406511135036,0.0004422093192007476,False,,5.0,5.0,1.3,4.3,0.012756796528253988,-0.01334443752464801,0,97,-0.0005597744391818494,-0.0005474183221116783,0,97,True
33,centered_strong,centered_confirmation-000,serial,0.0,0.3541282217646782,0.05,0.0,0.016827685636090307,0.18592640073433056,0.020935422988603385,0.00036361212306922536,0.013358833371918009,3.292067252497046e-05,0.5882683745858572,0.05790639438604332,0.06596342446109378,0.0011442781600790528,0.0020450146228879152,6.18011836112127e-05,False,,5.0,5.0,1.65,4.65,-0.011444969541082605,0.00613671147337342,0,101,-3.769627834342356e-05,-3.592584473320334e-05,0,101,True
33,centered_strong,centered_confirmation-001,serial,0.0,0.41565273311775136,0.05,0.0,0.016844248476495845,0.18599450422257374,0.024472067761974883,0.00036361212306922536,0.0182423965257663,3.292067252497046e-05,0.6801490462658308,0.05790639438604332,0.07710768547634388,0.0011442781600790528,0.0014028565217514826,6.18011836112127e-05,False,,5.0,5.0,1.3,4.3,-0.013456710121283752,0.007158112196549682,0,101,-3.769627834342356e-05,-3.592584473320334e-05,0,101,True
33,centered_strong,centered_confirmation-002,serial,0.0,-0.4933611177198613,0.05,0.0,0.0167908591200533,0.18572587624511838,0.029089600049773484,0.00036361212306922536,0.025520613799656987,3.292067252497046e-05,0.7967001549241446,0.05790639438604332,0.0916456114819476,0.0011442781600790528,0.001742447520254416,6.18011836112127e-05,False,,5.0,5.0,1.45,4.45,0.01581223879878737,-0.008622285644244023,0,101,-3.769627834342356e-05,-3.592584473320334e-05,0,101,True
33,centered_strong,centered_confirmation-003,serial,0.0,-0.4314512128249486,0.05,0.0,0.016783169499316856,0.1857005997589964,0.025518404743751843,0.00036361212306922536,0.019645460097154233,3.292067252497046e-05,0.7047960884210966,0.05790639438604332,0.08039545897068617,0.0011442781600790528,0.001333085758982502,6.18011836112127e-05,False,,5.0,5.0,1.25,4.25,0.013882952862729803,-0.007530646364587878,0,101,-3.769627834342356e-05,-3.592584473320334e-05,0,101,True
33,centered_strong,centered_confirmation-004,serial,0.0,-0.5204102239457927,0.05,0.0,0.01679512231627985,0.185740889009397,0.030747476434062768,0.00036361212306922536,0.028490391722166164,3.292067252497046e-05,0.838299950146427,0.05790639438604332,0.09686289619392097,0.0011442781600790528,0.0016215077512156898,6.18011836112127e-05,False,,5.0,5.0,1.3,4.3,0.016724451565494312,-0.009083628506790922,0,101,-3.769627834342356e-05,-3.592584473320334e-05,0,101,True
33,centered_strong,centered_confirmation-005,serial,0.0,-0.5721576212767027,0.05,0.0,0.016802876821950138,0.18576706358601802,0.033729772232548944,0.00036361212306922536,0.03427982279580334,3.292067252497046e-05,0.9145819745299719,0.05790639438604332,0.10625673178881895,0.0011442781600790528,0.0022411820716317647,6.18011836112127e-05,False,,5.0,5.0,1.5,4.5,0.018327519418051018,-0.010012075791685912,0,101,-3.769627834342356e-05,-3.592584473320334e-05,0,101,True
33,centered_strong,centered_confirmation-006,serial,0.0,-0.5662041871326249,0.05,0.0,0.016801852075773935,0.1857633388345098,0.03336475987262727,0.00036361212306922536,0.03355417793084443,3.292067252497046e-05,0.9051822102901839,0.05790639438604332,0.105110085788742,0.0011442781600790528,0.002502332162544455,6.18011836112127e-05,False,,5.0,5.0,1.55,4.55,0.01813534677897908,-0.009920598800727631,0,101,-3.769627834342356e-05,-3.592584473320334e-05,0,101,True
33,centered_strong,centered_confirmation-007,serial,0.0,-0.5264386179293323,0.05,0.0,0.016796033542038926,0.1857440475572727,0.031103631387043227,0.00036361212306922536,0.02915181356965272,3.292067252497046e-05,0.8473622030851744,0.05790639438604332,0.09798427823330086,0.0011442781600790528,0.0016408882098540762,6.18011836112127e-05,False,,5.0,5.0,1.3,4.3,0.01691802994286038,-0.009189021115627062,0,101,-3.769627834342356e-05,-3.592584473320334e-05,0,101,True
33,centered_strong,centered_confirmation-000,serial,0.05,0.3541282217646782,0.049999999999999996,0.05,0.019900444390457406,0.20272820094505054,0.02265964467122265,0.0009549488123005034,0.014347544309806908,5.455876953300561e-05,0.6554870312362024,0.07454522003224581,0.07162533636133929,0.002992194379215356,0.0021789676181537244,0.00019241995522719432,False,,5.0,5.0,1.65,4.65,-0.010416264345286499,0.007150685740122781,0,100,0.00044472527003465965,0.00044091211477033533,0,100,True
33,centered_strong,centered_confirmation-001,serial,0.05,0.41565273311775136,0.049999999999999996,0.05,0.019915519403859796,0.20277164765286584,0.026471311780798402,0.0009549488123005034,0.01941718103919424,5.455876953300561e-05,0.7541433354168245,0.07454522003224581,0.08365107712587902,0.002992194379215356,0.001256471223207065,0.00019241995522719432,False,,5.0,5.0,1.3,4.3,-0.012338252996442926,0.008264067365069227,0,100,0.00044472527003465965,0.00044091211477033533,0,100,True
33,centered_strong,centered_confirmation-002,serial,0.05,-0.4933611177198613,0.049999999999999996,0.05,0.01989479212539602,0.20275505365972105,0.031804137671166424,0.0009549488123005034,0.028277850565069828,5.455876953300561e-05,0.8895392720847437,0.07454522003224581,0.10053331225035225,0.002992194379215356,0.001992762910090963,0.00019241995522719432,False,,5.0,5.0,1.45,4.45,0.015531277398230422,-0.008896413313452955,0,100,0.00044472527003465965,0.00044091211477033533,0,100,True
33,centered_strong,centered_confirmation-003,serial,0.05,-0.4314512128249486,0.049999999999999996,0.05,0.019884510064902838,0.20271781212641896,0.02786573764029978,0.0009549488123005034,0.021859071186215502,5.455876953300561e-05,0.7900201161651919,0.07454522003224581,0.08809513345060727,0.002992194379215356,0.001633211478610281,0.00019241995522719432,False,,5.0,5.0,1.25,4.25,0.013702615464689125,-0.007710475579732025,0,100,0.00044472527003465965,0.00044091211477033533,0,100,True
33,centered_strong,centered_confirmation-004,serial,0.05,-0.5204102239457927,0.049999999999999996,0.05,0.019900401960598064,0.20277438483929897,0.033578482612380105,0.0009549488123005034,0.03159296540493392,5.455876953300561e-05,0.936603360369713,0.07454522003224581,0.10615737544451427,0.002992194379215356,0.0019353418624910494,0.00019241995522719432,False,,5.0,5.0,1.3,4.3,0.01640546631312548,-0.009399186062098849,0,100,0.00044472527003465965,0.00044091211477033533,0,100,True
33,centered_strong,centered_confirmation-005,serial,0.05,-0.5721576212767027,0.049999999999999996,0.05,0.019910061515014926,0.2028089485309463,0.0368444143443763,0.0009549488123005034,0.037845897086062834,5.455876953300561e-05,1.0182270412593195,0.07454522003224581,0.11646716765169104,0.002992194379215356,0.0024761251631205392,0.00019241995522719432,False,,5.0,5.0,1.5,4.5,0.017923078241409648,-0.010406752374435337,0,100,0.00044472527003465965,0.00044091211477033533,0,100,True
33,centered_strong,centered_confirmation-006,serial,0.05,-0.5662041871326249,0.049999999999999996,0.05,0.019908524217927166,0.20280361936789973,0.03643594639499856,0.0009549488123005034,0.03699920920871399,5.455876953300561e-05,1.0072764386682818,0.07454522003224581,0.11517446080515925,0.002992194379215356,0.0027092245894343977,0.00019241995522719432,False,,5.0,5.0,1.55,4.55,0.017739384363057005,-0.010306482214045096,0,100,0.00044472527003465965,0.00044091211477033533,0,100,True
33,centered_strong,centered_confirmation-007,serial,0.05,-0.5264386179293323,0.049999999999999996,0.05,0.019901591602367142,0.2027786077195032,0.033965789842547535,0.0009549488123005034,0.032319507846489695,5.455876953300561e-05,0.9465477247982332,0.07454522003224581,0.10738200241331385,0.002992194379215356,0.0019557513859162125,0.00019241995522719432,False,,5.0,5.0,1.3,4.3,0.016589725504280915,-0.009513797213859563,0,100,0.00044472527003465965,0.00044091211477033533,0,100,True
33,centered_strong,centered_confirmation-000,serial,0.1,0.3541282217646782,0.1,0.10000000000000002,0.02675159306937018,0.23416631800423446,0.026217057149866694,0.0011053129116089233,0.017469076069299344,4.0433473149565945e-05,0.7225419777291255,0.04981080171041057,0.08284764170664097,0.0032037014411871777,0.0027199720624905954,0.00047900120082568893,False,,5.0,5.0,1.65,4.65,-0.00933679578661006,0.008074341191628536,0,50,0.0007156989181132954,0.0007044475298305191,0,50,True
33,centered_strong,centered_confirmation-001,serial,0.1,0.41565273311775136,0.1,0.10000000000000002,0.02586215173460507,0.2306299737941035,0.03018462428912633,0.0011053129116089233,0.023529627859141387,4.0433473149565945e-05,0.8515806692498165,0.04981080171041057,0.0954769151527003,0.0032037014411871777,0.001815988054168867,0.00047900120082568893,False,,5.0,5.0,1.3,4.3,-0.011390707025518832,0.009147371799869816,0,50,0.0007156989181132954,0.0007044475298305191,0,50,True
33,centered_strong,centered_confirmation-002,serial,0.1,-0.4933611177198613,0.1,0.10000000000000002,0.026787407890439742,0.2345117932407789,0.03674498193567682,0.0011053129116089233,0.034760181468171225,4.0433473149565945e-05,0.9955705898659664,0.04981080171041057,0.11608151201088215,0.0032037014411871777,0.0030955072503186716,0.00047900120082568893,False,,5.0,5.0,1.45,4.45,0.014696806167969294,-0.009590928803685988,0,50,0.0007156989181132954,0.0007044475298305191,0,50,True
33,centered_strong,centered_confirmation-003,serial,0.1,-0.4314512128249486,0.1,0.10000000000000002,0.0267728672212634,0.23446224786556027,0.03211726180653281,0.0011053129116089233,0.026802778623634865,4.0433473149565945e-05,0.8790126639264064,0.04981080171041057,0.10149498361918423,0.0032037014411871777,0.0027090889387116806,0.00047900120082568893,False,,5.0,5.0,1.25,4.25,0.013075012957462856,-0.008302778493644553,0,50,0.0007156989181132954,0.0007044475298305191,0,50,True
33,centered_strong,centered_confirmation-004,serial,0.1,-0.5204102239457927,0.1,0.10000000000000002,0.025901695542828878,0.2310085343953934,0.03810754919222104,0.0011053129116089233,0.0384483162795288,4.0433473149565945e-05,1.066958402361198,0.04981080171041057,0.12061314502605519,0.0032037014411871777,0.003159662721603111,0.00047900120082568893,False,,5.0,5.0,1.3,4.3,0.015786347409495898,-0.009954869302348925,0,50,0.0007156989181132954,0.0007044475298305191,0,50,True
33,centered_strong,centered_confirmation-005,serial,0.1,-0.5721576212767027,0.1,0.10000000000000002,0.025915416622522294,0.2310543137609835,0.04188631825895077,0.0011053129116089233,0.046128642060602534,4.0433473149565945e-05,1.1647944348710018,0.04981080171041057,0.1325333457071023,0.0032037014411871777,0.003574687849478841,0.00047900120082568893,False,,5.0,5.0,1.5,4.5,0.01712737033308465,-0.011022798472736576,0,50,0.0007156989181132954,0.0007044475298305191,0,50,True
33,centered_strong,centered_confirmation-006,serial,0.1,-0.5662041871326249,0.1,0.10000000000000002,0.026806091760315353,0.23457336492335812,0.0421248649581761,0.0011053129116089233,0.04547798326168658,4.0433473149565945e-05,1.131878477598949,0.04981080171041057,0.13307399526980085,0.0032037014411871777,0.003791576285981234,0.00047900120082568893,False,,5.0,5.0,1.55,4.55,0.016700212156185692,-0.011140105398490826,0,50,0.0007156989181132954,0.0007044475298305191,0,50,True
33,centered_strong,centered_confirmation-007,serial,0.1,-0.5264386179293323,0.1,0.10000000000000002,0.025903289281046075,0.2310139339596155,0.03854824804513083,0.0011053129116089233,0.039331781646594684,4.0433473149565945e-05,1.0786682936208682,0.04981080171041057,0.12200859802407718,0.0032037014411871777,0.0031912765670324065,0.00047900120082568893,False,,5.0,5.0,1.3,4.3,0.015960065146693774,-0.010079196523458473,0,50,0.0007156989181132954,0.0007044475298305191,0,50,True
33,centered_strong,centered_confirmation-000,serial,0.2,0.3541282217646782,0.19999999999999998,0.2,0.04698177207345138,0.2990907665261703,0.0342750206762497,0.0006017822011548455,0.028577172729745668,3.6486048006955266e-05,0.9210142965406032,0.040431088486299,0.10477830224553557,0.0013356382192230931,0.005263307797200176,0.0004236640970586188,False,,5.0,5.0,1.65,4.65,-0.00831388446472653,0.008622623433187676,0,25,-0.000270225731358604,-0.0002521210479836341,0,25,True
33,centered_strong,centered_confirmation-001,serial,0.2,0.41565273311775136,0.19999999999999998,0.2,0.04479749659900473,0.2913281509250929,0.03956433292599191,0.0006017822011548455,0.03643021012657378,3.6486048006955266e-05,1.0499903845578284,0.040431088486299,0.12047816951367198,0.0013356382192230931,0.0052195372645016435,0.0004236640970586188,False,,5.0,5.0,1.3,4.3,-0.010476561514363374,0.009964273994176695,0,25,-0.000270225731358604,-0.0002521210479836341,0,25,True
33,centered_strong,centered_confirmation-002,serial,0.2,-0.4933611177198613,0.19999999999999998,0.2,0.04706450078387058,0.29944529075216725,0.04852162771778478,0.0006017822011548455,0.05610850018967628,3.6486048006955266e-05,1.2761548633664699,0.040431088486299,0.1487413841365643,0.0013356382192230931,0.005596865170298217,0.0004236640970586188,False,,5.0,5.0,1.45,4.45,0.011076142760291025,-0.012737758486754722,0,25,-0.000270225731358604,-0.0002521210479836341,0,25,True
33,centered_strong,centered_confirmation-003,serial,0.2,-0.4314512128249486,0.19999999999999998,0.2,0.047028202740136936,0.29939657711735645,0.04224870866583344,0.0006017822011548455,0.042826032408995074,3.6486048006955266e-05,1.1188154953509422,0.040431088486299,0.1296017227281323,0.0013356382192230931,0.0048254596296134,0.0004236640970586188,False,,5.0,5.0,1.25,4.25,0.010035397978796892,-0.011250592431562343,0,25,-0.000270225731358604,-0.0002521210479836341,0,25,True
33,centered_strong,centered_confirmation-004,serial,0.2,-0.5204102239457927,0.19999999999999998,0.2,0.044873662203970544,0.2916841196097376,0.04984205864656382,0.0006017822011548455,0.05747513518549935,3.6486048006955266e-05,1.313623199889049,0.040431088486299,0.1524085706600186,0.0013356382192230931,0.005803815313729836,0.0004236640970586188,False,,5.0,5.0,1.3,4.3,0.01235737216688626,-0.013191797843201097,0,25,-0.000270225731358604,-0.0002521210479836341,0,25,True
33,centered_strong,centered_confirmation-005,serial,0.2,-0.5721576212767027,0.19999999999999998,0.2,0.044904362271173545,0.29171604544250673,0.05497655279340183,0.0006017822011548455,0.06952436027609944,3.6486048006955266e-05,1.4399811725109668,0.040431088486299,0.16798798394166592,0.0013356382192230931,0.006473198199047799,0.0004236640970586188,False,,5.0,5.0,1.5,4.5,0.0131315880737447,-0.014396242885487612,0,25,-0.000270225731358604,-0.0002521210479836341,0,25,True
33,centered_strong,centered_confirmation-006,serial,0.2,-0.5662041871326249,0.19999999999999998,0.2,0.043783859830096014,0.29003758323595813,0.05375817068881188,0.0006017822011548455,0.06859455584815036,3.6486048006955266e-05,1.497798329868898,0.040431088486299,0.16534705743973302,0.0013356382192230931,0.006561586199905699,0.0004236640970586188,False,,5.0,5.0,1.55,4.55,0.013204565020575449,-0.013959521293180227,0,25,-0.000270225731358604,-0.0002521210479836341,0,25,True
33,centered_strong,centered_confirmation-007,serial,0.2,-0.5264386179293323,0.19999999999999998,0.2,0.04487678845015491,0.29168671753658865,0.05041970929226281,0.0006017822011548455,0.05880227885064052,3.6486048006955266e-05,1.3283014397114368,0.040431088486299,0.15416832510078893,0.0013356382192230931,0.0058753066113177805,0.0004236640970586188,False,,5.0,5.0,1.3,4.3,0.012502799304499556,-0.013342398229277621,0,25,-0.000270225731358604,-0.0002521210479836341,0,25,True
33,centered_strong,centered_confirmation-000,fixed_cadence,0.0,0.3541282217646782,0.05,0.0,0.016827685636090307,0.18592640073433056,0.020935422988603385,0.00036361212306922536,0.013358833371918009,3.292067252497046e-05,0.5882683745858572,0.05790639438604332,0.06596342446109378,0.0011442781600790528,0.0020450146228879152,6.18011836112127e-05,False,,5.0,5.0,1.65,4.65,-0.011444969541082605,0.00613671147337342,0,101,-3.769627834342356e-05,-3.592584473320334e-05,0,101,True
33,centered_strong,centered_confirmation-001,fixed_cadence,0.0,0.41565273311775136,0.05,0.0,0.016844248476495845,0.18599450422257374,0.024472067761974883,0.00036361212306922536,0.0182423965257663,3.292067252497046e-05,0.6801490462658308,0.05790639438604332,0.07710768547634388,0.0011442781600790528,0.0014028565217514826,6.18011836112127e-05,False,,5.0,5.0,1.3,4.3,-0.013456710121283752,0.007158112196549682,0,101,-3.769627834342356e-05,-3.592584473320334e-05,0,101,True
33,centered_strong,centered_confirmation-002,fixed_cadence,0.0,-0.4933611177198613,0.05,0.0,0.0167908591200533,0.18572587624511838,0.029089600049773484,0.00036361212306922536,0.025520613799656987,3.292067252497046e-05,0.7967001549241446,0.05790639438604332,0.0916456114819476,0.0011442781600790528,0.001742447520254416,6.18011836112127e-05,False,,5.0,5.0,1.45,4.45,0.01581223879878737,-0.008622285644244023,0,101,-3.769627834342356e-05,-3.592584473320334e-05,0,101,True
33,centered_strong,centered_confirmation-003,fixed_cadence,0.0,-0.4314512128249486,0.05,0.0,0.016783169499316856,0.1857005997589964,0.025518404743751843,0.00036361212306922536,0.019645460097154233,3.292067252497046e-05,0.7047960884210966,0.05790639438604332,0.08039545897068617,0.0011442781600790528,0.001333085758982502,6.18011836112127e-05,False,,5.0,5.0,1.25,4.25,0.013882952862729803,-0.007530646364587878,0,101,-3.769627834342356e-05,-3.592584473320334e-05,0,101,True
33,centered_strong,centered_confirmation-004,fixed_cadence,0.0,-0.5204102239457927,0.05,0.0,0.01679512231627985,0.185740889009397,0.030747476434062768,0.00036361212306922536,0.028490391722166164,3.292067252497046e-05,0.838299950146427,0.05790639438604332,0.09686289619392097,0.0011442781600790528,0.0016215077512156898,6.18011836112127e-05,False,,5.0,5.0,1.3,4.3,0.016724451565494312,-0.009083628506790922,0,101,-3.769627834342356e-05,-3.592584473320334e-05,0,101,True
33,centered_strong,centered_confirmation-005,fixed_cadence,0.0,-0.5721576212767027,0.05,0.0,0.016802876821950138,0.18576706358601802,0.033729772232548944,0.00036361212306922536,0.03427982279580334,3.292067252497046e-05,0.9145819745299719,0.05790639438604332,0.10625673178881895,0.0011442781600790528,0.0022411820716317647,6.18011836112127e-05,False,,5.0,5.0,1.5,4.5,0.018327519418051018,-0.010012075791685912,0,101,-3.769627834342356e-05,-3.592584473320334e-05,0,101,True
33,centered_strong,centered_confirmation-006,fixed_cadence,0.0,-0.5662041871326249,0.05,0.0,0.016801852075773935,0.1857633388345098,0.03336475987262727,0.00036361212306922536,0.03355417793084443,3.292067252497046e-05,0.9051822102901839,0.05790639438604332,0.105110085788742,0.0011442781600790528,0.002502332162544455,6.18011836112127e-05,False,,5.0,5.0,1.55,4.55,0.01813534677897908,-0.009920598800727631,0,101,-3.769627834342356e-05,-3.592584473320334e-05,0,101,True
33,centered_strong,centered_confirmation-007,fixed_cadence,0.0,-0.5264386179293323,0.05,0.0,0.016796033542038926,0.1857440475572727,0.031103631387043227,0.00036361212306922536,0.02915181356965272,3.292067252497046e-05,0.8473622030851744,0.05790639438604332,0.09798427823330086,0.0011442781600790528,0.0016408882098540762,6.18011836112127e-05,False,,5.0,5.0,1.3,4.3,0.01691802994286038,-0.009189021115627062,0,101,-3.769627834342356e-05,-3.592584473320334e-05,0,101,True
33,centered_strong,centered_confirmation-000,fixed_cadence,0.05,0.3541282217646782,0.049999999999999996,0.05,0.019900444390457406,0.20272820094505054,0.02265964467122265,0.0009549488123005034,0.014347544309806908,5.455876953300561e-05,0.6554870312362024,0.07454522003224581,0.07162533636133929,0.002992194379215356,0.0021789676181537244,0.00019241995522719432,False,,5.0,5.0,1.65,4.65,-0.010416264345286499,0.007150685740122781,0,100,0.00044472527003465965,0.00044091211477033533,0,100,True
33,centered_strong,centered_confirmation-001,fixed_cadence,0.05,0.41565273311775136,0.049999999999999996,0.05,0.019915519403859796,0.20277164765286584,0.026471311780798402,0.0009549488123005034,0.01941718103919424,5.455876953300561e-05,0.7541433354168245,0.07454522003224581,0.08365107712587902,0.002992194379215356,0.001256471223207065,0.00019241995522719432,False,,5.0,5.0,1.3,4.3,-0.012338252996442926,0.008264067365069227,0,100,0.00044472527003465965,0.00044091211477033533,0,100,True
33,centered_strong,centered_confirmation-002,fixed_cadence,0.05,-0.4933611177198613,0.049999999999999996,0.05,0.01989479212539602,0.20275505365972105,0.031804137671166424,0.0009549488123005034,0.028277850565069828,5.455876953300561e-05,0.8895392720847437,0.07454522003224581,0.10053331225035225,0.002992194379215356,0.001992762910090963,0.00019241995522719432,False,,5.0,5.0,1.45,4.45,0.015531277398230422,-0.008896413313452955,0,100,0.00044472527003465965,0.00044091211477033533,0,100,True
33,centered_strong,centered_confirmation-003,fixed_cadence,0.05,-0.4314512128249486,0.049999999999999996,0.05,0.019884510064902838,0.20271781212641896,0.02786573764029978,0.0009549488123005034,0.021859071186215502,5.455876953300561e-05,0.7900201161651919,0.07454522003224581,0.08809513345060727,0.002992194379215356,0.001633211478610281,0.00019241995522719432,False,,5.0,5.0,1.25,4.25,0.013702615464689125,-0.007710475579732025,0,100,0.00044472527003465965,0.00044091211477033533,0,100,True
33,centered_strong,centered_confirmation-004,fixed_cadence,0.05,-0.5204102239457927,0.049999999999999996,0.05,0.019900401960598064,0.20277438483929897,0.033578482612380105,0.0009549488123005034,0.03159296540493392,5.455876953300561e-05,0.936603360369713,0.07454522003224581,0.10615737544451427,0.002992194379215356,0.0019353418624910494,0.00019241995522719432,False,,5.0,5.0,1.3,4.3,0.01640546631312548,-0.009399186062098849,0,100,0.00044472527003465965,0.00044091211477033533,0,100,True
33,centered_strong,centered_confirmation-005,fixed_cadence,0.05,-0.5721576212767027,0.049999999999999996,0.05,0.019910061515014926,0.2028089485309463,0.0368444143443763,0.0009549488123005034,0.037845897086062834,5.455876953300561e-05,1.0182270412593195,0.07454522003224581,0.11646716765169104,0.002992194379215356,0.0024761251631205392,0.00019241995522719432,False,,5.0,5.0,1.5,4.5,0.017923078241409648,-0.010406752374435337,0,100,0.00044472527003465965,0.00044091211477033533,0,100,True
33,centered_strong,centered_confirmation-006,fixed_cadence,0.05,-0.5662041871326249,0.049999999999999996,0.05,0.019908524217927166,0.20280361936789973,0.03643594639499856,0.0009549488123005034,0.03699920920871399,5.455876953300561e-05,1.0072764386682818,0.07454522003224581,0.11517446080515925,0.002992194379215356,0.0027092245894343977,0.00019241995522719432,False,,5.0,5.0,1.55,4.55,0.017739384363057005,-0.010306482214045096,0,100,0.00044472527003465965,0.00044091211477033533,0,100,True
33,centered_strong,centered_confirmation-007,fixed_cadence,0.05,-0.5264386179293323,0.049999999999999996,0.05,0.019901591602367142,0.2027786077195032,0.033965789842547535,0.0009549488123005034,0.032319507846489695,5.455876953300561e-05,0.9465477247982332,0.07454522003224581,0.10738200241331385,0.002992194379215356,0.0019557513859162125,0.00019241995522719432,False,,5.0,5.0,1.3,4.3,0.016589725504280915,-0.009513797213859563,0,100,0.00044472527003465965,0.00044091211477033533,0,100,True
33,centered_strong,centered_confirmation-000,fixed_cadence,0.1,0.3541282217646782,0.05,0.1,0.023724217446271,0.22103621081705507,0.024765587364397,0.0009407551180616965,0.015260214569237705,3.421336588410945e-05,0.691176635191292,0.060633477732986656,0.07832630760086103,0.002643211536718519,0.002510040301132929,0.0004689500287551156,False,,5.0,5.0,1.65,4.65,-0.00956526775197045,0.008002544175210059,0,99,0.0006680588768337564,0.0006556243606098429,0,99,True
33,centered_strong,centered_confirmation-001,fixed_cadence,0.1,0.41565273311775136,0.05,0.1,0.023735366244875513,0.2210491590777438,0.029019153798098298,0.0009407551180616965,0.02080444737569782,3.421336588410945e-05,0.8002681480501597,0.060633477732986656,0.09174128935622866,0.002643211536718519,0.0011302763670092341,0.0004689500287551156,False,,5.0,5.0,1.3,4.3,-0.011365735757210413,0.009212607708744644,0,99,0.0006680588768337564,0.0006556243606098429,0,99,True
33,centered_strong,centered_confirmation-002,fixed_cadence,0.1,-0.4933611177198613,0.05,0.1,0.02375954475128572,0.2213446786486417,0.03456911762195599,0.0009407551180616965,0.03021511234809253,3.421336588410945e-05,0.9436646671746676,0.060633477732986656,0.10934620759975919,0.002643211536718519,0.002319375548861186,0.0004689500287551156,False,,5.0,5.0,1.45,4.45,0.01483333665593608,-0.009594544925890128,0,99,0.0006680588768337564,0.0006556243606098429,0,99,True
33,centered_strong,centered_confirmation-003,fixed_cadence,0.1,-0.4314512128249486,0.05,0.1,0.02374714704143837,0.2212955307575694,0.030211123028672526,0.0009407551180616965,0.023259370173222393,3.421336588410945e-05,0.8349679233287279,0.060633477732986656,0.09557259235009864,0.002643211536718519,0.0019552524825042247,0.0004689500287551156,False,,5.0,5.0,1.25,4.25,0.013118118938944181,-0.008286529911132165,0,99,0.0006680588768337564,0.0006556243606098429,0,99,True
33,centered_strong,centered_confirmation-004,fixed_cadence,0.1,-0.5204102239457927,0.05,0.1,0.023765622804925314,0.22136849548846427,0.03645782795732414,0.0009407551180616965,0.033675957440790265,3.421336588410945e-05,0.9935617642258112,0.060633477732986656,0.11534082607951106,0.002643211536718519,0.0022691416995305586,0.0004689500287551156,False,,5.0,5.0,1.3,4.3,0.015651848127088384,-0.010142672951073139,0,99,0.0006680588768337564,0.0006556243606098429,0,99,True
33,centered_strong,centered_confirmation-005,fixed_cadence,0.1,-0.5721576212767027,0.05,0.1,0.023777103407828445,0.2214127341462553,0.040082740825363256,0.0009407551180616965,0.040470541334082566,3.421336588410945e-05,1.082770508692116,0.060633477732986656,0.12679373328140658,0.002643211536718519,0.002831055435125198,0.0004689500287551156,False,,5.0,5.0,1.5,4.5,0.01707819081558927,-0.011255888749867465,0,99,0.0006680588768337564,0.0006556243606098429,0,99,True
33,centered_strong,centered_confirmation-006,fixed_cadence,0.1,-0.5662041871326249,0.05,0.1,0.02377549339234715,0.22140663390934456,0.03965149977885092,0.0009407551180616965,0.039588674685541315,3.421336588410945e-05,1.0710588665460055,0.060633477732986656,0.125426956045757,0.002643211536718519,0.0030663356642993875,0.0004689500287551156,False,,5.0,5.0,1.55,4.55,0.016909361404321036,-0.01114682004405315,0,99,0.0006680588768337564,0.0006556243606098429,0,99,True
33,centered_strong,centered_confirmation-007,fixed_cadence,0.1,-0.5264386179293323,0.05,0.1,0.023766959726883665,0.22137369088792458,0.03688031888196376,0.0009407551180616965,0.03445175823702252,3.421336588410945e-05,1.0042994664762919,0.060633477732986656,0.1166780576447704,0.002643211536718519,0.0022905142983529357,0.0004689500287551156,False,,5.0,5.0,1.3,4.3,0.015824606415769896,-0.010268567103758727,0,99,0.0006680588768337564,0.0006556243606098429,0,99,True
33,centered_strong,centered_confirmation-000,fixed_cadence,0.2,0.3541282217646782,0.049999999999999996,0.19999999999999998,0.03178430111354384,0.2604483989749344,0.028338624466013106,0.00043189132869168547,0.018699098522628972,2.4390542031932784e-05,0.8004789914343238,0.0531106929633498,0.09155884070374304,0.000673682835340681,0.0025031430914140905,0.00044242031619223045,False,,5.0,5.0,1.65,4.65,-0.009210293780003048,0.008513401013031831,0,97,-0.0003283514109592223,-0.00031530421054770175,0,97,True
33,centered_strong,centered_confirmation-001,fixed_cadence,0.2,0.41565273311775136,0.049999999999999996,0.19999999999999998,0.03178477929473419,0.26042854617799754,0.033382418928414336,0.00043189132869168547,0.025752256760461882,2.4390542031932784e-05,0.9311510551128268,0.0531106929633498,0.10779769089373792,0.000673682835340681,0.001592924608451885,0.00044242031619223045,False,,5.0,5.0,1.3,4.3,-0.010696593525741557,0.00995285927231276,0,97,-0.0003283514109592223,-0.00031530421054770175,0,97,True
33,centered_strong,centered_confirmation-002,fixed_cadence,0.2,-0.4933611177198613,0.049999999999999996,0.19999999999999998,0.03195608810114001,0.2608647607288134,0.04005914314258574,0.00043189132869168547,0.03606851301287792,2.4390542031932784e-05,1.0942627231929183,0.0531106929633498,0.12930198091607273,0.000673682835340681,0.0023500948010025946,0.00044242031619223045,False,,5.0,5.0,1.45,4.45,0.011853033450510045,-0.012666804506006202,0,97,-0.0003283514109592223,-0.00031530421054770175,0,97,True
33,centered_strong,centered_confirmation-003,fixed_cadence,0.2,-0.4314512128249486,0.049999999999999996,0.19999999999999998,0.031933263099427824,0.2608155753112908,0.034968049063115104,0.00043189132869168547,0.02758410296972613,2.4390542031932784e-05,0.9642010855827212,0.0531106929633498,0.11290801810724367,0.000673682835340681,0.001047718460748738,0.00044242031619223045,False,,5.0,5.0,1.25,4.25,0.01033576518025591,-0.011072939254131676,0,97,-0.0003283514109592223,-0.00031530421054770175,0,97,True
33,centered_strong,centered_confirmation-004,fixed_cadence,0.2,-0.5204102239457927,0.049999999999999996,0.19999999999999998,0.031963949920646474,0.2608781078578593,0.04219827702030285,0.00043189132869168547,0.0400696793236815,2.4390542031932784e-05,1.1519290249202132,0.0531106929633498,0.1362137806398925,0.000673682835340681,0.0015050385664101618,0.00044242031619223045,False,,5.0,5.0,1.3,4.3,0.012515825738276979,-0.01331046792802045,0,97,-0.0003283514109592223,-0.00031530421054770175,0,97,True
33,centered_strong,centered_confirmation-005,fixed_cadence,0.2,-0.5721576212767027,0.049999999999999996,0.19999999999999998,0.031983171575049964,0.26091999076166694,0.04645794975071726,0.00043189132869168547,0.04839807573167009,2.4390542031932784e-05,1.2588131542656302,0.0531106929633498,0.14991942004418918,0.000673682835340681,0.0031512261366894944,0.00044242031619223045,False,,5.0,5.0,1.5,4.5,0.013799974096085568,-0.01466744344918744,0,97,-0.0003283514109592223,-0.00031530421054770175,0,97,True
33,centered_strong,centered_confirmation-006,fixed_cadence,0.2,-0.5662041871326249,0.049999999999999996,0.19999999999999998,0.03198088315417189,0.260915130246668,0.0459831056931852,0.00043189132869168547,0.04739208900805732,2.4390542031932784e-05,1.245602585688579,0.0531106929633498,0.148385053507699,0.000673682835340681,0.0035810423499980162,0.00044242031619223045,False,,5.0,5.0,1.55,4.55,0.013671686460341947,-0.014536601672874882,0,97,-0.0003283514109592223,-0.00031530421054770175,0,97,True
33,centered_strong,centered_confirmation-007,fixed_cadence,0.2,-0.5264386179293323,0.049999999999999996,0.19999999999999998,0.03196601640171454,0.2608822972652952,0.04268691194888212,0.00043189132869168547,0.0409969031648365,2.4390542031932784e-05,1.1645832027647376,0.0531106929633498,0.13778866212160054,0.000673682835340681,0.0015236577848379172,0.00044242031619223045,False,,5.0,5.0,1.3,4.3,0.012663871196176549,-0.01346173557609839,0,97,-0.0003283514109592223,-0.00031530421054770175,0,97,True
33,alternative_matched,centered_confirmation-000,serial,0.0,0.3541282217646782,0.05,0.0,0.01607859933295994,0.18329345822603724,0.02039931678219169,0.0011905211744544742,0.013903358835637591,0.00012922883765314588,0.6354883335173327,0.09474046748282489,0.0647150894522825,0.003913761343674395,0.001805108415088238,4.827631840685802e-05,False,,5.0,5.0,1.65,4.65,-0.011291319912652415,0.006266026441779406,0,101,0.0002754430860477261,0.00027842500884772003,0,101,True
33,alternative_matched,centered_confirmation-001,serial,0.0,0.41565273311775136,0.05,0.0,0.01609303542246969,0.1833547128950548,0.023686579680306023,0.0011905211744544742,0.018586339492198435,0.00012922883765314588,0.723969193512221,0.09474046748282489,0.0751498611903519,0.003913761343674395,0.0013541388886408982,4.827631840685802e-05,False,,5.0,5.0,1.3,4.3,-0.013364352321605127,0.007274930688128971,0,101,0.0002754430860477261,0.00027842500884772003,0,101,True
33,alternative_matched,centered_confirmation-002,serial,0.0,-0.4933611177198613,0.05,0.0,0.01603281453532961,0.1830557758880193,0.028691864748949355,0.0011905211744544742,0.027042189632071213,0.00012922883765314588,0.8529381103456217,0.09474046748282489,0.09102886128519357,0.003913761343674395,0.0016058237179566994,4.827631840685802e-05,False,,5.0,5.0,1.45,4.45,0.016390225069244462,-0.008049046337816976,0,101,0.0002754430860477261,0.00027842500884772003,0,101,True
33,alternative_matched,centered_confirmation-003,serial,0.0,-0.4314512128249486,0.05,0.0,0.01602674944457781,0.18303350109504748,0.02525171047492806,0.0011905211744544742,0.02106347297476924,0.00012922883765314588,0.7614658049881655,0.09474046748282489,0.0801199583011247,0.003913761343674395,0.0013256812574420113,4.827631840685802e-05,False,,5.0,5.0,1.25,4.25,0.014438956381400187,-0.0070011099011669815,0,101,0.0002754430860477261,0.00027842500884772003,0,101,True
33,alternative_matched,centered_confirmation-004,serial,0.0,-0.5204102239457927,0.05,0.0,0.016036822298053716,0.18307023751513893,0.030358570860114172,0.0011905211744544742,0.030340257059832954,0.00012922883765314588,0.8980977184713084,0.09474046748282489,0.096335027932927,0.003913761343674395,0.0016032326290057073,4.827631840685802e-05,False,,5.0,5.0,1.3,4.3,0.017330229246635992,-0.008505310993369129,0,101,0.0002754430860477261,0.00027842500884772003,0,101,True
33,alternative_matched,centered_confirmation-005,serial,0.0,-0.5721576212767027,0.05,0.0,0.01604285755064477,0.18309253983024606,0.033199031263608715,0.0011905211744544742,0.036145210845627385,0.00012922883765314588,0.9733884803593356,0.09474046748282489,0.10533736904518348,0.003913761343674395,0.002007577023668245,4.827631840685802e-05,False,,5.0,5.0,1.5,4.5,0.018942797707040864,-0.009391546481374736,0,101,0.0002754430860477261,0.00027842500884772003,0,101,True
33,alternative_matched,centered_confirmation-006,serial,0.0,-0.5662041871326249,0.05,0.0,0.01604180216470257,0.1830885258149062,0.03281379146586222,0.0011905211744544742,0.03530554615690741,0.00012922883765314588,0.9631384558618266,0.09474046748282489,0.10411289257617605,0.003913761343674395,0.0022001863235374744,4.827631840685802e-05,False,,5.0,5.0,1.55,4.55,0.01873964794131096,-0.00929929937976761,0,101,0.0002754430860477261,0.00027842500884772003,0,101,True
33,alternative_matched,centered_confirmation-007,serial,0.0,-0.5264386179293323,0.05,0.0,0.016037610631483998,0.18307314114699832,0.0307065262796603,0.0011905211744544742,0.031035844766411445,0.00012922883765314588,0.9074069954097468,0.09474046748282489,0.09743985086544621,0.003913761343674395,0.0016222462617191038,4.827631840685802e-05,False,,5.0,5.0,1.3,4.3,0.017527339199205,-0.008607494850922031,0,101,0.0002754430860477261,0.00027842500884772003,0,101,True
33,alternative_matched,centered_confirmation-000,serial,0.05,0.3541282217646782,0.049999999999999996,0.05,0.019169710764646117,0.20052486992638555,0.022195471997002576,0.0018507801863970918,0.015024484277396251,0.00019007762632552598,0.7171057201666313,0.12355186415142597,0.0705203272486977,0.005807201711578985,0.0019175978347609555,0.0002030361243903907,False,,5.0,5.0,1.65,4.65,-0.01029405935404188,0.007242007656330138,0,100,0.0007223329812537964,0.0007197619119557172,0,100,True
33,alternative_matched,centered_confirmation-001,serial,0.05,0.41565273311775136,0.049999999999999996,0.05,0.01918257446383262,0.2005632027086159,0.025782764542369316,0.0018507801863970918,0.019924659440004773,0.00019007762632552598,0.8122371174139458,0.12355186415142597,0.08191473244993558,0.005807201711578985,0.0012480720658522885,0.0002030361243903907,False,,5.0,5.0,1.3,4.3,-0.0122817736744631,0.008343788843359993,0,100,0.0007223329812537964,0.0007197619119557172,0,100,True
33,alternative_matched,centered_confirmation-002,serial,0.05,-0.4933611177198613,0.049999999999999996,0.05,0.019160273629178014,0.20053623100434187,0.03148810184883072,0.0018507801863970918,0.03003066794998563,0.00019007762632552598,0.961186554257341,0.12355186415142597,0.10011586981951057,0.005807201711578985,0.0019188266296015493,0.0002030361243903907,False,,5.0,5.0,1.45,4.45,0.016071774747992686,-0.00835552256791917,0,100,0.0007223329812537964,0.0007197619119557172,0,100,True
33,alternative_matched,centered_confirmation-003,serial,0.05,-0.4314512128249486,0.049999999999999996,0.05,0.019151153386390417,0.20050096553624408,0.027658639866241813,0.0018507801863970918,0.023461843709096045,0.00019007762632552598,0.859948214117952,0.12355186415142597,0.0879584687676771,0.005807201711578985,0.0016501454042737761,0.0002030361243903907,False,,5.0,5.0,1.25,4.25,0.014224360448146992,-0.007214762431442574,0,100,0.0007223329812537964,0.0007197619119557172,0,100,True
33,alternative_matched,centered_confirmation-004,serial,0.05,-0.5204102239457927,0.049999999999999996,0.05,0.019165782240568644,0.2005560527092853,0.033263567758733965,0.0018507801863970918,0.033694952709983815,0.00019007762632552598,1.0108518637461144,0.12355186415142597,0.10582133122287359,0.005807201711578985,0.0019570867106024716,0.0002030361243903907,False,,5.0,5.0,1.3,4.3,0.016976466898645095,-0.008853947755410738,0,100,0.0007223329812537964,0.0007197619119557172,0,100,True
33,alternative_matched,centered_confirmation-005,serial,0.05,-0.5721576212767027,0.049999999999999996,0.05,0.01917406757016191,0.20058760280537558,0.036408450374247635,0.0018507801863970918,0.04000570860025815,0.00019007762632552598,1.0932028330606895,0.12355186415142597,0.11579453148810662,0.005807201711578985,0.0023121914025605143,0.0002030361243903907,False,,5.0,5.0,1.5,4.5,0.018499480125333003,-0.00981772844482692,0,100,0.0007223329812537964,0.0007197619119557172,0,100,True
33,alternative_matched,centered_confirmation-006,serial,0.05,-0.5662041871326249,0.049999999999999996,0.05,0.019172423696515922,0.20058158041109772,0.03598167341523233,0.0018507801863970918,0.03903771396781183,0.00019007762632552598,1.081418659512468,0.12355186415142597,0.11442671201591056,0.005807201711578985,0.002473576800061434,0.0002030361243903907,False,,5.0,5.0,1.55,4.55,0.018303786714399986,-0.009716523838545373,0,100,0.0007223329812537964,0.0007197619119557172,0,100,True
33,alternative_matched,centered_confirmation-007,serial,0.05,-0.5264386179293323,0.049999999999999996,0.05,0.019166867047382657,0.2005601008304218,0.033643411106640375,0.0018507801863970918,0.03446054780697478,0.00019007762632552598,1.021095331732698,0.12355186415142597,0.10703249321168501,0.005807201711578985,0.001977634374281117,0.0002030361243903907,False,,5.0,5.0,1.3,4.3,0.017164272007371122,-0.008965331753517719,0,100,0.0007223329812537964,0.0007197619119557172,0,100,True
33,alternative_matched,centered_confirmation-000,serial,0.1,0.3541282217646782,0.1,0.10000000000000002,0.026036770184588477,0.23232429148514602,0.02579229623244233,0.002008208412012226,0.01840645327891432,0.00017442686344293473,0.7952397475128746,0.10418196861797338,0.08180839855011575,0.006144370632708561,0.0024502125263165158,0.0004968297344145784,False,,5.0,5.0,1.65,4.65,-0.00920872625751604,0.00816069941782925,0,50,0.000994053363369808,0.0009844334966240048,0,50,True
33,alternative_matched,centered_confirmation-001,serial,0.1,0.41565273311775136,0.1,0.10000000000000002,0.025160960884282355,0.2288063718079597,0.029517487519835014,0.002008208412012226,0.024235461708612894,0.00017442686344293473,0.9212112212663269,0.10418196861797338,0.093720552784181,0.006144370632708561,0.0019159679414318185,0.0004968297344145784,False,,5.0,5.0,1.3,4.3,-0.011348974824381965,0.009234549921066952,0,50,0.000994053363369808,0.0009844334966240048,0,50,True
33,alternative_matched,centered_confirmation-002,serial,0.1,-0.4933611177198613,0.1,0.10000000000000002,0.026084926874740712,0.23269540543997372,0.03657745373161913,0.002008208412012226,0.03712549307368626,0.00017442686344293473,1.0778478318935014,0.10418196861797338,0.11603049249611337,0.006144370632708561,0.0032006109501045554,0.0004968297344145784,False,,5.0,5.0,1.45,4.45,0.015248090654181349,-0.009051327519434677,0,50,0.000994053363369808,0.0009844334966240048,0,50,True
33,alternative_matched,centered_confirmation-003,serial,0.1,-0.4314512128249486,0.1,0.10000000000000002,0.02607080627306776,0.23264998091657327,0.032048297508335925,0.002008208412012226,0.028946571590671325,0.00017442686344293473,0.960646473813591,0.10418196861797338,0.10168853995375174,0.006144370632708561,0.0027861228597295183,0.0004968297344145784,False,,5.0,5.0,1.25,4.25,0.013614487900899756,-0.00781337672983184,0,50,0.000994053363369808,0.0009844334966240048,0,50,True
33,alternative_matched,centered_confirmation-004,serial,0.1,-0.5204102239457927,0.1,0.10000000000000002,0.025215145748520535,0.22921852426677652,0.037955821322979325,0.002008208412012226,0.04124858938859556,0.00017442686344293473,1.1575452396755792,0.10418196861797338,0.12067110455875119,0.006144370632708561,0.003283184443769324,0.0004968297344145784,False,,5.0,5.0,1.3,4.3,0.016374623655842652,-0.009418783403173587,0,50,0.000994053363369808,0.0009844334966240048,0,50,True
33,alternative_matched,centered_confirmation-005,serial,0.1,-0.5721576212767027,0.1,0.10000000000000002,0.025227936539439572,0.2292587911608463,0.041615094349442015,0.002008208412012226,0.04902110426894054,0.00017442686344293473,1.2562219956999399,0.10418196861797338,0.13225343170726564,0.006144370632708561,0.0036294331170741946,0.0004968297344145784,False,,5.0,5.0,1.5,4.5,0.017709490537213192,-0.010436170220394711,0,50,0.000994053363369808,0.0009844334966240048,0,50,True
33,alternative_matched,centered_confirmation-006,serial,0.1,-0.5662041871326249,0.1,0.10000000000000002,0.026103388439075233,0.23275330883690512,0.041823218785489634,0.002008208412012226,0.048244982057018236,0.00017442686344293473,1.2172037894015886,0.10418196861797338,0.13268756325387338,0.006144370632708561,0.00375332937879278,0.0004968297344145784,False,,5.0,5.0,1.55,4.55,0.01726657624499689,-0.010546990404199538,0,50,0.000994053363369808,0.0009844334966240048,0,50,True
33,alternative_matched,centered_confirmation-007,serial,0.1,-0.5264386179293323,0.1,0.10000000000000002,0.025216789706561653,0.22922384426294748,0.03839044800230798,0.002008208412012226,0.04218519912194585,0.00017442686344293473,1.1696744868641473,0.10418196861797338,0.12205572478278846,0.006144370632708561,0.003316283321688904,0.0004968297344145784,False,,5.0,5.0,1.3,4.3,0.01655201378421675,-0.009540028279074197,0,50,0.000994053363369808,0.0009844334966240048,0,50,True
33,alternative_matched,centered_confirmation-000,serial,0.2,0.3541282217646782,0.19999999999999998,0.2,0.046527809224716894,0.2979152845708461,0.03388779278282457,0.0016141209197528537,0.030540311143870548,0.00010438036710118279,0.9988483128482737,0.08313526337689531,0.10369596592942434,0.004468429339285457,0.005415840917720246,0.00037545757384502173,False,,5.0,5.0,1.65,4.65,-0.00808234572080257,0.008757493366293462,0,25,7.856130930302446e-05,0.0001007579655973012,0,25,True
33,alternative_matched,centered_confirmation-001,serial,0.2,0.41565273311775136,0.19999999999999998,0.2,0.04433139659477306,0.28988295858971985,0.0388703727640911,0.0016141209197528537,0.03781754348855775,0.00010438036710118279,1.1265379091138281,0.08313526337689531,0.11820562911598125,0.004468429339285457,0.005566449875579268,0.00037545757384502173,False,,5.0,5.0,1.3,4.3,-0.01043230652478817,0.010138162063761265,0,25,7.856130930302446e-05,0.0001007579655973012,0,25,True
33,alternative_matched,centered_confirmation-002,serial,0.2,-0.4933611177198613,0.19999999999999998,0.2,0.04662258335931546,0.29830858810538036,0.048787347680518414,0.0016141209197528537,0.060962515186537794,0.00010438036710118279,1.3780076888734736,0.08313526337689531,0.14961063905368632,0.004468429339285457,0.006307133164090446,0.00037545757384502173,False,,5.0,5.0,1.45,4.45,0.01171685770484326,-0.012141620519769716,0,25,7.856130930302446e-05,0.0001007579655973012,0,25,True
33,alternative_matched,centered_confirmation-003,serial,0.2,-0.4314512128249486,0.19999999999999998,0.2,0.0465867769174136,0.2982625599409081,0.04256655004501938,0.0016141209197528537,0.047170960755230244,0.00010438036710118279,1.2185817671353258,0.08313526337689531,0.13072983916113248,0.004468429339285457,0.005361651998548011,0.00037545757384502173,False,,5.0,5.0,1.25,4.25,0.010706139508212793,-0.010722202220088217,0,25,7.856130930302446e-05,0.0001007579655973012,0,25,True
33,alternative_matched,centered_confirmation-004,serial,0.2,-0.5204102239457927,0.19999999999999998,0.2,0.04442192729336147,0.29031395845096764,0.05012674782061626,0.0016141209197528537,0.06293462849185394,0.00010438036710118279,1.4193747465843596,0.08313526337689531,0.15336736703815335,0.004468429339285457,0.0064935943888307784,0.00037545757384502173,False,,5.0,5.0,1.3,4.3,0.013078551891769158,-0.012619590411819362,0,25,7.856130930302446e-05,0.0001007579655973012,0,25,True
33,alternative_matched,centered_confirmation-005,serial,0.2,-0.5721576212767027,0.19999999999999998,0.2,0.044451333978830415,0.29034601181766473,0.05515012285284491,0.0016141209197528537,0.07516816241806436,0.00010438036710118279,1.54375341659135,0.08313526337689531,0.16844734633535138,0.004468429339285457,0.007168718096684789,0.00037545757384502173,False,,5.0,5.0,1.5,4.5,0.01378349006506322,-0.013748252176563124,0,25,7.856130930302446e-05,0.0001007579655973012,0,25,True
33,alternative_matched,centered_confirmation-006,serial,0.2,-0.5662041871326249,0.19999999999999998,0.2,0.04334169774492931,0.2886805057450332,0.05388802850316151,0.0016141209197528537,0.07391310081076673,0.00010438036710118279,1.601727241032783,0.08313526337689531,0.16563504653682,0.004468429339285457,0.007104841268446177,0.00037545757384502173,False,,5.0,5.0,1.55,4.55,0.01381698638531087,-0.013304316349976628,0,25,7.856130930302446e-05,0.0001007579655973012,0,25,True
33,alternative_matched,centered_confirmation-007,serial,0.2,-0.5264386179293323,0.19999999999999998,0.2,0.044425346514396724,0.2903170823891843,0.05070149459169639,0.0016141209197528537,0.06436870083508356,0.00010438036710118279,1.4347599906260409,0.08313526337689531,0.15511913852033402,0.004468429339285457,0.006571896125261996,0.00037545757384502173,False,,5.0,5.0,1.3,4.3,0.013228240761483897,-0.012767699094385682,0,25,7.856130930302446e-05,0.0001007579655973012,0,25,True
33,alternative_matched,centered_confirmation-000,fixed_cadence,0.0,0.3541282217646782,0.05,0.0,0.01607859933295994,0.18329345822603724,0.02039931678219169,0.0011905211744544742,0.013903358835637591,0.00012922883765314588,0.6354883335173327,0.09474046748282489,0.0647150894522825,0.003913761343674395,0.001805108415088238,4.827631840685802e-05,False,,5.0,5.0,1.65,4.65,-0.011291319912652415,0.006266026441779406,0,101,0.0002754430860477261,0.00027842500884772003,0,101,True
33,alternative_matched,centered_confirmation-001,fixed_cadence,0.0,0.41565273311775136,0.05,0.0,0.01609303542246969,0.1833547128950548,0.023686579680306023,0.0011905211744544742,0.018586339492198435,0.00012922883765314588,0.723969193512221,0.09474046748282489,0.0751498611903519,0.003913761343674395,0.0013541388886408982,4.827631840685802e-05,False,,5.0,5.0,1.3,4.3,-0.013364352321605127,0.007274930688128971,0,101,0.0002754430860477261,0.00027842500884772003,0,101,True
33,alternative_matched,centered_confirmation-002,fixed_cadence,0.0,-0.4933611177198613,0.05,0.0,0.01603281453532961,0.1830557758880193,0.028691864748949355,0.0011905211744544742,0.027042189632071213,0.00012922883765314588,0.8529381103456217,0.09474046748282489,0.09102886128519357,0.003913761343674395,0.0016058237179566994,4.827631840685802e-05,False,,5.0,5.0,1.45,4.45,0.016390225069244462,-0.008049046337816976,0,101,0.0002754430860477261,0.00027842500884772003,0,101,True
33,alternative_matched,centered_confirmation-003,fixed_cadence,0.0,-0.4314512128249486,0.05,0.0,0.01602674944457781,0.18303350109504748,0.02525171047492806,0.0011905211744544742,0.02106347297476924,0.00012922883765314588,0.7614658049881655,0.09474046748282489,0.0801199583011247,0.003913761343674395,0.0013256812574420113,4.827631840685802e-05,False,,5.0,5.0,1.25,4.25,0.014438956381400187,-0.0070011099011669815,0,101,0.0002754430860477261,0.00027842500884772003,0,101,True
33,alternative_matched,centered_confirmation-004,fixed_cadence,0.0,-0.5204102239457927,0.05,0.0,0.016036822298053716,0.18307023751513893,0.030358570860114172,0.0011905211744544742,0.030340257059832954,0.00012922883765314588,0.8980977184713084,0.09474046748282489,0.096335027932927,0.003913761343674395,0.0016032326290057073,4.827631840685802e-05,False,,5.0,5.0,1.3,4.3,0.017330229246635992,-0.008505310993369129,0,101,0.0002754430860477261,0.00027842500884772003,0,101,True
33,alternative_matched,centered_confirmation-005,fixed_cadence,0.0,-0.5721576212767027,0.05,0.0,0.01604285755064477,0.18309253983024606,0.033199031263608715,0.0011905211744544742,0.036145210845627385,0.00012922883765314588,0.9733884803593356,0.09474046748282489,0.10533736904518348,0.003913761343674395,0.002007577023668245,4.827631840685802e-05,False,,5.0,5.0,1.5,4.5,0.018942797707040864,-0.009391546481374736,0,101,0.0002754430860477261,0.00027842500884772003,0,101,True
33,alternative_matched,centered_confirmation-006,fixed_cadence,0.0,-0.5662041871326249,0.05,0.0,0.01604180216470257,0.1830885258149062,0.03281379146586222,0.0011905211744544742,0.03530554615690741,0.00012922883765314588,0.9631384558618266,0.09474046748282489,0.10411289257617605,0.003913761343674395,0.0022001863235374744,4.827631840685802e-05,False,,5.0,5.0,1.55,4.55,0.01873964794131096,-0.00929929937976761,0,101,0.0002754430860477261,0.00027842500884772003,0,101,True
33,alternative_matched,centered_confirmation-007,fixed_cadence,0.0,-0.5264386179293323,0.05,0.0,0.016037610631483998,0.18307314114699832,0.0307065262796603,0.0011905211744544742,0.031035844766411445,0.00012922883765314588,0.9074069954097468,0.09474046748282489,0.09743985086544621,0.003913761343674395,0.0016222462617191038,4.827631840685802e-05,False,,5.0,5.0,1.3,4.3,0.017527339199205,-0.008607494850922031,0,101,0.0002754430860477261,0.00027842500884772003,0,101,True
33,alternative_matched,centered_confirmation-000,fixed_cadence,0.05,0.3541282217646782,0.049999999999999996,0.05,0.019169710764646117,0.20052486992638555,0.022195471997002576,0.0018507801863970918,0.015024484277396251,0.00019007762632552598,0.7171057201666313,0.12355186415142597,0.0705203272486977,0.005807201711578985,0.0019175978347609555,0.0002030361243903907,False,,5.0,5.0,1.65,4.65,-0.01029405935404188,0.007242007656330138,0,100,0.0007223329812537964,0.0007197619119557172,0,100,True
33,alternative_matched,centered_confirmation-001,fixed_cadence,0.05,0.41565273311775136,0.049999999999999996,0.05,0.01918257446383262,0.2005632027086159,0.025782764542369316,0.0018507801863970918,0.019924659440004773,0.00019007762632552598,0.8122371174139458,0.12355186415142597,0.08191473244993558,0.005807201711578985,0.0012480720658522885,0.0002030361243903907,False,,5.0,5.0,1.3,4.3,-0.0122817736744631,0.008343788843359993,0,100,0.0007223329812537964,0.0007197619119557172,0,100,True
33,alternative_matched,centered_confirmation-002,fixed_cadence,0.05,-0.4933611177198613,0.049999999999999996,0.05,0.019160273629178014,0.20053623100434187,0.03148810184883072,0.0018507801863970918,0.03003066794998563,0.00019007762632552598,0.961186554257341,0.12355186415142597,0.10011586981951057,0.005807201711578985,0.0019188266296015493,0.0002030361243903907,False,,5.0,5.0,1.45,4.45,0.016071774747992686,-0.00835552256791917,0,100,0.0007223329812537964,0.0007197619119557172,0,100,True
33,alternative_matched,centered_confirmation-003,fixed_cadence,0.05,-0.4314512128249486,0.049999999999999996,0.05,0.019151153386390417,0.20050096553624408,0.027658639866241813,0.0018507801863970918,0.023461843709096045,0.00019007762632552598,0.859948214117952,0.12355186415142597,0.0879584687676771,0.005807201711578985,0.0016501454042737761,0.0002030361243903907,False,,5.0,5.0,1.25,4.25,0.014224360448146992,-0.007214762431442574,0,100,0.0007223329812537964,0.0007197619119557172,0,100,True
33,alternative_matched,centered_confirmation-004,fixed_cadence,0.05,-0.5204102239457927,0.049999999999999996,0.05,0.019165782240568644,0.2005560527092853,0.033263567758733965,0.0018507801863970918,0.033694952709983815,0.00019007762632552598,1.0108518637461144,0.12355186415142597,0.10582133122287359,0.005807201711578985,0.0019570867106024716,0.0002030361243903907,False,,5.0,5.0,1.3,4.3,0.016976466898645095,-0.008853947755410738,0,100,0.0007223329812537964,0.0007197619119557172,0,100,True
33,alternative_matched,centered_confirmation-005,fixed_cadence,0.05,-0.5721576212767027,0.049999999999999996,0.05,0.01917406757016191,0.20058760280537558,0.036408450374247635,0.0018507801863970918,0.04000570860025815,0.00019007762632552598,1.0932028330606895,0.12355186415142597,0.11579453148810662,0.005807201711578985,0.0023121914025605143,0.0002030361243903907,False,,5.0,5.0,1.5,4.5,0.018499480125333003,-0.00981772844482692,0,100,0.0007223329812537964,0.0007197619119557172,0,100,True
33,alternative_matched,centered_confirmation-006,fixed_cadence,0.05,-0.5662041871326249,0.049999999999999996,0.05,0.019172423696515922,0.20058158041109772,0.03598167341523233,0.0018507801863970918,0.03903771396781183,0.00019007762632552598,1.081418659512468,0.12355186415142597,0.11442671201591056,0.005807201711578985,0.002473576800061434,0.0002030361243903907,False,,5.0,5.0,1.55,4.55,0.018303786714399986,-0.009716523838545373,0,100,0.0007223329812537964,0.0007197619119557172,0,100,True
33,alternative_matched,centered_confirmation-007,fixed_cadence,0.05,-0.5264386179293323,0.049999999999999996,0.05,0.019166867047382657,0.2005601008304218,0.033643411106640375,0.0018507801863970918,0.03446054780697478,0.00019007762632552598,1.021095331732698,0.12355186415142597,0.10703249321168501,0.005807201711578985,0.001977634374281117,0.0002030361243903907,False,,5.0,5.0,1.3,4.3,0.017164272007371122,-0.008965331753517719,0,100,0.0007223329812537964,0.0007197619119557172,0,100,True
33,alternative_matched,centered_confirmation-000,fixed_cadence,0.1,0.3541282217646782,0.05,0.1,0.02298253638660065,0.2190260032961943,0.024302080352019837,0.0017201725510416958,0.015968247391717705,0.00014307462055300544,0.7480478385880349,0.1025069976642487,0.0772472658600358,0.005234045570729895,0.002213036183933238,0.00047982839437874414,False,,5.0,5.0,1.65,4.65,-0.009459740638845911,0.008068136126480357,0,99,0.0009228807239594546,0.0009119717569649841,0,99,True
33,alternative_matched,centered_confirmation-001,fixed_cadence,0.1,0.41565273311775136,0.05,0.1,0.02299172657440612,0.2190360929108469,0.028373578575812866,0.0017201725510416958,0.0214105509481489,0.00014307462055300544,0.8547266299322007,0.1025069976642487,0.09014125800306519,0.005234045570729895,0.0011284301454820911,0.00047982839437874414,False,,5.0,5.0,1.3,4.3,-0.01132957708846902,0.00926692884062956,0,99,0.0009228807239594546,0.0009119717569649841,0,99,True
33,alternative_matched,centered_confirmation-002,fixed_cadence,0.1,-0.4933611177198613,0.05,0.1,0.023024295909818058,0.21936592449410483,0.034291983755677984,0.0017201725510416958,0.032061861257836666,0.00014307462055300544,1.010675589223182,0.1025069976642487,0.10904777478539751,0.005234045570729895,0.002279067867737845,0.00047982839437874414,False,,5.0,5.0,1.45,4.45,0.015341997735089308,-0.009074616221359199,0,99,0.0009228807239594546,0.0009119717569649841,0,99,True
33,alternative_matched,centered_confirmation-003,fixed_cadence,0.1,-0.4314512128249486,0.05,0.1,0.023012473445991097,0.2193170547562889,0.03001228905793344,0.0017201725510416958,0.02489757067452014,0.00014307462055300544,0.8995901892378686,0.1025069976642487,0.09546474864992513,0.005234045570729895,0.0019958684791386134,0.00047982839437874414,False,,5.0,5.0,1.25,4.25,0.013612984150535115,-0.007813012331108388,0,99,0.0009228807239594546,0.0009119717569649841,0,99,True
33,alternative_matched,centered_confirmation-004,fixed_cadence,0.1,-0.5204102239457927,0.05,0.1,0.02303083625739899,0.21939304189094969,0.03616838579888896,0.0017201725510416958,0.035858237041148155,0.00014307462055300544,1.0629595542743562,0.1025069976642487,0.1150761076722744,0.005234045570729895,0.002320569642953965,0.00047982839437874414,False,,5.0,5.0,1.3,4.3,0.01619360002864028,-0.009619475468821626,0,99,0.0009228807239594546,0.0009119717569649841,0,99,True
33,alternative_matched,centered_confirmation-005,fixed_cadence,0.1,-0.5721576212767027,0.05,0.1,0.023041502831265985,0.21943596910516006,0.03970050835865401,0.0017201725510416958,0.04277417352741662,0.00014307462055300544,1.153486008425033,0.1025069976642487,0.12627740078259922,0.005234045570729895,0.002702817206646612,0.00047982839437874414,False,,5.0,5.0,1.5,4.5,0.017619953706747536,-0.010687798597911996,0,99,0.0009228807239594546,0.0009119717569649841,0,99,True
33,alternative_matched,centered_confirmation-006,fixed_cadence,0.1,-0.5662041871326249,0.05,0.1,0.023039662715196987,0.21942870644865067,0.03925436724447174,0.0017201725510416958,0.04177536930564863,0.00014307462055300544,1.1410162324502824,0.1025069976642487,0.12485122326435252,0.005234045570729895,0.0028700341407181537,0.00047982839437874414,False,,5.0,5.0,1.55,4.55,0.017438497237748152,-0.010577735550065418,0,99,0.0009228807239594546,0.0009119717569649841,0,99,True
33,alternative_matched,centered_confirmation-007,fixed_cadence,0.1,-0.5264386179293323,0.05,0.1,0.023032169957289267,0.2193985037807833,0.036584183224086735,0.0017201725510416958,0.0366758648932452,0.00014307462055300544,1.0740196804001687,0.1025069976642487,0.11640157071577555,0.005234045570729895,0.0023423343109503945,0.00047982839437874414,False,,5.0,5.0,1.3,4.3,0.016369782790428646,-0.009742179476352964,0,99,0.0009228807239594546,0.0009119717569649841,0,99,True
33,alternative_matched,centered_confirmation-000,fixed_cadence,0.2,0.3541282217646782,0.049999999999999996,0.19999999999999998,0.030920027318190376,0.2588330936170979,0.027803602052582855,0.0010580524747468825,0.019599044299010427,5.321078410046173e-05,0.8559006553008914,0.08513960129169235,0.09047609540724857,0.0030132222714503096,0.0022903252077263116,0.00043839547206592255,False,,5.0,5.0,1.65,4.65,-0.009077066412054444,0.00859840486858313,0,97,-5.170129784241025e-05,-3.752661279598567e-05,0,97,True
33,alternative_matched,centered_confirmation-001,fixed_cadence,0.2,0.41565273311775136,0.049999999999999996,0.19999999999999998,0.030918689974560806,0.2588108301806129,0.03274317549857061,0.0010580524747468825,0.026721952511121912,5.321078410046173e-05,0.987967709811008,0.08513960129169235,0.10646270932564936,0.0030132222714503096,0.0015562467369791076,0.00043839547206592255,False,,5.0,5.0,1.3,4.3,-0.01062678512730494,0.010017962666796932,0,97,-5.170129784241025e-05,-3.752661279598567e-05,0,97,True
33,alternative_matched,centered_confirmation-002,fixed_cadence,0.2,-0.4933611177198613,0.049999999999999996,0.19999999999999998,0.03111677502707801,0.25930581529772206,0.03977676920479365,0.0010580524747468825,0.038287943869389364,5.321078410046173e-05,1.1601073767855525,0.08513960129169235,0.12924241608992035,0.0030132222714503096,0.0019937025476226286,0.00043839547206592255,False,,5.0,5.0,1.45,4.45,0.012353493416823002,-0.012131408090186617,0,97,-5.170129784241025e-05,-3.752661279598567e-05,0,97,True
33,alternative_matched,centered_confirmation-003,fixed_cadence,0.2,-0.4314512128249486,0.049999999999999996,0.19999999999999998,0.03109263383811934,0.2592523448874106,0.034708717160324615,0.0010580524747468825,0.029458110322301143,5.321078410046173e-05,1.0272517900779605,0.08513960129169235,0.11286080218401476,0.0030132222714503096,0.000926806575455313,0.00043839547206592255,False,,5.0,5.0,1.25,4.25,0.010827869320429416,-0.010579828469835965,0,97,-5.170129784241025e-05,-3.752661279598567e-05,0,97,True
33,alternative_matched,centered_confirmation-004,fixed_cadence,0.2,-0.5204102239457927,0.049999999999999996,0.19999999999999998,0.031126104945488474,0.2593235094640193,0.0418685788880055,0.0010580524747468825,0.042638713350444335,5.321078410046173e-05,1.2204737875476241,0.08513960129169235,0.13609021006101835,0.0030132222714503096,0.0013011166531106883,0.00043839547206592255,False,,5.0,5.0,1.3,4.3,0.013047154950119108,-0.012770034795955662,0,97,-5.170129784241025e-05,-3.752661279598567e-05,0,97,True
33,alternative_matched,centered_confirmation-005,fixed_cadence,0.2,-0.5721576212767027,0.049999999999999996,0.19999999999999998,0.031146157273627555,0.25936811486297784,0.04608684494780352,0.0010580524747468825,0.05123272599296484,5.321078410046173e-05,1.329460470737493,0.08513960129169235,0.1497085792077857,0.0030132222714503096,0.0027156898488127166,0.00043839547206592255,False,,5.0,5.0,1.5,4.5,0.01432832233063087,-0.01408810765371531,0,97,-5.170129784241025e-05,-3.752661279598567e-05,0,97,True
33,alternative_matched,centered_confirmation-006,fixed_cadence,0.2,-0.5662041871326249,0.049999999999999996,0.19999999999999998,0.031143410209198936,0.2593619063959558,0.045605881490537924,0.0010580524747468825,0.05011104342823498,5.321078410046173e-05,1.315462711067474,0.08513960129169235,0.14813536217411694,0.0030132222714503096,0.0031329739179163543,0.00043839547206592255,False,,5.0,5.0,1.55,4.55,0.014189642811335177,-0.013957906821294209,0,97,-5.170129784241025e-05,-3.752661279598567e-05,0,97,True
33,alternative_matched,centered_confirmation-007,fixed_cadence,0.2,-0.5264386179293323,0.049999999999999996,0.19999999999999998,0.03112837097380266,0.2593282922558513,0.042350963095332546,0.0010580524747468825,0.043618322146395626,5.321078410046173e-05,1.2335300359740615,0.08513960129169235,0.1376560321915835,0.0030132222714503096,0.0013183900761475173,0.00043839547206592255,False,,5.0,5.0,1.3,4.3,0.013198146181322187,-0.01291826114526091,0,97,-5.170129784241025e-05,-3.752661279598567e-05,0,97,True
33,gain_matched,centered_confirmation-000,serial,0.0,0.3541282217646782,0.05,0.0,0.016029785263779076,0.18300236620199592,0.020513138165505637,0.0005045715472013086,0.013886404104778587,2.08618904470652e-05,0.5991974740311867,0.05529621755931436,0.06510974818625742,0.001590501054771082,0.0017959892923027857,6.669800207973081e-05,False,,5.0,5.0,1.65,4.65,-0.01176929574686943,0.005789402195985881,0,101,-0.0001999908112352941,-0.00019927656879350827,0,101,True
33,gain_matched,centered_confirmation-001,serial,0.0,0.41565273311775136,0.05,0.0,0.01604709973266845,0.18307822316452238,0.024057909300270786,0.0005045715472013086,0.01916733645564465,2.08618904470652e-05,0.6956195420608288,0.05529621755931436,0.07639482815741712,0.001590501054771082,0.0013608712817856803,6.669800207973081e-05,False,,5.0,5.0,1.3,4.3,-0.013840095708555563,0.0067975543831622605,0,101,-0.0001999908112352941,-0.00019927656879350827,0,101,True
33,gain_matched,centered_confirmation-002,serial,0.0,-0.4933611177198613,0.05,0.0,0.015986566512005695,0.18277272056583516,0.028278304127425512,0.0005045715472013086,0.02625846421243868,2.08618904470652e-05,0.8114319316134221,0.05529621755931436,0.08978835580685698,0.001590501054771082,0.0015744468802153745,6.669800207973081e-05,False,,5.0,5.0,1.45,4.45,0.015909969964587108,-0.008534498056067654,0,101,-0.0001999908112352941,-0.00019927656879350827,0,101,True
33,gain_matched,centered_confirmation-003,serial,0.0,-0.4314512128249486,0.05,0.0,0.01597948381595126,0.18274818848577137,0.024766270233953863,0.0005045715472013086,0.02008745679613957,2.08618904470652e-05,0.7145629315659761,0.05529621755931436,0.07861691451858223,0.001590501054771082,0.0012832323894470838,6.669800207973081e-05,False,,5.0,5.0,1.25,4.25,0.013958540977501288,-0.007484003643354375,0,101,-0.0001999908112352941,-0.00019927656879350827,0,101,True
33,gain_matched,centered_confirmation-004,serial,0.0,-0.5204102239457927,0.05,0.0,0.01599013646268943,0.1827864386348399,0.02987117312830035,0.0005045715472013086,0.02923063038179895,2.08618904470652e-05,0.8522530271694431,0.05529621755931436,0.09482606713946916,0.001590501054771082,0.0015570410083289535,6.669800207973081e-05,False,,5.0,5.0,1.3,4.3,0.01684828116517605,-0.008990456643756669,0,101,-0.0001999908112352941,-0.00019927656879350827,0,101,True
33,gain_matched,centered_confirmation-005,serial,0.0,-0.5721576212767027,0.05,0.0,0.015997507674747894,0.18281272104481594,0.03282273074725627,0.0005045715472013086,0.035361067489586985,2.08618904470652e-05,0.9330456978664166,0.05529621755931436,0.10421601249031473,0.001590501054771082,0.0019821909422906426,6.669800207973081e-05,False,,5.0,5.0,1.5,4.5,0.01846128397207798,-0.009879512726271215,0,101,-0.0001999908112352941,-0.00019927656879350827,0,101,True
33,gain_matched,centered_confirmation-006,serial,0.0,-0.5662041871326249,0.05,0.0,0.015996688968772696,0.18280952040909082,0.0324826454060537,0.0005045715472013086,0.03465415618641386,2.08618904470652e-05,0.9238850734219318,0.05529621755931436,0.1031417206895439,0.001590501054771082,0.00218333528774805,6.669800207973081e-05,False,,5.0,5.0,1.55,4.55,0.018258662314676655,-0.009787413839466092,0,101,-0.0001999908112352941,-0.00019927656879350827,0,101,True
33,gain_matched,centered_confirmation-007,serial,0.0,-0.5264386179293323,0.05,0.0,0.0159909517035383,0.18278945604583985,0.030218855041836034,0.0005045715472013086,0.029913539947888278,2.08618904470652e-05,0.861555536000467,0.05529621755931436,0.0959295642880846,0.001590501054771082,0.001575757324345102,6.669800207973081e-05,False,,5.0,5.0,1.3,4.3,0.01704524188634099,-0.009092802630706928,0,101,-0.0001999908112352941,-0.00019927656879350827,0,101,True
33,gain_matched,centered_confirmation-000,serial,0.05,0.3541282217646782,0.049999999999999996,0.05,0.019097892922093993,0.2001912065335756,0.02228356632550656,0.00042289891358018595,0.014949708361132607,1.5851140695832695e-05,0.6478652353421221,0.04745481712970793,0.0710008399818651,0.001335969266325207,0.0019077114858417285,0.00018366594173473247,False,,5.0,5.0,1.65,4.65,-0.010747709300914189,0.006792755596499443,0,100,0.0002700825886937176,0.000265131968397619,0,100,True
33,gain_matched,centered_confirmation-001,serial,0.05,0.41565273311775136,0.049999999999999996,0.05,0.01911366406616042,0.20024110689172747,0.026085792873013266,0.00042289891358018595,0.02042770055559673,1.5851140695832695e-05,0.7518650847509867,0.04745481712970793,0.08309466890680645,0.001335969266325207,0.0012375950420855182,0.00018366594173473247,False,,5.0,5.0,1.3,4.3,-0.012730346013405702,0.007894030560402991,0,100,0.0002700825886937176,0.000265131968397619,0,100,True
33,gain_matched,centered_confirmation-002,serial,0.05,-0.4933611177198613,0.049999999999999996,0.05,0.01908529992789724,0.20019102882434892,0.03101666826441526,0.00042289891358018595,0.029133637434185528,1.5851140695832695e-05,0.8865420940354829,0.04745481712970793,0.09881044808725414,0.001335969266325207,0.0018677929136880172,0.00018366594173473247,False,,5.0,5.0,1.45,4.45,0.015613920684358695,-0.008821138656486992,0,100,0.0002700825886937176,0.000265131968397619,0,100,True
33,gain_matched,centered_confirmation-003,serial,0.05,-0.4314512128249486,0.049999999999999996,0.05,0.019075666437730576,0.2001546459339267,0.027153114664197096,0.00042289891358018595,0.022401913097723786,1.5851140695832695e-05,0.7829037572279933,0.04745481712970793,0.08651143219845965,0.001335969266325207,0.0015947211149502478,0.00018366594173473247,False,,5.0,5.0,1.25,4.25,0.013764781828424551,-0.0076771288067834,0,100,0.0002700825886937176,0.000265131968397619,0,100,True
33,gain_matched,centered_confirmation-004,serial,0.05,-0.5204102239457927,0.049999999999999996,0.05,0.019090345260003513,0.200209730754861,0.032746974929046414,0.00042289891358018595,0.032485386769977934,1.5851140695832695e-05,0.9337891007796292,0.04745481712970793,0.10432728527352796,0.001335969266325207,0.0018932546240326802,0.00018366594173473247,False,,5.0,5.0,1.3,4.3,0.016515536114028315,-0.009318996844528292,0,100,0.0002700825886937176,0.000265131968397619,0,100,True
33,gain_matched,centered_confirmation-005,serial,0.05,-0.5721576212767027,0.049999999999999996,0.05,0.019099650023136547,0.20024440930857806,0.035967777334363016,0.00042289891358018595,0.0390944834363778,1.5851140695832695e-05,1.0195135648385045,0.04745481712970793,0.11457770525869586,0.001335969266325207,0.002265086075995309,0.00018366594173473247,False,,5.0,5.0,1.5,4.5,0.01804096179028473,-0.010286329274495878,0,100,0.0002700825886937176,0.000265131968397619,0,100,True
33,gain_matched,centered_confirmation-006,serial,0.05,-0.5662041871326249,0.049999999999999996,0.05,0.019098373112393,0.20023966391716774,0.03558040612774493,0.00042289891358018595,0.03825858212147108,1.5851140695832695e-05,1.0087377990618716,0.04745481712970793,0.11334425555761189,0.001335969266325207,0.0024359658964028565,0.00018366594173473247,False,,5.0,5.0,1.55,4.55,0.017846248078546144,-0.01018535776861152,0,100,0.0002700825886937176,0.000265131968397619,0,100,True
33,gain_matched,centered_confirmation-007,serial,0.05,-0.5264386179293323,0.049999999999999996,0.05,0.019091414972878567,0.20021369799519323,0.03312659497636706,0.00042289891358018595,0.033237658821526794,1.5851140695832695e-05,0.9440193298295504,0.04745481712970793,0.10553631691837413,0.001335969266325207,0.0019133301831947593,0.00018366594173473247,False,,5.0,5.0,1.3,4.3,0.016703205003789284,-0.009430533052581878,0,100,0.0002700825886937176,0.000265131968397619,0,100,True
33,gain_matched,centered_confirmation-000,serial,0.1,0.3541282217646782,0.1,0.10000000000000002,0.025954858571347893,0.23214764576963257,0.02592804679722038,0.000576677842470627,0.018315173776409815,6.3098077721019395e-06,0.7188653904345951,0.022967145420344816,0.08246139238518216,0.001286702001748181,0.002425016068816737,0.0004653676733527248,False,,5.0,5.0,1.65,4.65,-0.009681862163357435,0.007697210175132208,0,50,0.0005191860729828477,0.0005062422172334593,0,50,True
33,gain_matched,centered_confirmation-001,serial,0.1,0.41565273311775136,0.1,0.10000000000000002,0.02507614360477771,0.22860721168511486,0.0299100301385322,0.000576677842470627,0.02494133538275469,6.3098077721019395e-06,0.8595225688961465,0.022967145420344816,0.09525702432043467,0.001286702001748181,0.0018840099083102888,0.0004653676733527248,False,,5.0,5.0,1.3,4.3,-0.01181219736468047,0.008767518349791054,0,50,0.0005191860729828477,0.0005062422172334593,0,50,True
33,gain_matched,centered_confirmation-002,serial,0.1,-0.4933611177198613,0.1,0.10000000000000002,0.025991132821275093,0.2324785639731614,0.036013364237181815,0.000576677842470627,0.03600851263783849,6.3098077721019395e-06,0.9978871103895026,0.022967145420344816,0.11450444780553982,0.001286702001748181,0.0030884784661225112,0.0004653676733527248,False,,5.0,5.0,1.45,4.45,0.014765890326164663,-0.009544763323088606,0,50,0.0005191860729828477,0.0005062422172334593,0,50,True
33,gain_matched,centered_confirmation-003,serial,0.1,-0.4314512128249486,0.1,0.10000000000000002,0.025976275757662086,0.2324304995069026,0.031451633006144716,0.000576677842470627,0.02759653408828502,6.3098077721019395e-06,0.8764388094616256,0.022967145420344816,0.10000983366978718,0.001286702001748181,0.0026857618351760638,0.0004653676733527248,False,,5.0,5.0,1.25,4.25,0.013127398354373872,-0.008301694445765312,0,50,0.0005191860729828477,0.0005062422172334593,0,50,True
33,gain_matched,centered_confirmation-004,serial,0.1,-0.5204102239457927,0.1,0.10000000000000002,0.025114788571543825,0.2289703595366665,0.03733504227896099,0.000576677842470627,0.03970408041896286,6.3098077721019395e-06,1.0737024644536095,0.022967145420344816,0.11892270411033695,0.001286702001748181,0.0031647591111989845,0.0004653676733527248,False,,5.0,5.0,1.3,4.3,0.015889032279513778,-0.009907575130038088,0,50,0.0005191860729828477,0.0005062422172334593,0,50,True
33,gain_matched,centered_confirmation-005,serial,0.1,-0.5721576212767027,0.1,0.10000000000000002,0.02512903977422648,0.2290155717598395,0.04108082433500491,0.000576677842470627,0.047889285999312164,6.3098077721019395e-06,1.1767718607706148,0.022967145420344816,0.13083712287364285,0.001286702001748181,0.0035148172244791435,0.0004653676733527248,False,,5.0,5.0,1.5,4.5,0.017230606600828466,-0.010930491882274329,0,50,0.0005191860729828477,0.0005062422172334593,0,50,True
33,gain_matched,centered_confirmation-006,serial,0.1,-0.5662041871326249,0.1,0.10000000000000002,0.026010291775807305,0.23253836724157326,0.04134692056121977,0.000576677842470627,0.047302692483404574,6.3098077721019395e-06,1.139839546173545,0.022967145420344816,0.13145585998359371,0.001286702001748181,0.003652940958319721,0.0004653676733527248,False,,5.0,5.0,1.55,4.55,0.016787246028520164,-0.011044959584927445,0,50,0.0005191860729828477,0.0005062422172334593,0,50,True
33,gain_matched,centered_confirmation-007,serial,0.1,-0.5264386179293323,0.1,0.10000000000000002,0.025116402939307135,0.22897549525986527,0.03776932695722507,0.000576677842470627,0.04062305127498289,6.3098077721019395e-06,1.0858062742051802,0.022967145420344816,0.12030573129119952,0.001286702001748181,0.0031969671259951538,0.0004653676733527248,False,,5.0,5.0,1.3,4.3,0.016066325868852437,-0.010028937649097607,0,50,0.0005191860729828477,0.0005062422172334593,0,50,True
33,gain_matched,centered_confirmation-000,serial,0.2,0.3541282217646782,0.19999999999999998,0.2,0.04635096617943375,0.29793882899822677,0.034166059592318096,0.0007061293957962561,0.030479991532693228,7.158876881761812e-05,0.9829481180372902,0.06261388620243154,0.10468709199530017,0.002078167404513605,0.005260131554569505,0.0004408935219335711,False,,5.0,5.0,1.65,4.65,-0.008611203182840891,0.008264962994128513,0,25,-0.0004425583537464789,-0.0004258977160684057,0,25,True
33,gain_matched,centered_confirmation-001,serial,0.2,0.41565273311775136,0.19999999999999998,0.2,0.04415149645686881,0.2898666004635987,0.03950371560086224,0.0007061293957962561,0.039274514753072066,7.158876881761812e-05,1.1223583062167535,0.06261388620243154,0.12058468778371131,0.002078167404513605,0.005452601377250163,0.0004408935219335711,False,,5.0,5.0,1.3,4.3,-0.010923999564701867,0.009637721018813201,0,25,-0.0004425583537464789,-0.0004258977160684057,0,25,True
33,gain_matched,centered_confirmation-002,serial,0.2,-0.4933611177198613,0.19999999999999998,0.2,0.04646747978077269,0.29827653534841453,0.04800541928259363,0.0007061293957962561,0.05936890574299167,7.158876881761812e-05,1.3470277703727846,0.06261388620243154,0.1475113572105237,0.002078167404513605,0.00595214424391106,0.0004408935219335711,False,,5.0,5.0,1.45,4.45,0.01121724245662039,-0.012671145153425758,0,25,-0.0004425583537464789,-0.0004258977160684057,0,25,True
33,gain_matched,centered_confirmation-003,serial,0.2,-0.4314512128249486,0.19999999999999998,0.2,0.04642530196214185,0.2982290247105855,0.041770200377730514,0.0007061293957962561,0.045046860110054494,7.158876881761812e-05,1.1827410570520223,0.06261388620243154,0.12836567339950394,0.002078167404513605,0.005045794063356367,0.0004408935219335711,False,,5.0,5.0,1.25,4.25,0.010179730750268165,-0.011244812438722022,0,25,-0.0004425583537464789,-0.0004258977160684057,0,25,True
33,gain_matched,centered_confirmation-004,serial,0.2,-0.5204102239457927,0.19999999999999998,0.2,0.044259930469113334,0.29024273769528486,0.04928187816816104,0.0007061293957962561,0.060500817738319716,7.158876881761812e-05,1.3879927079367707,0.06261388620243154,0.1509444450611779,0.002078167404513605,0.006127129660132329,0.0004408935219335711,False,,5.0,5.0,1.3,4.3,0.012561709763502538,-0.01313901981806096,0,25,-0.0004425583537464789,-0.0004258977160684057,0,25,True
33,gain_matched,centered_confirmation-005,serial,0.2,-0.5721576212767027,0.19999999999999998,0.2,0.044295774260117556,0.2902776464082332,0.054411679639817474,0.0007061293957962561,0.07358711449982115,7.158876881761812e-05,1.5209739085461262,0.06261388620243154,0.16661129243877823,0.002078167404513605,0.006797832624395336,0.0004408935219335711,False,,5.0,5.0,1.5,4.5,0.013298603789156135,-0.014276096556764827,0,25,-0.0004425583537464789,-0.0004258977160684057,0,25,True
33,gain_matched,centered_confirmation-006,serial,0.2,-0.5662041871326249,0.19999999999999998,0.2,0.04318553265439538,0.2885942886636901,0.053218798596108084,0.0007061293957962561,0.0726692748655488,7.158876881761812e-05,1.579992807059295,0.06261388620243154,0.16405401796814048,0.002078167404513605,0.006765124186466189,0.0004408935219335711,False,,5.0,5.0,1.55,4.55,0.013340409157818015,-0.013831638429009769,0,25,-0.0004425583537464789,-0.0004258977160684057,0,25,True
33,gain_matched,centered_confirmation-007,serial,0.2,-0.5264386179293323,0.19999999999999998,0.2,0.04426355399079847,0.2902456140916302,0.049855876458867916,0.0007061293957962561,0.06190507517763883,7.158876881761812e-05,1.4033165537367824,0.06261388620243154,0.15269565688098288,0.002078167404513605,0.0062024948554668,0.0004408935219335711,False,,5.0,5.0,1.3,4.3,0.012711726686006253,-0.01328676357700436,0,25,-0.0004425583537464789,-0.0004258977160684057,0,25,True
33,gain_matched,centered_confirmation-000,fixed_cadence,0.0,0.3541282217646782,0.05,0.0,0.016029785263779076,0.18300236620199592,0.020513138165505637,0.0005045715472013086,0.013886404104778587,2.08618904470652e-05,0.5991974740311867,0.05529621755931436,0.06510974818625742,0.001590501054771082,0.0017959892923027857,6.669800207973081e-05,False,,5.0,5.0,1.65,4.65,-0.01176929574686943,0.005789402195985881,0,101,-0.0001999908112352941,-0.00019927656879350827,0,101,True
33,gain_matched,centered_confirmation-001,fixed_cadence,0.0,0.41565273311775136,0.05,0.0,0.01604709973266845,0.18307822316452238,0.024057909300270786,0.0005045715472013086,0.01916733645564465,2.08618904470652e-05,0.6956195420608288,0.05529621755931436,0.07639482815741712,0.001590501054771082,0.0013608712817856803,6.669800207973081e-05,False,,5.0,5.0,1.3,4.3,-0.013840095708555563,0.0067975543831622605,0,101,-0.0001999908112352941,-0.00019927656879350827,0,101,True
33,gain_matched,centered_confirmation-002,fixed_cadence,0.0,-0.4933611177198613,0.05,0.0,0.015986566512005695,0.18277272056583516,0.028278304127425512,0.0005045715472013086,0.02625846421243868,2.08618904470652e-05,0.8114319316134221,0.05529621755931436,0.08978835580685698,0.001590501054771082,0.0015744468802153745,6.669800207973081e-05,False,,5.0,5.0,1.45,4.45,0.015909969964587108,-0.008534498056067654,0,101,-0.0001999908112352941,-0.00019927656879350827,0,101,True
33,gain_matched,centered_confirmation-003,fixed_cadence,0.0,-0.4314512128249486,0.05,0.0,0.01597948381595126,0.18274818848577137,0.024766270233953863,0.0005045715472013086,0.02008745679613957,2.08618904470652e-05,0.7145629315659761,0.05529621755931436,0.07861691451858223,0.001590501054771082,0.0012832323894470838,6.669800207973081e-05,False,,5.0,5.0,1.25,4.25,0.013958540977501288,-0.007484003643354375,0,101,-0.0001999908112352941,-0.00019927656879350827,0,101,True
33,gain_matched,centered_confirmation-004,fixed_cadence,0.0,-0.5204102239457927,0.05,0.0,0.01599013646268943,0.1827864386348399,0.02987117312830035,0.0005045715472013086,0.02923063038179895,2.08618904470652e-05,0.8522530271694431,0.05529621755931436,0.09482606713946916,0.001590501054771082,0.0015570410083289535,6.669800207973081e-05,False,,5.0,5.0,1.3,4.3,0.01684828116517605,-0.008990456643756669,0,101,-0.0001999908112352941,-0.00019927656879350827,0,101,True
33,gain_matched,centered_confirmation-005,fixed_cadence,0.0,-0.5721576212767027,0.05,0.0,0.015997507674747894,0.18281272104481594,0.03282273074725627,0.0005045715472013086,0.035361067489586985,2.08618904470652e-05,0.9330456978664166,0.05529621755931436,0.10421601249031473,0.001590501054771082,0.0019821909422906426,6.669800207973081e-05,False,,5.0,5.0,1.5,4.5,0.01846128397207798,-0.009879512726271215,0,101,-0.0001999908112352941,-0.00019927656879350827,0,101,True
33,gain_matched,centered_confirmation-006,fixed_cadence,0.0,-0.5662041871326249,0.05,0.0,0.015996688968772696,0.18280952040909082,0.0324826454060537,0.0005045715472013086,0.03465415618641386,2.08618904470652e-05,0.9238850734219318,0.05529621755931436,0.1031417206895439,0.001590501054771082,0.00218333528774805,6.669800207973081e-05,False,,5.0,5.0,1.55,4.55,0.018258662314676655,-0.009787413839466092,0,101,-0.0001999908112352941,-0.00019927656879350827,0,101,True
33,gain_matched,centered_confirmation-007,fixed_cadence,0.0,-0.5264386179293323,0.05,0.0,0.0159909517035383,0.18278945604583985,0.030218855041836034,0.0005045715472013086,0.029913539947888278,2.08618904470652e-05,0.861555536000467,0.05529621755931436,0.0959295642880846,0.001590501054771082,0.001575757324345102,6.669800207973081e-05,False,,5.0,5.0,1.3,4.3,0.01704524188634099,-0.009092802630706928,0,101,-0.0001999908112352941,-0.00019927656879350827,0,101,True
33,gain_matched,centered_confirmation-000,fixed_cadence,0.05,0.3541282217646782,0.049999999999999996,0.05,0.019097892922093993,0.2001912065335756,0.02228356632550656,0.00042289891358018595,0.014949708361132607,1.5851140695832695e-05,0.6478652353421221,0.04745481712970793,0.0710008399818651,0.001335969266325207,0.0019077114858417285,0.00018366594173473247,False,,5.0,5.0,1.65,4.65,-0.010747709300914189,0.006792755596499443,0,100,0.0002700825886937176,0.000265131968397619,0,100,True
33,gain_matched,centered_confirmation-001,fixed_cadence,0.05,0.41565273311775136,0.049999999999999996,0.05,0.01911366406616042,0.20024110689172747,0.026085792873013266,0.00042289891358018595,0.02042770055559673,1.5851140695832695e-05,0.7518650847509867,0.04745481712970793,0.08309466890680645,0.001335969266325207,0.0012375950420855182,0.00018366594173473247,False,,5.0,5.0,1.3,4.3,-0.012730346013405702,0.007894030560402991,0,100,0.0002700825886937176,0.000265131968397619,0,100,True
33,gain_matched,centered_confirmation-002,fixed_cadence,0.05,-0.4933611177198613,0.049999999999999996,0.05,0.01908529992789724,0.20019102882434892,0.03101666826441526,0.00042289891358018595,0.029133637434185528,1.5851140695832695e-05,0.8865420940354829,0.04745481712970793,0.09881044808725414,0.001335969266325207,0.0018677929136880172,0.00018366594173473247,False,,5.0,5.0,1.45,4.45,0.015613920684358695,-0.008821138656486992,0,100,0.0002700825886937176,0.000265131968397619,0,100,True
33,gain_matched,centered_confirmation-003,fixed_cadence,0.05,-0.4314512128249486,0.049999999999999996,0.05,0.019075666437730576,0.2001546459339267,0.027153114664197096,0.00042289891358018595,0.022401913097723786,1.5851140695832695e-05,0.7829037572279933,0.04745481712970793,0.08651143219845965,0.001335969266325207,0.0015947211149502478,0.00018366594173473247,False,,5.0,5.0,1.25,4.25,0.013764781828424551,-0.0076771288067834,0,100,0.0002700825886937176,0.000265131968397619,0,100,True
33,gain_matched,centered_confirmation-004,fixed_cadence,0.05,-0.5204102239457927,0.049999999999999996,0.05,0.019090345260003513,0.200209730754861,0.032746974929046414,0.00042289891358018595,0.032485386769977934,1.5851140695832695e-05,0.9337891007796292,0.04745481712970793,0.10432728527352796,0.001335969266325207,0.0018932546240326802,0.00018366594173473247,False,,5.0,5.0,1.3,4.3,0.016515536114028315,-0.009318996844528292,0,100,0.0002700825886937176,0.000265131968397619,0,100,True
33,gain_matched,centered_confirmation-005,fixed_cadence,0.05,-0.5721576212767027,0.049999999999999996,0.05,0.019099650023136547,0.20024440930857806,0.035967777334363016,0.00042289891358018595,0.0390944834363778,1.5851140695832695e-05,1.0195135648385045,0.04745481712970793,0.11457770525869586,0.001335969266325207,0.002265086075995309,0.00018366594173473247,False,,5.0,5.0,1.5,4.5,0.01804096179028473,-0.010286329274495878,0,100,0.0002700825886937176,0.000265131968397619,0,100,True
33,gain_matched,centered_confirmation-006,fixed_cadence,0.05,-0.5662041871326249,0.049999999999999996,0.05,0.019098373112393,0.20023966391716774,0.03558040612774493,0.00042289891358018595,0.03825858212147108,1.5851140695832695e-05,1.0087377990618716,0.04745481712970793,0.11334425555761189,0.001335969266325207,0.0024359658964028565,0.00018366594173473247,False,,5.0,5.0,1.55,4.55,0.017846248078546144,-0.01018535776861152,0,100,0.0002700825886937176,0.000265131968397619,0,100,True
33,gain_matched,centered_confirmation-007,fixed_cadence,0.05,-0.5264386179293323,0.049999999999999996,0.05,0.019091414972878567,0.20021369799519323,0.03312659497636706,0.00042289891358018595,0.033237658821526794,1.5851140695832695e-05,0.9440193298295504,0.04745481712970793,0.10553631691837413,0.001335969266325207,0.0019133301831947593,0.00018366594173473247,False,,5.0,5.0,1.3,4.3,0.016703205003789284,-0.009430533052581878,0,100,0.0002700825886937176,0.000265131968397619,0,100,True
33,gain_matched,centered_confirmation-000,fixed_cadence,0.1,0.3541282217646782,0.05,0.1,0.022898570740919177,0.21874468186774237,0.024428943668810252,0.0005191600256711305,0.015953017912199226,6.957227224975913e-06,0.6916546517574204,0.04025564357274916,0.07781713498800004,0.0009843604570882803,0.0022054964738105376,0.00046240675479048386,False,,5.0,5.0,1.65,4.65,-0.00988613496257401,0.0076483019638993455,0,99,0.0004969614045467319,0.00048349084858507454,0,99,True
33,gain_matched,centered_confirmation-001,fixed_cadence,0.1,0.41565273311775136,0.05,0.1,0.022910131491539146,0.21876083648471872,0.02865455315773741,0.0005191600256711305,0.021925284956614135,6.957227224975913e-06,0.8062160344385519,0.04025564357274916,0.0912499569115039,0.0009843604570882803,0.001105778871537945,0.00046240675479048386,False,,5.0,5.0,1.3,4.3,-0.011749609119281535,0.008846965052203332,0,99,0.0004969614045467319,0.00048349084858507454,0,99,True
33,gain_matched,centered_confirmation-002,fixed_cadence,0.1,-0.4933611177198613,0.05,0.1,0.022929468358990925,0.21904584561014925,0.03382443714134603,0.0005191600256711305,0.031231096291254624,6.957227224975913e-06,0.9495093853735346,0.04025564357274916,0.1077574723674226,0.0009843604570882803,0.0022148521676457664,0.00046240675479048386,False,,5.0,5.0,1.45,4.45,0.014914550942346089,-0.009512639601408905,0,99,0.0004969614045467319,0.00048349084858507454,0,99,True
33,gain_matched,centered_confirmation-003,fixed_cadence,0.1,-0.4314512128249486,0.05,0.1,0.02291737196242826,0.21899536539647316,0.029551860603675477,0.0005191600256711305,0.023933061686047582,6.957227224975913e-06,0.836621242906989,0.04025564357274916,0.09414975105398662,0.0009843604570882803,0.00193289083016755,0.00046240675479048386,False,,5.0,5.0,1.25,4.25,0.013182108954503769,-0.008248046606429093,0,99,0.0004969614045467319,0.00048349084858507454,0,99,True
33,gain_matched,centered_confirmation-004,fixed_cadence,0.1,-0.5204102239457927,0.05,0.1,0.022935180803494926,0.21906933095376568,0.03568263659465378,0.0005191600256711305,0.034750810722812116,6.957227224975913e-06,0.9998895139955893,0.04025564357274916,0.11368450225379913,0.0009843604570882803,0.002246187732894611,0.00046240675479048386,False,,5.0,5.0,1.3,4.3,0.01576273990885877,-0.010056439414952005,0,99,0.0004969614045467319,0.00048349084858507454,0,99,True
33,gain_matched,centered_confirmation-005,fixed_cadence,0.1,-0.5721576212767027,0.05,0.1,0.022946654347369234,0.21911566797025941,0.039252397314209805,0.0005191600256711305,0.04192961776817029,6.957227224975913e-06,1.093152849521579,0.04025564357274916,0.12505151398874942,0.0009843604570882803,0.00263963249798813,0.00046240675479048386,False,,5.0,5.0,1.5,4.5,0.017193245728477472,-0.011128024876976613,0,99,0.0004969614045467319,0.00048349084858507454,0,99,True
33,gain_matched,centered_confirmation-006,fixed_cadence,0.1,-0.5662041871326249,0.05,0.1,0.022945251972796094,0.21911007116833323,0.038839074070758074,0.0005191600256711305,0.04105293760819794,6.957227224975913e-06,1.0815466763042827,0.04025564357274916,0.12373434804264712,0.0009843604570882803,0.002814477912858415,0.00046240675479048386,False,,5.0,5.0,1.55,4.55,0.017012776122405763,-0.011018307408496446,0,99,0.0004969614045467319,0.00048349084858507454,0,99,True
33,gain_matched,centered_confirmation-007,fixed_cadence,0.1,-0.5264386179293323,0.05,0.1,0.022936488394711727,0.21907467600883923,0.036097983522598256,0.0005191600256711305,0.035556279797691784,6.957227224975913e-06,1.0109368891977684,0.04025564357274916,0.11500795233390453,0.0009843604570882803,0.002267324722036859,0.00046240675479048386,False,,5.0,5.0,1.3,4.3,0.015938873567595713,-0.01017923558425315,0,99,0.0004969614045467319,0.00048349084858507454,0,99,True
33,gain_matched,centered_confirmation-000,fixed_cadence,0.2,0.3541282217646782,0.049999999999999996,0.19999999999999998,0.030898507452227622,0.2588167298773702,0.028022966563574614,0.0005129319606178271,0.01968826174169015,4.475849926938619e-05,0.8369344647856789,0.06580031693674522,0.09120401012247713,0.0014700544199779256,0.002295450530157381,0.00044164236947384465,False,,5.0,5.0,1.65,4.65,-0.009462692610678692,0.008222287590995348,0,97,-0.00044629311407121217,-0.00043347204050358417,0,97,True
33,gain_matched,centered_confirmation-001,fixed_cadence,0.2,0.41565273311775136,0.049999999999999996,0.19999999999999998,0.030899705812652677,0.2587971078758892,0.03299929100415275,0.0005129319606178271,0.02719868069387223,4.475849926938619e-05,0.9721743844705061,0.06580031693674522,0.10737446500900953,0.0014700544199779256,0.0015380456847020052,0.00044164236947384465,False,,5.0,5.0,1.3,4.3,-0.011002726463173946,0.009645486276588032,0,97,-0.00044629311407121217,-0.00043347204050358417,0,97,True
33,gain_matched,centered_confirmation-002,fixed_cadence,0.2,-0.4933611177198613,0.049999999999999996,0.19999999999999998,0.03107421417402136,0.25923913122226566,0.03942877143054548,0.0005129319606178271,0.03774416886201846,4.475849926938619e-05,1.1379842712054389,0.06580031693674522,0.12822349951610673,0.0014700544199779256,0.0020080231725519574,0.00044164236947384465,False,,5.0,5.0,1.45,4.45,0.011965224998871362,-0.012531096855802093,0,97,-0.00044629311407121217,-0.00043347204050358417,0,97,True
33,gain_matched,centered_confirmation-003,fixed_cadence,0.2,-0.4314512128249486,0.049999999999999996,0.19999999999999998,0.03105019788934818,0.2591860652415432,0.034430099990938955,0.0005129319606178271,0.028805134365670556,4.475849926938619e-05,1.0030124869825674,0.06580031693674522,0.11198799743915243,0.0014700544199779256,0.0009067650218074823,0.00044164236947384465,False,,5.0,5.0,1.25,4.25,0.010433401288332917,-0.010979057862979315,0,97,-0.00044629311407121217,-0.00043347204050358417,0,97,True
33,gain_matched,centered_confirmation-004,fixed_cadence,0.2,-0.5204102239457927,0.049999999999999996,0.19999999999999998,0.031082520259635475,0.2592534497498378,0.04155222636424081,0.0005129319606178271,0.0418878852341838,4.475849926938619e-05,1.196748491327688,0.06580031693674522,0.13512180407171065,0.0014700544199779256,0.0012884636314640574,0.00044164236947384465,False,,5.0,5.0,1.3,4.3,0.012656153162250794,-0.013168137454081796,0,97,-0.00044629311407121217,-0.00043347204050358417,0,97,True
33,gain_matched,centered_confirmation-005,fixed_cadence,0.2,-0.5721576212767027,0.049999999999999996,0.19999999999999998,0.03110300703858751,0.2592991701346783,0.04574335586405047,0.0005129319606178271,0.05068834955344723,4.475849926938619e-05,1.3076736284302908,0.06580031693674522,0.14872187543106608,0.0014700544199779256,0.002734308218198199,0.00044164236947384465,False,,5.0,5.0,1.5,4.5,0.013944333280118678,-0.01448660831050452,0,97,-0.00044629311407121217,-0.00043347204050358417,0,97,True
33,gain_matched,centered_confirmation-006,fixed_cadence,0.2,-0.5662041871326249,0.049999999999999996,0.19999999999999998,0.031100657004840493,0.2592941319556793,0.04527823257338581,0.0005129319606178271,0.049656212013535726,4.475849926938619e-05,1.2943097509326766,0.06580031693674522,0.14720969705968118,0.0014700544199779256,0.003150337552402373,0.00044164236947384465,False,,5.0,5.0,1.55,4.55,0.013806489597501729,-0.014356746602643067,0,97,-0.00044629311407121217,-0.00043347204050358417,0,97,True
33,gain_matched,centered_confirmation-007,fixed_cadence,0.2,-0.5264386179293323,0.049999999999999996,0.19999999999999998,0.031084709783896068,0.25925803650130796,0.04203432459470044,0.0005129319606178271,0.042859132826423646,4.475849926938619e-05,1.2097771188313495,0.06580031693674522,0.1366871006514992,0.0014700544199779256,0.0013054712846563667,0.00044164236947384465,False,,5.0,5.0,1.3,4.3,0.012807325418906784,-0.01331624528855233,0,97,-0.00044629311407121217,-0.00043347204050358417,0,97,True
