population,tau,noise_tau,seed,coordinate,component,history_index,lag_seconds,native,weak,scalar,kernel,correction,weak_minus_native,scalar_minus_native
existing,0.2,0.01,11,0,position,0,0.5,-4.6952377945018517e-05,-0.00015813661422187482,-0.00015084251669832705,-4.695237794501852e-05,0.00010389013875330852,-0.0001111842362768563,-0.00010389013875330852
existing,0.2,0.01,11,1,velocity,0,0.5,0.0004456626289306249,0.0003038352899597718,0.0002898207984584391,0.0004456626289306249,0.0001558418304721858,-0.0001418273389708531,-0.0001558418304721858
existing,0.2,0.01,11,2,captured_action,0,0.5,0.00012158821089872966,1.082100131889917e-05,1.0321879472191694e-05,0.00012158821089872966,0.00011126633142653796,-0.00011076720957983049,-0.00011126633142653796
existing,0.2,0.01,11,3,position,1,0.45,-0.0007930670175969474,-0.0008965670816383388,-0.0008552126631056569,-0.0007930670175969474,6.214564550870952e-05,-0.00010350006404139141,-6.214564550870952e-05
existing,0.2,0.01,11,4,velocity,1,0.45,-0.00048300355958109584,-0.000621010900402833,-0.0005923665912210958,-0.00048300355958109584,0.00010936303163999999,-0.00013800734082173715,-0.00010936303163999999
existing,0.2,0.01,11,5,captured_action,1,0.45,2.6767492874048452e-05,-6.254359567557832e-05,-5.965875405571832e-05,2.676749287404845e-05,8.642624692976677e-05,-8.931108854962678e-05,-8.642624692976677e-05
existing,0.2,0.01,11,6,position,2,0.4,-0.0011866412994051766,-0.0012848526722912968,-0.0012255884674694175,-0.0011866412994051766,3.8947168064240806e-05,-9.821137288612016e-05,-3.8947168064240806e-05
existing,0.2,0.01,11,7,velocity,2,0.4,-0.0006873573135926832,-0.0008160922048422779,-0.0007784497135089629,-0.0006873573135926832,9.109239991627975e-05,-0.00012873489124959477,-9.109239991627975e-05
existing,0.2,0.01,11,8,captured_action,2,0.4,-8.81994755696465e-05,-0.00016780668298869606,-0.00016006655071859906,-8.81994755696465e-05,7.186707514895255e-05,-7.960720741904956e-05,-7.186707514895255e-05
existing,0.2,0.01,11,9,position,3,0.35000000000000003,-0.0016869676085206372,-0.001789901829252187,-0.0017073420845378853,-0.0016869676085206372,2.0374476017248058e-05,-0.00010293422073154985,-2.0374476017248058e-05
existing,0.2,0.01,11,10,velocity,3,0.35000000000000003,-0.001182929629003344,-0.001322215922820945,-0.0012612283271543772,-0.001182929629003344,7.829869815103316e-05,-0.00013928629381760086,-7.829869815103316e-05
existing,0.2,0.01,11,11,captured_action,3,0.35000000000000003,-0.00017994363772726182,-0.00025424868307918934,-0.00024252138830474065,-0.00017994363772726182,6.257775057747883e-05,-7.430504535192752e-05,-6.257775057747883e-05
existing,0.2,0.01,11,12,position,4,0.30000000000000004,-0.002562547077220661,-0.0026750523606214314,-0.002551664789090446,-0.002562547077220661,-1.0882288130214818e-05,-0.00011250528340077046,1.0882288130214818e-05
existing,0.2,0.01,11,13,velocity,4,0.30000000000000004,-0.0019695717724073254,-0.002128845135328033,-0.002030651531613802,-0.0019695717724073254,6.107975920647667e-05,-0.00015927336292070752,-6.107975920647667e-05
existing,0.2,0.01,11,14,captured_action,4,0.30000000000000004,-0.00036418622690021965,-0.00043887397691611153,-0.00041863078653338386,-0.00036418622690021965,5.44445596331642e-05,-7.468775001589188e-05,-5.44445596331642e-05
existing,0.2,0.01,11,15,position,5,0.25,-0.00343739493049763,-0.003569884690801123,-0.003405222716655216,-0.00343739493049763,-3.217221384241428e-05,-0.00013248976030349286,3.217221384241428e-05
existing,0.2,0.01,11,16,velocity,5,0.25,-0.0027751599045142445,-0.0029610104908850093,-0.0028244330170656934,-0.0027751599045142445,4.9273112551448915e-05,-0.00018585058637076487,-4.9273112551448915e-05
existing,0.2,0.01,11,17,captured_action,5,0.25,-0.0004190689614563347,-0.0004839911207753829,-0.00046166688895318353,-0.0004190689614563347,4.259792749684881e-05,-6.492215931904816e-05,-4.259792749684881e-05
existing,0.2,0.01,11,18,position,6,0.2,-0.005383363372840636,-0.005552354146623106,-0.005296250189737316,-0.005383363372840636,-8.711318310332047e-05,-0.00016899077378246946,8.711318310332047e-05
existing,0.2,0.01,11,19,velocity,6,0.2,-0.004329929840725259,-0.00456040180660679,-0.004350051941158918,-0.004329929840725259,2.0122100433658807e-05,-0.00023047196588153133,-2.0122100433658807e-05
existing,0.2,0.01,11,20,captured_action,6,0.2,-0.0007838581309769172,-0.0008587098273441603,-0.0008191015857241069,-0.0007838581309769172,3.524345474718979e-05,-7.485169636724319e-05,-3.524345474718979e-05
existing,0.2,0.01,11,21,position,7,0.15000000000000002,-0.008450116115206182,-0.008689771355251898,-0.0082889531131615,-0.008450116115206182,-0.00016116300204468276,-0.00023965524004571602,0.00016116300204468276
existing,0.2,0.01,11,22,velocity,7,0.15000000000000002,-0.007011949196922978,-0.007324313847260766,-0.006986477731584012,-0.007011949196922978,-2.5471465338966146e-05,-0.00031236465033778783,2.5471465338966146e-05
existing,0.2,0.01,11,23,captured_action,7,0.15000000000000002,-0.001273989413785371,-0.0013508970258983217,-0.001288586505974404,-0.001273989413785371,1.4597092189032974e-05,-7.690761211295058e-05,-1.4597092189032974e-05
existing,0.2,0.01,11,24,position,8,0.1,-0.013524997098867396,-0.013840377785624526,-0.01320198631741308,-0.013524997098867396,-0.00032301078145431476,-0.00031538068675713085,0.00032301078145431476
existing,0.2,0.01,11,25,velocity,8,0.1,-0.009660511570884484,-0.010020356637759426,-0.009558164760842182,-0.009660511570884484,-0.00010234681004230202,-0.00035984506687494235,0.00010234681004230202
existing,0.2,0.01,11,26,captured_action,8,0.1,-0.001642486037985549,-0.0017189380817551115,-0.0016396515606230083,-0.001642486037985549,-2.834477362540725e-06,-7.645204376956248e-05,2.834477362540725e-06
existing,0.2,0.01,11,27,position,9,0.05,-0.024099949659645042,-0.024574153100681503,-0.023440663110668992,-0.024099949659645042,-0.0006592865489760506,-0.00047420344103646025,0.0006592865489760506
existing,0.2,0.01,11,28,velocity,9,0.05,-0.01596946971401377,-0.016379846937487154,-0.015624321712853315,-0.01596946971401377,-0.00034514800116045366,-0.0004103772234733856,0.00034514800116045366
existing,0.2,0.01,11,29,captured_action,9,0.05,-0.0034335150352897957,-0.003522519761399877,-0.003360042508458156,-0.0034335150352897957,-7.347252683163972e-05,-8.900472611008152e-05,7.347252683163972e-05
existing,0.2,0.01,11,30,position,10,0.0,-0.12116512112841253,-0.12446846891169405,-0.11872732442522645,-0.12116512112841253,-0.0024377967031860848,-0.003303347783281521,0.0024377967031860848
existing,0.2,0.01,11,31,velocity,10,0.0,-0.1401100349634184,-0.1457929450262138,-0.13906820284996868,-0.1401100349634184,-0.0010418321134497144,-0.005682910062795393,0.0010418321134497144
existing,0.2,0.01,11,32,captured_action,10,0.0,-0.0071310361831606025,-0.006805407855108181,-0.006491506429894723,-0.0071310361831606025,-0.0006395297532658792,0.0003256283280524217,0.0006395297532658792
existing,0.2,0.01,11,33,held_action,,0.0,-0.02988201059817561,-0.02983532933128766,-0.028459166050820293,-0.02988201059817561,-0.0014228445473553168,4.668126688794905e-05,0.0014228445473553168
existing,0.2,0.01,22,0,position,0,0.5,-0.00034234232054485377,-0.0004526222252338676,-0.0004096305405586466,-0.00034234232054485377,6.728822001379281e-05,-0.00011027990468901383,-6.728822001379281e-05
existing,0.2,0.01,22,1,velocity,0,0.5,-0.00010992876920906577,-0.0002676696302142617,-0.00024224540732428176,-0.00010992876920906577,0.000132316638115216,-0.00015774086100519592,-0.000132316638115216
existing,0.2,0.01,22,2,captured_action,0,0.5,6.006833486505938e-05,4.109756417536252e-05,3.71939699163004e-05,6.006833486505938e-05,2.2874364948758982e-05,-1.8970770689696865e-05,-2.2874364948758982e-05
existing,0.2,0.01,22,3,position,1,0.45,-0.0008971495318541428,-0.001017722284703448,-0.0009210553666609042,-0.0008971495318541428,2.3905834806761325e-05,-0.00012057275284930525,-2.3905834806761325e-05
existing,0.2,0.01,22,4,velocity,1,0.45,-0.0005714299803564094,-0.0006798820479343258,-0.0006153044090301969,-0.0005714299803564094,4.38744286737875e-05,-0.00010845206757791645,-4.38744286737875e-05
existing,0.2,0.01,22,5,captured_action,1,0.45,-2.4425739678292423e-05,-2.136737169256193e-05,-1.9337821982160016e-05,-2.4425739678292423e-05,-5.087917696132407e-06,3.0583679857304935e-06,5.087917696132407e-06
existing,0.2,0.01,22,6,position,2,0.4,-0.001575152641678919,-0.0017182751508246664,-0.0015550672053214316,-0.001575152641678919,-2.008543635748745e-05,-0.00014312250914574735,2.008543635748745e-05
existing,0.2,0.01,22,7,velocity,2,0.4,-0.0006519765879992803,-0.0007175898755282997,-0.0006494306117208198,-0.0006519765879992803,-2.5459762784604822e-06,-6.561328752901943e-05,2.5459762784604822e-06
existing,0.2,0.01,22,8,captured_action,2,0.4,-0.0003054810868892376,-0.0002949216106796256,-0.0002669088968017432,-0.0003054810868892376,-3.8572190087494366e-05,1.0559476209611991e-05,3.8572190087494366e-05
existing,0.2,0.01,22,9,position,3,0.35000000000000003,-0.002156693745368422,-0.002317731484578772,-0.0020975850233762596,-0.002156693745368422,-5.910872199216223e-05,-0.0001610377392103502,5.910872199216223e-05
existing,0.2,0.01,22,10,velocity,3,0.35000000000000003,-0.0011586379816295549,-0.0012034471397304207,-0.0010891394078733428,-0.0011586379816295549,-6.949857375621211e-05,-4.480915810086577e-05,6.949857375621211e-05
existing,0.2,0.01,22,11,captured_action,3,0.35000000000000003,-0.00027633705134848014,-0.00025282835539857686,-0.0002288138100972848,-0.00027633705134848014,-4.7523241251195344e-05,2.3508695949903276e-05,4.7523241251195344e-05
existing,0.2,0.01,22,12,position,4,0.30000000000000004,-0.00286124345013815,-0.0030558242485470132,-0.0027655710855509926,-0.00286124345013815,-9.567236458715754e-05,-0.00019458079840886308,9.567236458715754e-05
existing,0.2,0.01,22,13,velocity,4,0.30000000000000004,-0.0014869233112172957,-0.001496837835135787,-0.0013546628012322968,-0.0014869233112172957,-0.00013226050998499882,-9.914523918491246e-06,0.00013226050998499882
existing,0.2,0.01,22,14,captured_action,4,0.30000000000000004,-0.0002227518962172676,-0.00019452751015909477,-0.00017605058854285177,-0.0002227518962172676,-4.6701307674415824e-05,2.8224386058172822e-05,4.6701307674415824e-05
existing,0.2,0.01,22,15,position,5,0.25,-0.003506950163895796,-0.0037436781308501144,-0.003388090135488489,-0.003506950163895796,-0.0001188600284073066,-0.00023672796695431864,0.0001188600284073066
existing,0.2,0.01,22,16,velocity,5,0.25,-0.0018494919197396143,-0.001810595270934039,-0.0016386184288286324,-0.0018494919197396143,-0.00021087349091098188,3.889664880557531e-05,0.00021087349091098188
existing,0.2,0.01,22,17,captured_action,5,0.25,-0.00019281099279948473,-0.00015787047273167266,-0.0001428753681945473,-0.00019281099279948473,-4.9935624604937435e-05,3.494052006781207e-05,4.9935624604937435e-05
existing,0.2,0.01,22,18,position,6,0.2,-0.00515089598820576,-0.00547619814944289,-0.004956049179872888,-0.00515089598820576,-0.00019484680833287225,-0.00032530216123712995,0.00019484680833287225
existing,0.2,0.01,22,19,velocity,6,0.2,-0.0029476097331516907,-0.0028392351578762414,-0.0025695544046539552,-0.0029476097331516907,-0.0003780553284977355,0.0001083745752754493,0.0003780553284977355
existing,0.2,0.01,22,20,captured_action,6,0.2,0.0004888086428265833,0.0005413688224724647,0.0004899476672326703,0.0004888086428265833,-1.139024406087005e-06,5.2560179645881394e-05,1.139024406087005e-06
existing,0.2,0.01,22,21,position,7,0.15000000000000002,-0.007340669298300418,-0.007809858994849251,-0.007068050536170465,-0.007340669298300418,-0.0002726187621299534,-0.00046918969654883257,0.0002726187621299534
existing,0.2,0.01,22,22,velocity,7,0.15000000000000002,-0.0036397224297101257,-0.0034310147632517253,-0.003105124657564734,-0.0036397224297101257,-0.0005345977721453918,0.00020870766645840044,0.0005345977721453918
existing,0.2,0.01,22,23,captured_action,7,0.15000000000000002,0.0005421277243795545,0.0005939648708525138,0.000537547954023793,0.0005421277243795545,4.579770355761493e-06,5.18371464729593e-05,-4.579770355761493e-06
existing,0.2,0.01,22,24,position,8,0.1,-0.011861726995117568,-0.012555738312398243,-0.011363149189952236,-0.011861726995117568,-0.000498577805165332,-0.0006940113172806753,0.000498577805165332
existing,0.2,0.01,22,25,velocity,8,0.1,-0.006580126263960986,-0.006234165699358892,-0.00564202224944007,-0.006580126263960986,-0.0009381040145209161,0.00034596056460209444,0.0009381040145209161
existing,0.2,0.01,22,26,captured_action,8,0.1,0.0012998012960266521,0.001362631865454721,0.0012332041965907614,0.0012998012960266521,6.659709943589078e-05,6.283056942806876e-05,-6.659709943589078e-05
existing,0.2,0.01,22,27,position,9,0.05,-0.0181540250118759,-0.0191535092142404,-0.017334240113751363,-0.0181540250118759,-0.000819784898124537,-0.0009994842023644986,0.000819784898124537
existing,0.2,0.01,22,28,velocity,9,0.05,-0.010256254507848865,-0.009709298199111774,-0.008787074182431581,-0.010256254507848865,-0.0014691803254172839,0.0005469563087370909,0.0014691803254172839
existing,0.2,0.01,22,29,captured_action,9,0.05,0.001925542092137166,0.002060393669617187,0.0018646900783822783,0.001925542092137166,6.0852013754887765e-05,0.0001348515774800209,-6.0852013754887765e-05
existing,0.2,0.01,22,30,position,10,0.0,-0.09091371842922838,-0.09674157410178152,-0.08755271191849094,-0.09091371842922838,-0.003361006510737438,-0.005827855672553145,0.003361006510737438
existing,0.2,0.01,22,31,velocity,10,0.0,-0.1368466555957548,-0.14574301472674311,-0.13189981971016884,-0.1368466555957548,-0.0049468358855859484,-0.008896359130988324,0.0049468358855859484
existing,0.2,0.01,22,32,captured_action,10,0.0,0.0017624221078697128,0.002022011911953536,0.0018299539579206092,0.0017624221078697128,-6.753185005089644e-05,0.00025958980408382314,6.753185005089644e-05
existing,0.2,0.01,22,33,held_action,,0.0,-0.018183621251388265,-0.012773318739464759,-0.01156006304655348,-0.018183621251388265,-0.006623558204834784,0.005410302511923506,0.006623558204834784
existing,0.2,0.01,33,0,position,0,0.5,1.5900589935150488e-05,0.00011456696184171356,0.00010416237128754281,1.5900589935150488e-05,-8.826178135239232e-05,9.866637190656308e-05,8.826178135239232e-05
existing,0.2,0.01,33,1,velocity,0,0.5,0.0002544553419107233,0.0004928610503221894,0.00044810104843101735,0.0002544553419107233,-0.00019364570652029403,0.00023840570841146606,0.00019364570652029403
existing,0.2,0.01,33,2,captured_action,0,0.5,-0.00023273220256410284,-0.00015839573090746577,-0.00014401075727171782,-0.00023273220256410284,-8.872144529238502e-05,7.433647165663707e-05,8.872144529238502e-05
existing,0.2,0.01,33,3,position,1,0.45,-0.00035319538436305283,-0.0002945576148444425,-0.000267806871630148,-0.00035319538436305283,-8.538851273290484e-05,5.863776951861035e-05,8.538851273290484e-05
existing,0.2,0.01,33,4,velocity,1,0.45,0.00011862427309398553,0.00031824043462440246,0.0002893388964599971,0.00011862427309398553,-0.00017071462336601157,0.00019961616153041693,0.00017071462336601157
existing,0.2,0.01,33,5,captured_action,1,0.45,4.7707890962412594e-05,0.00012485112818145887,0.0001135125638338321,4.7707890962412594e-05,-6.580467287141951e-05,7.714323721904628e-05,6.580467287141951e-05
existing,0.2,0.01,33,6,position,2,0.4,-0.000759240701986385,-0.0007251328798683543,-0.000659278722691517,-0.000759240701986385,-9.996197929486804e-05,3.410782211803079e-05,9.996197929486804e-05
existing,0.2,0.01,33,7,velocity,2,0.4,0.00019847122040964982,0.00039223464147421173,0.0003566131954648506,0.00019847122040964982,-0.0001581419750552008,0.00019376342106456191,0.0001581419750552008
existing,0.2,0.01,33,8,captured_action,2,0.4,0.00020291875754650685,0.00029687074042106633,0.0002699099268327455,0.00020291875754650685,-6.699116928623867e-05,9.395198287455949e-05,6.699116928623867e-05
existing,0.2,0.01,33,9,position,3,0.35000000000000003,-0.0011013625506180816,-0.0010761844993380817,-0.0009784490012821221,-0.0011013625506180816,-0.00012291354933595942,2.5178051279999827e-05,0.00012291354933595942
existing,0.2,0.01,33,10,velocity,3,0.35000000000000003,0.0003490845054490249,0.0005692575240842314,0.0005175594484543607,0.0003490845054490249,-0.00016847494300533577,0.0002201730186352065,0.00016847494300533577
existing,0.2,0.01,33,11,captured_action,3,0.35000000000000003,0.00043004242555201447,0.0005481345294140798,0.0004983547739289336,0.00043004242555201447,-6.831234837691917e-05,0.0001180921038620653,6.831234837691917e-05
existing,0.2,0.01,33,12,position,4,0.30000000000000004,-0.001632444958152431,-0.0016218764688285044,-0.0014745830404584701,-0.001632444958152431,-0.00015786191769396078,1.056848932392651e-05,0.00015786191769396078
existing,0.2,0.01,33,13,velocity,4,0.30000000000000004,0.0002754484160247451,0.0005231297121549437,0.000475620811035497,0.0002754484160247451,-0.0002001723950107519,0.0002476812961301986,0.0002001723950107519
existing,0.2,0.01,33,14,captured_action,4,0.30000000000000004,0.0006424634900188019,0.0007963513927356531,0.0007240294070125291,0.0006424634900188019,-8.156591699372718e-05,0.00015388790271685115,8.156591699372718e-05
existing,0.2,0.01,33,15,position,5,0.25,-0.0027146237919349705,-0.0027357366846937374,-0.00248728617495962,-0.0027146237919349705,-0.00022733761697535035,-2.1112892758766866e-05,0.00022733761697535035
existing,0.2,0.01,33,16,velocity,5,0.25,-0.000315767764802208,-8.930447062428836e-05,-8.119413552797633e-05,-0.000315767764802208,-0.00023457362927423167,0.00022646329417791964,0.00023457362927423167
existing,0.2,0.01,33,17,captured_action,5,0.25,0.0008768591598316063,0.0010500942109516935,0.0009547281461401596,0.0008768591598316063,-7.786898630855331e-05,0.0001732350511200872,7.786898630855331e-05
existing,0.2,0.01,33,18,position,6,0.2,-0.003965151206028427,-0.0040763329987299375,-0.0037061339890639786,-0.003965151206028427,-0.0002590172169644484,-0.00011118179270151046,0.0002590172169644484
existing,0.2,0.01,33,19,velocity,6,0.2,3.176843738731034e-05,0.00028153804801332705,0.0002559696985702628,3.176843738731034e-05,-0.00022420126118295248,0.0002497696106260167,0.00022420126118295248
existing,0.2,0.01,33,20,captured_action,6,0.2,0.0012797760345041789,0.0015194786289109345,0.0013814846319026729,0.0012797760345041789,-0.000101708597398494,0.00023970259440675564,0.000101708597398494
existing,0.2,0.01,33,21,position,7,0.15000000000000002,-0.0075896870998821845,-0.007880719168563357,-0.007165018456043875,-0.0075896870998821845,-0.0004246686438383095,-0.0002910320686811728,0.0004246686438383095
existing,0.2,0.01,33,22,velocity,7,0.15000000000000002,-0.0019293990901029128,-0.0018075796516176643,-0.0016434212776257236,-0.0019293990901029128,-0.00028597781247718924,0.00012181943848524855,0.00028597781247718924
existing,0.2,0.01,33,23,captured_action,7,0.15000000000000002,0.0025064963015116737,0.0028484856152069726,0.0025897956224792185,0.0025064963015116737,-8.329932096754486e-05,0.0003419893136952989,8.329932096754486e-05
existing,0.2,0.01,33,24,position,8,0.1,-0.012534970848038382,-0.013198937372053647,-0.012000253764679157,-0.012534970848038382,-0.0005347170833592246,-0.0006639665240152654,0.0005347170833592246
existing,0.2,0.01,33,25,velocity,8,0.1,-0.005794149366409632,-0.006005999506243887,-0.005460554600256453,-0.005794149366409632,-0.00033359476615317865,-0.00021185013983425482,0.00033359476615317865
existing,0.2,0.01,33,26,captured_action,8,0.1,0.003380759825980231,0.003842934458999954,0.0034939319286923895,0.003380759825980231,-0.00011317210271215858,0.0004621746330197231,0.00011317210271215858
existing,0.2,0.01,33,27,position,9,0.05,-0.0190241950219189,-0.020281325963457334,-0.018439443372235343,-0.0190241950219189,-0.0005847516496835584,-0.0012571309415384327,0.0005847516496835584
existing,0.2,0.01,33,28,velocity,9,0.05,-0.01122969550347543,-0.011950901981067654,-0.010865560798346654,-0.01122969550347543,-0.00036413470512877515,-0.0007212064775922247,0.00036413470512877515
existing,0.2,0.01,33,29,captured_action,9,0.05,0.0048884461904942595,0.0055653026766774305,0.005059880391491404,0.0048884461904942595,-0.0001714342009971441,0.000676856486183171,0.0001714342009971441
existing,0.2,0.01,33,30,position,10,0.0,-0.08630061767426901,-0.09404297778159812,-0.08550230722018114,-0.08630061767426901,-0.0007983104540878749,-0.007742360107329108,0.0007983104540878749
existing,0.2,0.01,33,31,velocity,10,0.0,-0.14459262700285766,-0.15796704706980838,-0.1436210050748783,-0.14459262700285766,-0.0009716219279793659,-0.01337442006695072,0.0009716219279793659
existing,0.2,0.01,33,32,captured_action,10,0.0,0.004118588745720617,0.004643387636399052,0.004221690609923131,0.004118588745720617,-0.00010310186420251465,0.0005247988906784355,0.00010310186420251465
existing,0.2,0.01,33,33,held_action,,0.0,-0.021516450358244427,-0.022163572563752145,-0.020150750594517278,-0.021516450358244427,-0.001365699763727149,-0.0006471222055077185,0.001365699763727149
existing,0.2,0.05,11,0,position,0,0.5,0.00010222085664131057,-9.957827733919871e-06,-9.36876611286592e-06,0.00010222085664131057,0.00011158962275417649,-0.00011217868437523045,-0.00011158962275417649
existing,0.2,0.05,11,1,velocity,0,0.5,0.0009156157160672697,0.0007798740956997067,0.0007337401484869028,0.0009156157160672697,0.0001818755675803669,-0.00013574162036756297,-0.0001818755675803669
existing,0.2,0.05,11,2,captured_action,0,0.5,8.599583741216762e-05,4.0900113995589394e-05,3.84806417878643e-05,8.599583741216762e-05,4.7515195624303325e-05,-4.509572341657823e-05,-4.7515195624303325e-05
existing,0.2,0.05,11,3,position,1,0.45,-0.0007195808696518256,-0.000866556968877565,-0.0008152952412736794,-0.0007195808696518256,9.571437162185373e-05,-0.00014697609922573933,-9.571437162185373e-05
existing,0.2,0.05,11,4,velocity,1,0.45,-3.8567567223606936e-05,-0.00019293329833916235,-0.0001815202065974944,-3.8567567223606936e-05,0.00014295263937388748,-0.00015436573111555542,-0.00014295263937388748
existing,0.2,0.05,11,5,captured_action,1,0.45,0.00011624283017470063,7.272446977638838e-05,6.842240759963039e-05,0.00011624283017470063,4.7820422575070245e-05,-4.351836039831225e-05,-4.7820422575070245e-05
existing,0.2,0.05,11,6,position,2,0.4,-0.001108543689667105,-0.0012599838552456038,-0.0011854487104223448,-0.001108543689667105,7.690502075523992e-05,-0.0001514401655784989,-7.690502075523992e-05
existing,0.2,0.05,11,7,velocity,2,0.4,-0.0002956134165939124,-0.00045779634981821715,-0.0004307151161252593,-0.0002956134165939124,0.0001351016995313469,-0.00016218293322430477,-0.0001351016995313469
existing,0.2,0.05,11,8,captured_action,2,0.4,6.044497231358013e-05,1.4642297275446826e-05,1.3776122884856792e-05,6.044497231358013e-05,4.6668849428723345e-05,-4.580267503813331e-05,-4.6668849428723345e-05
existing,0.2,0.05,11,9,position,3,0.35000000000000003,-0.0016133490965517345,-0.001789110546516161,-0.0016832745763692193,-0.0016133490965517345,6.992547981748477e-05,-0.00017576144996442659,-6.992547981748477e-05
existing,0.2,0.05,11,10,velocity,3,0.35000000000000003,-0.0007475590697554662,-0.0009309337846285841,-0.0008758638056210905,-0.0007475590697554662,0.00012830473586562428,-0.00018337471487311788,-0.00012830473586562428
existing,0.2,0.05,11,11,captured_action,3,0.35000000000000003,3.957335010824051e-05,-1.1847877316114335e-05,-1.1147008612179512e-05,3.957335010824051e-05,5.072035872042002e-05,-5.142122742435484e-05,-5.072035872042002e-05
existing,0.2,0.05,11,12,position,4,0.30000000000000004,-0.0025182316175400405,-0.0027283343903139984,-0.002566938037446689,-0.0025182316175400405,4.870641990664844e-05,-0.00021010277277395788,-4.870641990664844e-05
existing,0.2,0.05,11,13,velocity,4,0.30000000000000004,-0.0014500419154133098,-0.00166542108730673,-0.0015669020456401841,-0.0014500419154133098,0.0001168601302268743,-0.0002153791718934202,-0.0001168601302268743
existing,0.2,0.05,11,14,captured_action,4,0.30000000000000004,-5.066973582022279e-05,-0.00010680418187534495,-0.00010048611269480232,-5.066973582022279e-05,4.981637687457952e-05,-5.6134446055122155e-05,-4.981637687457952e-05
existing,0.2,0.05,11,15,position,5,0.25,-0.0033695662591988183,-0.0036252513005904674,-0.003410797258512644,-0.0033695662591988183,4.123099931382587e-05,-0.0002556850413916491,-4.123099931382587e-05
existing,0.2,0.05,11,16,velocity,5,0.25,-0.0022366938364383636,-0.0024935697727684752,-0.0023460610698859525,-0.0022366938364383636,0.00010936723344758892,-0.0002568759363301117,-0.00010936723344758892
existing,0.2,0.05,11,17,captured_action,5,0.25,-6.098612386857148e-05,-0.00011973745271996409,-0.00011265430769227561,-6.098612386857148e-05,5.166818382370413e-05,-5.875132885139261e-05,-5.166818382370413e-05
existing,0.2,0.05,11,18,position,6,0.2,-0.005237738481938058,-0.005570257116080711,-0.005240745020253947,-0.005237738481938058,3.0065383158891026e-06,-0.0003325186341426537,-3.0065383158891026e-06
existing,0.2,0.05,11,19,velocity,6,0.2,-0.003559750147616569,-0.0038969931307799932,-0.0036664640282294578,-0.003559750147616569,0.00010671388061288863,-0.0003372429831634241,-0.00010671388061288863
existing,0.2,0.05,11,20,captured_action,6,0.2,-0.00024343586621918258,-0.000314888352670325,-0.00029626093226987454,-0.00024343586621918258,5.282506605069196e-05,-7.145248645114242e-05,-5.282506605069196e-05
existing,0.2,0.05,11,21,position,7,0.15000000000000002,-0.008126669720870916,-0.008600162988703655,-0.008091414887529208,-0.008126669720870916,-3.525483334170833e-05,-0.0004734932678327388,3.525483334170833e-05
existing,0.2,0.05,11,22,velocity,7,0.15000000000000002,-0.006026777456033456,-0.006495077639495106,-0.00611085719850881,-0.006026777456033456,8.407974247535369e-05,-0.00046830018346165,-8.407974247535369e-05
existing,0.2,0.05,11,23,captured_action,7,0.15000000000000002,-0.0005032810042355652,-0.0005949313774237002,-0.0005597378341163276,-0.0005032810042355652,5.645682988076239e-05,-9.1650373188135e-05,-5.645682988076239e-05
existing,0.2,0.05,11,24,position,8,0.1,-0.012901737508125302,-0.01351565516496743,-0.01271612800364066,-0.012901737508125302,-0.00018560950448464134,-0.0006139176568421278,0.00018560950448464134
existing,0.2,0.05,11,25,velocity,8,0.1,-0.008811131277609558,-0.009379331470110492,-0.008824491162784675,-0.008811131277609558,1.3359885175116479e-05,-0.0005682001925009332,-1.3359885175116479e-05
existing,0.2,0.05,11,26,captured_action,8,0.1,-0.00067260137964565,-0.0007669882874023969,-0.0007216166083596225,-0.00067260137964565,4.9015228713972475e-05,-9.438690775674695e-05,-4.9015228713972475e-05
existing,0.2,0.05,11,27,position,9,0.05,-0.02306223389025105,-0.024022707536562698,-0.022601629022080086,-0.02306223389025105,-0.00046060486817096555,-0.0009604736463116464,0.00046060486817096555
existing,0.2,0.05,11,28,velocity,9,0.05,-0.015274158761524114,-0.016110334683765173,-0.015157317608342769,-0.015274158761524114,-0.00011684115318134555,-0.0008361759222410593,0.00011684115318134555
existing,0.2,0.05,11,29,captured_action,9,0.05,-0.0017090661300755822,-0.0018157954511148588,-0.001708380918496201,-0.0017090661300755822,-6.852115793812372e-07,-0.00010672932103927661,6.852115793812372e-07
existing,0.2,0.05,11,30,position,10,0.0,-0.12566440342421678,-0.13039881871125225,-0.12268499381027322,-0.12566440342421678,-0.002979409613943565,-0.0047344152870354705,0.002979409613943565
existing,0.2,0.05,11,31,velocity,10,0.0,-0.14310424501119448,-0.14910766668899728,-0.14028710800909555,-0.14310424501119448,-0.0028171370020989295,-0.006003421677802795,0.0028171370020989295
existing,0.2,0.05,11,32,captured_action,10,0.0,-0.007487934427213219,-0.007119789191635117,-0.006698613542200978,-0.007487934427213219,-0.000789320885012241,0.0003681452355781016,0.000789320885012241
existing,0.2,0.05,11,33,held_action,,0.0,-0.030133991953299948,-0.028971012299401275,-0.027257213675377336,-0.030133991953299948,-0.002876778277922612,0.0011629796538986728,0.002876778277922612
existing,0.2,0.05,22,0,position,0,0.5,-0.0002387835441119472,-0.0002671994773371765,-0.0002390618282268762,-0.0002387835441119472,2.782841149289979e-07,-2.8415933225229276e-05,-2.782841149289979e-07
existing,0.2,0.05,22,1,velocity,0,0.5,0.00022314484980873856,0.0003279117296068174,0.00029338072947620995,0.00022314484980873856,-7.023587966747139e-05,0.00010476687979807885,7.023587966747139e-05
existing,0.2,0.05,22,2,captured_action,0,0.5,0.00019666208516949446,0.0003004421449457774,0.00026880385082680134,0.00019666208516949446,-7.214176565730688e-05,0.00010378005977628292,7.214176565730688e-05
existing,0.2,0.05,22,3,position,1,0.45,-0.0007745300250108418,-0.0007777215115592526,-0.0006958229419367816,-0.0007745300250108418,-7.870708307406013e-05,-3.1914865484108717e-06,7.870708307406013e-05
existing,0.2,0.05,22,4,velocity,1,0.45,-0.0003543117955287773,-0.00023285666175353547,-0.00020833550959144158,-0.0003543117955287773,-0.0001459762859373357,0.00012145513377524183,0.0001459762859373357
existing,0.2,0.05,22,5,captured_action,1,0.45,7.22781341740269e-05,0.00019675064533881655,0.0001760316653619852,7.22781341740269e-05,-0.0001037535311879583,0.00012447251116478965,0.0001037535311879583
existing,0.2,0.05,22,6,position,2,0.4,-0.0014576067077120573,-0.0014508537404562321,-0.0012980704570974507,-0.0014576067077120573,-0.0001595362506146066,6.752967255825191e-06,0.0001595362506146066
existing,0.2,0.05,22,7,velocity,2,0.4,-0.0003957311605742067,-0.0002305639173065089,-0.0002062842043844649,-0.0003957311605742067,-0.00018944695618974177,0.0001651672432676978,0.00018944695618974177
existing,0.2,0.05,22,8,captured_action,2,0.4,-0.0002494402233266524,-0.00011190619405595609,-0.0001001218251155848,-0.0002494402233266524,-0.0001493183982110676,0.0001375340292706963,0.0001493183982110676
existing,0.2,0.05,22,9,position,3,0.35000000000000003,-0.0020685468711813954,-0.002053835952255285,-0.001837555157357794,-0.0020685468711813954,-0.0002309917138236014,1.4710918926110362e-05,0.0002309917138236014
existing,0.2,0.05,22,10,velocity,3,0.35000000000000003,-0.0009053571714276439,-0.0007247545506519635,-0.0006484337081092787,-0.0009053571714276439,-0.00025692346331836517,0.0001806026207756804,0.00025692346331836517
existing,0.2,0.05,22,11,captured_action,3,0.35000000000000003,-0.00025720555846796094,-0.00010212309864321846,-9.136894618635038e-05,-0.00025720555846796094,-0.00016583661228161055,0.00015508245982474248,0.00016583661228161055
existing,0.2,0.05,22,12,position,4,0.30000000000000004,-0.0028218731497362867,-0.0028004256286333026,-0.002505524626268907,-0.0028218731497362867,-0.00031634852346737984,2.1447521102984073e-05,0.00031634852346737984
existing,0.2,0.05,22,13,velocity,4,0.30000000000000004,-0.0012309481116207187,-0.0010056420612112012,-0.0008997421405567423,-0.0012309481116207187,-0.0003312059710639764,0.00022530605040951748,0.0003312059710639764
existing,0.2,0.05,22,14,captured_action,4,0.30000000000000004,-0.00019095295479466584,-2.1259610725462858e-05,-1.902085085670835e-05,-0.00019095295479466584,-0.0001719321039379575,0.00016969334406920298,0.0001719321039379575
existing,0.2,0.05,22,15,position,5,0.25,-0.003564843248922311,-0.003566057107183241,-0.0031905306855405974,-0.003564843248922311,-0.0003743125633817136,-1.213858260930116e-06,0.0003743125633817136
existing,0.2,0.05,22,16,velocity,5,0.25,-0.0016180776922623814,-0.001335862653982777,-0.0011951885965635332,-0.0016180776922623814,-0.00042288909569884823,0.00028221503827960447,0.00042288909569884823
existing,0.2,0.05,22,17,captured_action,5,0.25,-4.355693045123693e-05,0.00014854642706369815,0.00013290362984357944,-4.355693045123693e-05,-0.00017646056029481638,0.00019210335751493508,0.00017646056029481638
existing,0.2,0.05,22,18,position,6,0.2,-0.0051229556912534766,-0.005121971006348307,-0.004582597859491824,-0.0051229556912534766,-0.0005403578317616526,9.84684905169786e-07,0.0005403578317616526
existing,0.2,0.05,22,19,velocity,6,0.2,-0.0025869099215523653,-0.0021949604955613425,-0.001963818470694504,-0.0025869099215523653,-0.0006230914508578611,0.0003919494259910228,0.0006230914508578611
existing,0.2,0.05,22,20,captured_action,6,0.2,0.0006148957811671965,0.0008583224101416846,0.0007679361001056143,0.0006148957811671965,-0.0001530403189384178,0.0002434266289744881,0.0001530403189384178
existing,0.2,0.05,22,21,position,7,0.15000000000000002,-0.0074038334293094355,-0.007433760371227454,-0.006650942444410532,-0.0074038334293094355,-0.0007528909848989037,-2.992694191801884e-05,0.0007528909848989037
existing,0.2,0.05,22,22,velocity,7,0.15000000000000002,-0.003183906108558514,-0.0026356303569194557,-0.002358083249018968,-0.003183906108558514,-0.0008258228595395458,0.0005482757516390583,0.0008258228595395458
existing,0.2,0.05,22,23,captured_action,7,0.15000000000000002,0.0009067477883439715,0.0011809774594119915,0.0010566137080631219,0.0009067477883439715,-0.00014986591971915034,0.0002742296710680199,0.00014986591971915034
existing,0.2,0.05,22,24,position,8,0.1,-0.011863651775221393,-0.012046147721319941,-0.010777618751535972,-0.011863651775221393,-0.0010860330236854218,-0.000182495946098548,0.0010860330236854218
existing,0.2,0.05,22,25,velocity,8,0.1,-0.005503987416447923,-0.004774518137107058,-0.004271733785313001,-0.005503987416447923,-0.001232253631134922,0.0007294692793408655,0.001232253631134922
existing,0.2,0.05,22,26,captured_action,8,0.1,0.002059994038753378,0.0024267138654930857,0.0021711668714689152,0.002059994038753378,-0.00011117283271553724,0.00036671982673970767,0.00011117283271553724
existing,0.2,0.05,22,27,position,9,0.05,-0.01722276565625656,-0.017451181651539128,-0.015613471373193464,-0.01722276565625656,-0.0016092942830630962,-0.00022841599528256734,0.0016092942830630962
existing,0.2,0.05,22,28,velocity,9,0.05,-0.007909590464823082,-0.0068810051144091895,-0.0061563955105097545,-0.007909590464823082,-0.0017531949543133276,0.0010285853504138926,0.0017531949543133276
existing,0.2,0.05,22,29,captured_action,9,0.05,0.003221509992528208,0.0037239824979356873,0.0033318256199954366,0.003221509992528208,-0.0001103156274672285,0.0005024725054074792,0.0001103156274672285
existing,0.2,0.05,22,30,position,10,0.0,-0.09365089141907257,-0.10026561874866494,-0.08970706965907602,-0.09365089141907257,-0.003943821759996552,-0.006614727329592368,0.003943821759996552
existing,0.2,0.05,22,31,velocity,10,0.0,-0.14420694069421974,-0.15497620911205634,-0.13865631868451303,-0.14420694069421974,-0.005550622009706713,-0.010769268417836597,0.005550622009706713
existing,0.2,0.05,22,32,captured_action,10,0.0,0.0016792075149384099,0.003224740994952671,0.002885157132394889,0.0016792075149384099,-0.0012059496174564792,0.001545533480014261,0.0012059496174564792
existing,0.2,0.05,22,33,held_action,,0.0,-0.020219204569805947,-0.01522187809496495,-0.013618926364279443,-0.020219204569805947,-0.006600278205526503,0.004997326474840996,0.006600278205526503
existing,0.2,0.05,33,0,position,0,0.5,-0.0004558176172036145,-0.0004668174855497502,-0.0004274842179319697,-0.0004558176172036145,-2.833339927164484e-05,-1.09998683461357e-05,2.833339927164484e-05
existing,0.2,0.05,33,1,velocity,0,0.5,0.00038158995784047566,0.0006180605428043011,0.0005659837858561695,0.00038158995784047566,-0.0001843938280156938,0.00023647058496382544,0.0001843938280156938
existing,0.2,0.05,33,2,captured_action,0,0.5,-0.0002999762626480003,-0.00021868305170126947,-0.00020025718021552308,-0.0002999762626480003,-9.97190824324772e-05,8.129321094673081e-05,9.97190824324772e-05
existing,0.2,0.05,33,3,position,1,0.45,-0.0009503136759365663,-0.000995662916032931,-0.0009117700089639019,-0.0009503136759365663,-3.854366697266442e-05,-4.534924009636464e-05,3.854366697266442e-05
existing,0.2,0.05,33,4,velocity,1,0.45,0.00010818272107357288,0.00030065293426997594,0.0002753204163378651,0.00010818272107357288,-0.0001671376952642922,0.00019247021319640306,0.0001671376952642922
existing,0.2,0.05,33,5,captured_action,1,0.45,-1.8550518358729384e-05,6.352601758178163e-05,5.817342062990555e-05,-1.8550518358729377e-05,-7.672393898863492e-05,8.207653594051101e-05,7.672393898863492e-05
existing,0.2,0.05,33,6,position,2,0.4,-0.0015542928696796825,-0.0016397829059739398,-0.0015016175161326009,-0.0015542928696796825,-5.267535354708166e-05,-8.549003629425723e-05,5.267535354708166e-05
existing,0.2,0.05,33,7,velocity,2,0.4,8.03851243408848e-05,0.0002517154783743265,0.00023050634936585477,8.03851243408848e-05,-0.00015012122502496998,0.0001713303540334417,0.00015012122502496998
existing,0.2,0.05,33,8,captured_action,2,0.4,0.00010333557159524013,0.00019851505363237127,0.0001817885042369803,0.00010333557159524013,-7.845293264174016e-05,9.517948203713114e-05,7.845293264174016e-05
existing,0.2,0.05,33,9,position,3,0.35000000000000003,-0.0021304469396157804,-0.0022412934331460703,-0.0020524457632433686,-0.0021304469396157804,-7.800117637241175e-05,-0.00011084649353028993,7.800117637241175e-05
existing,0.2,0.05,33,10,velocity,3,0.35000000000000003,3.456175328122896e-05,0.00021838371831581292,0.00019998306816500268,3.456175328122896e-05,-0.00016542131488377372,0.00018382196503458396,0.00016542131488377372
existing,0.2,0.05,33,11,captured_action,3,0.35000000000000003,0.00034796999260568135,0.00046634907657831727,0.00042705527632411726,0.00034796999260568135,-7.90852837184359e-05,0.00011837908397263592,7.90852837184359e-05
existing,0.2,0.05,33,12,position,4,0.30000000000000004,-0.0027636399609693974,-0.0028881936588543307,-0.002644839248121601,-0.0027636399609693974,-0.00011880071284779649,-0.00012455369788493334,0.00011880071284779649
existing,0.2,0.05,33,13,velocity,4,0.30000000000000004,-0.0003224600527739354,-0.00013180978122453156,-0.00012070370752328612,-0.0003224600527739354,-0.0002017563452506493,0.00019065027154940384,0.0002017563452506493
existing,0.2,0.05,33,14,captured_action,4,0.30000000000000004,0.000586325052832762,0.0007256497330344214,0.0006645076892384375,0.000586325052832762,-7.818263640567555e-05,0.00013932468020165945,7.818263640567555e-05
existing,0.2,0.05,33,15,position,5,0.25,-0.003906724751824632,-0.004067080708371965,-0.003724395228762915,-0.003906724751824632,-0.00018232952306171737,-0.0001603559565473327,0.00018232952306171737
existing,0.2,0.05,33,16,velocity,5,0.25,-0.001283979165362317,-0.0011414325635847786,-0.0010452573476151862,-0.001283979165362317,-0.00023872181774713076,0.0001425466017775383,0.00023872181774713076
existing,0.2,0.05,33,17,captured_action,5,0.25,0.0008950989347875554,0.001048789694798601,0.0009604204134043905,0.0008950989347875554,-6.53214786168351e-05,0.0001536907600110457,6.53214786168351e-05
existing,0.2,0.05,33,18,position,6,0.2,-0.0055387865469918324,-0.005816176137678231,-0.005326114776189092,-0.0055387865469918324,-0.00021267177080274043,-0.0002773895906863985,0.00021267177080274043
existing,0.2,0.05,33,19,velocity,6,0.2,-0.001448872703731113,-0.0013339640658042934,-0.0012215664645640737,-0.001448872703731113,-0.0002273062391670393,0.0001149086379268196,0.0002273062391670393
existing,0.2,0.05,33,20,captured_action,6,0.2,0.0012920166307969028,0.001497544348269915,0.0013713637435510762,0.0012920166307969028,-7.934711275417341e-05,0.00020552771747301226,7.934711275417341e-05
existing,0.2,0.05,33,21,position,7,0.15000000000000002,-0.009074483460306829,-0.009521931744757257,-0.00871962955782501,-0.009074483460306829,-0.0003548539024818189,-0.0004474482844504281,0.0003548539024818189
existing,0.2,0.05,33,22,velocity,7,0.15000000000000002,-0.0037824514992580403,-0.0038299367449993716,-0.0035072326226959303,-0.0037824514992580403,-0.00027521887656211004,-4.748524574133125e-05,0.00027521887656211004
existing,0.2,0.05,33,23,captured_action,7,0.15000000000000002,0.0024908296796460148,0.002782545756857047,0.002548093063243209,0.0024908296796460148,-5.7263383597194045e-05,0.0002917160772110323,5.7263383597194045e-05
existing,0.2,0.05,33,24,position,8,0.1,-0.013147931279080951,-0.013863919289816572,-0.01269576842885327,-0.013147931279080951,-0.00045216285022768067,-0.0007159880107356215,0.00045216285022768067
existing,0.2,0.05,33,25,velocity,8,0.1,-0.0072067694834516225,-0.007528163348011435,-0.006893852781668814,-0.0072067694834516225,-0.00031291670178280884,-0.0003213938645598123,0.00031291670178280884
existing,0.2,0.05,33,26,captured_action,8,0.1,0.003687942459667119,0.004068037055243981,0.0037252709954325677,0.003687942459667119,-3.73285357654486e-05,0.0003800945955768622,3.73285357654486e-05
existing,0.2,0.05,33,27,position,9,0.05,-0.017320246216828542,-0.018320948012458167,-0.016777255298512768,-0.017320246216828542,-0.0005429909183157743,-0.0010007017956296244,0.0005429909183157743
existing,0.2,0.05,33,28,velocity,9,0.05,-0.010871419662605426,-0.011486743342313716,-0.010518889386697837,-0.010871419662605426,-0.00035253027590758865,-0.0006153236797082906,0.00035253027590758865
existing,0.2,0.05,33,29,captured_action,9,0.05,0.0051127275616278806,0.0055895444490906875,0.005118578698057068,0.0051127275616278806,-5.851136429187685e-06,0.00047681688746280693,5.851136429187685e-06
existing,0.2,0.05,33,30,position,10,0.0,-0.08209938039953413,-0.08874748063901226,-0.08126976501259954,-0.08209938039953413,-0.0008296153869345874,-0.006648100239478136,0.0008296153869345874
existing,0.2,0.05,33,31,velocity,10,0.0,-0.1457417033246672,-0.15790564560974105,-0.14460077762731746,-0.1457417033246672,-0.0011409256973497484,-0.012163942285073837,0.0011409256973497484
existing,0.2,0.05,33,32,captured_action,10,0.0,0.0022360070425089047,0.0024183598291322404,0.0022145928381778904,0.0022360070425089047,2.141420433101433e-05,0.0001823527866233357,-2.141420433101433e-05
existing,0.2,0.05,33,33,held_action,,0.0,-0.019874924681477682,-0.01983376962812488,-0.0181626090722307,-0.019874924681477682,-0.0017123156092469817,4.1155053352802395e-05,0.0017123156092469817
existing,0.2,0.2,11,0,position,0,0.5,3.9129217125383615e-05,-2.7500441390360342e-05,-2.6118483884947952e-05,3.9129217125383615e-05,6.524770101033156e-05,-6.662965851574396e-05,-6.524770101033156e-05
existing,0.2,0.2,11,1,velocity,0,0.5,0.0008887361150201112,0.0007759825933708279,0.000736987765842202,0.0008887361150201112,0.0001517483491779092,-0.00011275352164928328,-0.0001517483491779092
existing,0.2,0.2,11,2,captured_action,0,0.5,7.61525345660899e-05,3.785567200601996e-05,3.595334144671894e-05,7.61525345660899e-05,4.0199193119370965e-05,-3.829686256006995e-05,-4.0199193119370965e-05
existing,0.2,0.2,11,3,position,1,0.45,-0.0007409800925621768,-0.00082900476782679,-0.0007873454597211947,-0.0007409800925621768,4.636536715901785e-05,-8.802467526461324e-05,-4.636536715901785e-05
existing,0.2,0.2,11,4,velocity,1,0.45,-0.00011577765351113446,-0.00025076610910310776,-0.0002381645620348641,-0.00011577765351113446,0.00012238690852372963,-0.0001349884555919733,-0.00012238690852372963
existing,0.2,0.2,11,5,captured_action,1,0.45,0.00012420902434679,9.476541424187761e-05,9.000324429681692e-05,0.00012420902434679,3.420578004997309e-05,-2.94436101049124e-05,-3.420578004997309e-05
existing,0.2,0.2,11,6,position,2,0.4,-0.0011462347665689924,-0.0012341196886935632,-0.0011721024671457994,-0.0011462347665689924,2.5867700576807017e-05,-8.788492212457081e-05,-2.5867700576807017e-05
existing,0.2,0.2,11,7,velocity,2,0.4,-0.0004221034819864162,-0.0005595522881471991,-0.0005314335582221313,-0.0004221034819864162,0.00010933007623571505,-0.00013744880616078285,-0.00010933007623571505
existing,0.2,0.2,11,8,captured_action,2,0.4,0.00013300638297508434,0.00010037865073127665,9.533440333931001e-05,0.00013300638297508434,3.767197963577433e-05,-3.262773224380769e-05,-3.767197963577433e-05
existing,0.2,0.2,11,9,position,3,0.35000000000000003,-0.0016077694594959476,-0.0017079117414524779,-0.001622085429933364,-0.0016077694594959476,1.4315970437416394e-05,-0.00010014228195653029,-1.4315970437416394e-05
existing,0.2,0.2,11,10,velocity,3,0.35000000000000003,-0.0008583267882404952,-0.0010126867520287945,-0.0009617970212883836,-0.0008583267882404952,0.00010347023304788842,-0.00015435996378829935,-0.00010347023304788842
existing,0.2,0.2,11,11,captured_action,3,0.35000000000000003,0.0001288824185528127,9.269633504877106e-05,8.803814087193961e-05,0.0001288824185528127,4.084427768087308e-05,-3.6186083504041635e-05,-4.084427768087308e-05
existing,0.2,0.2,11,12,position,4,0.30000000000000004,-0.0024425955757567154,-0.0025605913431343903,-0.0024319160111748476,-0.0024425955757567154,-1.0679564581867786e-05,-0.00011799576737767494,1.0679564581867786e-05
existing,0.2,0.2,11,13,velocity,4,0.30000000000000004,-0.0015735580029581939,-0.0017570411332380447,-0.0016687459620104387,-0.0015735580029581939,9.518795905224479e-05,-0.00018348313027985084,-9.518795905224479e-05
existing,0.2,0.2,11,14,captured_action,4,0.30000000000000004,4.637363461069791e-05,7.697215696920344e-06,7.310413723375812e-06,4.637363461069791e-05,3.90632208873221e-05,-3.867641891377757e-05,-3.90632208873221e-05
existing,0.2,0.2,11,15,position,5,0.25,-0.003300370835887649,-0.003447441963734978,-0.003274200442676077,-0.003300370835887649,-2.6170393211572083e-05,-0.000147071127847329,2.6170393211572083e-05
existing,0.2,0.2,11,16,velocity,5,0.25,-0.0023540512861993136,-0.0025747127983719443,-0.0024453278323095934,-0.0023540512861993136,9.127654611027977e-05,-0.00022066151217263073,-9.127654611027977e-05
existing,0.2,0.2,11,17,captured_action,5,0.25,1.5788942329224233e-05,-2.3319831213221965e-05,-2.2147958539885215e-05,1.5788942329224236e-05,3.793690086910945e-05,-3.9108773542446195e-05,-3.793690086910945e-05
existing,0.2,0.2,11,18,position,6,0.2,-0.005064736364733208,-0.005260558725110894,-0.0049962041095017815,-0.005064736364733208,-6.853225523142676e-05,-0.00019582236037768604,6.853225523142676e-05
existing,0.2,0.2,11,19,velocity,6,0.2,-0.003775233639050449,-0.004066692854108684,-0.0038623326174067234,-0.003775233639050449,8.709897835627433e-05,-0.0002914592150582351,-8.709897835627433e-05
existing,0.2,0.2,11,20,captured_action,6,0.2,-0.00014964438512848124,-0.00020224593476311596,-0.00019208263289033207,-0.00014964438512848124,4.243824776185083e-05,-5.260154963463473e-05,-4.243824776185083e-05
existing,0.2,0.2,11,21,position,7,0.15000000000000002,-0.007651345422351466,-0.007934980109239358,-0.007536229952410778,-0.007651345422351466,-0.00011511546994068776,-0.00028363468688789254,0.00011511546994068776
existing,0.2,0.2,11,22,velocity,7,0.15000000000000002,-0.006068821522097604,-0.0064628955261098195,-0.00613812084877921,-0.006068821522097604,6.929932668160547e-05,-0.0003940740040122154,-6.929932668160547e-05
existing,0.2,0.2,11,23,captured_action,7,0.15000000000000002,-0.0005133586318702633,-0.0005793508731009127,-0.0005502372208513283,-0.0005133586318702633,3.6878588981065046e-05,-6.599224123064946e-05,-3.6878588981065046e-05
existing,0.2,0.2,11,24,position,8,0.1,-0.01217296015362907,-0.012538278898506089,-0.011908202879623788,-0.01217296015362907,-0.00026475727400528115,-0.00036531874487701933,0.00026475727400528115
existing,0.2,0.2,11,25,velocity,8,0.1,-0.008907833707571217,-0.00938298829396457,-0.00891147254947233,-0.008907833707571217,3.6388419011133127e-06,-0.0004751545863933525,-3.6388419011133127e-06
existing,0.2,0.2,11,26,captured_action,8,0.1,-0.0006576068215485607,-0.0007340788929796002,-0.0006971898183164722,-0.0006576068215485607,3.958299676791151e-05,-7.647207143103953e-05,-3.958299676791151e-05
existing,0.2,0.2,11,27,position,9,0.05,-0.022774784842611768,-0.02343037712693177,-0.022252949278935258,-0.022774784842611768,-0.00052183556367651,-0.0006555922843200016,0.00052183556367651
existing,0.2,0.2,11,28,velocity,9,0.05,-0.01633373523272455,-0.017060149167337998,-0.016202839248177142,-0.01633373523272455,-0.0001308959845474078,-0.0007264139346134478,0.0001308959845474078
existing,0.2,0.2,11,29,captured_action,9,0.05,-0.0021106948531004715,-0.0022054547349259156,-0.0020946257965639837,-0.0021106948531004715,-1.6069056536487797e-05,-9.475988182544408e-05,1.6069056536487797e-05
existing,0.2,0.2,11,30,position,10,0.0,-0.1194385501918653,-0.12256078138892111,-0.11640183327221935,-0.1194385501918653,-0.0030367169196459515,-0.0031222311970558053,0.0030367169196459515
existing,0.2,0.2,11,31,velocity,10,0.0,-0.13140628858784192,-0.13541558077851076,-0.12861065079392375,-0.13140628858784192,-0.002795637793918171,-0.0040092921906688395,0.002795637793918171
existing,0.2,0.2,11,32,captured_action,10,0.0,-0.01778071199777457,-0.017198103705740556,-0.016333861268404994,-0.01778071199777457,-0.0014468507293695747,0.0005826082920340134,0.0014468507293695747
existing,0.2,0.2,11,33,held_action,,0.0,-0.013466640871944947,-0.011580179376425876,-0.010998249960235374,-0.013466640871944947,-0.0024683909117095733,0.001886461495519071,0.0024683909117095733
existing,0.2,0.2,22,0,position,0,0.5,-0.00030643436250415686,-0.0004499248126235578,-0.00039927112838515454,-0.00030643436250415686,9.283676588099768e-05,-0.00014349045011940092,-9.283676588099768e-05
existing,0.2,0.2,22,1,velocity,0,0.5,0.00014902016878163188,3.316933593686263e-05,2.9435047402860163e-05,0.00014902016878163188,0.00011958512137877171,-0.00011585083284476925,-0.00011958512137877171
existing,0.2,0.2,22,2,captured_action,0,0.5,-7.38723083304923e-05,-7.221422204773526e-05,-6.40841605385728e-05,-7.38723083304923e-05,-9.788147791919499e-06,1.6580862827570385e-06,9.788147791919499e-06
existing,0.2,0.2,22,3,position,1,0.45,-0.0007911413058122611,-0.0009137303383507585,-0.0008108602437498783,-0.0007911413058122611,1.971893793761717e-05,-0.00012258903253849738,-1.971893793761717e-05
existing,0.2,0.2,22,4,velocity,1,0.45,-0.0003335291839838573,-0.0004025707552013271,-0.0003572483116608664,-0.0003335291839838573,2.371912767700911e-05,-6.90415712174698e-05,-2.371912767700911e-05
existing,0.2,0.2,22,5,captured_action,1,0.45,-8.068096892049122e-05,-5.7482260077564603e-05,-5.101076046343935e-05,-8.068096892049122e-05,-2.967020845705187e-05,2.319870884292662e-05,2.967020845705187e-05
existing,0.2,0.2,22,6,position,2,0.4,-0.0015027474551902863,-0.0016117025691920331,-0.001430252978648153,-0.0015027474551902863,-7.249447654213322e-05,-0.00010895511400174683,7.249447654213322e-05
existing,0.2,0.2,22,7,velocity,2,0.4,-0.00043671189798296143,-0.0004466284664078241,-0.00039634589324324363,-0.00043671189798296143,-4.03660047397178e-05,-9.916568424862685e-06,4.03660047397178e-05
existing,0.2,0.2,22,8,captured_action,2,0.4,-0.0002695476454413684,-0.00023571466105938273,-0.00020917730264600267,-0.0002695476454413684,-6.0370342795365735e-05,3.383298438198567e-05,6.0370342795365735e-05
existing,0.2,0.2,22,9,position,3,0.35000000000000003,-0.0021232518196650915,-0.0022341288786916816,-0.001982604944927596,-0.0021232518196650915,-0.00014064687473749546,-0.00011087705902659015,0.00014064687473749546
existing,0.2,0.2,22,10,velocity,3,0.35000000000000003,-0.0009215974762753807,-0.0009137719279307988,-0.0008108971510688033,-0.0009215974762753807,-0.00011070032520657741,7.825548344581913e-06,0.00011070032520657741
existing,0.2,0.2,22,11,captured_action,3,0.35000000000000003,-0.0003442360865884897,-0.0002949276177547464,-0.0002617239134828669,-0.0003442360865884897,-8.25121731056228e-05,4.930846883374328e-05,8.25121731056228e-05
existing,0.2,0.2,22,12,position,4,0.30000000000000004,-0.0029071773005039684,-0.0030289523555840454,-0.002687945165297584,-0.0029071773005039684,-0.00021923213520638448,-0.00012177505508007697,0.00021923213520638448
existing,0.2,0.2,22,13,velocity,4,0.30000000000000004,-0.0012129870715197272,-0.001167284233944513,-0.001035868394355861,-0.0012129870715197272,-0.0001771186771638662,4.570283757521416e-05,0.0001771186771638662
existing,0.2,0.2,22,14,captured_action,4,0.30000000000000004,-0.00034776343823123815,-0.0002884013154164836,-0.00025593235892603684,-0.00034776343823123815,-9.18310793052013e-05,5.936212281475455e-05,9.18310793052013e-05
existing,0.2,0.2,22,15,position,5,0.25,-0.0037031170387498116,-0.0038592146276352447,-0.0034247343907783828,-0.0037031170387498116,-0.0002783826479714289,-0.00015609758888543305,0.0002783826479714289
existing,0.2,0.2,22,16,velocity,5,0.25,-0.0014792743102772232,-0.0013775161495919153,-0.0012224318641357358,-0.0014792743102772232,-0.00025684244614148743,0.00010175816068530791,0.00025684244614148743
existing,0.2,0.2,22,17,captured_action,5,0.25,-7.924662773071218e-05,2.4776352810725088e-06,2.198696774761725e-06,-7.924662773071218e-05,-8.144532450547391e-05,8.172426301178469e-05,8.144532450547391e-05
existing,0.2,0.2,22,18,position,6,0.2,-0.005359591596823295,-0.005557017023290671,-0.004931393857580296,-0.005359591596823295,-0.00042819773924299923,-0.0001974254264673755,0.00042819773924299923
existing,0.2,0.2,22,19,velocity,6,0.2,-0.0024821586773047834,-0.0023028138062244395,-0.002043557147939351,-0.0024821586773047834,-0.0004386015293654324,0.00017934487108034382,0.0004386015293654324
existing,0.2,0.2,22,20,captured_action,6,0.2,0.000663550968978951,0.0007989205456392093,0.000708976030655902,0.000663550968978951,-4.542506167695107e-05,0.00013536957666025837,4.542506167695107e-05
existing,0.2,0.2,22,21,position,7,0.15000000000000002,-0.007664292279262261,-0.00793116654488442,-0.0070382555639048215,-0.007664292279262261,-0.0006260367153574399,-0.0002668742656221591,0.0006260367153574399
existing,0.2,0.2,22,22,velocity,7,0.15000000000000002,-0.002725173748734709,-0.002372003791846803,-0.0021049575483113735,-0.002725173748734709,-0.0006202162004233353,0.0003531699568879057,0.0006202162004233353
existing,0.2,0.2,22,23,captured_action,7,0.15000000000000002,0.0012137419932766699,0.0013641880417794583,0.0012106042687326543,0.0012137419932766699,3.137724544015558e-06,0.00015044604850278842,-3.137724544015558e-06
existing,0.2,0.2,22,24,position,8,0.1,-0.011935519721355292,-0.012405975899081448,-0.011009279455075618,-0.011935519721355292,-0.0009262402662796737,-0.000470456177726156,0.0009262402662796737
existing,0.2,0.2,22,25,velocity,8,0.1,-0.00474202495698609,-0.004192665969456204,-0.0037206449291060195,-0.00474202495698609,-0.0010213800278800708,0.0005493589875298866,0.0010213800278800708
existing,0.2,0.2,22,26,captured_action,8,0.1,0.0023137678052057623,0.0025209161697925704,0.0022371049905167205,0.0023137678052057623,7.666281468904183e-05,0.0002071483645868081,-7.666281468904183e-05
existing,0.2,0.2,22,27,position,9,0.05,-0.016980897175536705,-0.017563907240530537,-0.015586517715897204,-0.016980897175536705,-0.0013943794596395012,-0.0005830100649938316,0.0013943794596395012
existing,0.2,0.2,22,28,velocity,9,0.05,-0.007575481811396324,-0.006752605669123375,-0.005992380080861791,-0.007575481811396324,-0.001583101730534533,0.0008228761422729488,0.001583101730534533
existing,0.2,0.2,22,29,captured_action,9,0.05,0.0034059887725492195,0.003746382528903268,0.0033246052178259357,0.0034059887725492195,8.138355472328378e-05,0.00034039375635404844,-8.138355472328378e-05
existing,0.2,0.2,22,30,position,10,0.0,-0.08714144088184728,-0.09451270379341126,-0.08387222227261387,-0.08714144088184728,-0.003269218609233404,-0.0073712629115639805,0.003269218609233404
existing,0.2,0.2,22,31,velocity,10,0.0,-0.13676278095564728,-0.14870824834579466,-0.13196629403696147,-0.13676278095564728,-0.0047964869186858106,-0.011945467390147374,0.0047964869186858106
existing,0.2,0.2,22,32,captured_action,10,0.0,-0.005832788976506497,-0.005096396995902178,-0.004522631609017491,-0.005832788976506497,-0.0013101573674890064,0.0007363919806043194,0.0013101573674890064
existing,0.2,0.2,22,33,held_action,,0.0,-0.0046178081269087155,0.0008683496048090037,0.0007705885890649378,-0.0046178081269087155,-0.005388396715973653,0.00548615773171772,0.005388396715973653
existing,0.2,0.2,33,0,position,0,0.5,-0.0007165293258211297,-0.0007474666921591685,-0.000685832347687693,-0.0007165293258211297,-3.069697813343664e-05,-3.0937366338038876e-05,3.069697813343664e-05
existing,0.2,0.2,33,1,velocity,0,0.5,4.765259900152354e-05,0.0002785145123176283,0.0002555488610417126,4.765259900152354e-05,-0.00020789626204018908,0.00023086191331610478,0.00020789626204018908
existing,0.2,0.2,33,2,captured_action,0,0.5,-0.0005595503180264029,-0.00046029803348047137,-0.00042234294082861464,-0.0005595503180264029,-0.00013720737719778822,9.92522845459315e-05,0.00013720737719778822
existing,0.2,0.2,33,3,position,1,0.45,-0.0012465779195085958,-0.0013118763942773209,-0.001203702153957235,-0.0012465779195085958,-4.287576555136075e-05,-6.529847476872508e-05,4.287576555136075e-05
existing,0.2,0.2,33,4,velocity,1,0.45,-0.00020933771258859922,-3.1311218681258444e-05,-2.872936927142356e-05,-0.00020933771258859922,-0.00018060834331717565,0.00017802649390734077,0.00018060834331717565
existing,0.2,0.2,33,5,captured_action,1,0.45,-0.00022952793553904246,-0.0001304938915030386,-0.00011973367229234908,-0.00022952793553904246,-0.00010979426324669338,9.903404403600386e-05,0.00010979426324669338
existing,0.2,0.2,33,6,position,2,0.4,-0.001840877356825372,-0.001948475160206741,-0.0017878084837139206,-0.001840877356825372,-5.306887311145149e-05,-0.00010759780338136888,5.306887311145149e-05
existing,0.2,0.2,33,7,velocity,2,0.4,-0.00018776989951111984,-3.186892183290591e-05,-2.9241085533592145e-05,-0.00018776989951111984,-0.0001585288139775277,0.00015590097767821394,0.0001585288139775277
existing,0.2,0.2,33,8,captured_action,2,0.4,-9.358538977968287e-05,1.7155063835359857e-05,1.5740497641374098e-05,-9.358538977968287e-05,-0.00010932588742105697,0.00011074045361504273,0.00010932588742105697
existing,0.2,0.2,33,9,position,3,0.35000000000000003,-0.002460916218302721,-0.0025922528883846295,-0.0023785018153858434,-0.002460916218302721,-8.241440291687765e-05,-0.0001313366700819085,8.241440291687765e-05
existing,0.2,0.2,33,10,velocity,3,0.35000000000000003,-0.0003140688198624541,-0.00015249445443475185,-0.0001399201205771841,-0.0003140688198624541,-0.00017414869928527002,0.00016157436542770225,0.00017414869928527002
existing,0.2,0.2,33,11,captured_action,3,0.35000000000000003,0.00015586792055803197,0.0002925241896130135,0.00026840333331536805,0.00015586792055803197,-0.00011253541275733607,0.00013665626905498153,0.00011253541275733607
existing,0.2,0.2,33,12,position,4,0.30000000000000004,-0.0030782047014603344,-0.0032192932973782594,-0.0029538379478266145,-0.0030782047014603344,-0.00012436675363371999,-0.00014108859591792497,0.00012436675363371999
existing,0.2,0.2,33,13,velocity,4,0.30000000000000004,-0.0007236543552940416,-0.0005588066757760856,-0.0005127287922944104,-0.0007236543552940416,-0.00021092556299963123,0.00016484767951795598,0.00021092556299963123
existing,0.2,0.2,33,14,captured_action,4,0.30000000000000004,0.0003904029826483931,0.0005505035672655177,0.0005051103385724674,0.0003904029826483931,-0.00011470735592407431,0.0001601005846171246,0.00011470735592407431
existing,0.2,0.2,33,15,position,5,0.25,-0.004176766782250749,-0.004340533581152727,-0.003982623396341701,-0.004176766782250749,-0.0001941433859090477,-0.0001637667989019785,0.0001941433859090477
existing,0.2,0.2,33,16,velocity,5,0.25,-0.0017594110747030643,-0.0016406829610827911,-0.0015053961050226902,-0.0017594110747030643,-0.0002540149696803741,0.00011872811362027315,0.0002540149696803741
existing,0.2,0.2,33,17,captured_action,5,0.25,0.0006776376057784831,0.0008484288144738718,0.0007784693709838162,0.0006776376057784831,-0.00010083176520533314,0.00017079120869538877,0.00010083176520533314
existing,0.2,0.2,33,18,position,6,0.2,-0.0056420233880609865,-0.0059138436529979485,-0.005426202022029184,-0.0056420233880609865,-0.00021582136603180268,-0.000271820264936962,0.00021582136603180268
existing,0.2,0.2,33,19,velocity,6,0.2,-0.001776330229027285,-0.0016810802611216796,-0.0015424623387646685,-0.001776330229027285,-0.00023386789026261646,9.524996790560543e-05,0.00023386789026261646
existing,0.2,0.2,33,20,captured_action,6,0.2,0.001056759211668199,0.0012724562504790031,0.0011675325024517072,0.001056759211668199,-0.00011077329078350816,0.00021569703881080412,0.00011077329078350816
existing,0.2,0.2,33,21,position,7,0.15000000000000002,-0.00878189409980077,-0.009178905077865365,-0.00842203416525531,-0.00878189409980077,-0.0003598599345454607,-0.0003970109780645943,0.0003598599345454607
existing,0.2,0.2,33,22,velocity,7,0.15000000000000002,-0.00396493999892929,-0.0040021904953574305,-0.0036721792852006606,-0.00396493999892929,-0.00029276071372862913,-3.725049642814074e-05,0.00029276071372862913
existing,0.2,0.2,33,23,captured_action,7,0.15000000000000002,0.002058768931731566,0.0023337259022996274,0.002141292356198939,0.002058768931731566,-8.252342446737329e-05,0.0002749569705680615,8.252342446737329e-05
existing,0.2,0.2,33,24,position,8,0.1,-0.01232328387424834,-0.012940027361210422,-0.011873023155916245,-0.01232328387424834,-0.0004502607183320944,-0.000616743486962083,0.0004502607183320944
existing,0.2,0.2,33,25,velocity,8,0.1,-0.006914773958804933,-0.007175866158995332,-0.006584161122016184,-0.006914773958804933,-0.00033061283678874863,-0.0002610922001903991,0.00033061283678874863
existing,0.2,0.2,33,26,captured_action,8,0.1,0.002911709810855239,0.003238829387433184,0.0029717631378686,0.002911709810855239,-6.005332701336085e-05,0.00032711957657794496,6.005332701336085e-05
existing,0.2,0.2,33,27,position,9,0.05,-0.01557604069703905,-0.016388570225542687,-0.015037207290883692,-0.01557604069703905,-0.0005388334061553583,-0.000812529528503636,0.0005388334061553583
existing,0.2,0.2,33,28,velocity,9,0.05,-0.009995419518769314,-0.01047611200084858,-0.009612276458000654,-0.009995419518769314,-0.0003831430607686599,-0.0004806924820792667,0.0003831430607686599
existing,0.2,0.2,33,29,captured_action,9,0.05,0.003959625948042398,0.004324360401211802,0.003967783818759429,0.003959625948042398,-8.157870717031418e-06,0.00036473445316940415,8.157870717031418e-06
existing,0.2,0.2,33,30,position,10,0.0,-0.07928672642868946,-0.08544349226963163,-0.07839802296560154,-0.07928672642868946,-0.0008887034630879198,-0.006156765840942172,0.0008887034630879198
existing,0.2,0.2,33,31,velocity,10,0.0,-0.13941810089491813,-0.15086442659105365,-0.13842450099364043,-0.13941810089491813,-0.000993599901277703,-0.011446325696135518,0.000993599901277703
existing,0.2,0.2,33,32,captured_action,10,0.0,-0.00180608308283216,-0.002110083411738775,-0.0019360908991266415,-0.00180608308283216,0.00013000781629448157,-0.00030400032890661507,-0.00013000781629448157
existing,0.2,0.2,33,33,held_action,,0.0,-0.010019374678727766,-0.009142089282751752,-0.008388254113970588,-0.010019374678727766,-0.0016311205647571783,0.0008772853959760143,0.0016311205647571783
existing,0.2,1.0,11,0,position,0,0.5,-0.00019216109281544955,-0.00017687027979151952,-0.00017104129353772327,-0.00019216109281544955,-2.111979927772628e-05,1.5290813023930024e-05,2.111979927772628e-05
existing,0.2,1.0,11,1,velocity,0,0.5,0.0007238472046542377,0.0007230457996309969,0.0006992169006668405,0.0007238472046542377,2.4630303987397198e-05,-8.014050232407841e-07,-2.4630303987397198e-05
existing,0.2,1.0,11,2,captured_action,0,0.5,0.00012545673748007942,9.915132216583765e-05,9.588366354828113e-05,0.00012545673748007942,2.9573073931798288e-05,-2.6305415314241764e-05,-2.9573073931798288e-05
existing,0.2,1.0,11,3,position,1,0.45,-0.0008050964294837404,-0.0008127343345103156,-0.0007859496351847253,-0.0008050964294837404,-1.9146794299015066e-05,-7.637905026575175e-06,1.9146794299015066e-05
existing,0.2,1.0,11,4,velocity,1,0.45,-0.00015580597324270132,-0.00018561667227335956,-0.00017949943747036076,-0.00015580597324270132,2.3693464227659438e-05,-2.9810699030658242e-05,-2.3693464227659438e-05
existing,0.2,1.0,11,5,captured_action,1,0.45,0.0002515781575965414,0.00022604937249597133,0.00021859962635144433,0.0002515781575965414,3.297853124509709e-05,-2.552878510057009e-05,-3.297853124509709e-05
existing,0.2,1.0,11,6,position,2,0.4,-0.0012058729299773187,-0.0012251833943227762,-0.0011848059087875872,-0.0012058729299773187,-2.106702118973144e-05,-1.9310464345457514e-05,2.106702118973144e-05
existing,0.2,1.0,11,7,velocity,2,0.4,-0.0004410628330996641,-0.0004791817146265313,-0.00046338966843923005,-0.0004410628330996641,2.232683533956594e-05,-3.81188815268672e-05,-2.232683533956594e-05
existing,0.2,1.0,11,8,captured_action,2,0.4,0.00024360596159958076,0.00021740965467562513,0.00021024464148041463,0.00024360596159958076,3.336132011916613e-05,-2.619630692395563e-05,-3.336132011916613e-05
existing,0.2,1.0,11,9,position,3,0.35000000000000003,-0.0015915860919211021,-0.0016225076119908432,-0.001569035798760705,-0.0015915860919211021,-2.2550293160397087e-05,-3.092152006974112e-05,2.2550293160397087e-05
existing,0.2,1.0,11,10,velocity,3,0.35000000000000003,-0.000795892797729966,-0.0008468444289972783,-0.0008189355878875818,-0.000795892797729966,2.3042790157615798e-05,-5.095163126731222e-05,-2.3042790157615798e-05
existing,0.2,1.0,11,11,captured_action,3,0.35000000000000003,0.00024573746304871807,0.00021678157221260928,0.00020963725827816485,0.00024573746304871807,3.6100204770553226e-05,-2.8955890836108788e-05,-3.6100204770553226e-05
existing,0.2,1.0,11,12,position,4,0.30000000000000004,-0.002285955889539217,-0.0023343340522628663,-0.002257403088403662,-0.002285955889539217,-2.8552801135555295e-05,-4.837816272364919e-05,2.8552801135555295e-05
existing,0.2,1.0,11,13,velocity,4,0.30000000000000004,-0.001367215483562773,-0.001439882514673177,-0.0013924293450677206,-0.001367215483562773,2.5213861504947734e-05,-7.266703111040418e-05,-2.5213861504947734e-05
existing,0.2,1.0,11,14,captured_action,4,0.30000000000000004,0.00021935569056083374,0.00018618677437562327,0.0001800507511287928,0.00021935569056083374,3.9304939432040936e-05,-3.3168916185210466e-05,-3.9304939432040936e-05
existing,0.2,1.0,11,15,position,5,0.25,-0.002980180210379829,-0.0030504944660930053,-0.0029499615199638034,-0.002980180210379829,-3.021869041602539e-05,-7.031425571317647e-05,3.021869041602539e-05
existing,0.2,1.0,11,16,velocity,5,0.25,-0.0019787234073894927,-0.0020766698943507148,-0.002008230582318693,-0.0019787234073894927,2.9507174929200262e-05,-9.794648696122201e-05,-2.9507174929200262e-05
existing,0.2,1.0,11,17,captured_action,5,0.25,0.000137240801582301,9.933396468075134e-05,9.606028684555099e-05,0.000137240801582301,4.118051473675002e-05,-3.790683690154966e-05,-4.118051473675002e-05
existing,0.2,1.0,11,18,position,6,0.2,-0.004304268084338916,-0.0044155360805970606,-0.004270016442434676,-0.004304268084338916,-3.425164190423973e-05,-0.00011126799625814452,3.425164190423973e-05
existing,0.2,1.0,11,19,velocity,6,0.2,-0.003138735098107076,-0.003282629036265509,-0.003174445798520546,-0.003138735098107076,3.571070041346984e-05,-0.00014389393815843286,-3.571070041346984e-05
existing,0.2,1.0,11,20,captured_action,6,0.2,-2.4512897141797068e-05,-7.597683151290868e-05,-7.347291787056156e-05,-2.4512897141797068e-05,4.896002072876449e-05,-5.146393437111161e-05,-4.896002072876449e-05
existing,0.2,1.0,11,21,position,7,0.15000000000000002,-0.0063234834715617146,-0.006500350056704412,-0.006286122707880992,-0.0063234834715617146,-3.736076368072213e-05,-0.00017686658514269767,3.736076368072213e-05
existing,0.2,1.0,11,22,velocity,7,0.15000000000000002,-0.0049968300799116735,-0.005216689512528461,-0.005044766838494734,-0.0049968300799116735,4.793675858306024e-05,-0.0002198594326167872,-4.793675858306024e-05
existing,0.2,1.0,11,23,captured_action,7,0.15000000000000002,-0.0005100049622699426,-0.000586099635420569,-0.0005667839724259244,-0.0005100049622699426,5.677901015598171e-05,-7.609467315062635e-05,-5.677901015598171e-05
existing,0.2,1.0,11,24,position,8,0.1,-0.010158316637789898,-0.010451153590361414,-0.01010672245876408,-0.010158316637789898,-5.159417902581703e-05,-0.0002928369525715159,5.159417902581703e-05
existing,0.2,1.0,11,25,velocity,8,0.1,-0.007612620172726338,-0.007935643034199259,-0.0076741137698372345,-0.007612620172726338,6.149359711089646e-05,-0.00032302286147292084,-6.149359711089646e-05
existing,0.2,1.0,11,26,captured_action,8,0.1,-0.0009892434761154352,-0.0010869659688289705,-0.0010511436153045873,-0.0009892434761154352,6.190013918915211e-05,-9.772249271353529e-05,-6.190013918915211e-05
existing,0.2,1.0,11,27,position,9,0.05,-0.02045750691900052,-0.02111702499846793,-0.020421086435006446,-0.02045750691900052,-3.64204839940728e-05,-0.0006595180794674131,3.64204839940728e-05
existing,0.2,1.0,11,28,velocity,9,0.05,-0.01644280928196551,-0.017151135065040204,-0.016585897475949695,-0.01644280928196551,0.0001430881939841859,-0.0007083257830746946,-0.0001430881939841859
existing,0.2,1.0,11,29,captured_action,9,0.05,-0.0038086313376215148,-0.003985153382550547,-0.003853817556579458,-0.0038086313376215148,4.518621895794337e-05,-0.00017652204492903199,-4.518621895794337e-05
existing,0.2,1.0,11,30,position,10,0.0,-0.09622717932821391,-0.09880817547886665,-0.09555182569919826,-0.09622717932821391,-0.0006753536290156487,-0.0025809961506527423,0.0006753536290156487
existing,0.2,1.0,11,31,velocity,10,0.0,-0.10760192424900052,-0.11044425872836937,-0.10680442694488819,-0.10760192424900052,-0.0007974973041123268,-0.002842334479368852,0.0007974973041123268
existing,0.2,1.0,11,32,captured_action,10,0.0,-0.024995932125147793,-0.02556389366916473,-0.02472140286196573,-0.024995932125147793,-0.000274529263182062,-0.0005679615440169379,0.000274529263182062
existing,0.2,1.0,11,33,held_action,,0.0,0.015973903708377195,0.0170134317822017,0.016452732380893304,0.015973903708377195,-0.00047882867251610936,0.001039528073824507,0.00047882867251610936
existing,0.2,1.0,22,0,position,0,0.5,-0.0003014354557129013,-0.00041152634030708053,-0.0003738345481768958,-0.0003014354557129013,7.239909246399448e-05,-0.00011009088459417924,-7.239909246399448e-05
existing,0.2,1.0,22,1,velocity,0,0.5,-0.000179317206950713,-0.0003031778756715924,-0.0002754097443297259,-0.000179317206950713,9.609253737901291e-05,-0.0001238606687208794,-9.609253737901291e-05
existing,0.2,1.0,22,2,captured_action,0,0.5,-0.0002757435936196457,-0.0002713600042804864,-0.00024650607909515324,-0.0002757435936196457,-2.9237514524492448e-05,4.38358933915929e-06,2.9237514524492448e-05
existing,0.2,1.0,22,3,position,1,0.45,-0.0007150182755959591,-0.0008245799357357838,-0.000749056469827666,-0.0007150182755959591,3.4038194231706905e-05,-0.00010956166013982463,-3.4038194231706905e-05
existing,0.2,1.0,22,4,velocity,1,0.45,-0.0004229911411488342,-0.0005179338771240566,-0.0004704961942307249,-0.0004229911411488342,4.75050530818907e-05,-9.494273597522238e-05,-4.75050530818907e-05
existing,0.2,1.0,22,5,captured_action,1,0.45,-0.00018667840539031373,-0.0001773728363932462,-0.00016112721752499395,-0.00018667840539031373,-2.5551187865319777e-05,9.305568997067541e-06,2.5551187865319777e-05
existing,0.2,1.0,22,6,position,2,0.4,-0.0014074457957683599,-0.0015291515638479528,-0.0013890962205202434,-0.0014074457957683599,-1.8349575248116472e-05,-0.00012170576807959293,1.8349575248116472e-05
existing,0.2,1.0,22,7,velocity,2,0.4,-0.0005339346011558585,-0.0005967507312714245,-0.0005420941945845279,-0.0005339346011558585,8.159593428669364e-06,-6.281613011556604e-05,-8.159593428669364e-06
existing,0.2,1.0,22,8,captured_action,2,0.4,-0.0002743699042004063,-0.00026424717273999495,-0.00024004471343089506,-0.0002743699042004063,-3.4325190769511225e-05,1.0122731460411333e-05,3.4325190769511225e-05
existing,0.2,1.0,22,9,position,3,0.35000000000000003,-0.0018922106566419052,-0.0020199292140200926,-0.0018349234328695566,-0.0018922106566419052,-5.7287223772348574e-05,-0.00012771855737818741,5.7287223772348574e-05
existing,0.2,1.0,22,10,velocity,3,0.35000000000000003,-0.0008449328463213231,-0.0008917898447491301,-0.000810110607821035,-0.0008449328463213231,-3.4822238500288095e-05,-4.685699842780697e-05,3.4822238500288095e-05
existing,0.2,1.0,22,11,captured_action,3,0.35000000000000003,-0.0002796458205264699,-0.0002674054569977685,-0.0002429137297073209,-0.0002796458205264699,-3.6732090819149036e-05,1.224036352870145e-05,3.6732090819149036e-05
existing,0.2,1.0,22,12,position,4,0.30000000000000004,-0.0025409286386495564,-0.002691101726820808,-0.0024446231009014508,-0.0025409286386495564,-9.630553774810568e-05,-0.00015017308817125152,9.630553774810568e-05
existing,0.2,1.0,22,13,velocity,4,0.30000000000000004,-0.001036677238269474,-0.0010556447240481007,-0.0009589579810501759,-0.001036677238269474,-7.771925721929813e-05,-1.8967485778626685e-05,7.771925721929813e-05
existing,0.2,1.0,22,14,captured_action,4,0.30000000000000004,-0.0002668042476040084,-0.0002542379459615173,-0.0002309522340344604,-0.0002668042476040084,-3.5852013569548e-05,1.2566301642491138e-05,3.5852013569548e-05
existing,0.2,1.0,22,15,position,5,0.25,-0.0031243073980712563,-0.003305980974783576,-0.003003185417165307,-0.0031243073980712563,-0.00012112198090594942,-0.00018167357671231964,0.00012112198090594942
existing,0.2,1.0,22,16,velocity,5,0.25,-0.0011848390265060133,-0.0011632582431799318,-0.0010567151532213533,-0.0011848390265060133,-0.00012812387328466003,2.158078332608151e-05,0.00012812387328466003
existing,0.2,1.0,22,17,captured_action,5,0.25,-0.00011475791153950712,-0.00010445477560506642,-9.488773869031291e-05,-0.00011475791153950712,-1.987017284919421e-05,1.0303135934440705e-05,1.987017284919421e-05
existing,0.2,1.0,22,18,position,6,0.2,-0.004602668712432262,-0.004852343237338683,-0.004407916004540893,-0.004602668712432262,-0.00019475270789136908,-0.0002496745249064205,0.00019475270789136908
existing,0.2,1.0,22,19,velocity,6,0.2,-0.001934107224013231,-0.0018556333048692353,-0.0016856754238140685,-0.001934107224013231,-0.0002484318001991625,7.847391914399563e-05,0.0002484318001991625
existing,0.2,1.0,22,20,captured_action,6,0.2,0.0003918515291166121,0.0004123157135650959,0.0003745516225567105,0.0003918515291166121,1.729990655990161e-05,2.0464184448483816e-05,-1.729990655990161e-05
existing,0.2,1.0,22,21,position,7,0.15000000000000002,-0.006415923225063568,-0.006753276224578046,-0.006134742102401141,-0.006415923225063568,-0.00028118112266242723,-0.0003373529995144781,0.00028118112266242723
existing,0.2,1.0,22,22,velocity,7,0.15000000000000002,-0.0020944661448239043,-0.0019152825532146487,-0.0017398613837884885,-0.0020944661448239043,-0.0003546047610354158,0.00017918359160925558,0.0003546047610354158
existing,0.2,1.0,22,23,captured_action,7,0.15000000000000002,0.0005842733999291284,0.0005950075260803162,0.0005405106499576849,0.0005842733999291284,4.376274997144349e-05,1.0734126151187785e-05,-4.376274997144349e-05
existing,0.2,1.0,22,24,position,8,0.1,-0.01004981756867997,-0.0105296734494192,-0.009565258237119349,-0.01004981756867997,-0.0004845593315606217,-0.00047985588073922933,0.0004845593315606217
existing,0.2,1.0,22,25,velocity,8,0.1,-0.004719850895376047,-0.004388720546318051,-0.003986756622390714,-0.004719850895376047,-0.0007330942729853332,0.00033113034905799584,0.0007330942729853332
existing,0.2,1.0,22,26,captured_action,8,0.1,0.0006120766177334013,0.0006295930789222636,0.0005719285040626488,0.0006120766177334013,4.014811367075255e-05,1.7516461188862246e-05,-4.014811367075255e-05
existing,0.2,1.0,22,27,position,9,0.05,-0.01605249701941404,-0.01674989225358948,-0.01521576577081274,-0.01605249701941404,-0.0008367312486012995,-0.0006973952341754429,0.0008367312486012995
existing,0.2,1.0,22,28,velocity,9,0.05,-0.009620623834729013,-0.00909399310006595,-0.008261072181066583,-0.009620623834729013,-0.0013595516536624302,0.0005266307346630632,0.0013595516536624302
existing,0.2,1.0,22,29,captured_action,9,0.05,-9.658049220246951e-05,2.161068049185734e-06,1.963135329670596e-06,-9.658049220246951e-05,-9.854362753214011e-05,9.874156025165524e-05,9.854362753214011e-05
existing,0.2,1.0,22,30,position,10,0.0,-0.07782777515490039,-0.0824367257170163,-0.07488632705407712,-0.07782777515490039,-0.0029414481008232657,-0.00460895056211591,0.0029414481008232657
existing,0.2,1.0,22,31,velocity,10,0.0,-0.11824775627987744,-0.12554428543700064,-0.11404565546766987,-0.11824775627987744,-0.004202100812207565,-0.007296529157123199,0.004202100812207565
existing,0.2,1.0,22,32,captured_action,10,0.0,-0.008259986604105303,-0.008661111078398823,-0.007867837923295677,-0.008259986604105303,-0.00039214868080962584,-0.00040112447429352036,0.00039214868080962584
existing,0.2,1.0,22,33,held_action,,0.0,0.010538897421425874,0.017286509053151076,0.01570323371431922,0.010538897421425874,-0.005164336292893345,0.006747611631725202,0.005164336292893345
existing,0.2,1.0,33,0,position,0,0.5,-0.001654015718540946,-0.0016247082317567088,-0.0014871126380471226,-0.001654015718540946,-0.00016690308049382334,2.930748678423717e-05,0.00016690308049382334
existing,0.2,1.0,33,1,velocity,0,0.5,-0.0012097285027923843,-0.0009111790512785613,-0.0008340118282130077,-0.0012097285027923843,-0.00037571667457937663,0.000298549451513823,0.00037571667457937663
existing,0.2,1.0,33,2,captured_action,0,0.5,-0.0007828776733409338,-0.0006862517655294947,-0.000628133503267608,-0.0007828776733409338,-0.0001547441700733257,9.662590781143901e-05,0.0001547441700733257
existing,0.2,1.0,33,3,position,1,0.45,-0.0021129899057432708,-0.00211992862771204,-0.0019403931071486987,-0.0021129899057432708,-0.0001725967985945721,-6.938721968769226e-06,0.0001725967985945721
existing,0.2,1.0,33,4,velocity,1,0.45,-0.0010982947441921063,-0.0008595802152244485,-0.0007867828675265556,-0.0010982947441921063,-0.0003115118766655507,0.00023871452896765777,0.0003115118766655507
existing,0.2,1.0,33,5,captured_action,1,0.45,-0.00040043843817502467,-0.0003065836079569657,-0.00028061922079259847,-0.00040043843817502467,-0.0001198192173824262,9.385483021805895e-05,0.0001198192173824262
existing,0.2,1.0,33,6,position,2,0.4,-0.0024883788234618337,-0.002528033399421676,-0.002313935723474665,-0.0024883788234618337,-0.00017444309998716854,-3.96545759598424e-05,0.00017444309998716854
existing,0.2,1.0,33,7,velocity,2,0.4,-0.0009068592579144747,-0.0006900145588512841,-0.0006315776278149072,-0.0009068592579144747,-0.0002752816300995675,0.00021684469906319058,0.0002752816300995675
existing,0.2,1.0,33,8,captured_action,2,0.4,-0.00045782931989164435,-0.0003617030957794612,-0.0003310706713000468,-0.00045782931989164435,-0.00012675864859159757,9.612622411218316e-05,0.00012675864859159757
existing,0.2,1.0,33,9,position,3,0.35000000000000003,-0.003229135447654118,-0.0032768071813849475,-0.0029992962900250927,-0.003229135447654118,-0.0002298391576290252,-4.7671733730829564e-05,0.0002298391576290252
existing,0.2,1.0,33,10,velocity,3,0.35000000000000003,-0.0007052701789437473,-0.0004704448614185578,-0.0004306031601522817,-0.0007052701789437473,-0.00027466701879146565,0.00023482531752518955,0.00027466701879146565
existing,0.2,1.0,33,11,captured_action,3,0.35000000000000003,-0.000226693393135414,-0.00011273292603110262,-0.00010318564019560425,-0.000226693393135414,-0.00012350775293980975,0.0001139604671043114,0.00012350775293980975
existing,0.2,1.0,33,12,position,4,0.30000000000000004,-0.0037968158793453086,-0.003850412176502419,-0.0035243230122469845,-0.0037968158793453086,-0.0002724928670983242,-5.359629715711049e-05,0.0002724928670983242
existing,0.2,1.0,33,13,velocity,4,0.30000000000000004,-0.0009536581330519605,-0.000727879539125076,-0.0006662358449667195,-0.0009536581330519605,-0.00028742228808524106,0.0002257785939268845,0.00028742228808524106
existing,0.2,1.0,33,14,captured_action,4,0.30000000000000004,-0.00012471716152490504,-2.2110998590712985e-06,-2.0238431000339284e-06,-0.00012471716152490504,-0.0001226933184248711,0.00012250606166583374,0.0001226933184248711
existing,0.2,1.0,33,15,position,5,0.25,-0.004699654433399556,-0.004765868980522836,-0.0043622503128140505,-0.004699654433399556,-0.00033740412058550547,-6.621454712328004e-05,0.00033740412058550547
existing,0.2,1.0,33,16,velocity,5,0.25,-0.0016561459089498777,-0.001481775085339009,-0.0013562844165369908,-0.0016561459089498777,-0.00029986149241288695,0.00017437082361086882,0.00029986149241288695
existing,0.2,1.0,33,17,captured_action,5,0.25,-0.00011902613807985348,-9.991018680102217e-06,-9.144885128131584e-06,-0.00011902613807985348,-0.00010988125295172189,0.00010903511939975126,0.00010988125295172189
existing,0.2,1.0,33,18,position,6,0.2,-0.005297872648860012,-0.0054492659748928635,-0.004987770813828702,-0.005297872648860012,-0.00031010183503130985,-0.00015139332603285142,0.00031010183503130985
existing,0.2,1.0,33,19,velocity,6,0.2,-0.0010380482699588677,-0.000863955103645001,-0.0007907872491952661,-0.0010380482699588677,-0.0002472610207636016,0.0001740931663138667,0.0002472610207636016
existing,0.2,1.0,33,20,captured_action,6,0.2,-0.0001223904303515022,3.3835952976042118e-06,3.097040582888806e-06,-0.0001223904303515022,-0.000125487470934391,0.00012577402564910642,0.000125487470934391
existing,0.2,1.0,33,21,position,7,0.15000000000000002,-0.006646464049811252,-0.00687002343308472,-0.006288205150517163,-0.006646464049811252,-0.00035825889929408904,-0.00022355938327346843,0.00035825889929408904
existing,0.2,1.0,33,22,velocity,7,0.15000000000000002,-0.002060504242920155,-0.0019919732537415445,-0.0018232741992621879,-0.002060504242920155,-0.00023723004365796695,6.853098917861036e-05,0.00023723004365796695
existing,0.2,1.0,33,23,captured_action,7,0.15000000000000002,-0.00026450896120176276,-0.0001552700889318887,-0.00014212035554940733,-0.00026450896120176276,-0.00012238860565235544,0.00010923887226987406,0.00012238860565235544
existing,0.2,1.0,33,24,position,8,0.1,-0.007893958579505932,-0.008267786789365981,-0.007567592742391129,-0.007893958579505932,-0.00032636583711480316,-0.00037382820986004914,0.00032636583711480316
existing,0.2,1.0,33,25,velocity,8,0.1,-0.004046503803779121,-0.004200155768286143,-0.0038444470229779476,-0.004046503803779121,-0.00020205678080117365,-0.00015365196450702143,0.00020205678080117365
existing,0.2,1.0,33,26,captured_action,8,0.1,-0.0010624190575061392,-0.0010127521355989388,-0.0009269827471914488,-0.0010624190575061392,-0.00013543631031469035,4.9666921907200396e-05,0.00013543631031469035
existing,0.2,1.0,33,27,position,9,0.05,-0.009923369380654282,-0.010489676687990612,-0.009601312079814118,-0.009923369380654282,-0.00032205730084016414,-0.0005663073073363303,0.00032205730084016414
existing,0.2,1.0,33,28,velocity,9,0.05,-0.00673233450522261,-0.007150812482285194,-0.006545214338708306,-0.00673233450522261,-0.0001871201665143039,-0.00041847797706258405,0.0001871201665143039
existing,0.2,1.0,33,29,captured_action,9,0.05,-0.0019032992494227709,-0.001900793076046475,-0.0017398160177011155,-0.0019032992494227709,-0.0001634832317216554,2.5061733762959514e-06,0.0001634832317216554
existing,0.2,1.0,33,30,position,10,0.0,-0.05751356158676975,-0.06230024178132618,-0.05702407059649526,-0.05751356158676975,-0.0004894909902744896,-0.004786680194556428,0.0004894909902744896
existing,0.2,1.0,33,31,velocity,10,0.0,-0.098580782751214,-0.10707081414876263,-0.09800304927024144,-0.098580782751214,-0.0005777334809725643,-0.008490031397548628,0.0005777334809725643
existing,0.2,1.0,33,32,captured_action,10,0.0,-0.003383050513536683,-0.003441925143076185,-0.0031504305077265206,-0.003383050513536683,-0.00023262000581016247,-5.887462953950212e-05,0.00023262000581016247
existing,0.2,1.0,33,33,held_action,,0.0,0.03186786154298435,0.03535938668428346,0.0323648208238211,0.03186786154298435,-0.0004969592808367479,0.0034915251412991136,0.0004969592808367479
fresh,0.2,0.01,101,0,position,0,0.5,-0.0010776747062477819,-0.0010818730041888003,-0.0010473512580332646,-0.0010776747062477819,-3.032344821451722e-05,-4.19829794101839e-06,3.032344821451722e-05
fresh,0.2,0.01,101,1,velocity,0,0.5,-0.00124408498213964,-0.001228470272901665,-0.001189270719204943,-0.00124408498213964,-5.4814262934696836e-05,1.561470923797494e-05,5.4814262934696836e-05
fresh,0.2,0.01,101,2,captured_action,0,0.5,-0.0014291707651503773,-0.0014873212557645836,-0.0014398619637363695,-0.0014291707651503773,1.0691198585992224e-05,-5.815049061420625e-05,-1.0691198585992224e-05
fresh,0.2,0.01,101,3,position,1,0.45,-0.00140311919300052,-0.0014047821180161349,-0.001359956587205935,-0.00140311919300052,-4.316260579458509e-05,-1.6629250156148176e-06,4.316260579458509e-05
fresh,0.2,0.01,101,4,velocity,1,0.45,-0.0011652225058827006,-0.0011545628713379252,-0.0011177216467111774,-0.0011652225058827006,-4.750085917152322e-05,1.0659634544775334e-05,4.750085917152322e-05
fresh,0.2,0.01,101,5,captured_action,1,0.45,-0.000928407474792794,-0.000963729440029125,-0.0009329775653058548,-0.000928407474792794,4.570090513060878e-06,-3.532196523633102e-05,-4.570090513060878e-06
fresh,0.2,0.01,101,6,position,2,0.4,-0.0017007578288523156,-0.0016971403608812964,-0.0016429859005131977,-0.0017007578288523156,-5.77719283391179e-05,3.6174679710191705e-06,5.77719283391179e-05
fresh,0.2,0.01,101,7,velocity,2,0.4,-0.0013010857954758313,-0.001289862473961264,-0.0012487039417405348,-0.0013010857954758313,-5.238185373529643e-05,1.1223321514567232e-05,5.238185373529643e-05
fresh,0.2,0.01,101,8,captured_action,2,0.4,-0.0009791854405814672,-0.0010145042453260885,-0.0009821321851163779,-0.0009791854405814672,2.946744534910702e-06,-3.531880474462131e-05,-2.946744534910702e-06
fresh,0.2,0.01,101,9,position,3,0.35000000000000003,-0.002161810415159753,-0.0021561221602945193,-0.0020873219391874,-0.002161810415159753,-7.448847597235284e-05,5.688254865233739e-06,7.448847597235284e-05
fresh,0.2,0.01,101,10,velocity,3,0.35000000000000003,-0.0015071634787857233,-0.0014994667285665123,-0.0014516198837225948,-0.0015071634787857233,-5.554359506312846e-05,7.696750219210935e-06,5.554359506312846e-05
fresh,0.2,0.01,101,11,captured_action,3,0.35000000000000003,-0.0008723227638973646,-0.000908021228051241,-0.0008790469600759286,-0.0008723227638973646,6.7241961785640065e-06,-3.569846415387649e-05,-6.7241961785640065e-06
fresh,0.2,0.01,101,12,position,4,0.30000000000000004,-0.0025066805275141685,-0.0025022905471483127,-0.0024224443556437733,-0.0025066805275141685,-8.42361718703952e-05,4.389980365855813e-06,8.42361718703952e-05
fresh,0.2,0.01,101,13,velocity,4,0.30000000000000004,-0.0016136476151904964,-0.0016102183055627987,-0.0015588374619846601,-0.0016136476151904964,-5.481015320583623e-05,3.4293096276977186e-06,5.481015320583623e-05
fresh,0.2,0.01,101,14,captured_action,4,0.30000000000000004,-0.0008388381587799612,-0.0008702509886771867,-0.0008424819403633839,-0.0008388381587799612,3.643781583422662e-06,-3.141282989722546e-05,-3.643781583422662e-06
fresh,0.2,0.01,101,15,position,5,0.25,-0.0031166679655394765,-0.003110240557866099,-0.0030109951431033814,-0.0031166679655394765,-0.00010567282243609515,6.4274076733775165e-06,0.00010567282243609515
fresh,0.2,0.01,101,16,velocity,5,0.25,-0.0019207160404585888,-0.0019186518645932912,-0.0018574291403235434,-0.0019207160404585888,-6.328690013504535e-05,2.0641758652975573e-06,6.328690013504535e-05
fresh,0.2,0.01,101,17,captured_action,5,0.25,-0.0006760306685378055,-0.0007100076250413262,-0.0006873518207969549,-0.0006760306685378055,1.1321152259149416e-05,-3.397695650352072e-05,-1.1321152259149416e-05
fresh,0.2,0.01,101,18,position,6,0.2,-0.00405742607661132,-0.004045460201762002,-0.003916372638224666,-0.00405742607661132,-0.00014105343838665373,1.1965874849318055e-05,0.00014105343838665373
fresh,0.2,0.01,101,19,velocity,6,0.2,-0.0021733936032371946,-0.0021678840825588887,-0.00209870854744251,-0.0021733936032371946,-7.468505579468453e-05,5.509520678305922e-06,7.468505579468453e-05
fresh,0.2,0.01,101,20,captured_action,6,0.2,-0.0006146527639076103,-0.0006484319958640532,-0.000627741023195657,-0.0006146527639076103,1.308825928804673e-05,-3.3779231956442934e-05,-1.308825928804673e-05
fresh,0.2,0.01,101,21,position,7,0.15000000000000002,-0.005485950495361023,-0.005458361792548201,-0.005284189611989253,-0.005485950495361023,-0.0002017608833717703,2.7588702812822094e-05,0.0002017608833717703
fresh,0.2,0.01,101,22,velocity,7,0.15000000000000002,-0.002717175267697331,-0.0027111120067555786,-0.002624602481021902,-0.002717175267697331,-9.257278667542876e-05,6.063260941752309e-06,9.257278667542876e-05
fresh,0.2,0.01,101,23,captured_action,7,0.15000000000000002,-0.0004363631153867038,-0.00046930137959987637,-0.0004543263288922036,-0.0004363631153867038,1.7963213505499756e-05,-3.293826421317254e-05,-1.7963213505499756e-05
fresh,0.2,0.01,101,24,position,8,0.1,-0.00734160863699032,-0.007328446150619177,-0.007094600998048906,-0.00734160863699032,-0.00024700763894141414,1.3162486371143603e-05,0.00024700763894141414
fresh,0.2,0.01,101,25,velocity,8,0.1,-0.003349526962056493,-0.003389156728304309,-0.0032810113103089924,-0.003349526962056493,-6.851565174750048e-05,-3.962976624781629e-05,6.851565174750048e-05
fresh,0.2,0.01,101,26,captured_action,8,0.1,-9.002039468993157e-05,-0.000124642396190267,-0.00012066515196211989,-9.002039468993157e-05,3.0644757272188316e-05,-3.462200150033544e-05,-3.0644757272188316e-05
fresh,0.2,0.01,101,27,position,9,0.05,-0.011512218351515975,-0.011511175734021741,-0.011143862856167261,-0.011512218351515975,-0.0003683554953487142,1.0426174942342742e-06,0.0003683554953487142
fresh,0.2,0.01,101,28,velocity,9,0.05,-0.005827487213720575,-0.005987974807225794,-0.005796903077475232,-0.005827487213720575,-3.05841362453433e-05,-0.00016048759350521889,3.05841362453433e-05
fresh,0.2,0.01,101,29,captured_action,9,0.05,0.00034012164313616155,0.00033015445874565836,0.000319619480635652,0.00034012164313616155,2.0502162500509564e-05,-9.967184390503186e-06,-2.0502162500509564e-05
fresh,0.2,0.01,101,30,position,10,0.0,-0.09646481913163615,-0.09811123245773476,-0.09498057752060353,-0.09646481913163615,-0.0014842416110326245,-0.0016464133260986058,0.0014842416110326245
fresh,0.2,0.01,101,31,velocity,10,0.0,-0.13620450092510789,-0.14000104549713752,-0.13553371843060658,-0.13620450092510789,-0.0006707824945013097,-0.003796544572029631,0.0006707824945013097
fresh,0.2,0.01,101,32,captured_action,10,0.0,0.003792899698998221,0.0034963998157399433,0.003384832352248478,0.003792899698998221,0.00040806734674974287,-0.0002964998832582777,-0.00040806734674974287
fresh,0.2,0.01,101,33,held_action,,0.0,-0.015115748350828325,-0.014441547270288718,-0.01398072846158585,-0.015115748350828325,-0.001135019889242474,0.0006742010805396072,0.001135019889242474
fresh,0.2,0.01,202,0,position,0,0.5,-0.0014971123540843058,-0.0011149035591847827,-0.0010849197678330317,-0.0014971123540843058,-0.0004121925862512741,0.00038220879489952314,0.0004121925862512741
fresh,0.2,0.01,202,1,velocity,0,0.5,-0.0012793787802417476,-0.00113856500822089,-0.0011079448748778215,-0.0012793787802417476,-0.0001714339053639261,0.00014081377202085766,0.0001714339053639261
fresh,0.2,0.01,202,2,captured_action,0,0.5,-0.0006079146845609909,-0.00045566422372470857,-0.0004434097637778686,-0.0006079146845609909,-0.00016450492078312227,0.00015225046083628232,0.00016450492078312227
fresh,0.2,0.01,202,3,position,1,0.45,-0.001481781179625069,-0.0011987881412473536,-0.0011665483899199864,-0.001481781179625069,-0.0003152327897050827,0.00028299303837771555,0.0003152327897050827
fresh,0.2,0.01,202,4,velocity,1,0.45,-0.0010411882635049002,-0.0009092951064104118,-0.0008848408704155841,-0.0010411882635049002,-0.00015634739308931602,0.00013189315709448836,0.00015634739308931602
fresh,0.2,0.01,202,5,captured_action,1,0.45,-0.0005799454962113179,-0.0004746504589859032,-0.00046188539046495197,-0.0005799454962113179,-0.00011806010574636595,0.00010529503722541474,0.00011806010574636595
fresh,0.2,0.01,202,6,position,2,0.4,-0.0016288329471880311,-0.0013821524040309235,-0.0013449813241134044,-0.0016288329471880311,-0.00028385162307462673,0.0002466805431571076,0.00028385162307462673
fresh,0.2,0.01,202,7,velocity,2,0.4,-0.0011261655955877741,-0.0009913232726105994,-0.0009646630023807465,-0.0011261655955877741,-0.00016150259320702766,0.00013484232297717477,0.00016150259320702766
fresh,0.2,0.01,202,8,captured_action,2,0.4,-0.0008337889923123973,-0.0007515384785099977,-0.0007313268891336637,-0.0008337889923123973,-0.00010246210317873356,8.225051380239957e-05,0.00010246210317873356
fresh,0.2,0.01,202,9,position,3,0.35000000000000003,-0.0020436373004956484,-0.0018223820984800295,-0.0017733716489628125,-0.0020436373004956484,-0.00027026565153283593,0.00022125520201561892,0.00027026565153283593
fresh,0.2,0.01,202,10,velocity,3,0.35000000000000003,-0.0011785787632890012,-0.0010345170783999185,-0.0010066951704213961,-0.0011785787632890012,-0.00017188359286760511,0.00014406168488908275,0.00017188359286760511
fresh,0.2,0.01,202,11,captured_action,3,0.35000000000000003,-0.0007439468942387978,-0.0006708297629046361,-0.0006527887229619665,-0.0007439468942387978,-9.11581712768313e-05,7.311713133416168e-05,9.11581712768313e-05
fresh,0.2,0.01,202,12,position,4,0.30000000000000004,-0.002258975190952589,-0.002056325794334584,-0.00200102375223362,-0.002258975190952589,-0.0002579514387189693,0.000202649396618005,0.0002579514387189693
fresh,0.2,0.01,202,13,velocity,4,0.30000000000000004,-0.0012929688894857618,-0.001136321136043512,-0.0011057613485434827,-0.0012929688894857618,-0.00018720754094227903,0.00015664775344224977,0.00018720754094227903
fresh,0.2,0.01,202,14,captured_action,4,0.30000000000000004,-0.0008445355731766105,-0.0007946786434994317,-0.0007733068589696541,-0.0008445355731766105,-7.122871420695649e-05,4.9856929677178806e-05,7.122871420695649e-05
fresh,0.2,0.01,202,15,position,5,0.25,-0.0029570284192752955,-0.0027783365007757266,-0.002703616977945316,-0.0029570284192752955,-0.00025341144132997933,0.00017869191849956886,0.00025341144132997933
fresh,0.2,0.01,202,16,velocity,5,0.25,-0.0015550760349487477,-0.0013816048318335754,-0.001344448478114013,-0.0015550760349487477,-0.0002106275568347347,0.00017347120311517238,0.0002106275568347347
fresh,0.2,0.01,202,17,captured_action,5,0.25,-0.0004120190648088438,-0.00036655572613495974,-0.00035669771615671857,-0.0004120190648088438,-5.532134865212523e-05,4.546333867388406e-05,5.532134865212523e-05
fresh,0.2,0.01,202,18,position,6,0.2,-0.0036219843607882846,-0.0034415552893724524,-0.003348999413241326,-0.0036219843607882846,-0.0002729849475469584,0.0001804290714158322,0.0002729849475469584
fresh,0.2,0.01,202,19,velocity,6,0.2,-0.001967084468043374,-0.0017648293680681258,-0.0017173667197451718,-0.001967084468043374,-0.00024971774829820226,0.00020225509997524828,0.00024971774829820226
fresh,0.2,0.01,202,20,captured_action,6,0.2,-0.0007847896947088337,-0.0007572473603601954,-0.0007368822384914428,-0.0007847896947088337,-4.790745621739093e-05,2.754233434863827e-05,4.790745621739093e-05
fresh,0.2,0.01,202,21,position,7,0.15000000000000002,-0.0052586666572673755,-0.005102519034777031,-0.004965293832788295,-0.0052586666572673755,-0.00029337282447908057,0.00015614762249034457,0.00029337282447908057
fresh,0.2,0.01,202,22,velocity,7,0.15000000000000002,-0.002865570378577854,-0.0026280369050228586,-0.0025573594822307704,-0.002865570378577854,-0.00030821089634708353,0.0002375334735549954,0.00030821089634708353
fresh,0.2,0.01,202,23,captured_action,7,0.15000000000000002,-0.00047892687637673297,-0.0004483289531180886,-0.00043627176514295026,-0.00047892687637673297,-4.2655111233782714e-05,3.059792325864439e-05,4.2655111233782714e-05
fresh,0.2,0.01,202,24,position,8,0.1,-0.008242460781622244,-0.008112584399030471,-0.00789440764648529,-0.008242460781622244,-0.00034805313513695466,0.0001298763825917735,0.00034805313513695466
fresh,0.2,0.01,202,25,velocity,8,0.1,-0.00453447674871856,-0.004254060417185571,-0.004139653337850475,-0.00453447674871856,-0.0003948234108680851,0.0002804163315329889,0.0003948234108680851
fresh,0.2,0.01,202,26,captured_action,8,0.1,-0.0005423151165179412,-0.0005313870312425714,-0.0005170961109736883,-0.0005423151165179412,-2.5219005544252818e-05,1.0928085275369774e-05,2.5219005544252818e-05
fresh,0.2,0.01,202,27,position,9,0.05,-0.015306939484238915,-0.015322340030391022,-0.014910266858046183,-0.015306939484238915,-0.00039667262619273204,-1.540054615210666e-05,0.00039667262619273204
fresh,0.2,0.01,202,28,velocity,9,0.05,-0.008214967759148305,-0.007885639553650592,-0.007673566169272252,-0.008214967759148305,-0.0005414015898760529,0.00032932820549771286,0.0005414015898760529
fresh,0.2,0.01,202,29,captured_action,9,0.05,0.0002941336371553683,0.00033374040282485443,0.00032476491564346384,0.0002941336371553683,-3.0631278488095525e-05,3.960676566948612e-05,3.0631278488095525e-05
fresh,0.2,0.01,202,30,position,10,0.0,-0.11107938445384484,-0.1151079626270083,-0.11201229295594096,-0.11107938445384484,0.0009329085020961247,-0.004028578173163461,-0.0009329085020961247
fresh,0.2,0.01,202,31,velocity,10,0.0,-0.13633506025728068,-0.14117408174775417,-0.1373773998047036,-0.13633506025728068,0.0010423395474229158,-0.004839021490473494,-0.0010423395474229158
fresh,0.2,0.01,202,32,captured_action,10,0.0,0.002671405056119771,0.0029548936577024247,0.0028754258739921053,0.002671405056119771,-0.00020402081787233416,0.0002834886015826536,0.00020402081787233416
fresh,0.2,0.01,202,33,held_action,,0.0,-0.019955266547008802,-0.02134818439503849,-0.02077405446122827,-0.019955266547008802,0.0008187879142194689,-0.0013929178480296886,-0.0008187879142194689
fresh,0.2,0.01,303,0,position,0,0.5,-0.0013716241797017714,-0.0014536918246562142,-0.0013611784314341237,-0.0013716241797017714,-1.0445748267647699e-05,-8.206764495444284e-05,1.0445748267647699e-05
fresh,0.2,0.01,303,1,velocity,0,0.5,-0.0006472040433394215,-0.0005355643871305734,-0.0005014809054035738,-0.0006472040433394215,-0.0001457231379358477,0.00011163965620884818,0.0001457231379358477
fresh,0.2,0.01,303,2,captured_action,0,0.5,-0.0003316138247310631,-0.0002502623078129245,-0.00023433553784788026,-0.0003316138247310631,-9.727828688318283e-05,8.135151691813857e-05,9.727828688318283e-05
fresh,0.2,0.01,303,3,position,1,0.45,-0.0017190517558353944,-0.0018012660052389533,-0.0016866328846463787,-0.0017190517558353944,-3.241887118901566e-05,-8.221424940355894e-05,3.241887118901566e-05
fresh,0.2,0.01,303,4,velocity,1,0.45,-0.0009458865948472644,-0.0008793826133419253,-0.0008234184343316932,-0.0009458865948472644,-0.00012246816051557114,6.650398150533912e-05,0.00012246816051557114
fresh,0.2,0.01,303,5,captured_action,1,0.45,-0.00044775367565557257,-0.0003822469641484585,-0.0003579206502059695,-0.00044775367565557257,-8.983302544960308e-05,6.550671150711408e-05,8.983302544960308e-05
fresh,0.2,0.01,303,6,position,2,0.4,-0.00219728877324554,-0.0022892799244575313,-0.0021435894484882773,-0.00219728877324554,-5.369932475726268e-05,-9.199115121199131e-05,5.369932475726268e-05
fresh,0.2,0.01,303,7,velocity,2,0.4,-0.001299480076356669,-0.0012662281688071977,-0.0011856450200937823,-0.001299480076356669,-0.00011383505626288678,3.325190754947132e-05,0.00011383505626288678
fresh,0.2,0.01,303,8,captured_action,2,0.4,-0.0006424308799931092,-0.0005829474849323392,-0.0005458485283401272,-0.0006424308799931092,-9.658235165298202e-05,5.9483395060770054e-05,9.658235165298202e-05
fresh,0.2,0.01,303,9,position,3,0.35000000000000003,-0.0027053621816707416,-0.0028062779520777515,-0.002627685563190616,-0.0027053621816707416,-7.767661848012567e-05,-0.00010091577040700992,7.767661848012567e-05
fresh,0.2,0.01,303,10,velocity,3,0.35000000000000003,-0.0018187690984723883,-0.0018083701849938335,-0.0016932849522244989,-0.0018187690984723883,-0.00012548414624788938,1.0398913478554738e-05,0.00012548414624788938
fresh,0.2,0.01,303,11,captured_action,3,0.35000000000000003,-0.0007050320320118548,-0.0006446463515168309,-0.000603620860146838,-0.0007050320320118548,-0.00010141117186501683,6.0385680495023976e-05,0.00010141117186501683
fresh,0.2,0.01,303,12,position,4,0.30000000000000004,-0.0033553032393174773,-0.0034727702668306154,-0.0032517621027781936,-0.0033553032393174773,-0.00010354113653928375,-0.00011746702751313804,0.00010354113653928375
fresh,0.2,0.01,303,13,velocity,4,0.30000000000000004,-0.0022705393718236997,-0.0022792491173890404,-0.0021341970050556837,-0.0022705393718236997,-0.00013634236676801593,-8.709745565340776e-06,0.00013634236676801593
fresh,0.2,0.01,303,14,captured_action,4,0.30000000000000004,-0.000835894505956691,-0.0007770891050710323,-0.0007276349162762094,-0.000835894505956691,-0.00010825958968048162,5.880540088565875e-05,0.00010825958968048162
fresh,0.2,0.01,303,15,position,5,0.25,-0.004471273906223461,-0.004622863886234689,-0.004328663411783666,-0.004471273906223461,-0.00014261049443979514,-0.00015158998001122814,0.00014261049443979514
fresh,0.2,0.01,303,16,velocity,5,0.25,-0.0026421271645908012,-0.0027043042952162653,-0.0025322015411028223,-0.0026421271645908012,-0.000109925623487979,-6.217713062546407e-05,0.000109925623487979
fresh,0.2,0.01,303,17,captured_action,5,0.25,-0.0007064724755751504,-0.0006555904029742466,-0.0006138684288155705,-0.0007064724755751504,-9.260404675957997e-05,5.088207260090384e-05,9.260404675957997e-05
fresh,0.2,0.01,303,18,position,6,0.2,-0.005892546621661735,-0.006085571578403845,-0.005698283938159189,-0.005892546621661735,-0.00019426268350254596,-0.00019302495674211,0.00019426268350254596
fresh,0.2,0.01,303,19,velocity,6,0.2,-0.0035103093300226083,-0.0036222839453344223,-0.0033917606849617915,-0.0035103093300226083,-0.00011854864506081683,-0.00011197461531181402,0.00011854864506081683
fresh,0.2,0.01,303,20,captured_action,6,0.2,-0.0007167390941751537,-0.0006611866978648232,-0.0006191085737842604,-0.0007167390941751537,-9.763052039089327e-05,5.555239631033042e-05,9.763052039089327e-05
fresh,0.2,0.01,303,21,position,7,0.15000000000000002,-0.008669582418877206,-0.00896711418453961,-0.008396444289757827,-0.008669582418877206,-0.0002731381291193793,-0.00029753176566240346,0.0002731381291193793
fresh,0.2,0.01,303,22,velocity,7,0.15000000000000002,-0.0056213935043352824,-0.005871571783338188,-0.005497903155634266,-0.0056213935043352824,-0.00012349034870101638,-0.0002501782790029052,0.00012349034870101638
fresh,0.2,0.01,303,23,captured_action,7,0.15000000000000002,-0.0005113800858603979,-0.00045753689265123996,-0.00042841910458534926,-0.0005113800858603979,-8.296098127504861e-05,5.384319320915791e-05,8.296098127504861e-05
fresh,0.2,0.01,303,24,position,8,0.1,-0.012619465603197494,-0.013079285780308699,-0.012246916024948788,-0.012619465603197494,-0.00037254957824870566,-0.0004598201771112056,0.00037254957824870566
fresh,0.2,0.01,303,25,velocity,8,0.1,-0.008192678187619007,-0.008597670142249611,-0.00805051177953964,-0.008192678187619007,-0.00014216640807936803,-0.0004049919546306041,0.00014216640807936803
fresh,0.2,0.01,303,26,captured_action,8,0.1,-0.0006244483564277568,-0.0006033227319804547,-0.0005649270884218664,-0.0006244483564277568,-5.952126800589036e-05,2.112562444730212e-05,5.952126800589036e-05
fresh,0.2,0.01,303,27,position,9,0.05,-0.020538107150991622,-0.02132677765155893,-0.0199695349859717,-0.020538107150991622,-0.0005685721650199212,-0.0007886705005673081,0.0005685721650199212
fresh,0.2,0.01,303,28,velocity,9,0.05,-0.01450854480871755,-0.01519498495918742,-0.014227971459702752,-0.01450854480871755,-0.0002805733490147972,-0.0006864401504698709,0.0002805733490147972
fresh,0.2,0.01,303,29,captured_action,9,0.05,-0.001648698364090006,-0.0017131411824301234,-0.0016041163525679918,-0.001648698364090006,-4.458201152201429e-05,-6.44428183401173e-05,4.458201152201429e-05
fresh,0.2,0.01,303,30,position,10,0.0,-0.09272086150862369,-0.09755216782752353,-0.09134391797096995,-0.09272086150862369,-0.0013769435376537326,-0.0048313063188998445,0.0013769435376537326
fresh,0.2,0.01,303,31,velocity,10,0.0,-0.13096672690918884,-0.1369291236227611,-0.12821491223186704,-0.13096672690918884,-0.002751814677321801,-0.0059623967135722655,0.002751814677321801
fresh,0.2,0.01,303,32,captured_action,10,0.0,-0.006099622987530657,-0.006126759046633269,-0.005736850223288108,-0.006099622987530657,-0.0003627727642425485,-2.7136059102612214e-05,0.0003627727642425485
fresh,0.2,0.01,303,33,held_action,,0.0,-0.00985813610884249,-0.007832627845302944,-0.007334157008826874,-0.00985813610884249,-0.0025239791000156164,0.0020255082635395466,0.0025239791000156164
fresh,0.2,0.01,404,0,position,0,0.5,-0.0011509659014686418,-0.0012598764968183983,-0.0011524594539307155,-0.0011509659014686418,1.4935524620736818e-06,-0.00010891059534975651,-1.4935524620736818e-06
fresh,0.2,0.01,404,1,velocity,0,0.5,-0.0005147537886351103,-0.0005850687224046864,-0.0005351857757781769,-0.0005147537886351103,2.0431987143066624e-05,-7.031493376957612e-05,-2.0431987143066624e-05
fresh,0.2,0.01,404,2,captured_action,0,0.5,-0.0008160454866495135,-0.0007035335850718338,-0.0006435503268148306,-0.0008160454866495135,-0.00017249515983468286,0.00011251190157767973,0.00017249515983468286
fresh,0.2,0.01,404,3,position,1,0.45,-0.0013563208671062094,-0.0014420350255519739,-0.0013190871504416529,-0.0013563208671062094,-3.723371666455649e-05,-8.571415844576451e-05,3.723371666455649e-05
fresh,0.2,0.01,404,4,velocity,1,0.45,-0.00050750823030651,-0.0005720574676312121,-0.0005232838603054629,-0.00050750823030651,1.5775629998952844e-05,-6.454923732470211e-05,-1.5775629998952844e-05
fresh,0.2,0.01,404,5,captured_action,1,0.45,-0.0005364304554684514,-0.00045695210764208334,-0.0004179923808211124,-0.0005364304554684514,-0.00011843807464733904,7.947834782636809e-05,0.00011843807464733904
fresh,0.2,0.01,404,6,position,2,0.4,-0.0017482869709148955,-0.0018435255179973908,-0.0016863465721790156,-0.0017482869709148955,-6.194039873587995e-05,-9.523854708249528e-05,6.194039873587995e-05
fresh,0.2,0.01,404,7,velocity,2,0.4,-0.0006001768564294352,-0.0006726997506288908,-0.0006153453844300484,-0.0006001768564294352,1.5168528000613257e-05,-7.252289419945558e-05,-1.5168528000613257e-05
fresh,0.2,0.01,404,8,captured_action,2,0.4,-0.0003502574506416184,-0.00029442883322984326,-0.0002693258372724711,-0.0003502574506416184,-8.093161336914732e-05,5.582861741177514e-05,8.093161336914732e-05
fresh,0.2,0.01,404,9,position,3,0.35000000000000003,-0.0021303423324086387,-0.0022216206810722517,-0.0020322053498222875,-0.0021303423324086387,-9.813698258635123e-05,-9.127834866361293e-05,9.813698258635123e-05
fresh,0.2,0.01,404,10,velocity,3,0.35000000000000003,-0.0008142475504000713,-0.0008938595947199957,-0.0008176491449941092,-0.0008142475504000713,3.40159459403795e-06,-7.961204431992442e-05,-3.40159459403795e-06
fresh,0.2,0.01,404,11,captured_action,3,0.35000000000000003,-0.00018040018807157472,-0.00013917799863942862,-0.0001273116854836334,-0.00018040018807157472,-5.308850258794131e-05,4.1222189432146096e-05,5.308850258794131e-05
fresh,0.2,0.01,404,12,position,4,0.30000000000000004,-0.0024501682568908723,-0.0025219596798267555,-0.0023069374520345294,-0.0024501682568908723,-0.00014323080485634286,-7.179142293588323e-05,0.00014323080485634286
fresh,0.2,0.01,404,13,velocity,4,0.30000000000000004,-0.0011661819809050014,-0.0012667449629785667,-0.0011587423148145233,-0.0011661819809050014,-7.439666090478057e-06,-0.00010056298207356527,7.439666090478057e-06
fresh,0.2,0.01,404,14,captured_action,4,0.30000000000000004,3.9932468558389906e-05,6.770209787427216e-05,6.192981847282933e-05,3.9932468558389906e-05,-2.1997349914439424e-05,2.7769629315882254e-05,2.1997349914439424e-05
fresh,0.2,0.01,404,15,position,5,0.25,-0.0028578109676384925,-0.0028963663021271007,-0.0026494221738099966,-0.0028578109676384925,-0.00020838879382849588,-3.8555334488608265e-05,0.00020838879382849588
fresh,0.2,0.01,404,16,velocity,5,0.25,-0.0015528866226722166,-0.001652414834563868,-0.001511529981484356,-0.0015528866226722166,-4.135664118786061e-05,-9.952821189165135e-05,4.135664118786061e-05
fresh,0.2,0.01,404,17,captured_action,5,0.25,0.00024339412486999322,0.00025941190577248065,0.00023729445229326502,0.00024339412486999322,6.099672576728195e-06,1.6017780902487428e-05,-6.099672576728195e-06
fresh,0.2,0.01,404,18,position,6,0.2,-0.004051392916363011,-0.004089385398957909,-0.003740724488231004,-0.004051392916363011,-0.00031066842813200646,-3.799248259489865e-05,0.00031066842813200646
fresh,0.2,0.01,404,19,velocity,6,0.2,-0.0025588918791061995,-0.002683222685251025,-0.002454451177101875,-0.0025588918791061995,-0.00010444070200432438,-0.00012433080614482556,0.00010444070200432438
fresh,0.2,0.01,404,20,captured_action,6,0.2,0.0006180320708151951,0.0006108790131921723,0.0005587954817309871,0.0006180320708151951,5.923658908420801e-05,-7.153057623022758e-06,-5.923658908420801e-05
fresh,0.2,0.01,404,21,position,7,0.15000000000000002,-0.005440653798576163,-0.0054196562132291185,-0.004957576441630011,-0.005440653798576163,-0.0004830773569461516,2.0997585347044302e-05,0.0004830773569461516
fresh,0.2,0.01,404,22,velocity,7,0.15000000000000002,-0.003929640668226238,-0.00405619578305527,-0.0037103646182628618,-0.003929640668226238,-0.00021927604996337634,-0.00012655511482903212,0.00021927604996337634
fresh,0.2,0.01,404,23,captured_action,7,0.15000000000000002,0.0007923186333804167,0.000739519422736337,0.0006764680127378587,0.0007923186333804167,0.00011585062064255799,-5.279921064407962e-05,-0.00011585062064255799
fresh,0.2,0.01,404,24,position,8,0.1,-0.008278806053344523,-0.00823395753816396,-0.007531930496429403,-0.008278806053344523,-0.0007468755569151201,4.484851518056325e-05,0.0007468755569151201
fresh,0.2,0.01,404,25,velocity,8,0.1,-0.006067227279679668,-0.006221278375965636,-0.005690852316097927,-0.006067227279679668,-0.00037637496358174094,-0.00015405109628596758,0.00037637496358174094
fresh,0.2,0.01,404,26,captured_action,8,0.1,0.00099995363488194,0.0008509281461143838,0.0007783780307686886,0.00099995363488194,0.0002215756041132514,-0.00014902548876755627,-0.0002215756041132514
fresh,0.2,0.01,404,27,position,9,0.05,-0.015103905575487969,-0.015027815501936086,-0.013746544277053213,-0.015103905575487969,-0.0013573612984347557,7.609007355188248e-05,0.0013573612984347557
fresh,0.2,0.01,404,28,velocity,9,0.05,-0.011730377378655107,-0.01191424632947356,-0.010898437944937951,-0.011730377378655107,-0.0008319394337171562,-0.00018386895081845198,0.0008319394337171562
fresh,0.2,0.01,404,29,captured_action,9,0.05,0.0010283558133340393,0.0007249234839639359,0.0006631165233897149,0.0010283558133340393,0.00036523928994432447,-0.0003034323293701034,-0.00036523928994432447
fresh,0.2,0.01,404,30,position,10,0.0,-0.10215709247952609,-0.10357378321532956,-0.09474308469704117,-0.10215709247952609,-0.007414007782484924,-0.001416690735803472,0.007414007782484924
fresh,0.2,0.01,404,31,velocity,10,0.0,-0.14255215499986662,-0.1471311387157329,-0.13458674100893167,-0.14255215499986662,-0.00796541399093495,-0.004578983715866292,0.00796541399093495
fresh,0.2,0.01,404,32,captured_action,10,0.0,0.0034495996016193913,0.0021111690721779225,0.0019311708427149808,0.0034495996016193913,0.0015184287589044105,-0.0013384305294414688,-0.0015184287589044105
fresh,0.2,0.01,404,33,held_action,,0.0,-0.02517122951999102,-0.01705660085487361,-0.015602355434649585,-0.02517122951999102,-0.009568874085341433,0.008114628665117408,0.009568874085341433
fresh,0.2,0.01,505,0,position,0,0.5,-0.0021345600872217357,-0.0023329826095967177,-0.002136848975592419,-0.0021345600872217357,2.2888883706834694e-06,-0.000198422522374982,-2.2888883706834694e-06
fresh,0.2,0.01,505,1,velocity,0,0.5,-0.0007000977050126232,-0.0011671380862940867,-0.0010690168944309153,-0.0007000977050126232,0.00036891918941829214,-0.0004670403812814636,-0.00036891918941829214
fresh,0.2,0.01,505,2,captured_action,0,0.5,3.329349729848789e-05,-0.0003361507646508666,-0.00030789060069889656,3.3293497298487866e-05,0.0003411840979973844,-0.0003694442619493545,-0.0003411840979973844
fresh,0.2,0.01,505,3,position,1,0.45,-0.0022534282184150873,-0.00239588221008963,-0.0021944606124411335,-0.0022534282184150873,-5.896760597395379e-05,-0.00014245399167454268,5.896760597395379e-05
fresh,0.2,0.01,505,4,velocity,1,0.45,-0.0009586410761227359,-0.0013767891719910436,-0.0012610426325828262,-0.0009586410761227359,0.00030240155646009024,-0.00041814809586830767,-0.00030240155646009024
fresh,0.2,0.01,505,5,captured_action,1,0.45,-0.00010866724445628592,-0.0004545511736690334,-0.0004163370981907607,-0.0001086672444562859,0.0003076698537344748,-0.0003458839292127475,-0.0003076698537344748
fresh,0.2,0.01,505,6,position,2,0.4,-0.0023093568487970533,-0.002421277574168307,-0.0022177209905910153,-0.0023093568487970533,-9.163585820603799e-05,-0.00011192072537125368,9.163585820603799e-05
fresh,0.2,0.01,505,7,velocity,2,0.4,-0.0013700800319444957,-0.0017801843282683537,-0.0016305243950718827,-0.0013700800319444957,0.00026044436312738697,-0.0004101042963238579,-0.00026044436312738697
fresh,0.2,0.01,505,8,captured_action,2,0.4,-0.0001786904796667045,-0.0005177547877896913,-0.0004742271902694207,-0.00017869047966670448,0.0002955367106027162,-0.0003390643081229868,-0.0002955367106027162
fresh,0.2,0.01,505,9,position,3,0.35000000000000003,-0.0026922882251016415,-0.002792468343307312,-0.0025577057858146516,-0.0026922882251016415,-0.00013458243928698987,-0.00010018011820567057,0.00013458243928698987
fresh,0.2,0.01,505,10,velocity,3,0.35000000000000003,-0.0018403847973961771,-0.002254736776066989,-0.002065181262110715,-0.0018403847973961771,0.0002247964647145381,-0.000414351978670812,-0.0002247964647145381
fresh,0.2,0.01,505,11,captured_action,3,0.35000000000000003,-0.00016392516042678567,-0.000496352807929898,-0.0004546244728934201,-0.00016392516042678567,0.00029069931246663444,-0.0003324276475031124,-0.00029069931246663444
fresh,0.2,0.01,505,12,position,4,0.30000000000000004,-0.0037379707815665703,-0.0038549392915061377,-0.0035308548988497554,-0.0037379707815665703,-0.0002071158827168149,-0.00011696850993956742,0.0002071158827168149
fresh,0.2,0.01,505,13,velocity,4,0.30000000000000004,-0.0027796084806755686,-0.003228251925803961,-0.0029568530825015,-0.0027796084806755686,0.00017724460182593155,-0.00044864344512839235,-0.00017724460182593155
fresh,0.2,0.01,505,14,captured_action,4,0.30000000000000004,-0.00023711402975983207,-0.000575993631155343,-0.0005275698994150719,-0.00023711402975983204,0.00029045586965523987,-0.0003388796013955109,-0.00029045586965523987
fresh,0.2,0.01,505,15,position,5,0.25,-0.004511231423635365,-0.004601605325047187,-0.004214748787436284,-0.004511231423635365,-0.0002964826361990811,-9.037390141182228e-05,0.0002964826361990811
fresh,0.2,0.01,505,16,velocity,5,0.25,-0.0034743729905334308,-0.003925986237888047,-0.003595928934965865,-0.0034743729905334308,0.00012155594443243435,-0.0004516132473546164,-0.00012155594443243435
fresh,0.2,0.01,505,17,captured_action,5,0.25,-0.0002839350319156621,-0.000620089250772004,-0.0005679584043350735,-0.0002839350319156621,0.0002840233724194114,-0.00033615421885634187,-0.0002840233724194114
fresh,0.2,0.01,505,18,position,6,0.2,-0.00599390843065556,-0.006124462702546043,-0.005609579684887464,-0.00599390843065556,-0.00038432874576809547,-0.00013055427189048296,0.00038432874576809547
fresh,0.2,0.01,505,19,velocity,6,0.2,-0.005430350864968698,-0.00594194213150566,-0.005442403601513399,-0.005430350864968698,1.2052736544701341e-05,-0.0005115912665369622,-1.2052736544701341e-05
fresh,0.2,0.01,505,20,captured_action,6,0.2,-9.059145341715744e-05,-0.00040302476307964904,-0.00036914250821354995,-9.059145341715744e-05,0.0002785510547963925,-0.0003124333096624916,-0.0002785510547963925
fresh,0.2,0.01,505,21,position,7,0.15000000000000002,-0.008099142542976811,-0.008234232351121381,-0.007541981192618161,-0.008099142542976811,-0.0005571613503586505,-0.00013508980814457006,0.0005571613503586505
fresh,0.2,0.01,505,22,velocity,7,0.15000000000000002,-0.007580603783413286,-0.008148178635883114,-0.007463162005327005,-0.007580603783413286,-0.00011744177808628055,-0.0005675748524698286,0.00011744177808628055
fresh,0.2,0.01,505,23,captured_action,7,0.15000000000000002,-0.00010188837610930711,-0.00039277189766357746,-0.0003597516002526,-0.00010188837610930712,0.0002578632241432929,-0.00029088352155427034,-0.0002578632241432929
fresh,0.2,0.01,505,24,position,8,0.1,-0.010496506274325225,-0.010607145186958556,-0.00971540346399346,-0.010496506274325225,-0.0007811028103317658,-0.00011063891263333146,0.0007811028103317658
fresh,0.2,0.01,505,25,velocity,8,0.1,-0.01027327163611374,-0.010886667171312224,-0.00997142606076067,-0.01027327163611374,-0.000301845575353071,-0.0006133955351984837,0.000301845575353071
fresh,0.2,0.01,505,26,captured_action,8,0.1,0.0001305687869548599,-0.00010530217010868714,-9.644942632611528e-05,0.0001305687869548599,0.00022701821328097518,-0.00023587095706354704,-0.00022701821328097518
fresh,0.2,0.01,505,27,position,9,0.05,-0.015670671679560655,-0.01586044118644128,-0.014527055350639482,-0.015670671679560655,-0.0011436163289211734,-0.00018976950688062363,0.0011436163289211734
fresh,0.2,0.01,505,28,velocity,9,0.05,-0.016903831788972517,-0.017657360664686435,-0.01617290797316459,-0.016903831788972517,-0.0007309238158079261,-0.0007535288757139179,0.0007309238158079261
fresh,0.2,0.01,505,29,captured_action,9,0.05,0.0006373155904147716,0.0005769345098888266,0.0005284316785597303,0.0006373155904147716,0.00010888391185504128,-6.0381080525945046e-05,-0.00010888391185504128
fresh,0.2,0.01,505,30,position,10,0.0,-0.09908254121915962,-0.10427450999341296,-0.09550816150247375,-0.09908254121915962,-0.003574379716685866,-0.005191968774253347,0.003574379716685866
fresh,0.2,0.01,505,31,velocity,10,0.0,-0.13598975319728307,-0.14339532647532682,-0.13134009453097029,-0.13598975319728307,-0.004649658666312784,-0.007405573278043753,0.004649658666312784
fresh,0.2,0.01,505,32,captured_action,10,0.0,-0.004804715762534972,-0.005204808483455774,-0.004767240711644116,-0.004804715762534972,-3.747505089085612e-05,-0.0004000927209208017,3.747505089085612e-05
fresh,0.2,0.01,505,33,held_action,,0.0,-0.023532145108709532,-0.02043874845923732,-0.018720464750940444,-0.023532145108709532,-0.004811680357769087,0.0030933966494722104,0.004811680357769087
fresh,0.2,0.01,606,0,position,0,0.5,-0.0010249670688731436,-0.000748233824928457,-0.0006776451382566547,-0.0010249670688731436,-0.00034732193061648897,0.00027673324394468664,0.00034732193061648897
fresh,0.2,0.01,606,1,velocity,0,0.5,0.000698058866508617,0.0008682029035346038,0.0007862962846631394,0.000698058866508617,-8.823741815452242e-05,0.00017014403702598677,8.823741815452242e-05
fresh,0.2,0.01,606,2,captured_action,0,0.5,-0.00035786273430379856,-0.00018289765852951654,-0.00016564301822749494,-0.00035786273430379856,-0.00019221971607630362,0.00017496507577428202,0.00019221971607630362
fresh,0.2,0.01,606,3,position,1,0.45,-0.0012257706240710034,-0.0009873619791278966,-0.0008942138440740265,-0.0012257706240710034,-0.00033155677999697683,0.0002384086449431068,0.00033155677999697683
fresh,0.2,0.01,606,4,velocity,1,0.45,9.332196668916646e-05,0.00027037414453388197,0.00024486693657721996,9.332196668916646e-05,-0.0001515449698880535,0.00017705217784471552,0.0001515449698880535
fresh,0.2,0.01,606,5,captured_action,1,0.45,-0.00017898333789320318,-5.6260454624037153e-05,-5.095282020394256e-05,-0.00017898333789320318,-0.0001280305176892606,0.00012272288326916603,0.0001280305176892606
fresh,0.2,0.01,606,6,position,2,0.4,-0.0015983370873889006,-0.001361433866970213,-0.0012329956362217844,-0.0015983370873889006,-0.0003653414511671162,0.00023690322041868754,0.0003653414511671162
fresh,0.2,0.01,606,7,velocity,2,0.4,-0.0002451698483117605,-4.215229139222271e-05,-3.817562689183258e-05,-0.0002451698483117605,-0.00020699422141992794,0.0002030175569195378,0.00020699422141992794
fresh,0.2,0.01,606,8,captured_action,2,0.4,-7.452629311490024e-05,1.775888384322835e-05,1.6083503440089745e-05,-7.452629311490024e-05,-9.060979655498999e-05,9.22851769581286e-05,9.060979655498999e-05
fresh,0.2,0.01,606,9,position,3,0.35000000000000003,-0.002033934165420422,-0.001803145787473065,-0.0016330362725394322,-0.002033934165420422,-0.00040089789288098973,0.000230788377947357,0.00040089789288098973
fresh,0.2,0.01,606,10,velocity,3,0.35000000000000003,-0.0006218302223375948,-0.00040061443165292427,-0.00036282030146259997,-0.0006218302223375948,-0.00025900992087499484,0.00022121579068467054,0.00025900992087499484
fresh,0.2,0.01,606,11,captured_action,3,0.35000000000000003,6.828746104637804e-05,0.00013249794111600205,0.00011999803087605712,6.828746104637804e-05,-5.171056982967908e-05,6.421048006962401e-05,5.171056982967908e-05
fresh,0.2,0.01,606,12,position,4,0.30000000000000004,-0.002393580335381567,-0.0021687952526566094,-0.0019641902168448327,-0.002393580335381567,-0.00042939011853673423,0.00022478508272495744,0.00042939011853673423
fresh,0.2,0.01,606,13,velocity,4,0.30000000000000004,-0.0008895768468618944,-0.0006573353465925561,-0.0005953220597388655,-0.0008895768468618944,-0.00029425478712302895,0.00023224150026933833,0.00029425478712302895
fresh,0.2,0.01,606,14,captured_action,4,0.30000000000000004,0.0001688152743255332,0.0002083046245495252,0.00018865308062738324,0.0001688152743255332,-1.9837806301850028e-05,3.948935022399198e-05,1.9837806301850028e-05
fresh,0.2,0.01,606,15,position,5,0.25,-0.003318873575694476,-0.003103415518178912,-0.0028106380222589883,-0.003318873575694476,-0.0005082355534354877,0.0002154580575155639,0.0005082355534354877
fresh,0.2,0.01,606,16,velocity,5,0.25,-0.0015953354616733422,-0.0013345679908370834,-0.0012086642978886616,-0.0015953354616733422,-0.0003866711637846806,0.0002607674708362587,0.0003866711637846806
fresh,0.2,0.01,606,17,captured_action,5,0.25,0.00043140463376512635,0.000448406907577287,0.00040610401555891105,0.00043140463376512635,2.5300618206215296e-05,1.7002273812160673e-05,-2.5300618206215296e-05
fresh,0.2,0.01,606,18,position,6,0.2,-0.004678780436006749,-0.004473221340709221,-0.0040512158003112924,-0.004678780436006749,-0.0006275646356954569,0.00020555909529752867,0.0006275646356954569
fresh,0.2,0.01,606,19,velocity,6,0.2,-0.0025583801977872925,-0.002283878257085313,-0.0020684162433206293,-0.0025583801977872925,-0.0004899639544666632,0.00027450194070197933,0.0004899639544666632
fresh,0.2,0.01,606,20,captured_action,6,0.2,0.0007485017042214832,0.0007278239006756825,0.0006591606946492013,0.0007485017042214832,8.934100957228182e-05,-2.0677803545800623e-05,-8.934100957228182e-05
fresh,0.2,0.01,606,21,position,7,0.15000000000000002,-0.007962184090899455,-0.007823651650449943,-0.007085565137138754,-0.007962184090899455,-0.0008766189537607015,0.00013853244044951217,0.0008766189537607015
fresh,0.2,0.01,606,22,velocity,7,0.15000000000000002,-0.005336882448062288,-0.00505091226045793,-0.004574407121179683,-0.005336882448062288,-0.0007624753268826046,0.00028597018760435824,0.0007624753268826046
fresh,0.2,0.01,606,23,captured_action,7,0.15000000000000002,0.0008030795055788371,0.0007297205107833504,0.0006608783777795415,0.0008030795055788371,0.00014220112779929556,-7.33589947954867e-05,-0.00014220112779929556
fresh,0.2,0.01,606,24,position,8,0.1,-0.011714732085330264,-0.0117166701952502,-0.010611314711851089,-0.011714732085330264,-0.0011034173734791753,-1.9381099199359403e-06,0.0011034173734791753
fresh,0.2,0.01,606,25,velocity,8,0.1,-0.007191667572517281,-0.00699529283092054,-0.00633535402921431,-0.007191667572517281,-0.0008563135433029704,0.00019637474159674064,0.0008563135433029704
fresh,0.2,0.01,606,26,captured_action,8,0.1,0.0009342429084621937,0.0007613431732417771,0.0006895177452603328,0.0009342429084621937,0.0002447251632018609,-0.00017289973522041657,-0.0002447251632018609
fresh,0.2,0.01,606,27,position,9,0.05,-0.018586864927866535,-0.018981921207830016,-0.01719115895687662,-0.018586864927866535,-0.001395705970989914,-0.00039505627996348075,0.001395705970989914
fresh,0.2,0.01,606,28,velocity,9,0.05,-0.01233823080571214,-0.012399746205721634,-0.011229949050655509,-0.01233823080571214,-0.001108281755056631,-6.151540000949411e-05,0.001108281755056631
fresh,0.2,0.01,606,29,captured_action,9,0.05,-2.5637383628883013e-05,-0.0004430853693133995,-0.00040128451340273023,-2.5637383628883013e-05,0.0003756471297738472,-0.0004174479856845165,-0.0003756471297738472
fresh,0.2,0.01,606,30,position,10,0.0,-0.10967201087336109,-0.11759316120401972,-0.10649937402890641,-0.10967201087336109,-0.0031726368444546793,-0.007921150330658627,0.0031726368444546793
fresh,0.2,0.01,606,31,velocity,10,0.0,-0.13797364873312332,-0.14888567739865588,-0.13483974138016908,-0.13797364873312332,-0.0031339073529542405,-0.010912028665532564,0.0031339073529542405
fresh,0.2,0.01,606,32,captured_action,10,0.0,-0.004896861301666316,-0.006807007163549309,-0.006164831309114448,-0.004896861301666316,0.0012679700074481326,-0.0019101458618829932,-0.0012679700074481326
fresh,0.2,0.01,606,33,held_action,,0.0,-0.02162386245349758,-0.018931471996691977,-0.01714546914505898,-0.02162386245349758,-0.004478393308438602,0.002692390456805603,0.004478393308438602
fresh,0.2,0.01,707,0,position,0,0.5,-0.0004736099239462347,-0.0005855314754808788,-0.0005562508279814348,-0.0004736099239462347,8.264090403520014e-05,-0.00011192155153464409,-8.264090403520014e-05
fresh,0.2,0.01,707,1,velocity,0,0.5,0.0007386313083634371,0.0006088714714331679,0.000578423661752466,0.0007386313083634371,0.00016020764661097114,-0.00012975983693026924,-0.00016020764661097114
fresh,0.2,0.01,707,2,captured_action,0,0.5,-8.033496307825112e-05,-9.521231353039664e-05,-9.045103543206643e-05,-8.033496307825112e-05,1.0116072353815304e-05,-1.487735045214552e-05,-1.0116072353815304e-05
fresh,0.2,0.01,707,3,position,1,0.45,-0.0011957965644524852,-0.00131026147875624,-0.0012447392889199833,-0.0011957965644524852,4.89427244674981e-05,-0.00011446491430375477,-4.89427244674981e-05
fresh,0.2,0.01,707,4,velocity,1,0.45,0.00012461085123684673,1.3979141047280012e-05,1.3280086737664541e-05,0.00012461085123684673,0.00011133076449918219,-0.00011063171018956672,-0.00011133076449918219
fresh,0.2,0.01,707,5,captured_action,1,0.45,-0.000195165710013601,-0.0001975607658894285,-0.0001876813531029891,-0.000195165710013601,-7.4843569106118894e-06,-2.3950558758275176e-06,7.4843569106118894e-06
fresh,0.2,0.01,707,6,position,2,0.4,-0.0020447200846870845,-0.0021905495559617336,-0.0020810068378260393,-0.0020447200846870845,3.6286753138954804e-05,-0.00014582947127464918,-3.6286753138954804e-05
fresh,0.2,0.01,707,7,velocity,2,0.4,-0.000563604892191443,-0.0006844073191792111,-0.0006501821915847162,-0.000563604892191443,8.65772993932732e-05,-0.0001208024269877681,-8.65772993932732e-05
fresh,0.2,0.01,707,8,captured_action,2,0.4,-0.00018688400898254144,-0.00018214605246408622,-0.00017303748259389092,-0.00018688400898254144,-1.3846526388650525e-05,4.737956518455227e-06,1.3846526388650525e-05
fresh,0.2,0.01,707,9,position,3,0.35000000000000003,-0.002884008650879095,-0.0030599642379682546,-0.002906944736942679,-0.002884008650879095,2.2936086063584087e-05,-0.00017595558708915961,-2.2936086063584087e-05
fresh,0.2,0.01,707,10,velocity,3,0.35000000000000003,-0.0011056087550785141,-0.0012338953297081447,-0.0011721919786274492,-0.0011056087550785141,6.658322354893506e-05,-0.00012828657462963058,-6.658322354893506e-05
fresh,0.2,0.01,707,11,captured_action,3,0.35000000000000003,-0.00016834399601186809,-0.0001533267446219817,-0.0001456593406488197,-0.00016834399601186809,-2.268465536304839e-05,1.5017251389886374e-05,2.268465536304839e-05
fresh,0.2,0.01,707,12,position,4,0.30000000000000004,-0.003650608936786917,-0.0038616110977604382,-0.0036685036764376082,-0.003650608936786917,1.7894739650691025e-05,-0.00021100216097352104,-1.7894739650691025e-05
fresh,0.2,0.01,707,13,velocity,4,0.30000000000000004,-0.001600097949151931,-0.0017478706639919115,-0.0016604649703100566,-0.001600097949151931,6.036702115812557e-05,-0.0001477727148399804,-6.036702115812557e-05
fresh,0.2,0.01,707,14,captured_action,4,0.30000000000000004,-7.139613471085233e-05,-4.807818772184139e-05,-4.56739438407773e-05,-7.139613471085233e-05,-2.572219087007503e-05,2.3317946989010938e-05,2.572219087007503e-05
fresh,0.2,0.01,707,15,position,5,0.25,-0.00478734560258678,-0.00505559597603328,-0.004802781003870999,-0.00478734560258678,1.5435401284218803e-05,-0.0002682503734464997,-1.5435401284218803e-05
fresh,0.2,0.01,707,16,velocity,5,0.25,-0.002341840934261738,-0.002519894642710251,-0.002393882378880472,-0.002341840934261738,5.204144461873426e-05,-0.00017805370844851303,-5.204144461873426e-05
fresh,0.2,0.01,707,17,captured_action,5,0.25,-1.8716108149745617e-05,1.2691032194843096e-05,1.2056392289625173e-05,-1.871610814974562e-05,-3.077250043937079e-05,3.140714034458871e-05,3.077250043937079e-05
fresh,0.2,0.01,707,18,position,6,0.2,-0.006434459227487857,-0.00679230023013735,-0.006452637962475808,-0.006434459227487857,1.8178734987951348e-05,-0.0003578410026494937,-1.8178734987951348e-05
fresh,0.2,0.01,707,19,velocity,6,0.2,-0.003641216497823322,-0.00387745483332097,-0.0036835551149902957,-0.003641216497823322,4.2338617166973614e-05,-0.00023623833549764805,-4.2338617166973614e-05
fresh,0.2,0.01,707,20,captured_action,6,0.2,-2.6999947719873706e-05,1.251415565139616e-05,1.1888360803935953e-05,-2.6999947719873706e-05,-3.888830852380966e-05,3.9514103371269865e-05,3.888830852380966e-05
fresh,0.2,0.01,707,21,position,7,0.15000000000000002,-0.009249639273288366,-0.009770674696073508,-0.009282072983633528,-0.009249639273288366,3.243371034516128e-05,-0.0005210354227851415,-3.243371034516128e-05
fresh,0.2,0.01,707,22,velocity,7,0.15000000000000002,-0.0059360728537549675,-0.006293664344074031,-0.005978937339881292,-0.0059360728537549675,4.286448612632419e-05,-0.0003575914903190631,-4.286448612632419e-05
fresh,0.2,0.01,707,23,captured_action,7,0.15000000000000002,0.00031326450586596457,0.0003779471868529271,0.0003590471980136279,0.00031326450586596457,-4.578269214766331e-05,6.468268098696255e-05,4.578269214766331e-05
fresh,0.2,0.01,707,24,position,8,0.1,-0.013875866072810718,-0.01467214570857409,-0.013938436344443984,-0.013875866072810718,6.257027163326587e-05,-0.0007962796357633712,-6.257027163326587e-05
fresh,0.2,0.01,707,25,velocity,8,0.1,-0.00963024815476035,-0.010196322798343276,-0.009686435719422985,-0.00963024815476035,5.61875646626353e-05,-0.0005660746435829263,-5.61875646626353e-05
fresh,0.2,0.01,707,26,captured_action,8,0.1,0.0007046695626991659,0.0007987452249456498,0.0007588024065783024,0.0007046695626991659,-5.413284387913652e-05,9.407566224648388e-05,5.413284387913652e-05
fresh,0.2,0.01,707,27,position,9,0.05,-0.020687328200375967,-0.021854829146153876,-0.020761935637972174,-0.020687328200375967,7.460743759620664e-05,-0.0011675009457779092,-7.460743759620664e-05
fresh,0.2,0.01,707,28,velocity,9,0.05,-0.014915475485237873,-0.0157916506258505,-0.015001958227111123,-0.014915475485237873,8.648274187324917e-05,-0.0008761751406126273,-8.648274187324917e-05
fresh,0.2,0.01,707,29,captured_action,9,0.05,0.0011614009720917855,0.0012705897010653333,0.0012070513761225732,0.0011614009720917855,-4.565040403078772e-05,0.00010918872897354784,4.565040403078772e-05
fresh,0.2,0.01,707,30,position,10,0.0,-0.08499739734366395,-0.09000547148123099,-0.08550457171098585,-0.08499739734366395,0.0005071743673219081,-0.005008074137567042,-0.0005071743673219081
fresh,0.2,0.01,707,31,velocity,10,0.0,-0.13539100120605504,-0.14285048984668863,-0.1357069714988686,-0.13539100120605504,0.00031597029281354994,-0.007459488640633588,-0.00031597029281354994
fresh,0.2,0.01,707,32,captured_action,10,0.0,-0.00440840176650962,-0.004625696278517826,-0.004394379282177818,-0.00440840176650962,-1.4022484331801914e-05,-0.00021729451200820649,1.4022484331801914e-05
fresh,0.2,0.01,707,33,held_action,,0.0,-0.016597431224796174,-0.017821875522952654,-0.0169306577544493,-0.016597431224796174,0.0003332265296531259,-0.0012244442981564803,-0.0003332265296531259
fresh,0.2,0.01,808,0,position,0,0.5,-0.0009097977991341369,-0.0008184759743333186,-0.0007276967158882748,-0.0009097977991341369,-0.00018210108324586208,9.132182480081825e-05,0.00018210108324586208
fresh,0.2,0.01,808,1,velocity,0,0.5,-0.000776751212365601,-0.0007606027734361105,-0.0006762423793512196,-0.000776751212365601,-0.00010050883301438145,1.6148438929490527e-05,0.00010050883301438145
fresh,0.2,0.01,808,2,captured_action,0,0.5,-0.0005703317216960274,-0.00063817726279021,-0.000567395394428378,-0.0005703317216960274,-2.936327267649328e-06,-6.784554109418267e-05,2.936327267649328e-06
fresh,0.2,0.01,808,3,position,1,0.45,-0.0011632256318236554,-0.0010571162580356017,-0.000939868796895599,-0.0011632256318236554,-0.00022335683492805635,0.00010610937378805374,0.00022335683492805635
fresh,0.2,0.01,808,4,velocity,1,0.45,-0.0007808400796399235,-0.0008034726880224892,-0.0007143574823392203,-0.0007808400796399235,-6.648259730070323e-05,-2.263260838256565e-05,6.648259730070323e-05
fresh,0.2,0.01,808,5,captured_action,1,0.45,-0.0007643850851187306,-0.0008357598646424849,-0.0007430636058278338,-0.0007643850851187306,-2.132147929089672e-05,-7.137477952375438e-05,2.132147929089672e-05
fresh,0.2,0.01,808,6,position,2,0.4,-0.0016121945107503244,-0.0014897060115223301,-0.0013244789171811982,-0.0016121945107503244,-0.00028771559356912616,0.00012248849922799425,0.00028771559356912616
fresh,0.2,0.01,808,7,velocity,2,0.4,-0.000848902122141658,-0.0008941187722815173,-0.0007949497781328213,-0.000848902122141658,-5.395234400883673e-05,-4.5216650139859316e-05,5.395234400883673e-05
fresh,0.2,0.01,808,8,captured_action,2,0.4,-0.0008918719332625239,-0.0009717968537236003,-0.000864012385386441,-0.0008918719332625239,-2.7859547876082913e-05,-7.992492046107638e-05,2.7859547876082913e-05
fresh,0.2,0.01,808,9,position,3,0.35000000000000003,-0.0018958754496204392,-0.001755061482707279,-0.00156040313607053,-0.0018958754496204392,-0.0003354723135499092,0.00014081396691316026,0.0003354723135499092
fresh,0.2,0.01,808,10,velocity,3,0.35000000000000003,-0.0007509474315178402,-0.000814417206521881,-0.0007240881163697098,-0.0007509474315178402,-2.685931514813042e-05,-6.346977500404079e-05,2.685931514813042e-05
fresh,0.2,0.01,808,11,captured_action,3,0.35000000000000003,-0.0009427691250281363,-0.0010343789758822447,-0.0009196533647142205,-0.0009427691250281363,-2.311576031391576e-05,-9.16098508541084e-05,2.311576031391576e-05
fresh,0.2,0.01,808,12,position,4,0.30000000000000004,-0.002351231021595007,-0.002194233080767767,-0.001950865091756323,-0.002351231021595007,-0.0004003659298386841,0.0001569979408272402,0.0004003659298386841
fresh,0.2,0.01,808,13,velocity,4,0.30000000000000004,-0.000858451972503086,-0.0009411462546840592,-0.0008367613224835254,-0.000858451972503086,-2.169065001956052e-05,-8.269428218097327e-05,2.169065001956052e-05
fresh,0.2,0.01,808,14,captured_action,4,0.30000000000000004,-0.0010432150849080592,-0.001129620775967811,-0.001004331653767247,-0.0010432150849080592,-3.888343114081226e-05,-8.640569105975186e-05,3.888343114081226e-05
fresh,0.2,0.01,808,15,position,5,0.25,-0.0026332705048684305,-0.00246534598119104,-0.002191908168718551,-0.0026332705048684305,-0.00044136233614987946,0.00016792452367739037,0.00044136233614987946
fresh,0.2,0.01,808,16,velocity,5,0.25,-0.0005720680951721517,-0.0006778921989449811,-0.0006027054456917397,-0.0005720680951721517,3.063735051958799e-05,-0.00010582410377282933,-3.063735051958799e-05
fresh,0.2,0.01,808,17,captured_action,5,0.25,-0.0006782688147223086,-0.0007714308600908956,-0.0006858694952900338,-0.0006782688147223086,7.60068056772519e-06,-9.316204536858697e-05,-7.60068056772519e-06
fresh,0.2,0.01,808,18,position,6,0.2,-0.003309294607426359,-0.003125531634690054,-0.00277887094709345,-0.003309294607426359,-0.0005304236603329094,0.0001837629727363052,0.0005304236603329094
fresh,0.2,0.01,808,19,velocity,6,0.2,-0.0005447753856700189,-0.0006761287148988795,-0.000601137554160269,-0.0005447753856700189,5.6362168490250086e-05,-0.0001313533292288606,-5.6362168490250086e-05
fresh,0.2,0.01,808,20,captured_action,6,0.2,-0.0004711653301381272,-0.0005877770681095179,-0.0005225852139229045,-0.0004711653301381272,5.141988378477727e-05,-0.00011661173797139067,-5.141988378477727e-05
fresh,0.2,0.01,808,21,position,7,0.15000000000000002,-0.0039954590716109566,-0.00382214456276223,-0.0033982207580837438,-0.0039954590716109566,-0.0005972383135272128,0.00017331450884872654,0.0005972383135272128
fresh,0.2,0.01,808,22,velocity,7,0.15000000000000002,-0.00031021839595365074,-0.00046845379710900084,-0.00041649639133180727,-0.00031021839595365074,0.00010627799537815653,-0.0001582354011553501,-0.00010627799537815653
fresh,0.2,0.01,808,23,captured_action,7,0.15000000000000002,-0.0006399395341935958,-0.0007568831090654144,-0.000672935272445648,-0.0006399395341935958,3.299573825205223e-05,-0.00011694357487181865,-3.299573825205223e-05
fresh,0.2,0.01,808,24,position,8,0.1,-0.006001799255106327,-0.0058921390879464455,-0.005238626909419128,-0.006001799255106327,-0.0007631723456871988,0.00010966016715988156,0.0007631723456871988
fresh,0.2,0.01,808,25,velocity,8,0.1,-0.0008288940370389396,-0.0010847525497626003,-0.000964439877000239,-0.0008288940370389396,0.00013554583996129945,-0.0002558585127236607,-0.00013554583996129945
fresh,0.2,0.01,808,26,captured_action,8,0.1,0.0002488016701949405,0.0001200457223308704,0.00010673114500125161,0.0002488016701949405,0.00014207052519368889,-0.0001287559478640701,-0.00014207052519368889
fresh,0.2,0.01,808,27,position,9,0.05,-0.009670707561370133,-0.009813853416479477,-0.00872537389652529,-0.009670707561370133,-0.0009453336648448437,-0.00014314585510934348,0.0009453336648448437
fresh,0.2,0.01,808,28,velocity,9,0.05,-0.0023460575622842473,-0.0028763283413587226,-0.0025573074268038475,-0.0023460575622842473,0.00021124986451960016,-0.0005302707790744753,-0.00021124986451960016
fresh,0.2,0.01,808,29,captured_action,9,0.05,0.000906035093460306,0.0007324309367916793,0.0006511951529822452,0.000906035093460306,0.00025483994047806086,-0.0001736041566686267,-0.00025483994047806086
fresh,0.2,0.01,808,30,position,10,0.0,-0.10896944105466522,-0.11872298716197123,-0.10555511776455491,-0.10896944105466522,-0.0034143232901103077,-0.009753546107306013,0.0034143232901103077
fresh,0.2,0.01,808,31,velocity,10,0.0,-0.1301200214127632,-0.14282767798664991,-0.12698629583292603,-0.1301200214127632,-0.0031337255798371544,-0.012707656573886728,0.0031337255798371544
fresh,0.2,0.01,808,32,captured_action,10,0.0,0.0004784203575326669,0.0010466771642422767,0.0009305875296275648,0.0004784203575326669,-0.00045216717209489786,0.0005682568067096098,0.00045216717209489786
fresh,0.2,0.01,808,33,held_action,,0.0,-0.009959891546793208,-0.008356348959669198,-0.007429524977469012,-0.009959891546793208,-0.0025303665693241963,0.0016035425871240103,0.0025303665693241963
fresh,0.2,0.01,909,0,position,0,0.5,-0.001391901985115758,-0.0015801631402548352,-0.0014513973411337043,-0.001391901985115758,5.9495356017946364e-05,-0.00018826115513907726,-5.9495356017946364e-05
fresh,0.2,0.01,909,1,velocity,0,0.5,-0.0007819792402331284,-0.0008934929641046922,-0.0008206831809873022,-0.0007819792402331284,3.870394075417374e-05,-0.00011151372387156375,-3.870394075417374e-05
fresh,0.2,0.01,909,2,captured_action,0,0.5,-0.000269071160915942,-0.000357599312300719,-0.00032845892796917275,-0.000269071160915942,5.9387767053230766e-05,-8.852815138477699e-05,-5.9387767053230766e-05
fresh,0.2,0.01,909,3,position,1,0.45,-0.0018361740749004794,-0.0020255154631667587,-0.0018604583810196505,-0.0018361740749004794,2.4284306119171095e-05,-0.00018934138826627936,-2.4284306119171095e-05
fresh,0.2,0.01,909,4,velocity,1,0.45,-0.0010341723382923287,-0.00115189136139149,-0.0010580249700856011,-0.0010341723382923287,2.3852631793272417e-05,-0.00011771902309916133,-2.3852631793272417e-05
fresh,0.2,0.01,909,5,captured_action,1,0.45,-0.0004384616551805793,-0.0005098133132555128,-0.00046826917327933885,-0.0004384616551805793,2.9807518098759554e-05,-7.135165807493351e-05,-2.9807518098759554e-05
fresh,0.2,0.01,909,6,position,2,0.4,-0.0021540902405851256,-0.0023705489230629747,-0.0021773754344162817,-0.0021540902405851256,2.3285193831156046e-05,-0.00021645868247784908,-2.3285193831156046e-05
fresh,0.2,0.01,909,7,velocity,2,0.4,-0.0012222142100261897,-0.001354993340603413,-0.0012445763868966769,-0.0012222142100261897,2.236217687048717e-05,-0.00013277913057722327,-2.236217687048717e-05
fresh,0.2,0.01,909,8,captured_action,2,0.4,-0.0004522893198449994,-0.000530264233294982,-0.0004870535697842697,-0.0004522893198449994,3.47642499392703e-05,-7.797491344998256e-05,-3.47642499392703e-05
fresh,0.2,0.01,909,9,position,3,0.35000000000000003,-0.0024639872861555536,-0.0027103568524463437,-0.002489492780175678,-0.0024639872861555536,2.5505494020124173e-05,-0.00024636956629079006,-2.5505494020124173e-05
fresh,0.2,0.01,909,10,velocity,3,0.35000000000000003,-0.0013758950725569136,-0.0015305091922673706,-0.001405789640099636,-0.0013758950725569136,2.989456754272238e-05,-0.000154614119710457,-2.989456754272238e-05
fresh,0.2,0.01,909,11,captured_action,3,0.35000000000000003,-0.0004897849018969277,-0.0005707493395049207,-0.00052423958812105,-0.0004897849018969277,3.445468622412229e-05,-8.096443760799291e-05,-3.445468622412229e-05
fresh,0.2,0.01,909,12,position,4,0.30000000000000004,-0.0034648646623308002,-0.003773222972707654,-0.0034657470805256898,-0.0034648646623308002,8.824181948895345e-07,-0.0003083583103768539,-8.824181948895345e-07
fresh,0.2,0.01,909,13,velocity,4,0.30000000000000004,-0.0019972045986369493,-0.0021993853653015784,-0.002020159811354848,-0.0019972045986369493,2.29552127178987e-05,-0.00020218076666462907,-2.29552127178987e-05
fresh,0.2,0.01,909,14,captured_action,4,0.30000000000000004,-0.0005502348826247803,-0.0006357986909663436,-0.0005839881377159704,-0.0005502348826247803,3.3753255091190115e-05,-8.556380834156337e-05,-3.3753255091190115e-05
fresh,0.2,0.01,909,15,position,5,0.25,-0.004777844622622019,-0.005182587309988056,-0.004760263829908638,-0.004777844622622019,-1.7580792713380727e-05,-0.00040474268736603695,1.7580792713380727e-05
fresh,0.2,0.01,909,16,velocity,5,0.25,-0.002805415178228979,-0.003072215255260948,-0.0028218637299418556,-0.002805415178228979,1.6448551712876843e-05,-0.0002668000770319691,-1.6448551712876843e-05
fresh,0.2,0.01,909,17,captured_action,5,0.25,-0.0005191777750727492,-0.0006177595537187067,-0.0005674189904104942,-0.0005191777750727492,4.8241215337745005e-05,-9.858177864595754e-05,-4.8241215337745005e-05
fresh,0.2,0.01,909,18,position,6,0.2,-0.005704590718993183,-0.0061739637912116545,-0.005670854105212977,-0.005704590718993183,-3.3736613780206703e-05,-0.00046937307221847115,3.3736613780206703e-05
fresh,0.2,0.01,909,19,velocity,6,0.2,-0.00330517669670405,-0.003629103440341477,-0.0033333716942424937,-0.00330517669670405,2.8194997538443824e-05,-0.00032392674363742723,-2.8194997538443824e-05
fresh,0.2,0.01,909,20,captured_action,6,0.2,-0.0005511044088931575,-0.0006576223365977819,-0.0006040333978770228,-0.0005511044088931575,5.2928988983865334e-05,-0.00010651792770462448,-5.2928988983865334e-05
fresh,0.2,0.01,909,21,position,7,0.15000000000000002,-0.007721405793575105,-0.00832460831439288,-0.0076462449133833255,-0.007721405793575105,-7.516088019177917e-05,-0.0006032025208177758,7.516088019177917e-05
fresh,0.2,0.01,909,22,velocity,7,0.15000000000000002,-0.0045993155952819735,-0.0050653244188601605,-0.004652556565980667,-0.0045993155952819735,5.3240970698693706e-05,-0.00046600882357818695,-5.3240970698693706e-05
fresh,0.2,0.01,909,23,captured_action,7,0.15000000000000002,-0.00033407019470923014,-0.00042095077091037754,-0.00038664794417934186,-0.00033407019470923014,5.2577749470111726e-05,-8.68805762011474e-05,-5.2577749470111726e-05
fresh,0.2,0.01,909,24,position,8,0.1,-0.012296661126607723,-0.013224729856284567,-0.012147060807612206,-0.012296661126607723,-0.00014960031899551723,-0.0009280687296768439,0.00014960031899551723
fresh,0.2,0.01,909,25,velocity,8,0.1,-0.008047848485026307,-0.008790401619885008,-0.00807408122210783,-0.008047848485026307,2.6232737081523586e-05,-0.0007425531348587006,-2.6232737081523586e-05
fresh,0.2,0.01,909,26,captured_action,8,0.1,-4.9278851500059086e-05,-0.00014823144007771708,-0.00013615221904652339,-4.9278851500059086e-05,8.68733675464643e-05,-9.895258857765799e-05,-8.68733675464643e-05
fresh,0.2,0.01,909,27,position,9,0.05,-0.022000839558545975,-0.023577069414029702,-0.02165579932065042,-0.022000839558545975,-0.00034504023789555527,-0.0015762298554837274,0.00034504023789555527
fresh,0.2,0.01,909,28,velocity,9,0.05,-0.01578799747400137,-0.017169628409081997,-0.01577049380937746,-0.01578799747400137,-1.7503664623910037e-05,-0.0013816309350806258,1.7503664623910037e-05
fresh,0.2,0.01,909,29,captured_action,9,0.05,0.0003948672670456791,0.00033950608304868105,0.000311840096558705,0.0003948672670456791,8.30271704869741e-05,-5.536118399699806e-05,-8.30271704869741e-05
fresh,0.2,0.01,909,30,position,10,0.0,-0.10782093919557315,-0.11493412566002996,-0.10556826705981259,-0.10782093919557315,-0.002252672135760553,-0.007113186464456814,0.002252672135760553
fresh,0.2,0.01,909,31,velocity,10,0.0,-0.14166832019492334,-0.15180575076174396,-0.13943526298738243,-0.14166832019492334,-0.0022330572075409116,-0.010137430566820621,0.0022330572075409116
fresh,0.2,0.01,909,32,captured_action,10,0.0,-0.0012656346588156627,-0.0011511399675273673,-0.0010573348065013803,-0.0012656346588156627,-0.00020829985231428242,0.00011449469128829541,0.00020829985231428242
fresh,0.2,0.01,909,33,held_action,,0.0,-0.029141022115185114,-0.029264576102650677,-0.02687983719069805,-0.029141022115185114,-0.0022611849244870627,-0.00012355398746556265,0.0022611849244870627
fresh,0.2,0.01,1010,0,position,0,0.5,-0.0013041243996157969,-0.0014856482842156818,-0.0013788994653779246,-0.0013041243996157969,7.477506576212775e-05,-0.00018152388459988494,-7.477506576212775e-05
fresh,0.2,0.01,1010,1,velocity,0,0.5,-0.00029547920347212003,-0.000558745388065802,-0.0005185976553616531,-0.00029547920347212003,0.00022311845188953302,-0.00026326618459368193,-0.00022311845188953302
fresh,0.2,0.01,1010,2,captured_action,0,0.5,-0.00021052867395435353,-0.00035647772014554087,-0.00033086359870656065,-0.00021052867395435353,0.00012033492475220712,-0.00014594904619118733,-0.00012033492475220712
fresh,0.2,0.01,1010,3,position,1,0.45,-0.0021926605444103227,-0.0023441438319825128,-0.0021757092247416386,-0.0021926605444103227,-1.6951319668684177e-05,-0.00015148328757219002,1.6951319668684177e-05
fresh,0.2,0.01,1010,4,velocity,1,0.45,-0.0013143452051850638,-0.0015525284174845513,-0.0014409740364514777,-0.0013143452051850638,0.00012662883126641393,-0.00023818321229948755,-0.00012662883126641393
fresh,0.2,0.01,1010,5,captured_action,1,0.45,-0.0006479851687618591,-0.000791454855695287,-0.0007345861661767025,-0.0006479851687618591,8.660099741484336e-05,-0.0001434696869334279,-8.660099741484336e-05
fresh,0.2,0.01,1010,6,position,2,0.4,-0.0028766475322972457,-0.0030212574667032093,-0.0028041699706909296,-0.0028766475322972457,-7.247756160631618e-05,-0.0001446099344059636,7.247756160631618e-05
fresh,0.2,0.01,1010,7,velocity,2,0.4,-0.0018120674642363571,-0.0020441306392774937,-0.0018972529875403326,-0.0018120674642363571,8.518552330397545e-05,-0.00023206317504113655,-8.518552330397545e-05
fresh,0.2,0.01,1010,8,captured_action,2,0.4,-0.0008159369522244078,-0.0009592693947107272,-0.0008903426669511749,-0.0008159369522244078,7.440571472676707e-05,-0.00014333244248631942,-7.440571472676707e-05
fresh,0.2,0.01,1010,9,position,3,0.35000000000000003,-0.00372322697042439,-0.0038517620328355527,-0.00357499999445957,-0.00372322697042439,-0.00014822697596482024,-0.00012853506241116254,0.00014822697596482024
fresh,0.2,0.01,1010,10,velocity,3,0.35000000000000003,-0.002356877017975617,-0.0025909487056249405,-0.002404780339307543,-0.002356877017975617,4.790332133192609e-05,-0.00023407168764932353,-4.790332133192609e-05
fresh,0.2,0.01,1010,11,captured_action,3,0.35000000000000003,-0.0009364280478777413,-0.0010853802696693447,-0.0010073920519949465,-0.0009364280478777413,7.096400411720524e-05,-0.00014895222179160347,-7.096400411720524e-05
fresh,0.2,0.01,1010,12,position,4,0.30000000000000004,-0.00489893564904759,-0.005047096892491297,-0.004684446029862937,-0.00489893564904759,-0.0002144896191846532,-0.00014816124344370699,0.0002144896191846532
fresh,0.2,0.01,1010,13,velocity,4,0.30000000000000004,-0.0033694831178926687,-0.0036362001214869763,-0.0033749269304158033,-0.0033694831178926687,5.443812523134653e-06,-0.00026671700359430766,-5.443812523134653e-06
fresh,0.2,0.01,1010,14,captured_action,4,0.30000000000000004,-0.0013083336240785504,-0.0014763952106488633,-0.0013703112562237474,-0.0013083336240785504,6.197763214519703e-05,-0.00016806158657031289,-6.197763214519703e-05
fresh,0.2,0.01,1010,15,position,5,0.25,-0.006410823489064826,-0.006585361679331636,-0.006112181325437036,-0.006410823489064826,-0.00029864216362779014,-0.00017453819026680938,0.00029864216362779014
fresh,0.2,0.01,1010,16,velocity,5,0.25,-0.004219073869375379,-0.004515555021850314,-0.004191097227834888,-0.004219073869375379,-2.7976641540491606e-05,-0.00029648115247493494,2.7976641540491606e-05
fresh,0.2,0.01,1010,17,captured_action,5,0.25,-0.001356711534157639,-0.0015244631654651255,-0.001414925367048064,-0.001356711534157639,5.821383289042513e-05,-0.0001677516313074866,-5.821383289042513e-05
fresh,0.2,0.01,1010,18,position,6,0.2,-0.008379483493911254,-0.008580147708572454,-0.00796363527889793,-0.008379483493911254,-0.00041584821501332477,-0.00020066421466119998,0.00041584821501332477
fresh,0.2,0.01,1010,19,velocity,6,0.2,-0.005881493846004621,-0.006248684560005038,-0.0057996955878793655,-0.005881493846004621,-8.179825812525566e-05,-0.00036719071400041683,8.179825812525566e-05
fresh,0.2,0.01,1010,20,captured_action,6,0.2,-0.0018115726509983525,-0.0020124802095030448,-0.0018678767474445757,-0.0018115726509983525,5.630409644622326e-05,-0.00020090755850469232,-5.630409644622326e-05
fresh,0.2,0.01,1010,21,position,7,0.15000000000000002,-0.012905532911486694,-0.013181285027559081,-0.012234165428387875,-0.012905532911486694,-0.0006713674830988187,-0.0002757521160723867,0.0006713674830988187
fresh,0.2,0.01,1010,22,velocity,7,0.15000000000000002,-0.008676723294435284,-0.009173712541012593,-0.008514550484612946,-0.008676723294435284,-0.00016217280982233802,-0.0004969892465773087,0.00016217280982233802
fresh,0.2,0.01,1010,23,captured_action,7,0.15000000000000002,-0.0021345370973445198,-0.0023614383453675926,-0.002191761069255596,-0.0021345370973445198,5.722397191107627e-05,-0.00022690124802307284,-5.722397191107627e-05
fresh,0.2,0.01,1010,24,position,8,0.1,-0.017543279212281652,-0.01787849860115707,-0.01659386843091892,-0.017543279212281652,-0.0009494107813627327,-0.00033521938887541916,0.0009494107813627327
fresh,0.2,0.01,1010,25,velocity,8,0.1,-0.011596963478653525,-0.012232907069764171,-0.011353931612030735,-0.011596963478653525,-0.00024303186662279035,-0.0006359435911106465,0.00024303186662279035
fresh,0.2,0.01,1010,26,captured_action,8,0.1,-0.002593801653471083,-0.002848410219087943,-0.002643742378332108,-0.002593801653471083,4.994072486102499e-05,-0.0002546085656168601,-4.994072486102499e-05
fresh,0.2,0.01,1010,27,position,9,0.05,-0.023127124074112312,-0.02358375036973734,-0.021889178698580956,-0.023127124074112312,-0.0012379453755313567,-0.0004566262956250261,0.0012379453755313567
fresh,0.2,0.01,1010,28,velocity,9,0.05,-0.01583651706284281,-0.01672806239311558,-0.01552609492821717,-0.01583651706284281,-0.0003104221346256382,-0.0008915453302727715,0.0003104221346256382
fresh,0.2,0.01,1010,29,captured_action,9,0.05,-0.003279076394550355,-0.0035982880519190063,-0.00333973897037569,-0.003279076394550355,6.066257582533485e-05,-0.00031921165736865107,-6.066257582533485e-05
fresh,0.2,0.01,1010,30,position,10,0.0,-0.09995042117958687,-0.1041370032708393,-0.09665440983700076,-0.09995042117958687,-0.0032960113425861137,-0.00418658209125243,0.0032960113425861137
fresh,0.2,0.01,1010,31,velocity,10,0.0,-0.141733596128987,-0.149997621320293,-0.13921978845464425,-0.141733596128987,-0.002513807674342755,-0.008264025191306007,0.002513807674342755
fresh,0.2,0.01,1010,32,captured_action,10,0.0,-0.00380279103677824,-0.004367322327618846,-0.004053515550530149,-0.00380279103677824,0.000250724513751909,-0.000564531290840606,-0.000250724513751909
fresh,0.2,0.01,1010,33,held_action,,0.0,-0.025598982974692982,-0.02441143138254956,-0.022657388050818555,-0.025598982974692982,-0.002941594923874427,0.001187551592143423,0.002941594923874427
fresh,0.2,0.05,101,0,position,0,0.5,-0.0007458113439154657,-0.0007592484674024526,-0.0007024552303743815,-0.0007458113439154657,-4.335611354108423e-05,-1.3437123486986845e-05,4.335611354108423e-05
fresh,0.2,0.05,101,1,velocity,0,0.5,-0.0006127452635868153,-0.0006713112861959634,-0.0006210959184560936,-0.0006127452635868153,8.350654869278338e-06,-5.856602260914808e-05,-8.350654869278338e-06
fresh,0.2,0.05,101,2,captured_action,0,0.5,-0.0008860354337601471,-0.0009357047136739556,-0.000865712212044315,-0.0008860354337601471,-2.032322171583215e-05,-4.966927991380851e-05,2.032322171583215e-05
fresh,0.2,0.05,101,3,position,1,0.45,-0.0009454593675304042,-0.0009628740388131543,-0.0008908492197159495,-0.0009454593675304042,-5.4610147814454653e-05,-1.7414671282750083e-05,5.4610147814454653e-05
fresh,0.2,0.05,101,4,velocity,1,0.45,-0.000606789799866028,-0.0006917961999832686,-0.000640048521525404,-0.000606789799866028,3.3258721659376014e-05,-8.500640011724066e-05,-3.3258721659376014e-05
fresh,0.2,0.05,101,5,captured_action,1,0.45,-0.0005934731567520766,-0.0006258986288602805,-0.0005790802147171217,-0.0005934731567520766,-1.4392942034954824e-05,-3.242547210820397e-05,1.4392942034954824e-05
fresh,0.2,0.05,101,6,position,2,0.4,-0.001259182258866602,-0.0012789759591570063,-0.0011833061120381633,-0.001259182258866602,-7.587614682843863e-05,-1.979370029040438e-05,7.587614682843863e-05
fresh,0.2,0.05,101,7,velocity,2,0.4,-0.0007707160348361252,-0.0008609162468706207,-0.0007965180655517727,-0.0007707160348361252,2.580203071564759e-05,-9.020021203449556e-05,-2.580203071564759e-05
fresh,0.2,0.05,101,8,captured_action,2,0.4,-0.0005928608353182032,-0.0006331353382086665,-0.0005857756043698193,-0.0005928608353182032,-7.0852309483838884e-06,-4.0274502890463295e-05,7.0852309483838884e-06
fresh,0.2,0.05,101,9,position,3,0.35000000000000003,-0.0016725022967295157,-0.0016957711466672977,-0.0015689242226194552,-0.0016725022967295157,-0.00010357807411006054,-2.3268849937781947e-05,0.00010357807411006054
fresh,0.2,0.05,101,10,velocity,3,0.35000000000000003,-0.0008662011707347352,-0.0009743380656393382,-0.0009014557154165678,-0.0008662011707347352,3.5254544681832594e-05,-0.000108136894904603,-3.5254544681832594e-05
fresh,0.2,0.05,101,11,captured_action,3,0.35000000000000003,-0.0005101311957741409,-0.0005510045054013483,-0.0005097883148888341,-0.0005101311957741409,-3.4288088530671883e-07,-4.087330962720742e-05,3.4288088530671883e-07
fresh,0.2,0.05,101,12,position,4,0.30000000000000004,-0.0021016930695054383,-0.0021214859498545936,-0.0019627947445710024,-0.0021016930695054383,-0.00013889832493443584,-1.9792880349155367e-05,0.00013889832493443584
fresh,0.2,0.05,101,13,velocity,4,0.30000000000000004,-0.0008993016165469297,-0.0010189712441552791,-0.0009427502468418609,-0.0008993016165469297,4.3448630294931124e-05,-0.00011966962760834939,-4.3448630294931124e-05
fresh,0.2,0.05,101,14,captured_action,4,0.30000000000000004,-0.0004834408172294082,-0.0005273110086599686,-0.00048786713700515425,-0.0004834408172294082,4.426319775746059e-06,-4.387019143056042e-05,-4.426319775746059e-06
fresh,0.2,0.05,101,15,position,5,0.25,-0.0025541571227031125,-0.0025810625352330778,-0.0023879941226628548,-0.0025541571227031125,-0.00016616300004025772,-2.6905412529965294e-05,0.00016616300004025772
fresh,0.2,0.05,101,16,velocity,5,0.25,-0.0010684609232033326,-0.0012030854113726037,-0.001113092322329092,-0.0010684609232033326,4.463139912575941e-05,-0.00013462448816927114,-4.463139912575941e-05
fresh,0.2,0.05,101,17,captured_action,5,0.25,-0.00029932629049567064,-0.00034195992008198616,-0.00031638066424000887,-0.00029932629049567064,1.705437374433823e-05,-4.263362958631552e-05,-1.705437374433823e-05
fresh,0.2,0.05,101,18,position,6,0.2,-0.003931995980923855,-0.003973122451109024,-0.0036759252952433437,-0.003931995980923855,-0.00025607068568051124,-4.112647018516928e-05,0.00025607068568051124
fresh,0.2,0.05,101,19,velocity,6,0.2,-0.0009611604756894665,-0.0011271598110461272,-0.0010428461020751134,-0.0009611604756894665,8.168562638564687e-05,-0.00016599933535666063,-8.168562638564687e-05
fresh,0.2,0.05,101,20,captured_action,6,0.2,-0.00016390612820690444,-0.00022435422470717213,-0.00020757209973873338,-0.00016390612820690444,4.366597153182894e-05,-6.0448096500267685e-05,-4.366597153182894e-05
fresh,0.2,0.05,101,21,position,7,0.15000000000000002,-0.005659573227788516,-0.005710935759037746,-0.005283746845078181,-0.005659573227788516,-0.0003758263827103349,-5.136253124923048e-05,0.0003758263827103349
fresh,0.2,0.05,101,22,velocity,7,0.15000000000000002,-0.0011577760686258894,-0.0013299802981344548,-0.0012304952289409244,-0.0011577760686258894,7.271916031503507e-05,-0.00017220422950856538,-7.271916031503507e-05
fresh,0.2,0.05,101,23,captured_action,7,0.15000000000000002,8.139490921404968e-05,1.342315891378145e-05,1.2419080962246038e-05,8.139490921404968e-05,6.897582825180364e-05,-6.797175030026824e-05,-6.897582825180364e-05
fresh,0.2,0.05,101,24,position,8,0.1,-0.009235767206634292,-0.009387044351421528,-0.008684875486112895,-0.009235767206634292,-0.0005508917205213973,-0.00015127714478723603,0.0005508917205213973
fresh,0.2,0.05,101,25,velocity,8,0.1,-0.0015604029337083528,-0.0018600813537991776,-0.0017209437121003689,-0.0015604029337083528,0.00016054077839201602,-0.0002996784200908248,-0.00016054077839201602
fresh,0.2,0.05,101,26,captured_action,8,0.1,0.00047242366851115987,0.0003690661803963475,0.00034145932445628254,0.00047242366851115987,0.00013096434405487732,-0.00010335748811481234,-0.00013096434405487732
fresh,0.2,0.05,101,27,position,9,0.05,-0.017065071096951833,-0.01734012912369131,-0.016043054311293766,-0.017065071096951833,-0.001022016785658067,-0.00027505802673947685,0.001022016785658067
fresh,0.2,0.05,101,28,velocity,9,0.05,-0.004452649853963071,-0.005133660047249888,-0.004749652460270517,-0.004452649853963071,0.0002970026063074463,-0.0006810101932868172,-0.0002970026063074463
fresh,0.2,0.05,101,29,captured_action,9,0.05,0.0011993735372725486,0.0010380167515804106,0.0009603711138970013,0.0011993735372725486,0.00023900242337554728,-0.00016135678569213796,-0.00023900242337554728
fresh,0.2,0.05,101,30,position,10,0.0,-0.10928107867095177,-0.1117789738087987,-0.10341769284896156,-0.10928107867095177,-0.005863385821990211,-0.0024978951378469283,0.005863385821990211
fresh,0.2,0.05,101,31,velocity,10,0.0,-0.1436366435108466,-0.14591144932731526,-0.13499699393815073,-0.1436366435108466,-0.008639649572695862,-0.0022748058164686613,0.008639649572695862
fresh,0.2,0.05,101,32,captured_action,10,0.0,0.003132101255235959,0.003066429054573598,0.0028370542983465964,0.003132101255235959,0.00029504695688936265,-6.567220066236099e-05,-0.00029504695688936265
fresh,0.2,0.05,101,33,held_action,,0.0,-0.018150784847128485,-0.01038395854768845,-0.00960721859442104,-0.018150784847128485,-0.008543566252707446,0.0077668262994400345,0.008543566252707446
fresh,0.2,0.05,202,0,position,0,0.5,-0.0003867636205726745,-7.830697009641342e-05,-7.356314970405166e-05,-0.00038676362057267456,-0.00031320047086862287,0.0003084566504762611,0.00031320047086862287
fresh,0.2,0.05,202,1,velocity,0,0.5,5.7174418564404374e-05,0.0002740901958524402,0.0002574858672871752,5.717441856440439e-05,-0.0002003114487227708,0.00021691577728803584,0.0002003114487227708
fresh,0.2,0.05,202,2,captured_action,0,0.5,-0.00032825637758133964,-0.00015905139726134243,-0.0001494160958209596,-0.00032825637758133964,-0.00017884028176038004,0.00016920498031999722,0.00017884028176038004
fresh,0.2,0.05,202,3,position,1,0.45,-0.0006368904015645304,-0.00040581445728794167,-0.000381230299637256,-0.0006368904015645304,-0.0002556601019272744,0.00023107594427658874,0.0002556601019272744
fresh,0.2,0.05,202,4,velocity,1,0.45,6.440954650176797e-05,0.00024230600426365057,0.00022762715558897497,6.440954650176797e-05,-0.000163217609087207,0.0001778964577618826,0.000163217609087207
fresh,0.2,0.05,202,5,captured_action,1,0.45,-0.00011478739015026638,1.4419522609454978e-05,1.3545990849528196e-05,-0.00011478739015026638,-0.00012833338099979457,0.00012920691275972136,0.00012833338099979457
fresh,0.2,0.05,202,6,position,2,0.4,-0.0009686985579576068,-0.0007809557652899698,-0.0007336456231614504,-0.0009686985579576068,-0.00023505293479615641,0.000187742792667637,0.00023505293479615641
fresh,0.2,0.05,202,7,velocity,2,0.4,-0.00018254494236180597,-2.3405131726399862e-05,-2.1987253585630194e-05,-0.00018254494236180597,-0.00016055768877617577,0.00015913981063540611,0.00016055768877617577
fresh,0.2,0.05,202,8,captured_action,2,0.4,-0.00018631280430728207,-7.042067298338706e-05,-6.615460287326629e-05,-0.00018631280430728207,-0.00012015820143401579,0.00011589213132389502,0.00012015820143401579
fresh,0.2,0.05,202,9,position,3,0.35000000000000003,-0.0015152203296862142,-0.0013598277311130536,-0.0012774496425085428,-0.0015152203296862142,-0.00023777068717767131,0.0001553925985731605,0.00023777068717767131
fresh,0.2,0.05,202,10,velocity,3,0.35000000000000003,-0.000381141550002828,-0.00023011387704968813,-0.00021617362497289717,-0.000381141550002828,-0.00016496792502993082,0.00015102767295313986,0.00016496792502993082
fresh,0.2,0.05,202,11,captured_action,3,0.35000000000000003,0.00010504886943033814,0.00021939451662468577,0.00020610364123191914,0.00010504886943033814,-0.000101054771801581,0.00011434564719434764,0.000101054771801581
fresh,0.2,0.05,202,12,position,4,0.30000000000000004,-0.0019556693123536596,-0.001833798195732295,-0.0017227070723536176,-0.0019556693123536596,-0.00023296224000004194,0.00012187111662136465,0.00023296224000004194
fresh,0.2,0.05,202,13,velocity,4,0.30000000000000004,-0.0006438193715716598,-0.0005078543893645172,-0.00047708867329030824,-0.0006438193715716598,-0.0001667306982813516,0.0001359649822071427,0.0001667306982813516
fresh,0.2,0.05,202,14,captured_action,4,0.30000000000000004,0.0001999922953482715,0.00031235018417158074,0.0002934280732610609,0.0001999922953482715,-9.343577791278939e-05,0.00011235788882330925,9.343577791278939e-05
fresh,0.2,0.05,202,15,position,5,0.25,-0.0025046262874001534,-0.0024152496613558667,-0.0022689343259255975,-0.0025046262874001534,-0.0002356919614745559,8.937662604428668e-05,0.0002356919614745559
fresh,0.2,0.05,202,16,velocity,5,0.25,-0.0009478241394217471,-0.0008232200652563317,-0.0007733495603937866,-0.0009478241394217471,-0.00017447457902796054,0.0001246040741654154,0.00017447457902796054
fresh,0.2,0.05,202,17,captured_action,5,0.25,0.0006760614171515993,0.0007956830414259819,0.0007474807238912127,0.0006760614171515993,-7.141930673961339e-05,0.00011962162427438261,7.141930673961339e-05
fresh,0.2,0.05,202,18,position,6,0.2,-0.0036418526780665436,-0.0035756787749219566,-0.003359064878762708,-0.0036418526780665436,-0.0002827877993038354,6.6173903144587e-05,0.0002827877993038354
fresh,0.2,0.05,202,19,velocity,6,0.2,-0.0016116884835668485,-0.0014861976190496972,-0.00139616406822214,-0.0016116884835668485,-0.00021552441534470842,0.00012549086451715125,0.00021552441534470842
fresh,0.2,0.05,202,20,captured_action,6,0.2,0.0005734601062951485,0.0007065946585277495,0.0006637892971897892,0.0005734601062951485,-9.03291908946407e-05,0.00013313455223260104,9.03291908946407e-05
fresh,0.2,0.05,202,21,position,7,0.15000000000000002,-0.005269830913063219,-0.005229884095662963,-0.004913058776126935,-0.005269830913063219,-0.00035677213693628435,3.9946817400255893e-05,0.00035677213693628435
fresh,0.2,0.05,202,22,velocity,7,0.15000000000000002,-0.002526867656504644,-0.002400338371590574,-0.0022549263590749564,-0.002526867656504644,-0.0002719412974296876,0.00012652928491407,0.0002719412974296876
fresh,0.2,0.05,202,23,captured_action,7,0.15000000000000002,0.0011978973908456326,0.0013831833030458812,0.00129939033862286,0.0011978973908456326,-0.00010149294777722748,0.0001852859122002486,0.00010149294777722748
fresh,0.2,0.05,202,24,position,8,0.1,-0.008582178962628757,-0.00859209069247474,-0.008071583578104212,-0.008582178962628757,-0.000510595384524545,-9.911729845981862e-06,0.000510595384524545
fresh,0.2,0.05,202,25,velocity,8,0.1,-0.004385676027638172,-0.004293643682568914,-0.004033535617682382,-0.004385676027638172,-0.0003521404099557897,9.20323450692576e-05,0.0003521404099557897
fresh,0.2,0.05,202,26,captured_action,8,0.1,0.0015826882706120996,0.0018423132330254637,0.0017307062704117436,0.0015826882706120996,-0.00014801799979964397,0.00025962496241336403,0.00014801799979964397
fresh,0.2,0.05,202,27,position,9,0.05,-0.014073196044945701,-0.014149606817150006,-0.013292426501266842,-0.014073196044945701,-0.0007807695436788595,-7.641077220430469e-05,0.0007807695436788595
fresh,0.2,0.05,202,28,velocity,9,0.05,-0.007231990120392476,-0.007153315532472166,-0.006719969125962513,-0.007231990120392476,-0.000512020994429963,7.867458792031046e-05,0.000512020994429963
fresh,0.2,0.05,202,29,captured_action,9,0.05,0.0025721968720764515,0.003024218678189807,0.0028410121230275456,0.0025721968720764515,-0.00026881525095109405,0.00045202180611335525,0.00026881525095109405
fresh,0.2,0.05,202,30,position,10,0.0,-0.11026759927113801,-0.11796601507942822,-0.11081965777240381,-0.11026759927113801,0.0005520585012658008,-0.007698415808290213,-0.0005520585012658008
fresh,0.2,0.05,202,31,velocity,10,0.0,-0.14252790401211513,-0.15484666348858156,-0.14546608396875213,-0.14252790401211513,0.002938179956637005,-0.012318759476466434,-0.002938179956637005
fresh,0.2,0.05,202,32,captured_action,10,0.0,0.0022567089746909448,0.0029289948231818537,0.0027515569098744597,0.0022567089746909448,-0.0004948479351835149,0.0006722858484909089,0.0004948479351835149
fresh,0.2,0.05,202,33,held_action,,0.0,-0.02095478446276942,-0.024683242666033577,-0.023187936823340694,-0.02095478446276942,0.002233152360571273,-0.003728458203264156,-0.002233152360571273
fresh,0.2,0.05,303,0,position,0,0.5,-0.0010454705275969845,-0.0012176192642094834,-0.001119446074984484,-0.0010454705275969845,7.397554738749947e-05,-0.00017214873661249887,-7.397554738749947e-05
fresh,0.2,0.05,303,1,velocity,0,0.5,0.00014017830962567636,0.0002943933293212096,0.00027065722980672594,0.00014017830962567636,-0.00013047892018104958,0.00015421501969553326,0.00013047892018104958
fresh,0.2,0.05,303,2,captured_action,0,0.5,-0.00014390129651361609,-2.8795925164290227e-05,-2.647419135704946e-05,-0.00014390129651361609,-0.00011742710515656663,0.00011510537134932586,0.00011742710515656663
fresh,0.2,0.05,303,3,position,1,0.45,-0.001570069382661222,-0.0017447287768966812,-0.0016040562420614314,-0.001570069382661222,3.398685940020937e-05,-0.00017465939423545913,-3.398685940020937e-05
fresh,0.2,0.05,303,4,velocity,1,0.45,-0.00035976420419255956,-0.0002721529734348117,-0.0002502100507622567,-0.00035976420419255956,-0.00010955415343030285,8.761123075774784e-05,0.00010955415343030285
fresh,0.2,0.05,303,5,captured_action,1,0.45,-0.0002857311556211999,-0.00020214383525612022,-0.00018584555091339484,-0.0002857311556211999,-9.988560470780507e-05,8.358732036507969e-05,9.988560470780507e-05
fresh,0.2,0.05,303,6,position,2,0.4,-0.0021232075379014406,-0.0023057971533866376,-0.0021198872660288222,-0.0021232075379014406,-3.3202718726184008e-06,-0.00018258961548519703,3.3202718726184008e-06
fresh,0.2,0.05,303,7,velocity,2,0.4,-0.0008048272257420721,-0.0007483579365162368,-0.0006880199577496666,-0.0008048272257420721,-0.00011680726799240552,5.64692892258353e-05,0.00011680726799240552
fresh,0.2,0.05,303,8,captured_action,2,0.4,-0.0005081494760231917,-0.00043447814595738276,-0.000399447404829208,-0.0005081494760231917,-0.00010870207119398372,7.367133006580897e-05,0.00010870207119398372
fresh,0.2,0.05,303,9,position,3,0.35000000000000003,-0.0026978189499464104,-0.002902615186955514,-0.0026685855535780022,-0.0026978189499464104,-2.9233396368408184e-05,-0.00020479623700910346,2.9233396368408184e-05
fresh,0.2,0.05,303,10,velocity,3,0.35000000000000003,-0.0013260397819596006,-0.001295901240707508,-0.001191416397653151,-0.0013260397819596006,-0.00013462338430644968,3.013854125209249e-05,0.00013462338430644968
fresh,0.2,0.05,303,11,captured_action,3,0.35000000000000003,-0.0006026631057606117,-0.0005310467020754588,-0.00048822991204708056,-0.0006026631057606117,-0.0001144331937135311,7.161640368515284e-05,0.0001144331937135311
fresh,0.2,0.05,303,12,position,4,0.30000000000000004,-0.003578851410374746,-0.003812294519689854,-0.0035049200207277953,-0.003578851410374746,-7.393138964695073e-05,-0.00023344310931510803,7.393138964695073e-05
fresh,0.2,0.05,303,13,velocity,4,0.30000000000000004,-0.0019442375773319732,-0.0019395786156085832,-0.0017831958906929036,-0.0019442375773319732,-0.0001610416866390696,4.658961723389993e-06,0.0001610416866390696
fresh,0.2,0.05,303,14,captured_action,4,0.30000000000000004,-0.0007091560383482203,-0.0006438225463703606,-0.0005919129597450424,-0.0007091560383482203,-0.00011724307860317784,6.53334919778597e-05,0.00011724307860317784
fresh,0.2,0.05,303,15,position,5,0.25,-0.005004141008329013,-0.005305522937999484,-0.004877753665091374,-0.005004141008329013,-0.0001263873432376392,-0.0003013819296704707,0.0001263873432376392
fresh,0.2,0.05,303,16,velocity,5,0.25,-0.0024653397010264456,-0.0025269177583431405,-0.0023231795435023207,-0.0024653397010264456,-0.00014216015752412494,-6.157805731669486e-05,0.00014216015752412494
fresh,0.2,0.05,303,17,captured_action,5,0.25,-0.0005882074808873113,-0.000537135486487068,-0.0004938277750337734,-0.0005882074808873113,-9.437970585353785e-05,5.107199440024333e-05,9.437970585353785e-05
fresh,0.2,0.05,303,18,position,6,0.2,-0.006620322328410327,-0.006997161460604559,-0.006433000169549606,-0.006620322328410327,-0.00018732215886072164,-0.0003768391321942316,0.00018732215886072164
fresh,0.2,0.05,303,19,velocity,6,0.2,-0.0034179030252471897,-0.0035427719908464033,-0.0032571283292670197,-0.0034179030252471897,-0.00016077469598017,-0.00012486896559921364,0.00016077469598017
fresh,0.2,0.05,303,20,captured_action,6,0.2,-0.0004886118225706185,-0.00044980476332032935,-0.0004135382804863689,-0.0004886118225706185,-7.50735420842496e-05,3.880705925028916e-05,7.50735420842496e-05
fresh,0.2,0.05,303,21,position,7,0.15000000000000002,-0.010112427691003291,-0.010676406775704866,-0.009815598365848749,-0.010112427691003291,-0.00029682932515454237,-0.0005639790847015748,0.00029682932515454237
fresh,0.2,0.05,303,22,velocity,7,0.15000000000000002,-0.005796880368091288,-0.0060721088073925865,-0.005582531889167696,-0.005796880368091288,-0.00021434847892359225,-0.0002752284393012982,0.00021434847892359225
fresh,0.2,0.05,303,23,captured_action,7,0.15000000000000002,-1.1106820595757372e-05,1.5406897310588742e-05,1.4164682860224773e-05,-1.1106820595757374e-05,-2.5271503455982147e-05,2.6513717906346114e-05,2.5271503455982147e-05
fresh,0.2,0.05,303,24,position,8,0.1,-0.014646258833954305,-0.015334150835664811,-0.014097801727331872,-0.014646258833954305,-0.0005484571066224336,-0.0006878920017105057,0.0005484571066224336
fresh,0.2,0.05,303,25,velocity,8,0.1,-0.008909198871127429,-0.009275855099825219,-0.008527969200919017,-0.008909198871127429,-0.00038122967020841163,-0.0003666562286977898,0.00038122967020841163
fresh,0.2,0.05,303,26,captured_action,8,0.1,0.00019014853820964873,0.00018043899969838974,0.00016589071471173565,0.00019014853820964873,2.4257823497913085e-05,-9.709538511258993e-06,-2.4257823497913085e-05
fresh,0.2,0.05,303,27,position,9,0.05,-0.02381146898314649,-0.02466035111651913,-0.022672056920066238,-0.02381146898314649,-0.0011394120630802522,-0.0008488821333726415,0.0011394120630802522
fresh,0.2,0.05,303,28,velocity,9,0.05,-0.01564221801911592,-0.01613367038823278,-0.0148328582850783,-0.01564221801911592,-0.0008093597340376197,-0.0004914523691168585,0.0008093597340376197
fresh,0.2,0.05,303,29,captured_action,9,0.05,0.0003519188790620074,0.00034228916459421013,0.0003146913596701965,0.0003519188790620074,3.722751939181089e-05,-9.629714467797247e-06,-3.722751939181089e-05
fresh,0.2,0.05,303,30,position,10,0.0,-0.10274328277272332,-0.10709556311790004,-0.09846075148820935,-0.10274328277272332,-0.004282531284513974,-0.004352280345176721,0.004282531284513974
fresh,0.2,0.05,303,31,velocity,10,0.0,-0.13950979533606964,-0.1465196199244727,-0.1347061583648291,-0.13950979533606964,-0.0048036369712405325,-0.007009824588403074,0.0048036369712405325
fresh,0.2,0.05,303,32,captured_action,10,0.0,-0.009018015847001263,-0.00895166389573592,-0.00822991661450739,-0.009018015847001263,-0.0007880992324938735,6.635195126534349e-05,0.0007880992324938735
fresh,0.2,0.05,303,33,held_action,,0.0,-0.017912044938176087,-0.013780486750235809,-0.012669405172348795,-0.017912044938176087,-0.0052426397658272925,0.004131558187940278,0.0052426397658272925
fresh,0.2,0.05,404,0,position,0,0.5,-0.0006979289715309445,-0.0009004435477825085,-0.0008251861084781663,-0.0006979289715309445,0.00012725713694722188,-0.00020251457625156404,-0.00012725713694722188
fresh,0.2,0.05,404,1,velocity,0,0.5,0.0001304262440028509,3.9083440573340104e-05,3.581691746481598e-05,0.0001304262440028509,9.460932653803492e-05,-9.134280342951081e-05,-9.460932653803492e-05
fresh,0.2,0.05,404,2,captured_action,0,0.5,-0.0004525543866862406,-0.00033446581264998977,-0.0003065117663837114,-0.0004525543866862406,-0.0001460426203025292,0.00011808857403625085,0.0001460426203025292
fresh,0.2,0.05,404,3,position,1,0.45,-0.0011699502610942026,-0.0013311977488002068,-0.00121993865429159,-0.0011699502610942026,4.998839319738735e-05,-0.00016124748770600427,-4.998839319738735e-05
fresh,0.2,0.05,404,4,velocity,1,0.45,-8.804409370788288e-05,-0.00015750660673923542,-0.0001443424900926092,-8.804409370788288e-05,5.629839638472632e-05,-6.946251303135254e-05,-5.629839638472632e-05
fresh,0.2,0.05,404,5,captured_action,1,0.45,-0.000311890980852441,-0.00021534267841817972,-0.00019734472775197645,-0.000311890980852441,-0.00011454625310046453,9.654830243426127e-05,0.00011454625310046453
fresh,0.2,0.05,404,6,position,2,0.4,-0.001654136912623052,-0.0018175385339857277,-0.0016656319583413294,-0.001654136912623052,1.1495045718277292e-05,-0.0001634016213626756,-1.1495045718277292e-05
fresh,0.2,0.05,404,7,velocity,2,0.4,-0.0003492331531422126,-0.00041886527727891596,-0.0003838572767672299,-0.0003492331531422126,3.462412362501726e-05,-6.963212413670333e-05,-3.462412362501726e-05
fresh,0.2,0.05,404,8,captured_action,2,0.4,-0.00012755996908490457,-5.561782913393186e-05,-5.096939180480221e-05,-0.00012755996908490457,-7.659057728010235e-05,7.194213995097271e-05,7.659057728010235e-05
fresh,0.2,0.05,404,9,position,3,0.35000000000000003,-0.0021929796725184843,-0.002356032183953766,-0.002159119285283294,-0.0021929796725184843,-3.3860387235190234e-05,-0.0001630525114352816,3.3860387235190234e-05
fresh,0.2,0.05,404,10,velocity,3,0.35000000000000003,-0.0005831563564507088,-0.0006520498743396882,-0.0005975527279473686,-0.0005831563564507088,1.4396371496659785e-05,-6.889351788897941e-05,-1.4396371496659785e-05
fresh,0.2,0.05,404,11,captured_action,3,0.35000000000000003,-5.323424034605039e-05,6.593940428290901e-06,6.042830841487118e-06,-5.323424034605039e-05,-5.927707118753751e-05,5.9828180774341294e-05,5.927707118753751e-05
fresh,0.2,0.05,404,12,position,4,0.30000000000000004,-0.0025285071011002295,-0.002674963695857726,-0.002451395079615105,-0.0025285071011002295,-7.711202148512428e-05,-0.0001464565947574964,7.711202148512428e-05
fresh,0.2,0.05,404,13,velocity,4,0.30000000000000004,-0.0008742501399863493,-0.0009485828850269334,-0.0008693020471877853,-0.0008742501399863493,-4.948092798563925e-06,-7.433274504058411e-05,4.948092798563925e-06
fresh,0.2,0.05,404,14,captured_action,4,0.30000000000000004,0.00012544399599025906,0.00017652832509309168,0.00016177440771103345,0.00012544399599025906,-3.633041172077439e-05,5.108432910283262e-05,3.633041172077439e-05
fresh,0.2,0.05,404,15,position,5,0.25,-0.0031193685958350098,-0.003236476472621894,-0.0029659776364670877,-0.0031193685958350098,-0.00015339095936792212,-0.00011710787678688439,0.00015339095936792212
fresh,0.2,0.05,404,16,velocity,5,0.25,-0.0012593445285797062,-0.001319359359016062,-0.0012090896956637185,-0.0012593445285797062,-5.025483291598771e-05,-6.001483043635591e-05,5.025483291598771e-05
fresh,0.2,0.05,404,17,captured_action,5,0.25,0.0003810773881556828,0.00042725425344365567,0.0003915451175125441,0.0003810773881556828,-1.0467729356861317e-05,4.617686528797288e-05,1.0467729356861317e-05
fresh,0.2,0.05,404,18,position,6,0.2,-0.004399104531625445,-0.004523802329931919,-0.004145711132423639,-0.004399104531625445,-0.00025339339920180635,-0.00012469779830647388,0.00025339339920180635
fresh,0.2,0.05,404,19,velocity,6,0.2,-0.002254218661078799,-0.0023328810051843293,-0.002137903040064501,-0.002254218661078799,-0.00011631562101429823,-7.866234410553027e-05,0.00011631562101429823
fresh,0.2,0.05,404,20,captured_action,6,0.2,0.0007697648961667563,0.0007883263894797698,0.0007224394990085253,0.0007697648961667563,4.732539715823097e-05,1.856149331301354e-05,-4.732539715823097e-05
fresh,0.2,0.05,404,21,position,7,0.15000000000000002,-0.006325499652027738,-0.006411345722237604,-0.005875497069938756,-0.006325499652027738,-0.0004500025820889826,-8.584607020986536e-05,0.0004500025820889826
fresh,0.2,0.05,404,22,velocity,7,0.15000000000000002,-0.003834992765068505,-0.0038864228000812916,-0.0035616026281688876,-0.003834992765068505,-0.00027339013689961717,-5.143003501278682e-05,0.00027339013689961717
fresh,0.2,0.05,404,23,captured_action,7,0.15000000000000002,0.0012909960611696932,0.0012558862916137302,0.0011509215921641823,0.0012909960611696932,0.00014007446900551087,-3.510976955596297e-05,-0.00014007446900551087
fresh,0.2,0.05,404,24,position,8,0.1,-0.009948701435455348,-0.01003926392823473,-0.009200200449352557,-0.009948701435455348,-0.0007485009861027906,-9.056249277938216e-05,0.0007485009861027906
fresh,0.2,0.05,404,25,velocity,8,0.1,-0.0062568105629167625,-0.006312689124461894,-0.005785086011750023,-0.0062568105629167625,-0.0004717245511667396,-5.587856154513123e-05,0.0004717245511667396
fresh,0.2,0.05,404,26,captured_action,8,0.1,0.0015422239806778182,0.0013835973325846806,0.001267958775858866,0.0015422239806778182,0.00027426520481895205,-0.00015862664809313757,-0.00027426520481895205
fresh,0.2,0.05,404,27,position,9,0.05,-0.018399402021755502,-0.01846528720445773,-0.01692199197573521,-0.018399402021755502,-0.0014774100460202937,-6.588518270222651e-05,0.0014774100460202937
fresh,0.2,0.05,404,28,velocity,9,0.05,-0.012486673539186015,-0.012533191363510537,-0.011485689950843496,-0.012486673539186015,-0.0010009835883425192,-4.651782432452123e-05,0.0010009835883425192
fresh,0.2,0.05,404,29,captured_action,9,0.05,0.0008671494118815486,0.000456576048557057,0.00041841625014801945,0.0008671494118815486,0.00044873316173352917,-0.0004105733633244916,-0.00044873316173352917
fresh,0.2,0.05,404,30,position,10,0.0,-0.11404892073951484,-0.11638982111258195,-0.10666217086777276,-0.11404892073951484,-0.007386749871742079,-0.002340900373067112,0.007386749871742079
fresh,0.2,0.05,404,31,velocity,10,0.0,-0.14564419489454958,-0.15023628821869342,-0.13767981161361156,-0.14564419489454958,-0.007964383280938014,-0.004592093324143842,0.007964383280938014
fresh,0.2,0.05,404,32,captured_action,10,0.0,0.0006788555811017565,-0.0017564879199621693,-0.0016096838439588485,0.0006788555811017563,0.002288539425060605,-0.002435343501063926,-0.002288539425060605
fresh,0.2,0.05,404,33,held_action,,0.0,-0.029188864539518678,-0.020107262371019355,-0.018426733834621897,-0.029188864539518678,-0.010762130704896782,0.009081602168499323,0.010762130704896782
fresh,0.2,0.05,505,0,position,0,0.5,-0.002290183676750364,-0.002536856699260361,-0.002311897415018724,-0.002290183676750364,2.17137382683601e-05,-0.0002466730225099971,-2.17137382683601e-05
fresh,0.2,0.05,505,1,velocity,0,0.5,-0.00034936189744184655,-0.0007793215417514042,-0.0007102141237890102,-0.00034936189744184655,0.00036085222634716366,-0.00042995964430955763,-0.00036085222634716366
fresh,0.2,0.05,505,2,captured_action,0,0.5,-0.0003130941990441279,-0.0006540942365796677,-0.0005960915234857657,-0.0003130941990441279,0.0002829973244416378,-0.0003410000375355398,-0.0002829973244416378
fresh,0.2,0.05,505,3,position,1,0.45,-0.0024974695740078517,-0.0026961694461474254,-0.002457082883246047,-0.0024974695740078517,-4.0386690761804855e-05,-0.00019869987213957377,4.0386690761804855e-05
fresh,0.2,0.05,505,4,velocity,1,0.45,-0.0007035317303541172,-0.0011071939164572745,-0.0010090119611913177,-0.0007035317303541172,0.0003054802308372005,-0.00040366218610315724,-0.0003054802308372005
fresh,0.2,0.05,505,5,captured_action,1,0.45,-0.0003877908417110256,-0.0007066196741169509,-0.0006439591950418993,-0.0003877908417110256,0.00025616835333087376,-0.0003188288324059253,-0.00025616835333087376
fresh,0.2,0.05,505,6,position,2,0.4,-0.0025839221342334427,-0.002754614164427394,-0.0025103449351200654,-0.0025839221342334427,-7.357719911337728e-05,-0.00017069203019395114,7.357719911337728e-05
fresh,0.2,0.05,505,7,velocity,2,0.4,-0.001072735583848782,-0.0014794717393736164,-0.0013482775321319322,-0.001072735583848782,0.00027554194828315016,-0.0004067361555248343,-0.00027554194828315016
fresh,0.2,0.05,505,8,captured_action,2,0.4,-0.0003883029350981959,-0.0006976140263243282,-0.0006357521355503626,-0.0003883029350981959,0.00024744920045216665,-0.0003093110912261323,-0.00024744920045216665
fresh,0.2,0.05,505,9,position,3,0.35000000000000003,-0.003067510877022434,-0.0032241127619633977,-0.0029382100937294852,-0.003067510877022434,-0.0001293007832929489,-0.00015660188494096353,0.0001293007832929489
fresh,0.2,0.05,505,10,velocity,3,0.35000000000000003,-0.0015769105219490334,-0.0019984116677246324,-0.0018211997430138112,-0.0015769105219490334,0.0002442892210647778,-0.00042150114577559896,-0.0002442892210647778
fresh,0.2,0.05,505,11,captured_action,3,0.35000000000000003,-0.0003814081140219205,-0.0006842869888786879,-0.000623606891623334,-0.0003814081140219205,0.00024219877760141354,-0.0003028788748567674,-0.00024219877760141354
fresh,0.2,0.05,505,12,position,4,0.30000000000000004,-0.00441050523069056,-0.004592199248164065,-0.0041849796144089665,-0.00441050523069056,-0.00022552561628159332,-0.0001816940174735049,0.00022552561628159332
fresh,0.2,0.05,505,13,velocity,4,0.30000000000000004,-0.002578621216501068,-0.0030429052308550662,-0.0027730713916209195,-0.002578621216501068,0.00019445017511985144,-0.00046428401435399816,-0.00019445017511985144
fresh,0.2,0.05,505,14,captured_action,4,0.30000000000000004,-0.0004520777571949348,-0.0007618208987261376,-0.0006942653745423241,-0.0004520777571949348,0.00024218761734738935,-0.00030974314153120285,-0.00024218761734738935
fresh,0.2,0.05,505,15,position,5,0.25,-0.0052592461052334985,-0.005431134276157702,-0.004949520915915133,-0.0052592461052334985,-0.00030972518931836595,-0.00017188817092420386,0.00030972518931836595
fresh,0.2,0.05,505,16,velocity,5,0.25,-0.0032067927689781945,-0.0036854795886698197,-0.003358664577559397,-0.0032067927689781945,0.00015187180858120247,-0.0004786868196916252,-0.00015187180858120247
fresh,0.2,0.05,505,17,captured_action,5,0.25,-0.0004149391948904158,-0.0007228569480695402,-0.0006587566062196324,-0.0004149391948904158,0.00024381741132921658,-0.00030791775317912443,-0.00024381741132921658
fresh,0.2,0.05,505,18,position,6,0.2,-0.007069062853100203,-0.007283473482610668,-0.0066376013756372036,-0.007069062853100203,-0.00043146147746299986,-0.00021441062951046454,0.00043146147746299986
fresh,0.2,0.05,505,19,velocity,6,0.2,-0.00505100556794817,-0.005588098021122664,-0.005092565683221837,-0.00505100556794817,4.156011527366686e-05,-0.0005370924531744939,-4.156011527366686e-05
fresh,0.2,0.05,505,20,captured_action,6,0.2,-0.00015112635700070609,-0.0004223522935184758,-0.0003848996184519529,-0.00015112635700070609,0.00023377326145124683,-0.00027122593651776974,-0.00023377326145124683
fresh,0.2,0.05,505,21,position,7,0.15000000000000002,-0.009650730804511983,-0.009893984687118189,-0.009016621880554949,-0.009650730804511983,-0.0006341089239570337,-0.0002432538826062057,0.0006341089239570337
fresh,0.2,0.05,505,22,velocity,7,0.15000000000000002,-0.007276953230556931,-0.007872447514883519,-0.007174347319198681,-0.007276953230556931,-0.00010260591135825056,-0.0005954942843265877,0.00010260591135825056
fresh,0.2,0.05,505,23,captured_action,7,0.15000000000000002,-0.00015218568772837552,-0.0004019426757286944,-0.0003662998518102372,-0.00015218568772837552,0.00021411416408186168,-0.0002497569880003189,-0.00021411416408186168
fresh,0.2,0.05,505,24,position,8,0.1,-0.012032898977701987,-0.01231092019965115,-0.0112192322863067,-0.012032898977701987,-0.0008136666913952876,-0.000278021221949162,0.0008136666913952876
fresh,0.2,0.05,505,25,velocity,8,0.1,-0.009711505157735716,-0.010356971580386867,-0.009438552769299073,-0.009711505157735716,-0.00027295238843664214,-0.000645466422651151,0.00027295238843664214
fresh,0.2,0.05,505,26,captured_action,8,0.1,0.0003358580866360472,0.00016933234030263455,0.00015431656030822328,0.0003358580866360472,0.00018154152632782392,-0.00016652574633341266,-0.00018154152632782392
fresh,0.2,0.05,505,27,position,9,0.05,-0.01790175396453142,-0.0183156321484195,-0.01669146807965564,-0.01790175396453142,-0.0012102858848757787,-0.0004138781838880813,0.0012102858848757787
fresh,0.2,0.05,505,28,velocity,9,0.05,-0.01561325931755002,-0.016356376685308822,-0.014905952310535717,-0.01561325931755002,-0.0007073070070143031,-0.0007431173677588023,0.0007073070070143031
fresh,0.2,0.05,505,29,captured_action,9,0.05,0.0008500100901200479,0.0008606307028109267,0.0007843130822858215,0.0008500100901200479,6.569700783422641e-05,1.0620612690878748e-05,-6.569700783422641e-05
fresh,0.2,0.05,505,30,position,10,0.0,-0.11038625157739483,-0.1171967396561983,-0.10680415631627271,-0.11038625157739483,-0.0035820952611221174,-0.006810488078803467,0.0035820952611221174
fresh,0.2,0.05,505,31,velocity,10,0.0,-0.14421856531707203,-0.15345297003016062,-0.13984531520566737,-0.14421856531707203,-0.0043732501114046585,-0.00923440471308859,0.0043732501114046585
fresh,0.2,0.05,505,32,captured_action,10,0.0,-0.007220121303562882,-0.007930132243388325,-0.0072269167744443,-0.007220121303562882,6.795470881418471e-06,-0.0007100109398254428,-6.795470881418471e-06
fresh,0.2,0.05,505,33,held_action,,0.0,-0.024720663886978335,-0.02197857689882461,-0.02002959612696986,-0.024720663886978335,-0.0046910677600084764,0.0027420869881537233,0.0046910677600084764
fresh,0.2,0.05,606,0,position,0,0.5,-0.001591342872398927,-0.0014725235652648886,-0.0013387564941177205,-0.001591342872398927,-0.00025258637828120645,0.0001188193071340383,0.00025258637828120645
fresh,0.2,0.05,606,1,velocity,0,0.5,0.0002936100574944846,0.0003851992472695062,0.00035020695490095143,0.0002936100574944846,-5.6596897406466804e-05,9.158918977502159e-05,5.6596897406466804e-05
fresh,0.2,0.05,606,2,captured_action,0,0.5,-0.00045049100473565124,-0.00033715190109539177,-0.00030652432853554796,-0.00045049100473565124,-0.00014396667620010327,0.00011333910364025947,0.00014396667620010327
fresh,0.2,0.05,606,3,position,1,0.45,-0.001962611155043913,-0.0018597847260170915,-0.0016908380540371474,-0.001962611155043913,-0.00027177310100676556,0.00010282642902682154,0.00027177310100676556
fresh,0.2,0.05,606,4,velocity,1,0.45,-0.000410447787531527,-0.000316246774185186,-0.00028751826637697154,-0.000410447787531527,-0.00012292952115455547,9.420101334634099e-05,0.00012292952115455547
fresh,0.2,0.05,606,5,captured_action,1,0.45,-0.0003336867273413007,-0.00024946583478316933,-0.0002268038449465415,-0.0003336867273413007,-0.00010688288239475921,8.422089255813138e-05,0.00010688288239475921
fresh,0.2,0.05,606,6,position,2,0.4,-0.0024262305132169925,-0.002321551519743388,-0.0021106570018974433,-0.0024262305132169925,-0.0003155735113195492,0.00010467899347360457,0.0003155735113195492
fresh,0.2,0.05,606,7,velocity,2,0.4,-0.000763108214193728,-0.0006468070310292959,-0.0005880497491907398,-0.000763108214193728,-0.00017505846500298823,0.00011630118316443216,0.00017505846500298823
fresh,0.2,0.05,606,8,captured_action,2,0.4,-0.00038096896824225577,-0.0003128173670341467,-0.00028440039362931076,-0.00038096896824225577,-9.656857461294501e-05,6.815160120810909e-05,9.656857461294501e-05
fresh,0.2,0.05,606,9,position,3,0.35000000000000003,-0.0029855153838369564,-0.0028841781912012586,-0.002622173508624836,-0.0029855153838369564,-0.0003633418752121203,0.00010133719263569771,0.0003633418752121203
fresh,0.2,0.05,606,10,velocity,3,0.35000000000000003,-0.0012683217903175774,-0.0011400982007234053,-0.0010365293338282316,-0.0012683217903175774,-0.00023179245648934587,0.0001282235895941721,0.00023179245648934587
fresh,0.2,0.05,606,11,captured_action,3,0.35000000000000003,-0.0003100803148164561,-0.0002538302494322723,-0.00023077178718688046,-0.0003100803148164561,-7.930852762957566e-05,5.625006538418384e-05,7.930852762957566e-05
fresh,0.2,0.05,606,12,position,4,0.30000000000000004,-0.0035598779839226,-0.0034631013448779713,-0.0031485060915878737,-0.0035598779839226,-0.0004113718923347263,9.677663904462865e-05,0.0004113718923347263
fresh,0.2,0.05,606,13,velocity,4,0.30000000000000004,-0.0016696778921204615,-0.0015453996203333847,-0.0014050123383636355,-0.0016696778921204615,-0.00026466555375682607,0.0001242782717870768,0.00026466555375682607
fresh,0.2,0.05,606,14,captured_action,4,0.30000000000000004,-0.00028746170037051064,-0.0002494290407681946,-0.00022677039337560978,-0.00028746170037051064,-6.069130699490086e-05,3.8032659602316035e-05,6.069130699490086e-05
fresh,0.2,0.05,606,15,position,5,0.25,-0.004900542634276649,-0.004828687991797227,-0.0043900400371004724,-0.004900542634276649,-0.0005105025971761769,7.185464247942263e-05,0.0005105025971761769
fresh,0.2,0.05,606,16,velocity,5,0.25,-0.0025924138415468413,-0.002469326088790348,-0.0022450074249696045,-0.0025924138415468413,-0.00034740641657723687,0.00012308775275649345,0.00034740641657723687
fresh,0.2,0.05,606,17,captured_action,5,0.25,-0.00016057065606637122,-0.0001360128424130284,-0.00012365715589148928,-0.00016057065606637122,-3.6913500174881944e-05,2.455781365334281e-05,3.6913500174881944e-05
fresh,0.2,0.05,606,18,position,6,0.2,-0.006143730489942257,-0.006089779471116347,-0.0055365713710905625,-0.006143730489942257,-0.0006071591188516945,5.395101882590958e-05,0.0006071591188516945
fresh,0.2,0.05,606,19,velocity,6,0.2,-0.0035331657455216214,-0.0034426110039891037,-0.0031298771354348206,-0.0035331657455216214,-0.00040328861008680087,9.055474153251775e-05,0.00040328861008680087
fresh,0.2,0.05,606,20,captured_action,6,0.2,0.00016101232897576583,0.0001763774053527695,0.00016035491886282822,0.00016101232897576583,6.574101129376054e-07,1.5365076377003666e-05,-6.574101129376054e-07
fresh,0.2,0.05,606,21,position,7,0.15000000000000002,-0.009718311160489785,-0.009774718284440705,-0.008886762758945876,-0.009718311160489785,-0.0008315484015439089,-5.6407123950920346e-05,0.0008315484015439089
fresh,0.2,0.05,606,22,velocity,7,0.15000000000000002,-0.006311980098982226,-0.006346205313028733,-0.005769702961794889,-0.006311980098982226,-0.0005422771371873369,-3.422521404650679e-05,0.0005422771371873369
fresh,0.2,0.05,606,23,captured_action,7,0.15000000000000002,0.0002578061538511318,0.0002495574381376595,0.0002268871268637885,0.0002578061538511318,3.091902698734329e-05,-8.2487157134723e-06,-3.091902698734329e-05
fresh,0.2,0.05,606,24,position,8,0.1,-0.012865229328691054,-0.012993931597090152,-0.011813536109078576,-0.012865229328691054,-0.0010516932196124786,-0.00012870226839909772,0.0010516932196124786
fresh,0.2,0.05,606,25,velocity,8,0.1,-0.0070698925287247675,-0.007157700975177626,-0.006507480687922322,-0.0070698925287247675,-0.0005624118408024455,-8.780844645285817e-05,0.0005624118408024455
fresh,0.2,0.05,606,26,captured_action,8,0.1,0.000474396611744249,0.0004243441171230182,0.00038579582421616345,0.000474396611744249,8.860078752808554e-05,-5.0052494621230775e-05,-8.860078752808554e-05
fresh,0.2,0.05,606,27,position,9,0.05,-0.020442063858405874,-0.020822094108131406,-0.018930572227125447,-0.020442063858405874,-0.0015114916312804275,-0.00038003024972553187,0.0015114916312804275
fresh,0.2,0.05,606,28,velocity,9,0.05,-0.012026602336609188,-0.012351247916229947,-0.011229235136441642,-0.012026602336609188,-0.000797367200167546,-0.0003246455796207595,0.000797367200167546
fresh,0.2,0.05,606,29,captured_action,9,0.05,-0.0006116017854121277,-0.0007730891394069782,-0.0007028601309526697,-0.0006116017854121277,9.125834554054202e-05,-0.00016148735399485045,-9.125834554054202e-05
fresh,0.2,0.05,606,30,position,10,0.0,-0.10319725549646935,-0.10928502597432636,-0.09935734930437908,-0.10319725549646935,-0.0038399061920902783,-0.00608777047785701,0.0038399061920902783
fresh,0.2,0.05,606,31,velocity,10,0.0,-0.14234671868665433,-0.15293870749701172,-0.13904544055752574,-0.14234671868665433,-0.0033012781291285875,-0.010591988810357389,0.0033012781291285875
fresh,0.2,0.05,606,32,captured_action,10,0.0,-0.0028566748212691196,-0.003459555301585738,-0.0031452821781661243,-0.0028566748212691196,0.00028860735689700476,-0.0006028804803166186,-0.00028860735689700476
fresh,0.2,0.05,606,33,held_action,,0.0,-0.020957253672841767,-0.0186045997123834,-0.01691451958592832,-0.020957253672841767,-0.004042734086913448,0.0023526539604583653,0.004042734086913448
fresh,0.2,0.05,707,0,position,0,0.5,-0.0009910525134364054,-0.0011642505510742055,-0.001077647039142179,-0.0009910525134364054,8.659452570577357e-05,-0.00017319803763780005,-8.659452570577357e-05
fresh,0.2,0.05,707,1,velocity,0,0.5,0.000742620391750913,0.000602064532917448,0.0005572795827086997,0.000742620391750913,0.0001853408090422133,-0.00014055585883346496,-0.0001853408090422133
fresh,0.2,0.05,707,2,captured_action,0,0.5,-3.9974213424440414e-05,-6.623599751434114e-05,-6.130899104157606e-05,-3.9974213424440414e-05,2.133477761713565e-05,-2.6261784089900726e-05,-2.133477761713565e-05
fresh,0.2,0.05,707,3,position,1,0.45,-0.0016354738431723572,-0.001810729809798539,-0.0016760375302510855,-0.0016354738431723572,4.05636870787283e-05,-0.0001752559666261819,-4.05636870787283e-05
fresh,0.2,0.05,707,4,velocity,1,0.45,9.235494507937414e-05,-4.9126747031779945e-05,-4.547242295280665e-05,9.235494507937412e-05,0.00013782736803218077,-0.00014148169211115408,-0.00013782736803218077
fresh,0.2,0.05,707,5,captured_action,1,0.45,-4.860859169304534e-05,-6.22615896152305e-05,-5.763022198205695e-05,-4.860859169304534e-05,9.02163028901161e-06,-1.3652997922185164e-05,-9.02163028901161e-06
fresh,0.2,0.05,707,6,position,2,0.4,-0.0023731849197050512,-0.0025766573179839937,-0.0023849910374081494,-0.0023731849197050512,1.1806117703098192e-05,-0.0002034723982789425,-1.1806117703098192e-05
fresh,0.2,0.05,707,7,velocity,2,0.4,-0.000521662679040365,-0.0006865494446763249,-0.0006354800309929101,-0.000521662679040365,0.00011381735195254512,-0.00016488676563595995,-0.00011381735195254512
fresh,0.2,0.05,707,8,captured_action,2,0.4,5.12697241655634e-05,4.133866776176868e-05,3.826366487389611e-05,5.12697241655634e-05,1.300605929166729e-05,-9.931056403794718e-06,-1.300605929166729e-05
fresh,0.2,0.05,707,9,position,3,0.35000000000000003,-0.003376787181166024,-0.003623700590521881,-0.0033541493353905867,-0.003376787181166024,-2.2637845775437364e-05,-0.000246913409355857,2.2637845775437364e-05
fresh,0.2,0.05,707,10,velocity,3,0.35000000000000003,-0.0011589910283839487,-0.0013593703351471483,-0.0012582527149481819,-0.0011589910283839487,9.926168656423321e-05,-0.00020037930676319957,-9.926168656423321e-05
fresh,0.2,0.05,707,11,captured_action,3,0.35000000000000003,0.00015244877927707317,0.00014483729818549754,0.00013406348436162868,0.00015244877927707317,1.838529491544449e-05,-7.611481091575627e-06,-1.838529491544449e-05
fresh,0.2,0.05,707,12,position,4,0.30000000000000004,-0.00433068643468616,-0.0046194010002810395,-0.0042757839418415666,-0.00433068643468616,-5.4902492844593163e-05,-0.00028871456559487977,5.4902492844593163e-05
fresh,0.2,0.05,707,13,velocity,4,0.30000000000000004,-0.0018406542047838359,-0.0020842979674832425,-0.0019292561478935616,-0.0018406542047838359,8.860194310972573e-05,-0.00024364376269940665,-8.860194310972573e-05
fresh,0.2,0.05,707,14,captured_action,4,0.30000000000000004,0.00031930046173178265,0.00031334428215237716,0.00029003596999123817,0.00031930046173178265,2.926449174054448e-05,-5.956179579405486e-06,-2.926449174054448e-05
fresh,0.2,0.05,707,15,position,5,0.25,-0.005807785636369423,-0.006177968935753216,-0.005718416817912654,-0.005807785636369423,-8.936881845676876e-05,-0.0003701832993837934,8.936881845676876e-05
fresh,0.2,0.05,707,16,velocity,5,0.25,-0.002940863042199273,-0.0032576542311944937,-0.0030153315654921973,-0.002940863042199273,7.446852329292446e-05,-0.0003167911889952208,-7.446852329292446e-05
fresh,0.2,0.05,707,17,captured_action,5,0.25,0.000518979621709906,0.0005170810339918447,0.0004786176349787888,0.000518979621709906,4.036198673111721e-05,-1.8985877180613528e-06,-4.036198673111721e-05
fresh,0.2,0.05,707,18,position,6,0.2,-0.007947441335048211,-0.008446239203865917,-0.007817960370759202,-0.007947441335048211,-0.00012948096428900928,-0.0004987978688177058,0.00012948096428900928
fresh,0.2,0.05,707,19,velocity,6,0.2,-0.004899720661032635,-0.005349375849796077,-0.004951459151531031,-0.004899720661032635,5.17384904983962e-05,-0.00044965518876344257,-5.17384904983962e-05
fresh,0.2,0.05,707,20,captured_action,6,0.2,0.0006818269488454565,0.0006878543688077965,0.0006366878875194009,0.0006818269488454565,4.513906132605559e-05,6.027419962339998e-06,-4.513906132605559e-05
fresh,0.2,0.05,707,21,position,7,0.15000000000000002,-0.010356678571223925,-0.010996998867908015,-0.010178980167556417,-0.010356678571223925,-0.00017769840366750785,-0.0006403202966840903,0.00017769840366750785
fresh,0.2,0.05,707,22,velocity,7,0.15000000000000002,-0.0067396140144375,-0.007327064377177081,-0.0067820360697993355,-0.0067396140144375,4.24220553618352e-05,-0.0005874503627395803,-4.24220553618352e-05
fresh,0.2,0.05,707,23,captured_action,7,0.15000000000000002,0.001389147112344562,0.0014351152696300427,0.0013283633146813718,0.001389147112344562,6.0783797663190075e-05,4.596815728548083e-05,-6.0783797663190075e-05
fresh,0.2,0.05,707,24,position,8,0.1,-0.014408748721504811,-0.015314651474156475,-0.014175461460071264,-0.014408748721504811,-0.0002332872614335471,-0.0009059027526516633,0.0002332872614335471
fresh,0.2,0.05,707,25,velocity,8,0.1,-0.010391888276828725,-0.01124069436729661,-0.010404548223441027,-0.010391888276828725,1.2659946612302367e-05,-0.0008488060904678855,-1.2659946612302367e-05
fresh,0.2,0.05,707,26,captured_action,8,0.1,0.002278970054497429,0.0024000866421698313,0.002221554682737841,0.002278970054497429,5.741537175958829e-05,0.00012111658767240217,-5.741537175958829e-05
fresh,0.2,0.05,707,27,position,9,0.05,-0.02000907444088741,-0.021272252847137237,-0.019689902895429365,-0.02000907444088741,-0.0003191715454580468,-0.0012631784062498257,0.0003191715454580468
fresh,0.2,0.05,707,28,velocity,9,0.05,-0.014616068507689935,-0.01580442343861922,-0.01462880142789103,-0.014616068507689935,1.2732920201095552e-05,-0.0011883549309292842,-1.2732920201095552e-05
fresh,0.2,0.05,707,29,captured_action,9,0.05,0.0037985958149080856,0.003995140528588402,0.003697959479270027,0.0037985958149080856,0.00010063633563805845,0.00019654471368031612,-0.00010063633563805845
fresh,0.2,0.05,707,30,position,10,0.0,-0.07614068203290537,-0.0810999804040956,-0.07506730718428663,-0.07614068203290537,-0.0010733748486187467,-0.004959298371190232,0.0010733748486187467
fresh,0.2,0.05,707,31,velocity,10,0.0,-0.14157614206768776,-0.15118494100425126,-0.1399389537636836,-0.14157614206768776,-0.0016371883040041668,-0.009608798936563495,0.0016371883040041668
fresh,0.2,0.05,707,32,captured_action,10,0.0,-0.004031723878042601,-0.00452546773482182,-0.004188837961609316,-0.004031723878042601,0.00015711408356671504,-0.0004937438567792184,-0.00015711408356671504
fresh,0.2,0.05,707,33,held_action,,0.0,-0.015153041476885624,-0.014490627897679959,-0.013412733397323998,-0.015153041476885624,-0.0017403080795616258,0.0006624135792056649,0.0017403080795616258
fresh,0.2,0.05,808,0,position,0,0.5,-0.0013496558566579169,-0.0012668771767748797,-0.0011214873152758506,-0.0013496558566579169,-0.0002281685413820663,8.277867988303717e-05,0.0002281685413820663
fresh,0.2,0.05,808,1,velocity,0,0.5,-0.000292710671661319,-0.00036718976787647266,-0.0003250501899646452,-0.000292710671661319,3.233951830332619e-05,-7.447909621515365e-05,-3.233951830332619e-05
fresh,0.2,0.05,808,2,captured_action,0,0.5,-0.00045615642819992706,-0.0004941778683051247,-0.00043746483159885617,-0.00045615642819992706,-1.8691596601070888e-05,-3.802144010519763e-05,1.8691596601070888e-05
fresh,0.2,0.05,808,3,position,1,0.45,-0.0016440870045741991,-0.0015631346058377251,-0.0013837455316532507,-0.0016440870045741991,-0.00026034147292094837,8.095239873647398e-05,0.00026034147292094837
fresh,0.2,0.05,808,4,velocity,1,0.45,-0.0006773171125103333,-0.0007730434964462699,-0.0006843271718163091,-0.0006773171125103333,7.010059305975823e-06,-9.572638393593662e-05,-7.010059305975823e-06
fresh,0.2,0.05,808,5,captured_action,1,0.45,-0.0005599989387173603,-0.0005971889247873926,-0.0005286540923227127,-0.0005599989387173603,-3.134484639464761e-05,-3.718998607003235e-05,3.134484639464761e-05
fresh,0.2,0.05,808,6,position,2,0.4,-0.0022905658121571233,-0.0022042315028336914,-0.0019512686120468962,-0.0022905658121571233,-0.0003392972001102271,8.633430932343186e-05,0.0003392972001102271
fresh,0.2,0.05,808,7,velocity,2,0.4,-0.0010256323331076429,-0.001140702629365445,-0.0010097928613662928,-0.0010256323331076429,-1.5839471741350107e-05,-0.00011507029625780203,1.5839471741350107e-05
fresh,0.2,0.05,808,8,captured_action,2,0.4,-0.0007328017459695028,-0.0007838349248572253,-0.0006938801500358737,-0.0007328017459695028,-3.892159593362908e-05,-5.1033178887722476e-05,3.892159593362908e-05
fresh,0.2,0.05,808,9,position,3,0.35000000000000003,-0.002863074236024165,-0.002775503337128641,-0.002456979921305094,-0.002863074236024165,-0.00040609431471907076,8.757089889552391e-05,0.00040609431471907076
fresh,0.2,0.05,808,10,velocity,3,0.35000000000000003,-0.001247610441821775,-0.001367223143383568,-0.001210317338228214,-0.001247610441821775,-3.729310359356112e-05,-0.00011961270156179288,3.729310359356112e-05
fresh,0.2,0.05,808,11,captured_action,3,0.35000000000000003,-0.000862990646996553,-0.0009179998744537585,-0.0008126480084246218,-0.000862990646996553,-5.0342638571931214e-05,-5.5009227457205483e-05,5.0342638571931214e-05
fresh,0.2,0.05,808,12,position,4,0.30000000000000004,-0.0035929469286839744,-0.0035031964731462926,-0.0031011612487599487,-0.0035929469286839744,-0.0004917856799240257,8.975045553768178e-05,0.0004917856799240257
fresh,0.2,0.05,808,13,velocity,4,0.30000000000000004,-0.0015694299731799357,-0.0017077935843947494,-0.001511803099084898,-0.0015694299731799357,-5.7626874095037745e-05,-0.00013836361121481364,5.7626874095037745e-05
fresh,0.2,0.05,808,14,captured_action,4,0.30000000000000004,-0.0008848190538580861,-0.0009298365701046077,-0.0008231262965101345,-0.0008848190538580861,-6.169275734795162e-05,-4.501751624652161e-05,6.169275734795162e-05
fresh,0.2,0.05,808,15,position,5,0.25,-0.004211254308919876,-0.004138266089266164,-0.0036633487534781734,-0.004211254308919876,-0.0005479055554417026,7.298821965371228e-05,0.0005479055554417026
fresh,0.2,0.05,808,16,velocity,5,0.25,-0.0016632403570038896,-0.0018380927971436737,-0.0016271488618528026,-0.0016632403570038896,-3.609149515108705e-05,-0.00017485244013978407,3.609149515108705e-05
fresh,0.2,0.05,808,17,captured_action,5,0.25,-0.0005698267762313843,-0.0006175529405978875,-0.0005466810848664462,-0.0005698267762313843,-2.3145691364938195e-05,-4.772616436650315e-05,2.3145691364938195e-05
fresh,0.2,0.05,808,18,position,6,0.2,-0.00536600032618139,-0.0052986734109395995,-0.004690584949431235,-0.00536600032618139,-0.0006754153767501549,6.73269152417907e-05,0.0006754153767501549
fresh,0.2,0.05,808,19,velocity,6,0.2,-0.0018671642292522152,-0.002076634882521374,-0.0018383152857294857,-0.0018671642292522152,-2.8848943522729502e-05,-0.00020947065326915883,2.8848943522729502e-05
fresh,0.2,0.05,808,20,captured_action,6,0.2,-0.00026771131396742835,-0.0003386396462559894,-0.0002997765487356941,-0.00026771131396742835,3.206523476826577e-05,-7.092833228856103e-05,-3.206523476826577e-05
fresh,0.2,0.05,808,21,position,7,0.15000000000000002,-0.0068266523958642085,-0.006811193780072455,-0.006029524855505702,-0.0068266523958642085,-0.0007971275403585061,1.5458615791753838e-05,0.0007971275403585061
fresh,0.2,0.05,808,22,velocity,7,0.15000000000000002,-0.0023825680642898107,-0.0026494138704973953,-0.002345360784099682,-0.0023825680642898107,-3.7207280190128516e-05,-0.00026684580620758456,3.7207280190128516e-05
fresh,0.2,0.05,808,23,captured_action,7,0.15000000000000002,-0.00039721922803495136,-0.00045775590250347106,-0.0004052227378957002,-0.00039721922803495136,8.00350986074886e-06,-6.0536674468519695e-05,-8.00350986074886e-06
fresh,0.2,0.05,808,24,position,8,0.1,-0.009808092913570756,-0.00992933562885703,-0.008789821271567896,-0.009808092913570756,-0.00101827164200286,-0.00012124271528627349,0.00101827164200286
fresh,0.2,0.05,808,25,velocity,8,0.1,-0.0030902069109502587,-0.0035078613858040854,-0.0031052908048593824,-0.0030902069109502587,1.5083893909123743e-05,-0.0004176544748538268,-1.5083893909123743e-05
fresh,0.2,0.05,808,26,captured_action,8,0.1,0.0010898310825451316,0.0010642517473731473,0.0009421156658434562,0.0010898310825451316,0.00014771541670167542,-2.5579335171984317e-05,-0.00014771541670167542
fresh,0.2,0.05,808,27,position,9,0.05,-0.014755639899802303,-0.015189358774356024,-0.013446191552664803,-0.014755639899802303,-0.0013094483471375006,-0.0004337188745537207,0.0013094483471375006
fresh,0.2,0.05,808,28,velocity,9,0.05,-0.005420149450428113,-0.006209642214787214,-0.005497008789765882,-0.005420149450428113,7.685933933776912e-05,-0.0007894927643591005,-7.685933933776912e-05
fresh,0.2,0.05,808,29,captured_action,9,0.05,0.001871647109010493,0.0018078721268100552,0.0016003963880853245,0.001871647109010493,0.00027125072092516853,-6.37749822004379e-05,-0.00027125072092516853
fresh,0.2,0.05,808,30,position,10,0.0,-0.0977169241834166,-0.10694250760241092,-0.09466952908980149,-0.0977169241834166,-0.00304739509361511,-0.009225583418994321,0.00304739509361511
fresh,0.2,0.05,808,31,velocity,10,0.0,-0.1350479625155295,-0.1491248202311979,-0.13201089841071337,-0.1350479625155295,-0.003037064104816134,-0.014076857715668412,0.003037064104816134
fresh,0.2,0.05,808,32,captured_action,10,0.0,-0.0026584576582309345,-0.0024087035368000826,-0.002132274945277816,-0.0026584576582309345,-0.0005261827129531185,0.00024975412143085195,0.0005261827129531185
fresh,0.2,0.05,808,33,held_action,,0.0,-0.008289357072255211,-0.006059597521649643,-0.005364183585268458,-0.008289357072255211,-0.0029251734869867535,0.0022297595506055685,0.0029251734869867535
fresh,0.2,0.05,909,0,position,0,0.5,-0.0018666651813480542,-0.002017487680866246,-0.0018909015271561704,-0.0018666651813480542,2.4236345808116263e-05,-0.00015082249951819168,-2.4236345808116263e-05
fresh,0.2,0.05,909,1,velocity,0,0.5,-0.0006060009706772254,-0.0007341785797033585,-0.0006881129489575637,-0.0006060009706772254,8.21119782803383e-05,-0.00012817760902613306,-8.21119782803383e-05
fresh,0.2,0.05,909,2,captured_action,0,0.5,-0.00031960633906000745,-0.0004045883233237328,-0.00037920265174254647,-0.00031960633906000745,5.959631268253902e-05,-8.498198426372535e-05,-5.959631268253902e-05
fresh,0.2,0.05,909,3,position,1,0.45,-0.0021434182732487264,-0.002296811797711674,-0.0021526996060855976,-0.0021434182732487264,9.281332836871218e-06,-0.0001533935244629474,-9.281332836871218e-06
fresh,0.2,0.05,909,4,velocity,1,0.45,-0.0008450117617815601,-0.0009719172892854536,-0.0009109348741055292,-0.0008450117617815601,6.59231123239691e-05,-0.0001269055275038935,-6.59231123239691e-05
fresh,0.2,0.05,909,5,captured_action,1,0.45,-0.00039378970327584085,-0.00046723228930376404,-0.00043791605656884016,-0.00039378970327584085,4.412635329299931e-05,-7.344258602792319e-05,-4.412635329299931e-05
fresh,0.2,0.05,909,6,position,2,0.4,-0.0025114342797722096,-0.002677477760012038,-0.0025094808921755684,-0.0025114342797722096,-1.953387596641265e-06,-0.0001660434802398282,1.953387596641265e-06
fresh,0.2,0.05,909,7,velocity,2,0.4,-0.0011272406300122991,-0.00126490193772155,-0.0011855363620924377,-0.0011272406300122991,5.829573208013857e-05,-0.00013766130770925095,-5.829573208013857e-05
fresh,0.2,0.05,909,8,captured_action,2,0.4,-0.0003393677220714243,-0.00041711864106092696,-0.0003909467615924957,-0.0003393677220714243,5.157903952107142e-05,-7.775091898950268e-05,-5.157903952107142e-05
fresh,0.2,0.05,909,9,position,3,0.35000000000000003,-0.0029661815445103912,-0.0031698132265257166,-0.002970925040922061,-0.0029661815445103912,4.743496411669778e-06,-0.00020363168201532542,-4.743496411669778e-06
fresh,0.2,0.05,909,10,velocity,3,0.35000000000000003,-0.0014697062709540971,-0.0016459901635075369,-0.0015427134169781235,-0.0014697062709540971,7.300714602402635e-05,-0.00017628389255343975,-7.300714602402635e-05
fresh,0.2,0.05,909,11,captured_action,3,0.35000000000000003,-0.00031583623059361533,-0.000391275076445456,-0.00036672473720939213,-0.00031583623059361533,5.08885066157768e-05,-7.543884585184066e-05,-5.08885066157768e-05
fresh,0.2,0.05,909,12,position,4,0.30000000000000004,-0.00392320239251803,-0.0041580791882245855,-0.003897182798991982,-0.00392320239251803,-2.6019593526048143e-05,-0.00023487679570655551,2.6019593526048143e-05
fresh,0.2,0.05,909,13,velocity,4,0.30000000000000004,-0.0021204163102263333,-0.0023342475381689046,-0.0021877864616199052,-0.0021204163102263333,6.737015139357191e-05,-0.00021383122794257133,-6.737015139357191e-05
fresh,0.2,0.05,909,14,captured_action,4,0.30000000000000004,-0.00034758176053568013,-0.0004168824933735671,-0.0003907254308617566,-0.00034758176053568013,4.314367032607648e-05,-6.930073283788695e-05,-4.314367032607648e-05
fresh,0.2,0.05,909,15,position,5,0.25,-0.005119667363816427,-0.005406589260838504,-0.0050673557945276285,-0.005119667363816427,-5.231156928879859e-05,-0.00028692189702207715,5.231156928879859e-05
fresh,0.2,0.05,909,16,velocity,5,0.25,-0.0030296321375085948,-0.0032942388112456233,-0.003087543610837269,-0.0030296321375085948,5.791147332867433e-05,-0.00026460667373702854,-5.791147332867433e-05
fresh,0.2,0.05,909,17,captured_action,5,0.25,-0.00020817532006091468,-0.00028355949952044737,-0.00026576771485049816,-0.00020817532006091468,5.7592394789583484e-05,-7.538417945953269e-05,-5.7592394789583484e-05
fresh,0.2,0.05,909,18,position,6,0.2,-0.006164202184187265,-0.006505654939263552,-0.006097461202103912,-0.006164202184187265,-6.674098208335304e-05,-0.000341452755076287,6.674098208335304e-05
fresh,0.2,0.05,909,19,velocity,6,0.2,-0.003824679181617039,-0.004148777300184207,-0.00388846455279509,-0.003824679181617039,6.378537117805077e-05,-0.00032409811856716746,-6.378537117805077e-05
fresh,0.2,0.05,909,20,captured_action,6,0.2,-0.00023112534508497768,-0.0003097762318619247,-0.0002903394927561054,-0.00023112534508497768,5.9214147671127746e-05,-7.8650886776947e-05,-5.9214147671127746e-05
fresh,0.2,0.05,909,21,position,7,0.15000000000000002,-0.00814300958366873,-0.008574179282058956,-0.00803619712393721,-0.00814300958366873,-0.00010681245973151975,-0.0004311696983902262,0.00010681245973151975
fresh,0.2,0.05,909,22,velocity,7,0.15000000000000002,-0.005382509364257786,-0.005851201778733361,-0.005484071344790199,-0.005382509364257786,0.00010156198053241309,-0.0004686924144755751,-0.00010156198053241309
fresh,0.2,0.05,909,23,captured_action,7,0.15000000000000002,0.00022203522752298893,0.00018786391542846472,0.00017607649749251309,0.00022203522752298893,4.5958730030475845e-05,-3.417131209452421e-05,-4.5958730030475845e-05
fresh,0.2,0.05,909,24,position,8,0.1,-0.011798676865746819,-0.0123947276104164,-0.011617027251020397,-0.011798676865746819,-0.00018164961472642155,-0.0005960507446695802,0.00018164961472642155
fresh,0.2,0.05,909,25,velocity,8,0.1,-0.008443756675517342,-0.009072501738733254,-0.008503252612443122,-0.008443756675517342,5.94959369257797e-05,-0.0006287450632159117,-5.94959369257797e-05
fresh,0.2,0.05,909,26,captured_action,8,0.1,0.0008303094024700767,0.0008235942641867802,0.0007719182955502232,0.0008303094024700767,5.839110691985348e-05,-6.7151382832965085e-06,-5.839110691985348e-05
fresh,0.2,0.05,909,27,position,9,0.05,-0.02112675024609558,-0.022097213835915338,-0.020710736320475664,-0.02112675024609558,-0.0004160139256199173,-0.0009704635898197568,0.0004160139256199173
fresh,0.2,0.05,909,28,velocity,9,0.05,-0.016230638258554902,-0.017323012825602484,-0.016236089923886532,-0.016230638258554902,5.4516653316301344e-06,-0.0010923745670475826,-5.4516653316301344e-06
fresh,0.2,0.05,909,29,captured_action,9,0.05,0.002306381543005319,0.0024067852992495425,0.0022557728808207276,0.002306381543005319,5.060866218459118e-05,0.0001004037562442237,-5.060866218459118e-05
fresh,0.2,0.05,909,30,position,10,0.0,-0.10351528776179438,-0.10762009857305295,-0.10086753474356153,-0.10351528776179438,-0.0026477530182328485,-0.004104810811258575,0.0026477530182328485
fresh,0.2,0.05,909,31,velocity,10,0.0,-0.1453576528790795,-0.15207397123373476,-0.14253217364038856,-0.1453576528790795,-0.0028254792386909477,-0.0067163183546552485,0.0028254792386909477
fresh,0.2,0.05,909,32,captured_action,10,0.0,-0.0012347996615709924,-0.0006860638083241426,-0.0006430171124166115,-0.0012347996615709924,-0.0005917825491543809,0.0005487358532468498,0.0005917825491543809
fresh,0.2,0.05,909,33,held_action,,0.0,-0.026890022219591653,-0.025693066609694476,-0.024080969291835504,-0.026890022219591653,-0.002809052927756149,0.0011969556098971774,0.002809052927756149
fresh,0.2,0.05,1010,0,position,0,0.5,-0.0004883613519545845,-0.0006961581773699027,-0.000640081663350119,-0.0004883613519545845,0.0001517203113955345,-0.00020779682541531824,-0.0001517203113955345
fresh,0.2,0.05,1010,1,velocity,0,0.5,0.0012161670895758888,0.0008715489596527225,0.0008013444730236371,0.0012161670895758888,0.00041482261655225166,-0.0003446181299231663,-0.00041482261655225166
fresh,0.2,0.05,1010,2,captured_action,0,0.5,0.0003959787232765254,0.00021846472689718963,0.00020086708785635847,0.0003959787232765254,0.0001951116354201669,-0.00017751399637933575,-0.0001951116354201669
fresh,0.2,0.05,1010,3,position,1,0.45,-0.001465476229412452,-0.0016517742179493183,-0.001518721496453905,-0.001465476229412452,5.324526704145291e-05,-0.00018629798853686628,-5.324526704145291e-05
fresh,0.2,0.05,1010,4,velocity,1,0.45,-0.00027842229815995214,-0.0005875092375912697,-0.0005401845474999922,-0.00027842229815995214,0.00026176224934004,-0.0003090869394313176,-0.00026176224934004
fresh,0.2,0.05,1010,5,captured_action,1,0.45,0.00010669936450998074,-7.325251226768972e-05,-6.735192003923582e-05,0.00010669936450998074,0.00017405128454921656,-0.00017995187677767046,-0.00017405128454921656
fresh,0.2,0.05,1010,6,position,2,0.4,-0.0021756901892404285,-0.0023653863740196995,-0.0021748511961294575,-0.0021756901892404285,-8.389931109710307e-07,-0.00018969618477927093,8.389931109710307e-07
fresh,0.2,0.05,1010,7,velocity,2,0.4,-0.0008868894166548704,-0.0011819171372209414,-0.0010867120601707927,-0.0008868894166548704,0.0001998226435159223,-0.000295027720566071,-0.0001998226435159223
fresh,0.2,0.05,1010,8,captured_action,2,0.4,3.102361217980333e-05,-0.00014360362105874112,-0.0001320361487063861,3.102361217980333e-05,0.00016305976088618943,-0.00017462723323854445,-0.00016305976088618943
fresh,0.2,0.05,1010,9,position,3,0.35000000000000003,-0.0030058017790765505,-0.0031743417881195087,-0.0029186441211645955,-0.0030058017790765505,-8.715765791195498e-05,-0.00016854000904295823,8.715765791195498e-05
fresh,0.2,0.05,1010,10,velocity,3,0.35000000000000003,-0.0017392219252801266,-0.002050765425746374,-0.001885573404900443,-0.0017392219252801266,0.0001463514796203164,-0.0003115435004662473,-0.0001463514796203164
fresh,0.2,0.05,1010,11,captured_action,3,0.35000000000000003,-0.00017416424125020455,-0.0003696394444195928,-0.0003398644706261779,-0.00017416424125020455,0.00016570022937597334,-0.00019547520316938826,-0.00016570022937597334
fresh,0.2,0.05,1010,12,position,4,0.30000000000000004,-0.004300706981992555,-0.004495949205619762,-0.004133794214330749,-0.004300706981992555,-0.00016691276766180561,-0.00019524222362720701,0.00016691276766180561
fresh,0.2,0.05,1010,13,velocity,4,0.30000000000000004,-0.00287755682184445,-0.0032234527992655564,-0.0029637991717336065,-0.00287755682184445,8.624234988915654e-05,-0.00034589597742110643,-8.624234988915654e-05
fresh,0.2,0.05,1010,14,captured_action,4,0.30000000000000004,-0.0003586520113905693,-0.0005748307008911946,-0.0005285272846484814,-0.0003586520113905693,0.00016987527325791212,-0.0002161786895006253,-0.00016987527325791212
fresh,0.2,0.05,1010,15,position,5,0.25,-0.005593863671802213,-0.0058230879571568635,-0.005354030084847429,-0.005593863671802213,-0.00023983358695478432,-0.0002292242853546506,0.00023983358695478432
fresh,0.2,0.05,1010,16,velocity,5,0.25,-0.0037966923945418458,-0.004178651641463112,-0.003842055412368197,-0.0037966923945418458,4.536301782635116e-05,-0.0003819592469212663,-4.536301782635116e-05
fresh,0.2,0.05,1010,17,captured_action,5,0.25,-0.0003985228661870522,-0.0006214197244620769,-0.0005713634972658088,-0.0003985228661870522,0.00017284063107875659,-0.00022289685827502472,-0.00017284063107875659
fresh,0.2,0.05,1010,18,position,6,0.2,-0.007428631958542246,-0.007670047539381511,-0.0070522144917263135,-0.007428631958542246,-0.0003764174668159327,-0.00024141558083926474,0.0003764174668159327
fresh,0.2,0.05,1010,19,velocity,6,0.2,-0.005566690602857771,-0.006018877768875006,-0.00553404875362903,-0.005566690602857771,-3.264184922874107e-05,-0.0004521871660172353,3.264184922874107e-05
fresh,0.2,0.05,1010,20,captured_action,6,0.2,-0.0006926558787951919,-0.0009500083911157555,-0.0008734838876407238,-0.0006926558787951919,0.0001808280088455319,-0.00025735251232056355,-0.0001808280088455319
fresh,0.2,0.05,1010,21,position,7,0.15000000000000002,-0.011777490267670644,-0.012122606644853007,-0.011146113739110387,-0.011777490267670644,-0.0006313765285602575,-0.00034511637718236295,0.0006313765285602575
fresh,0.2,0.05,1010,22,velocity,7,0.15000000000000002,-0.008634349043020765,-0.00923398871556006,-0.008490178020664652,-0.008634349043020765,-0.00014417102235611372,-0.0005996396725392941,0.00014417102235611372
fresh,0.2,0.05,1010,23,captured_action,7,0.15000000000000002,-0.0009526753593203177,-0.001254869707016302,-0.0011537881985229943,-0.0009526753593203177,0.00020111283920267657,-0.0003021943476959844,-0.00020111283920267657
fresh,0.2,0.05,1010,24,position,8,0.1,-0.016354171471520153,-0.01677564903885704,-0.015424347065974248,-0.016354171471520153,-0.0009298244055459051,-0.00042147756733688577,0.0009298244055459051
fresh,0.2,0.05,1010,25,velocity,8,0.1,-0.011797035406560174,-0.012548725870479617,-0.011537908465640791,-0.011797035406560174,-0.0002591269409193825,-0.0007516904639194438,0.0002591269409193825
fresh,0.2,0.05,1010,26,captured_action,8,0.1,-0.001303436705180298,-0.0016518090478639803,-0.0015187535207702686,-0.001303436705180298,0.00021531681558997046,-0.0003483723426836822,-0.00021531681558997046
fresh,0.2,0.05,1010,27,position,9,0.05,-0.022255112762033118,-0.022864942757935946,-0.021023139666616862,-0.022255112762033118,-0.0012319730954162555,-0.0006098299959028282,0.0012319730954162555
fresh,0.2,0.05,1010,28,velocity,9,0.05,-0.01684067556302674,-0.017876855403773775,-0.01643684971933763,-0.01684067556302674,-0.0004038258436891082,-0.0010361798407470361,0.0004038258436891082
fresh,0.2,0.05,1010,29,captured_action,9,0.05,-0.001915041719627789,-0.002311824682198532,-0.0021256039734332244,-0.001915041719627789,0.0002105622538054355,-0.0003967829625707432,-0.0002105622538054355
fresh,0.2,0.05,1010,30,position,10,0.0,-0.10769705299551996,-0.1137064928512955,-0.10454727595520769,-0.10769705299551996,-0.003149777040312274,-0.006009439855775539,0.003149777040312274
fresh,0.2,0.05,1010,31,velocity,10,0.0,-0.13915880650014034,-0.1485437181080474,-0.1365783140349287,-0.13915880650014034,-0.0025804924652116368,-0.009384911607907054,0.0025804924652116368
fresh,0.2,0.05,1010,32,captured_action,10,0.0,-0.010718283126394664,-0.01193939682458264,-0.01097766172588578,-0.010718283126394664,0.0002593785994911158,-0.0012211136981879755,-0.0002593785994911158
fresh,0.2,0.05,1010,33,held_action,,0.0,-0.022402339993782043,-0.02112144353021659,-0.019420081738109215,-0.022402339993782043,-0.002982258255672828,0.0012808964635654535,0.002982258255672828
fresh,0.2,0.2,101,0,position,0,0.5,-0.0007748287817211245,-0.0007594296733620196,-0.0007063553921359981,-0.0007748287817211245,-6.847338958512641e-05,1.5399108359104925e-05,6.847338958512641e-05
fresh,0.2,0.2,101,1,velocity,0,0.5,-0.000543907782847266,-0.0005321064421155766,-0.0004949191054317264,-0.000543907782847266,-4.8988677415539596e-05,1.1801340731689368e-05,4.8988677415539596e-05
fresh,0.2,0.2,101,2,captured_action,0,0.5,-0.000943978614304185,-0.000975806358525043,-0.0009076101543061308,-0.000943978614304185,-3.636845999805424e-05,-3.1827744220857906e-05,3.636845999805424e-05
fresh,0.2,0.2,101,3,position,1,0.45,-0.0009160699861519571,-0.000897221596444498,-0.0008345174475258198,-0.0009160699861519571,-8.155253862613733e-05,1.884838970745914e-05,8.155253862613733e-05
fresh,0.2,0.2,101,4,velocity,1,0.45,-0.0006639873265130459,-0.0006737299362094901,-0.0006266449547305977,-0.0006639873265130459,-3.734237178244814e-05,-9.74260969644424e-06,3.734237178244814e-05
fresh,0.2,0.2,101,5,captured_action,1,0.45,-0.0007251855140456729,-0.0007491982387806253,-0.000696839002087845,-0.0007251855140456729,-2.8346511957827968e-05,-2.4012724734952403e-05,2.8346511957827968e-05
fresh,0.2,0.2,101,6,position,2,0.4,-0.0012872134819004852,-0.001264888802474547,-0.0011764894860177915,-0.0012872134819004852,-0.00011072399588269366,2.2324679425938252e-05,0.00011072399588269366
fresh,0.2,0.2,101,7,velocity,2,0.4,-0.0007899324221302182,-0.0007955151130438014,-0.0007399189277613361,-0.0007899324221302182,-5.0013494368882105e-05,-5.582690913583251e-06,5.0013494368882105e-05
fresh,0.2,0.2,101,8,captured_action,2,0.4,-0.00073856473965857,-0.0007705231214467026,-0.0007166735521274384,-0.00073856473965857,-2.1891187531131585e-05,-3.1958381788132584e-05,2.1891187531131585e-05
fresh,0.2,0.2,101,9,position,3,0.35000000000000003,-0.0016185078286481923,-0.0015916601136398386,-0.0014804237221072518,-0.0016185078286481923,-0.00013808410654094047,2.684771500835372e-05,0.00013808410654094047
fresh,0.2,0.2,101,10,velocity,3,0.35000000000000003,-0.000979219841586121,-0.0009895315299801354,-0.0009203761143487193,-0.000979219841586121,-5.884372723740175e-05,-1.0311688394014362e-05,5.884372723740175e-05
fresh,0.2,0.2,101,11,captured_action,3,0.35000000000000003,-0.0006861429252928497,-0.0007176977240984845,-0.0006675399646901022,-0.0006861429252928497,-1.860296060274746e-05,-3.1554798805634855e-05,1.860296060274746e-05
fresh,0.2,0.2,101,12,position,4,0.30000000000000004,-0.0019169751254438953,-0.0018800376226890195,-0.0017486473847222025,-0.0019169751254438953,-0.00016832774072169277,3.693750275487583e-05,0.00016832774072169277
fresh,0.2,0.2,101,13,velocity,4,0.30000000000000004,-0.001091826712809186,-0.0011083444115636474,-0.0010308855170037337,-0.001091826712809186,-6.094119580545227e-05,-1.6517698754461374e-05,6.094119580545227e-05
fresh,0.2,0.2,101,14,captured_action,4,0.30000000000000004,-0.0006461503264862072,-0.0006804268410546518,-0.0006328738328136203,-0.0006461503264862072,-1.3276493672586859e-05,-3.427651456844468e-05,1.3276493672586859e-05
fresh,0.2,0.2,101,15,position,5,0.25,-0.0023427615276122808,-0.002301592335656159,-0.002140740892560072,-0.0023427615276122808,-0.00020202063505220854,4.116919195612176e-05,0.00020202063505220854
fresh,0.2,0.2,101,16,velocity,5,0.25,-0.001275360057904949,-0.0012997856483012115,-0.0012089474950775095,-0.001275360057904949,-6.641256282743945e-05,-2.442559039626249e-05,6.641256282743945e-05
fresh,0.2,0.2,101,17,captured_action,5,0.25,-0.00047845076792558353,-0.0005162698590497797,-0.00048018929405628546,-0.00047845076792558353,1.7385261307019287e-06,-3.781909112419621e-05,-1.7385261307019287e-06
fresh,0.2,0.2,101,18,position,6,0.2,-0.003907760462129402,-0.0038579901456016795,-0.0035883666885034027,-0.003907760462129402,-0.0003193937736259995,4.977031652772263e-05,0.0003193937736259995
fresh,0.2,0.2,101,19,velocity,6,0.2,-0.0013823379963735847,-0.0014104058910578486,-0.0013118368180672574,-0.0013823379963735847,-7.050117830632733e-05,-2.806789468426385e-05,7.050117830632733e-05
fresh,0.2,0.2,101,20,captured_action,6,0.2,-0.0005963557188491534,-0.0006664070393747466,-0.0006198338333763615,-0.0005963557188491534,2.3478114527208092e-05,-7.005132052559317e-05,-2.3478114527208092e-05
fresh,0.2,0.2,101,21,position,7,0.15000000000000002,-0.005673351129418536,-0.005613082160050197,-0.005220800541940109,-0.005673351129418536,-0.0004525505874784265,6.026896936833868e-05,0.0004525505874784265
fresh,0.2,0.2,101,22,velocity,7,0.15000000000000002,-0.001371184008542262,-0.0013988755971963147,-0.0013011123421510728,-0.001371184008542262,-7.00716663911893e-05,-2.769158865405263e-05,7.00716663911893e-05
fresh,0.2,0.2,101,23,captured_action,7,0.15000000000000002,-0.0005558318180117789,-0.0006512521479401464,-0.0006057380722314548,-0.0005558318180117789,4.990625421967597e-05,-9.542032992836754e-05,-4.990625421967597e-05
fresh,0.2,0.2,101,24,position,8,0.1,-0.009706207514887825,-0.00967968360483779,-0.009003199306367182,-0.009706207514887825,-0.0007030082085206432,2.6523910050034114e-05,0.0007030082085206432
fresh,0.2,0.2,101,25,velocity,8,0.1,-0.00041631120715231217,-0.00045609066562366245,-0.0004242158454777629,-0.00041631120715231217,7.904638325450749e-06,-3.977945847135028e-05,-7.904638325450749e-06
fresh,0.2,0.2,101,26,captured_action,8,0.1,-0.00046393436055086563,-0.0006261470751142517,-0.0005823875182795232,-0.00046393436055086563,0.00011845315772865758,-0.00016221271456338607,-0.00011845315772865758
fresh,0.2,0.2,101,27,position,9,0.05,-0.019645731032203333,-0.019658320554149157,-0.018284458997089845,-0.019645731032203333,-0.0013612720351134887,-1.2589521945823717e-05,0.0013612720351134887
fresh,0.2,0.2,101,28,velocity,9,0.05,-0.0013999103988426322,-0.001643820300830372,-0.0015289385889464002,-0.0013999103988426322,0.000129028190103768,-0.00024390990198773976,-0.000129028190103768
fresh,0.2,0.2,101,29,captured_action,9,0.05,0.00019138303554306287,-0.0001386451410171606,-0.00012895564446063299,0.00019138303554306287,0.00032033868000369586,-0.0003300281765602235,-0.00032033868000369586
fresh,0.2,0.2,101,30,position,10,0.0,-0.1053954512499165,-0.10757252952808934,-0.10005460537443742,-0.1053954512499165,-0.005340845875479089,-0.002177078278172831,0.005340845875479089
fresh,0.2,0.2,101,31,velocity,10,0.0,-0.13368956973313165,-0.13521796207279657,-0.12576798085980276,-0.13368956973313165,-0.007921588873328889,-0.0015283923396649246,0.007921588873328889
fresh,0.2,0.2,101,32,captured_action,10,0.0,-0.005385023753317066,-0.0065305028855375605,-0.006074105461454896,-0.005385023753317066,0.0006890817081378299,-0.0011454791322204946,-0.0006890817081378299
fresh,0.2,0.2,101,33,held_action,,0.0,-0.004395109871156603,0.003400199631260916,0.0031625697916797995,-0.004395109871156603,-0.007557679662836402,0.007795309502417519,0.007557679662836402
fresh,0.2,0.2,202,0,position,0,0.5,-0.000589612805437247,-0.00046284449189676384,-0.0004455740296606219,-0.000589612805437247,-0.00014403877577662505,0.0001267683135404831,0.00014403877577662505
fresh,0.2,0.2,202,1,velocity,0,0.5,2.93356223955752e-05,0.00010211966758290984,9.830920015068339e-05,2.93356223955752e-05,-6.897357775510819e-05,7.278404518733464e-05,6.897357775510819e-05
fresh,0.2,0.2,202,2,captured_action,0,0.5,-0.0005595429717355663,-0.0007041318510508336,-0.0006778580533590798,-0.0005595429717355663,0.00011831508162351353,-0.00014458887931526737,-0.00011831508162351353
fresh,0.2,0.2,202,3,position,1,0.45,-0.0009764517575726064,-0.000858239506384596,-0.0008262153746425544,-0.0009764517575726064,-0.00015023638293005191,0.0001182122511880103,0.00015023638293005191
fresh,0.2,0.2,202,4,velocity,1,0.45,-8.201789105179383e-05,-1.8227502030128677e-06,-1.7547365632306419e-06,-8.201789105179383e-05,-8.026315448856319e-05,8.019514084878096e-05,8.026315448856319e-05
fresh,0.2,0.2,202,5,captured_action,1,0.45,-0.0002764490762842939,-0.0003749127238655965,-0.00036092332536841377,-0.0002764490762842939,8.447424908411988e-05,-9.846364758130262e-05,-8.447424908411988e-05
fresh,0.2,0.2,202,6,position,2,0.4,-0.0012840127862215655,-0.0011642280523986206,-0.001120786341488745,-0.0012840127862215655,-0.0001632264447328205,0.00011978473382294485,0.0001632264447328205
fresh,0.2,0.2,202,7,velocity,2,0.4,-0.0003305755782737874,-0.00024105690965253246,-0.0002320621731312999,-0.0003305755782737874,-9.851340514248751e-05,8.951866862125495e-05,9.851340514248751e-05
fresh,0.2,0.2,202,8,captured_action,2,0.4,-0.000319126411837587,-0.0004086072535883253,-0.0003933605859363208,-0.000319126411837587,7.423417409873381e-05,-8.94808417507383e-05,-7.423417409873381e-05
fresh,0.2,0.2,202,9,position,3,0.35000000000000003,-0.0017879483929184317,-0.0016754889190197626,-0.0016129701495202666,-0.0017879483929184317,-0.00017497824339816502,0.00011245947389866909,0.00017497824339816502
fresh,0.2,0.2,202,10,velocity,3,0.35000000000000003,-0.0005538973142574816,-0.00046067816118203935,-0.0004434885328619419,-0.0005538973142574816,-0.00011040878139553973,9.321915307544226e-05,0.00011040878139553973
fresh,0.2,0.2,202,11,captured_action,3,0.35000000000000003,1.1663877343239291e-05,-6.405871887833078e-05,-6.16684480537822e-05,1.1663877343239291e-05,7.33323253970215e-05,-7.572259622157007e-05,-7.33323253970215e-05
fresh,0.2,0.2,202,12,position,4,0.30000000000000004,-0.002171868229921241,-0.002051897743391936,-0.0019753337502795808,-0.002171868229921241,-0.0001965344796416601,0.00011997048652930475,0.0001965344796416601
fresh,0.2,0.2,202,13,velocity,4,0.30000000000000004,-0.0008439995233979577,-0.0007372421967119271,-0.0007097329279615848,-0.0008439995233979577,-0.00013426659543637292,0.00010675732668603063,0.00013426659543637292
fresh,0.2,0.2,202,14,captured_action,4,0.30000000000000004,9.116750254051126e-05,2.9987747313036604e-05,2.8868792098955148e-05,9.116750254051126e-05,6.229871044155611e-05,-6.117975522747465e-05,-6.229871044155611e-05
fresh,0.2,0.2,202,15,position,5,0.25,-0.0027065358348943853,-0.002587236500304364,-0.002490697012297578,-0.0027065358348943853,-0.0002158388225968074,0.00011929933459002128,0.0002158388225968074
fresh,0.2,0.2,202,16,velocity,5,0.25,-0.001276855921127146,-0.0011662174606804124,-0.00112270151749338,-0.001276855921127146,-0.00015415440363376605,0.00011063846044673362,0.00015415440363376605
fresh,0.2,0.2,202,17,captured_action,5,0.25,0.000643668926728514,0.0006056059964536316,0.0005830085675658607,0.000643668926728514,6.066035916265332e-05,-3.8062930274882466e-05,-6.066035916265332e-05
fresh,0.2,0.2,202,18,position,6,0.2,-0.0034774146394320284,-0.0033665527551182276,-0.003240934057604987,-0.0034774146394320284,-0.00023648058182704126,0.00011086188431380086,0.00023648058182704126
fresh,0.2,0.2,202,19,velocity,6,0.2,-0.0018069581764147134,-0.0016802506711246367,-0.001617554222812181,-0.0018069581764147134,-0.00018940395360253232,0.0001267075052900767,0.00018940395360253232
fresh,0.2,0.2,202,20,captured_action,6,0.2,0.00032880290208252646,0.0002657608698329485,0.00025584433599350523,0.00032880290208252646,7.295856608902123e-05,-6.304203224957798e-05,-7.295856608902123e-05
fresh,0.2,0.2,202,21,position,7,0.15000000000000002,-0.004833004676032768,-0.004733981939163395,-0.0045573393351392,-0.004833004676032768,-0.00027566534089356817,9.90227368693735e-05,0.00027566534089356817
fresh,0.2,0.2,202,22,velocity,7,0.15000000000000002,-0.002895074610030993,-0.0027622136053411573,-0.002659145065919406,-0.002895074610030993,-0.0002359295441115867,0.0001328610046898355,0.0002359295441115867
fresh,0.2,0.2,202,23,captured_action,7,0.15000000000000002,0.0010362801897512894,0.0010048811076231918,0.0009673852282838958,0.0010362801897512894,6.889496146739366e-05,-3.1399082128097605e-05,-6.889496146739366e-05
fresh,0.2,0.2,202,24,position,8,0.1,-0.0076801826545164235,-0.007671354199705998,-0.0073851072305281895,-0.0076801826545164235,-0.00029507542398823396,8.82845481042522e-06,0.00029507542398823396
fresh,0.2,0.2,202,25,velocity,8,0.1,-0.00424634814836349,-0.004123336801118451,-0.003969479655236084,-0.00424634814836349,-0.0002768684931274065,0.00012301134724503927,0.0002768684931274065
fresh,0.2,0.2,202,26,captured_action,8,0.1,0.0005661082405320815,0.0005137179423596192,0.0004945492010677183,0.0005661082405320815,7.155903946436321e-05,-5.239029817246234e-05,-7.155903946436321e-05
fresh,0.2,0.2,202,27,position,9,0.05,-0.01391728799536339,-0.014162706136235256,-0.013634242503698426,-0.01391728799536339,-0.0002830454916649631,-0.000245418140871867,0.0002830454916649631
fresh,0.2,0.2,202,28,velocity,9,0.05,-0.007213653171951664,-0.007159270983743209,-0.006892131758090238,-0.007213653171951664,-0.000321521413861426,5.4382188208455286e-05,0.000321521413861426
fresh,0.2,0.2,202,29,captured_action,9,0.05,0.0005289905216749546,0.0005309391401277075,0.0005111278114205475,0.0005289905216749546,1.7862710254407045e-05,1.948618452752974e-06,-1.7862710254407045e-05
fresh,0.2,0.2,202,30,position,10,0.0,-0.10978230279449538,-0.11377538104267115,-0.10952999526817998,-0.10978230279449538,-0.0002523075263154012,-0.003993078248175769,0.0002523075263154012
fresh,0.2,0.2,202,31,velocity,10,0.0,-0.13194380922361928,-0.13692621312482808,-0.13181698306092635,-0.13194380922361928,-0.000126826162692939,-0.004982403901208798,0.000126826162692939
fresh,0.2,0.2,202,32,captured_action,10,0.0,-0.006200072644535553,-0.006140023081512193,-0.005910915814136635,-0.006200072644535553,-0.00028915683039891765,6.0049563023359225e-05,0.00028915683039891765
fresh,0.2,0.2,202,33,held_action,,0.0,-0.009119276247737819,-0.009501273121212291,-0.009146745020504618,-0.009119276247737819,2.7468772766799446e-05,-0.00038199687347447234,-2.7468772766799446e-05
fresh,0.2,0.2,303,0,position,0,0.5,-0.0005617638347777758,-0.0007190263479844444,-0.0006653653365998269,-0.0005617638347777758,0.00010360150182205108,-0.0001572625132066686,-0.00010360150182205108
fresh,0.2,0.2,303,1,velocity,0,0.5,-0.0002288017745329254,-0.00022972751942781173,-0.00021258293067952507,-0.0002288017745329254,-1.6218843853400323e-05,-9.257448948863419e-07,1.6218843853400323e-05
fresh,0.2,0.2,303,2,captured_action,0,0.5,-0.0005450402472768126,-0.0004733161341583451,-0.0004379925016728446,-0.0005450402472768126,-0.00010704774560396803,7.172411311846751e-05,0.00010704774560396803
fresh,0.2,0.2,303,3,position,1,0.45,-0.0013626749516752793,-0.0015270711252452936,-0.0014131056478095749,-0.0013626749516752793,5.043069613429557e-05,-0.0001643961735700143,-5.043069613429557e-05
fresh,0.2,0.2,303,4,velocity,1,0.45,-0.0005531167395019566,-0.0005872432955450006,-0.0005434172671162588,-0.0005531167395019566,-9.699472385697782e-06,-3.412655604304396e-05,9.699472385697782e-06
fresh,0.2,0.2,303,5,captured_action,1,0.45,-0.0005540150091914777,-0.00048642219677705746,-0.00045012045747062934,-0.0005540150091914777,-0.00010389455172084836,6.759281241442024e-05,0.00010389455172084836
fresh,0.2,0.2,303,6,position,2,0.4,-0.002018092767090141,-0.0021923094639718674,-0.0020286971798955345,-0.002018092767090141,1.0604412805393596e-05,-0.0001742166968817264,-1.0604412805393596e-05
fresh,0.2,0.2,303,7,velocity,2,0.4,-0.0007546314468460268,-0.000808726990302661,-0.0007483716106210566,-0.0007546314468460268,-6.259836224970232e-06,-5.4095543456634176e-05,6.259836224970232e-06
fresh,0.2,0.2,303,8,captured_action,2,0.4,-0.0006597061762786057,-0.0005822718264640931,-0.0005388168192916609,-0.0006597061762786057,-0.00012088935698694478,7.743434981451257e-05,0.00012088935698694478
fresh,0.2,0.2,303,9,position,3,0.35000000000000003,-0.0025042047998943304,-0.002677598190010765,-0.0024777687576674774,-0.0025042047998943304,-2.6436042226852998e-05,-0.0001733933901164348,2.6436042226852998e-05
fresh,0.2,0.2,303,10,velocity,3,0.35000000000000003,-0.0013231037789112553,-0.0013895740415541759,-0.0012858699858229374,-0.0013231037789112553,-3.7233793088317906e-05,-6.647026264292055e-05,3.7233793088317906e-05
fresh,0.2,0.2,303,11,captured_action,3,0.35000000000000003,-0.0007722930623568755,-0.0006901757332516806,-0.000638667846255297,-0.0007722930623568755,-0.00013362521610157854,8.211732910519485e-05,0.00013362521610157854
fresh,0.2,0.2,303,12,position,4,0.30000000000000004,-0.0036222811222296537,-0.0038252418286704175,-0.0035397636318107396,-0.0036222811222296537,-8.251749041891408e-05,-0.00020296070644076382,8.251749041891408e-05
fresh,0.2,0.2,303,13,velocity,4,0.30000000000000004,-0.0018185976370015382,-0.0019089424866815226,-0.0017664779096913433,-0.0018185976370015382,-5.211972731019492e-05,-9.034484967998437e-05,5.211972731019492e-05
fresh,0.2,0.2,303,14,captured_action,4,0.30000000000000004,-0.0008624082693599619,-0.0007709340609476613,-0.0007133991715277303,-0.0008624082693599619,-0.00014900909783223165,9.147420841230057e-05,0.00014900909783223165
fresh,0.2,0.2,303,15,position,5,0.25,-0.004861540052703161,-0.0050936157053930314,-0.004713478633751429,-0.004861540052703161,-0.00014806141895173236,-0.00023207565268987002,0.00014806141895173236
fresh,0.2,0.2,303,16,velocity,5,0.25,-0.002151274245885,-0.002289830476172969,-0.002118940188779189,-0.002151274245885,-3.233405710581115e-05,-0.000138556230287969,3.233405710581115e-05
fresh,0.2,0.2,303,17,captured_action,5,0.25,-0.0006932176653005404,-0.0006094350778820955,-0.0005639528744216961,-0.0006932176653005404,-0.00012926479087884432,8.378258741844496e-05,0.00012926479087884432
fresh,0.2,0.2,303,18,position,6,0.2,-0.006459156512139884,-0.006733085807152613,-0.006230594910728551,-0.006459156512139884,-0.00022856160141133345,-0.00027392929501272867,0.00022856160141133345
fresh,0.2,0.2,303,19,velocity,6,0.2,-0.002942476585060372,-0.00312898286259617,-0.0028954665450332444,-0.002942476585060372,-4.701004002712755e-05,-0.00018650627753579807,4.701004002712755e-05
fresh,0.2,0.2,303,20,captured_action,6,0.2,-0.0006716007513612889,-0.0005789408205911827,-0.0005357344067346555,-0.0006716007513612889,-0.00013586634462663344,9.265993077010621e-05,0.00013586634462663344
fresh,0.2,0.2,303,21,position,7,0.15000000000000002,-0.008936016576699743,-0.009274893222910944,-0.008582706973796601,-0.008936016576699743,-0.0003533096029031419,-0.000338876646211201,0.0003533096029031419
fresh,0.2,0.2,303,22,velocity,7,0.15000000000000002,-0.0046348429684679,-0.004922394284728762,-0.004555035485579275,-0.0046348429684679,-7.980748288862437e-05,-0.0002875513162608626,7.980748288862437e-05
fresh,0.2,0.2,303,23,captured_action,7,0.15000000000000002,-0.0005698043186305219,-0.0004984825628539292,-0.00046128075716861557,-0.0005698043186305219,-0.00010852356146190628,7.132175577659263e-05,0.00010852356146190628
fresh,0.2,0.2,303,24,position,8,0.1,-0.012690183139872222,-0.013133416242761776,-0.012153268018016878,-0.012690183139872222,-0.0005369151218553442,-0.000443233102889554,0.0005369151218553442
fresh,0.2,0.2,303,25,velocity,8,0.1,-0.00659740546193082,-0.006978317090024921,-0.006457524557368802,-0.00659740546193082,-0.00013988090456201752,-0.0003809116280941013,0.00013988090456201752
fresh,0.2,0.2,303,26,captured_action,8,0.1,-0.00033960829421773045,-0.0003046473093770101,-0.0002819114488865034,-0.00033960829421773045,-5.769684533122704e-05,3.496098484072037e-05,5.769684533122704e-05
fresh,0.2,0.2,303,27,position,9,0.05,-0.020688780084471857,-0.02141719589015995,-0.019818828325869633,-0.020688780084471857,-0.0008699517586022235,-0.0007284158056880922,0.0008699517586022235
fresh,0.2,0.2,303,28,velocity,9,0.05,-0.011998741262663853,-0.012590603335534143,-0.011650965294701294,-0.011998741262663853,-0.0003477759679625589,-0.00059186207287029,0.0003477759679625589
fresh,0.2,0.2,303,29,captured_action,9,0.05,-0.0010141487382566412,-0.0010904391630206967,-0.0010090595744908584,-0.0010141487382566412,-5.089163765782841e-06,-7.629042476405543e-05,5.089163765782841e-06
fresh,0.2,0.2,303,30,position,10,0.0,-0.10459326576631463,-0.11008203801473702,-0.10186660403000285,-0.10459326576631463,-0.0027266617363117807,-0.005488772248422397,0.0027266617363117807
fresh,0.2,0.2,303,31,velocity,10,0.0,-0.13168865710055097,-0.13777250960104676,-0.1274905328321662,-0.13168865710055097,-0.004198124268384784,-0.006083852500495784,0.004198124268384784
fresh,0.2,0.2,303,32,captured_action,10,0.0,-0.011647378970992567,-0.012232539109550897,-0.011319623439269242,-0.011647378970992567,-0.00032775553172332585,-0.0005851601385583292,0.00032775553172332585
fresh,0.2,0.2,303,33,held_action,,0.0,-0.009797043457354165,-0.00582014077185973,-0.005385783058690646,-0.009797043457354165,-0.004411260398663519,0.003976902685494435,0.004411260398663519
fresh,0.2,0.2,404,0,position,0,0.5,-0.0010075480424868311,-0.0011531999995013776,-0.001070039587885168,-0.0010075480424868311,6.249154539833676e-05,-0.0001456519570145465,-6.249154539833676e-05
fresh,0.2,0.2,404,1,velocity,0,0.5,2.5107174402112342e-05,-8.603832148870488e-05,-7.983386238979562e-05,2.5107174402112342e-05,0.00010494103679190796,-0.00011114549589081723,-0.00010494103679190796
fresh,0.2,0.2,404,2,captured_action,0,0.5,-0.000974623800498617,-0.0008949586661692566,-0.0008304207446549405,-0.000974623800498617,-0.00014420305584367655,7.966513432936038e-05,0.00014420305584367655
fresh,0.2,0.2,404,3,position,1,0.45,-0.0014049925417514047,-0.0015299092098298257,-0.0014195832649114338,-0.0014049925417514047,1.4590723160029127e-05,-0.00012491666807842102,-1.4590723160029127e-05
fresh,0.2,0.2,404,4,velocity,1,0.45,-0.00010662942764704805,-0.00021450282472809136,-0.0001990344383207547,-0.00010662942764704805,9.240501067370665e-05,-0.00010787339708104331,-9.240501067370665e-05
fresh,0.2,0.2,404,5,captured_action,1,0.45,-0.0005520783134980902,-0.00047872504527095695,-0.0004442028705979298,-0.0005520783134980902,-0.00010787544290016046,7.335326822713328e-05,0.00010787544290016046
fresh,0.2,0.2,404,6,position,2,0.4,-0.0017991548564337202,-0.0019295780050862482,-0.0017904308482895616,-0.0017991548564337202,-8.724008144158626e-06,-0.00013042314865252796,8.724008144158626e-06
fresh,0.2,0.2,404,7,velocity,2,0.4,-0.0002940442911670631,-0.0004093921507103046,-0.00037986976102921303,-0.0002940442911670631,8.582546986214993e-05,-0.0001153478595432415,-8.582546986214993e-05
fresh,0.2,0.2,404,8,captured_action,2,0.4,-0.0002680210646772136,-0.00020613382333393675,-0.00019126894854735576,-0.0002680210646772136,-7.675211612985782e-05,6.188724134327682e-05,7.675211612985782e-05
fresh,0.2,0.2,404,9,position,3,0.35000000000000003,-0.0023346423740729324,-0.0024708290315393574,-0.0022926507802516908,-0.0023346423740729324,-4.199159382124165e-05,-0.000136186657466425,4.199159382124165e-05
fresh,0.2,0.2,404,10,velocity,3,0.35000000000000003,-0.00046451471664391247,-0.0005853527638860358,-0.0005431413722744366,-0.00046451471664391247,7.862665563052409e-05,-0.00012083804724212336,-7.862665563052409e-05
fresh,0.2,0.2,404,11,captured_action,3,0.35000000000000003,-9.33395438584296e-05,-4.058229866852871e-05,-3.765579792011905e-05,-9.33395438584296e-05,-5.568374593831055e-05,5.275724518990089e-05,5.568374593831055e-05
fresh,0.2,0.2,404,12,position,4,0.30000000000000004,-0.002615547566367973,-0.002746216248252849,-0.00254817907023466,-0.002615547566367973,-6.73684961333132e-05,-0.00013066868188487584,6.73684961333132e-05
fresh,0.2,0.2,404,13,velocity,4,0.30000000000000004,-0.000671869612730821,-0.0008054432966320667,-0.0007473605736781983,-0.000671869612730821,7.549096094737733e-05,-0.00013357368390124564,-7.549096094737733e-05
fresh,0.2,0.2,404,14,captured_action,4,0.30000000000000004,7.26295704897377e-05,0.00012776269621575965,0.00011854937813468672,7.26295704897377e-05,-4.5919807644949026e-05,5.513312572602195e-05,4.5919807644949026e-05
fresh,0.2,0.2,404,15,position,5,0.25,-0.003217843128956437,-0.0033493707190645704,-0.0031078384195734818,-0.003217843128956437,-0.00011000470938295507,-0.00013152759010813357,0.00011000470938295507
fresh,0.2,0.2,404,16,velocity,5,0.25,-0.0010585468493542556,-0.0012020435157020534,-0.0011153608643062847,-0.0010585468493542556,5.6814014952029064e-05,-0.0001434966663477978,-5.6814014952029064e-05
fresh,0.2,0.2,404,17,captured_action,5,0.25,0.0004373253492522783,0.0005120041888681057,0.00047508216396877735,0.0004373253492522783,-3.7756814716499026e-05,7.467883961582734e-05,3.7756814716499026e-05
fresh,0.2,0.2,404,18,position,6,0.2,-0.004158402323578462,-0.004315839361855255,-0.004004612360505526,-0.004158402323578462,-0.00015378996307293617,-0.00015743703827679305,0.00015378996307293617
fresh,0.2,0.2,404,19,velocity,6,0.2,-0.001794911054262171,-0.001981203218161503,-0.0018383332258020614,-0.001794911054262171,4.342217153989036e-05,-0.00018629216389933205,-4.342217153989036e-05
fresh,0.2,0.2,404,20,captured_action,6,0.2,0.0008458580859242332,0.0009239777353437013,0.0008573471692418812,0.0008458580859242332,-1.1489083317647972e-05,7.811964941946805e-05,1.1489083317647972e-05
fresh,0.2,0.2,404,21,position,7,0.15000000000000002,-0.0056393010735885755,-0.005832821621704345,-0.00541220087321788,-0.0056393010735885755,-0.00022710020037069577,-0.00019352054811576976,0.00022710020037069577
fresh,0.2,0.2,404,22,velocity,7,0.15000000000000002,-0.003114898184906451,-0.0033699592279671986,-0.0031269422346886953,-0.003114898184906451,1.2044049782244416e-05,-0.0002550610430607477,-1.2044049782244416e-05
fresh,0.2,0.2,404,23,captured_action,7,0.15000000000000002,0.0012488673416363978,0.0013549950409554093,0.0012572826360018052,0.0012488673416363978,-8.415294365407382e-06,0.00010612769931901147,8.415294365407382e-06
fresh,0.2,0.2,404,24,position,8,0.1,-0.009136221801559175,-0.009443803292712681,-0.00876278476220273,-0.009136221801559175,-0.0003734370393564442,-0.00030758149115350623,0.0003734370393564442
fresh,0.2,0.2,404,25,velocity,8,0.1,-0.00575206303653414,-0.006124591295793933,-0.005682930236689267,-0.00575206303653414,-6.913279984487302e-05,-0.0003725282592597929,6.913279984487302e-05
fresh,0.2,0.2,404,26,captured_action,8,0.1,0.0018367454801319252,0.0019092426949077713,0.001771561973044762,0.0018367454801319252,6.518350708716318e-05,7.249721477584612e-05,-6.518350708716318e-05
fresh,0.2,0.2,404,27,position,9,0.05,-0.019965624058359926,-0.0207440109034081,-0.0192481034406571,-0.019965624058359926,-0.0007175206177028257,-0.0007783868450481728,0.0007175206177028257
fresh,0.2,0.2,404,28,velocity,9,0.05,-0.013696307346358023,-0.01442476114900935,-0.013384552100157633,-0.013696307346358023,-0.0003117552462003903,-0.000728453802651326,0.0003117552462003903
fresh,0.2,0.2,404,29,captured_action,9,0.05,0.0011918684699120446,0.0010867023068297722,0.0010083372260291106,0.0011918684699120446,0.00018353124388293405,-0.00010516616308227237,-0.00018353124388293405
fresh,0.2,0.2,404,30,position,10,0.0,-0.10713595644475188,-0.11068852848809939,-0.1027064754233726,-0.10713595644475188,-0.004429481021379272,-0.00355257204334751,0.004429481021379272
fresh,0.2,0.2,404,31,velocity,10,0.0,-0.14353558503356892,-0.15004702582455923,-0.139226723678571,-0.14353558503356892,-0.004308861354997917,-0.006511440790990308,0.004308861354997917
fresh,0.2,0.2,404,32,captured_action,10,0.0,0.00048262517738251014,-0.00042389121269060127,-0.00039332325592413703,0.00048262517738251014,0.0008759484333066472,-0.0009065163900731114,-0.0008759484333066472
fresh,0.2,0.2,404,33,held_action,,0.0,-0.025589320173432493,-0.02148129955006439,-0.019932224182906168,-0.025589320173432493,-0.005657095990526325,0.004108020623368104,0.005657095990526325
fresh,0.2,0.2,505,0,position,0,0.5,-0.002730803238778394,-0.0028245844328559696,-0.0025480739629286857,-0.002730803238778394,-0.0001827292758497085,-9.378119407757544e-05,0.0001827292758497085
fresh,0.2,0.2,505,1,velocity,0,0.5,-0.0008248756397217413,-0.001228718336895688,-0.0011084339223845702,-0.0008248756397217413,0.00028355828266282896,-0.0004038426971739467,-0.00028355828266282896
fresh,0.2,0.2,505,2,captured_action,0,0.5,-0.0006197058118509788,-0.0009190440728205128,-0.0008290749766577416,-0.0006197058118509788,0.0002093691648067628,-0.000299338260969534,-0.0002093691648067628
fresh,0.2,0.2,505,3,position,1,0.45,-0.0028612662719575722,-0.0029307358155594245,-0.0026438337395702587,-0.0028612662719575722,-0.00021743253238731353,-6.946954360185229e-05,0.00021743253238731353
fresh,0.2,0.2,505,4,velocity,1,0.45,-0.0011592408022951756,-0.0015485773464062825,-0.0013969805859084588,-0.0011592408022951756,0.00023773978361328325,-0.000389336544111107,-0.00023773978361328325
fresh,0.2,0.2,505,5,captured_action,1,0.45,-0.0005813545451065789,-0.000852560121358531,-0.0007690994192970428,-0.0005813545451065789,0.00018774487419046394,-0.00027120557625195214,-0.00018774487419046394
fresh,0.2,0.2,505,6,position,2,0.4,-0.0030085831903062365,-0.0030898991867375535,-0.0027874159377985755,-0.0030085831903062365,-0.00022116725250766103,-8.1315996431317e-05,0.00022116725250766103
fresh,0.2,0.2,505,7,velocity,2,0.4,-0.0016169532482507318,-0.002038011845928331,-0.001838502280315799,-0.0016169532482507318,0.00022154903206506732,-0.00042105859767759923,-0.00022154903206506732
fresh,0.2,0.2,505,8,captured_action,2,0.4,-0.0005054059426259695,-0.0007652129522749559,-0.0006903030325831405,-0.0005054059426259695,0.000184897089957171,-0.0002598070096489864,-0.000184897089957171
fresh,0.2,0.2,505,9,position,3,0.35000000000000003,-0.0032820303715023168,-0.0033553302443207604,-0.003026862830910757,-0.0032820303715023168,-0.00025516754059155995,-7.329987281844358e-05,0.00025516754059155995
fresh,0.2,0.2,505,10,velocity,3,0.35000000000000003,-0.002035800004758048,-0.002472405218979139,-0.0022303710560069422,-0.002035800004758048,0.00019457105124889417,-0.000436605214221091,-0.00019457105124889417
fresh,0.2,0.2,505,11,captured_action,3,0.35000000000000003,-0.0004074137834468796,-0.0006459878046975309,-0.0005827493369900523,-0.0004074137834468796,0.0001753355535431727,-0.00023857402125065133,-0.0001753355535431727
fresh,0.2,0.2,505,12,position,4,0.30000000000000004,-0.0043412195598791685,-0.004435457995542681,-0.004001252326055874,-0.0043412195598791685,-0.0003399672338232941,-9.423843566351217e-05,0.0003399672338232941
fresh,0.2,0.2,505,13,velocity,4,0.30000000000000004,-0.002774202346516128,-0.0032610399112004995,-0.0029418029757388294,-0.002774202346516128,0.00016760062922270124,-0.00048683756468437126,-0.00016760062922270124
fresh,0.2,0.2,505,14,captured_action,4,0.30000000000000004,-0.00039153268812987035,-0.0006211743552851467,-0.0005603649806781346,-0.00039153268812987035,0.0001688322925482642,-0.00022964166715527638,-0.0001688322925482642
fresh,0.2,0.2,505,15,position,5,0.25,-0.005168234789554201,-0.005241926756121839,-0.0047287724620602165,-0.005168234789554201,-0.0004394623274939849,-7.369196656763742e-05,0.0004394623274939849
fresh,0.2,0.2,505,16,velocity,5,0.25,-0.0034438846718207036,-0.003960312806072738,-0.0035726211009396826,-0.0034438846718207036,0.00012873642911897902,-0.0005164281342520342,-0.00012873642911897902
fresh,0.2,0.2,505,17,captured_action,5,0.25,-0.0003537031464875435,-0.0005836240282165801,-0.0005264906133234556,-0.0003537031464875435,0.00017278746683591214,-0.00022992088172903667,-0.00017278746683591214
fresh,0.2,0.2,505,18,position,6,0.2,-0.007077516109899817,-0.007200730444177311,-0.0064958206047762744,-0.007077516109899817,-0.000581695505123543,-0.00012321433427749367,0.000581695505123543
fresh,0.2,0.2,505,19,velocity,6,0.2,-0.005271810095227099,-0.005899289888614516,-0.005321783548084013,-0.005271810095227099,4.9973452856914326e-05,-0.0006274797933874168,-4.9973452856914326e-05
fresh,0.2,0.2,505,20,captured_action,6,0.2,0.00010728311590822597,-6.245760228155853e-05,-5.63433644643009e-05,0.00010728311590822595,0.00016362648037252685,-0.00016974071818978448,-0.00016362648037252685
fresh,0.2,0.2,505,21,position,7,0.15000000000000002,-0.008968222610632856,-0.009085439582221553,-0.00819602762513734,-0.008968222610632856,-0.0007721949854955171,-0.0001172169715886965,0.0007721949854955171
fresh,0.2,0.2,505,22,velocity,7,0.15000000000000002,-0.006920765132054092,-0.007598530546387855,-0.006854678379074836,-0.006920765132054092,-6.608675297925613e-05,-0.0006777654143337629,6.608675297925613e-05
fresh,0.2,0.2,505,23,captured_action,7,0.15000000000000002,0.00035711774603107904,0.000242506727543035,0.0002187667223183897,0.00035711774603107904,0.00013835102371268933,-0.00011461101848804403,-0.00013835102371268933
fresh,0.2,0.2,505,24,position,8,0.1,-0.011240615532592929,-0.01139804499528606,-0.010282242351457077,-0.011240615532592929,-0.0009583731811358513,-0.00015742946269313093,0.0009583731811358513
fresh,0.2,0.2,505,25,velocity,8,0.1,-0.009072688042320438,-0.009824290508993132,-0.00886254932195517,-0.009072688042320438,-0.00021013872036526778,-0.0007516024666726941,0.00021013872036526778
fresh,0.2,0.2,505,26,captured_action,8,0.1,0.001066192138503046,0.001075655361340383,0.0009703549263509792,0.001066192138503046,9.583721215206673e-05,9.463222837337044e-06,-9.583721215206673e-05
fresh,0.2,0.2,505,27,position,9,0.05,-0.01620527573740577,-0.01645151494103747,-0.014841006834270613,-0.01620527573740577,-0.001364268903135157,-0.00024623920363170057,0.001364268903135157
fresh,0.2,0.2,505,28,velocity,9,0.05,-0.01382578279794766,-0.014704553671649122,-0.013265062963379684,-0.01382578279794766,-0.0005607198345679749,-0.0008787708737014628,0.0005607198345679749
fresh,0.2,0.2,505,29,captured_action,9,0.05,0.001965037712169344,0.002223527901235978,0.0020058573874020096,0.001965037712169344,-4.081967523266545e-05,0.000258490189066634,4.081967523266545e-05
fresh,0.2,0.2,505,30,position,10,0.0,-0.09825256527747962,-0.10516329171161039,-0.09486841403968482,-0.09825256527747962,-0.0033841512377947996,-0.006910726434130765,0.0033841512377947996
fresh,0.2,0.2,505,31,velocity,10,0.0,-0.1349189539896185,-0.14455770996477385,-0.13040634672386134,-0.1349189539896185,-0.004512607265757168,-0.009638755975155344,0.004512607265757168
fresh,0.2,0.2,505,32,captured_action,10,0.0,-0.012141446746559405,-0.01294122935467039,-0.011674357892563476,-0.012141446746559405,-0.0004670888539959287,-0.0007997826081109858,0.0004670888539959287
fresh,0.2,0.2,505,33,held_action,,0.0,-0.011080557686344935,-0.007424395773365336,-0.006697590392602241,-0.011080557686344935,-0.004382967293742694,0.0036561619129795997,0.004382967293742694
fresh,0.2,0.2,606,0,position,0,0.5,-0.0009329838595596602,-0.0007473167923273742,-0.0006903573886976066,-0.0009329838595596602,-0.00024262647086205358,0.00018566706723228596,0.00024262647086205358
fresh,0.2,0.2,606,1,velocity,0,0.5,0.00029319242825853167,0.0004453228669095064,0.00041138100292051664,0.00029319242825853167,-0.00011818857466198496,0.00015213043865097475,0.00011818857466198496
fresh,0.2,0.2,606,2,captured_action,0,0.5,-0.00046570785820721584,-0.00030385588324301677,-0.00028069642787333635,-0.00046570785820721584,-0.0001850114303338795,0.00016185197496419907,0.0001850114303338795
fresh,0.2,0.2,606,3,position,1,0.45,-0.0013542663006575718,-0.0011980514805816458,-0.0011067377317775149,-0.0013542663006575718,-0.0002475285688800569,0.000156214820075926,0.0002475285688800569
fresh,0.2,0.2,606,4,velocity,1,0.45,-0.00015531344556317348,-2.1808527614848464e-05,-2.014631322365769e-05,-0.00015531344556317348,-0.00013516713233951579,0.00013350491794832502,0.00013516713233951579
fresh,0.2,0.2,606,5,captured_action,1,0.45,-0.0002603433819871822,-0.00013679603757717202,-0.0001263696417042185,-0.0002603433819871822,-0.00013397374028296369,0.00012354734441001017,0.00013397374028296369
fresh,0.2,0.2,606,6,position,2,0.4,-0.001672593823344748,-0.001513574185414478,-0.0013982117529952513,-0.001672593823344748,-0.0002743820703494967,0.00015901963793027007,0.0002743820703494967
fresh,0.2,0.2,606,7,velocity,2,0.4,-0.00036214083149775547,-0.00020663353532474217,-0.00019088422651374477,-0.00036214083149775547,-0.0001712566049840107,0.0001555072961730133,0.0001712566049840107
fresh,0.2,0.2,606,8,captured_action,2,0.4,-0.0002084350166659017,-9.043343331461053e-05,-8.354072799515602e-05,-0.0002084350166659017,-0.0001248942886707457,0.00011800158335129118,0.0001248942886707457
fresh,0.2,0.2,606,9,position,3,0.35000000000000003,-0.00210656224525828,-0.0019568297405196692,-0.001807683011623249,-0.00210656224525828,-0.00029887923363503097,0.0001497325047386108,0.00029887923363503097
fresh,0.2,0.2,606,10,velocity,3,0.35000000000000003,-0.0007550443515594332,-0.0005917836701391756,-0.0005466787758359356,-0.0007550443515594332,-0.0002083655757234976,0.0001632606814202576,0.0002083655757234976
fresh,0.2,0.2,606,11,captured_action,3,0.35000000000000003,-6.650922195500328e-05,4.4634515223675376e-05,4.123253711406184e-05,-6.650922195500328e-05,-0.00010774175906906513,0.00011114373717867866,0.00010774175906906513
fresh,0.2,0.2,606,12,position,4,0.30000000000000004,-0.002505966121676764,-0.00236370690571322,-0.0021835485885346477,-0.002505966121676764,-0.00032241753314211615,0.00014225921596354397,0.00032241753314211615
fresh,0.2,0.2,606,13,velocity,4,0.30000000000000004,-0.0009861449734908242,-0.0008173028736000922,-0.000755009232211176,-0.0009861449734908242,-0.00023113574127964817,0.00016884209989073196,0.00023113574127964817
fresh,0.2,0.2,606,14,captured_action,4,0.30000000000000004,-1.7013654800544862e-05,7.97016333136458e-05,7.36268902482244e-05,-1.7013654800544862e-05,-9.064054504876926e-05,9.671528811419067e-05,9.064054504876926e-05
fresh,0.2,0.2,606,15,position,5,0.25,-0.003504673914510248,-0.0033867366080963857,-0.0031286044485773924,-0.003504673914510248,-0.0003760694659328558,0.00011793730641386242,0.0003760694659328558
fresh,0.2,0.2,606,16,velocity,5,0.25,-0.0017116715891192938,-0.0015551174564775354,-0.0014365886561018063,-0.0017116715891192938,-0.00027508293301748755,0.0001565541326417584,0.00027508293301748755
fresh,0.2,0.2,606,17,captured_action,5,0.25,0.00026033473022455165,0.0003637398049986598,0.0003360160838380418,0.00026033473022455165,-7.568135361349013e-05,0.00010340507477410817,7.568135361349013e-05
fresh,0.2,0.2,606,18,position,6,0.2,-0.004632255559365658,-0.004570093101162458,-0.004221767223506151,-0.004632255559365658,-0.0004104883358595074,6.216245820320036e-05,0.0004104883358595074
fresh,0.2,0.2,606,19,velocity,6,0.2,-0.002602947675382581,-0.002478774424159982,-0.002289845827368833,-0.002602947675382581,-0.00031310184801374786,0.00012417325122259914,0.00031310184801374786
fresh,0.2,0.2,606,20,captured_action,6,0.2,0.00037967727308367663,0.00048461166435073835,0.000447675265119721,0.00037967727308367663,-6.799799203604438e-05,0.00010493439126706171,6.799799203604438e-05
fresh,0.2,0.2,606,21,position,7,0.15000000000000002,-0.007689331755156685,-0.007760352730341262,-0.007168869883956565,-0.007689331755156685,-0.0005204618712001206,-7.102097518457695e-05,0.0005204618712001206
fresh,0.2,0.2,606,22,velocity,7,0.15000000000000002,-0.004987576103620399,-0.004967388992016868,-0.004588781796932715,-0.004987576103620399,-0.000398794306687684,2.0187111603531607e-05,0.000398794306687684
fresh,0.2,0.2,606,23,captured_action,7,0.15000000000000002,0.0002822188364964588,0.00038166297054001614,0.0003525731716585779,0.0002822188364964588,-7.03543351621191e-05,9.944413404355736e-05,7.03543351621191e-05
fresh,0.2,0.2,606,24,position,8,0.1,-0.011373325630022326,-0.011689303373439645,-0.01079836159903498,-0.011373325630022326,-0.0005749640309873454,-0.0003159777434173193,0.0005749640309873454
fresh,0.2,0.2,606,25,velocity,8,0.1,-0.005995504526355934,-0.0060531750210164334,-0.005591810787262319,-0.005995504526355934,-0.0004036937390936154,-5.767049466049931e-05,0.0004036937390936154
fresh,0.2,0.2,606,26,captured_action,8,0.1,-0.0004318350209043983,-0.0003944396675592221,-0.0003643760473344874,-0.0004318350209043983,-6.745897356991089e-05,3.7395353345176215e-05,6.745897356991089e-05
fresh,0.2,0.2,606,27,position,9,0.05,-0.019754586641443035,-0.020599854173591295,-0.019029763121664375,-0.019754586641443035,-0.0007248235197786605,-0.0008452675321482597,0.0007248235197786605
fresh,0.2,0.2,606,28,velocity,9,0.05,-0.011240545576932008,-0.011604180021599367,-0.010719726225794366,-0.011240545576932008,-0.000520819351137642,-0.0003636344446673583,0.000520819351137642
fresh,0.2,0.2,606,29,captured_action,9,0.05,-0.002350421905977275,-0.0024624420047855487,-0.0022747582413461327,-0.002350421905977275,-7.566366463114234e-05,-0.00011202009880827363,7.566366463114234e-05
fresh,0.2,0.2,606,30,position,10,0.0,-0.10541351206249727,-0.11190306747810164,-0.1033739777355255,-0.10541351206249727,-0.0020395343269717786,-0.0064895554156043644,0.0020395343269717786
fresh,0.2,0.2,606,31,velocity,10,0.0,-0.12490073092196458,-0.13332223665106097,-0.12316060885385696,-0.12490073092196458,-0.0017401220681076135,-0.00842150572909639,0.0017401220681076135
fresh,0.2,0.2,606,32,captured_action,10,0.0,-0.011078750910773861,-0.0121360578001837,-0.011211065050372674,-0.011078750910773861,0.0001323141395988131,-0.0010573068894098384,-0.0001323141395988131
fresh,0.2,0.2,606,33,held_action,,0.0,-0.00632306458985904,-0.004422009196050699,-0.004084970059183481,-0.00632306458985904,-0.0022380945306755586,0.0019010553938083406,0.0022380945306755586
fresh,0.2,0.2,707,0,position,0,0.5,0.0007167276896671876,0.0005297373240183706,0.0004901551349262997,0.0007167276896671876,0.00022657255474088796,-0.00018699036564881705,-0.00022657255474088796
fresh,0.2,0.2,707,1,velocity,0,0.5,0.0015688657949306632,0.0013900851320188443,0.0012862174035147109,0.0015688657949306632,0.0002826483914159523,-0.00017878066291181888,-0.0002826483914159523
fresh,0.2,0.2,707,2,captured_action,0,0.5,0.00017205645858247854,0.00014166607957649712,0.00013108073228174086,0.00017205645858247854,4.0975726300737685e-05,-3.0390379005981424e-05,-4.0975726300737685e-05
fresh,0.2,0.2,707,3,position,1,0.45,-0.00038353452528735023,-0.0005610764919225971,-0.0005191526274119177,-0.00038353452528735023,0.00013561810212456748,-0.00017754196663524692,-0.00013561810212456748
fresh,0.2,0.2,707,4,velocity,1,0.45,0.000697932327074849,0.0005347666468192176,0.0004948086646744727,0.000697932327074849,0.00020312366240037634,-0.0001631656802556314,-0.00020312366240037634
fresh,0.2,0.2,707,5,captured_action,1,0.45,0.00020259057483257458,0.00018406278841497472,0.00017030954172925935,0.00020259057483257458,3.2281033103315226e-05,-1.8527786417599858e-05,-3.2281033103315226e-05
fresh,0.2,0.2,707,6,position,2,0.4,-0.0012318561346284307,-0.0014414220301719293,-0.0013337183876818194,-0.0012318561346284307,0.00010186225305338866,-0.00020956589554349861,-0.00010186225305338866
fresh,0.2,0.2,707,7,velocity,2,0.4,8.352251580957083e-05,-0.00010477842774615803,-9.694934085388819e-05,8.352251580957081e-05,0.000180471856663459,-0.00018830094355572885,-0.000180471856663459
fresh,0.2,0.2,707,8,captured_action,2,0.4,0.00023995991695423754,0.00022012207829192893,0.00020367446674702554,0.00023995991695423754,3.6285450207212e-05,-1.9837838662308606e-05,-3.6285450207212e-05
fresh,0.2,0.2,707,9,position,3,0.35000000000000003,-0.0021251636846559892,-0.002377785657198193,-0.0022001165422683767,-0.0021251636846559892,7.495285761238745e-05,-0.00025262197254220364,-7.495285761238745e-05
fresh,0.2,0.2,707,10,velocity,3,0.35000000000000003,-0.00048334088522838096,-0.0006991412566266978,-0.0006469011365386022,-0.00048334088522838096,0.00016356025131022126,-0.00021580037139831682,-0.00016356025131022126
fresh,0.2,0.2,707,11,captured_action,3,0.35000000000000003,0.00030852308291261015,0.00028878083412083174,0.0002672030123135461,0.00030852308291261015,4.132007059906405e-05,-1.9742248791778413e-05,-4.132007059906405e-05
fresh,0.2,0.2,707,12,position,4,0.30000000000000004,-0.003136831609267836,-0.0034309476778331535,-0.0031745858668155024,-0.003136831609267836,3.775425754766644e-05,-0.00029411606856531757,-3.775425754766644e-05
fresh,0.2,0.2,707,13,velocity,4,0.30000000000000004,-0.0011197234883460667,-0.0013699367557539301,-0.0012675745221489786,-0.0011197234883460667,0.00014785103380291192,-0.00025021326740786343,-0.00014785103380291192
fresh,0.2,0.2,707,14,captured_action,4,0.30000000000000004,0.0004557684457129607,0.00043437820657972,0.00040192128966873243,0.0004557684457129607,5.3847156044228254e-05,-2.13902391332407e-05,-5.3847156044228254e-05
fresh,0.2,0.2,707,15,position,5,0.25,-0.004839771710515344,-0.0052323373845953505,-0.004841374999352163,-0.004839771710515344,1.6032888368192402e-06,-0.0003925656740800063,-1.6032888368192402e-06
fresh,0.2,0.2,707,16,velocity,5,0.25,-0.0023469981972816713,-0.002676005391092747,-0.002476053175911547,-0.0023469981972816713,0.00012905497862987546,-0.0003290071938110758,-0.00012905497862987546
fresh,0.2,0.2,707,17,captured_action,5,0.25,0.0006515833498836508,0.000629525432876452,0.0005824870355565015,0.0006515833498836508,6.909631432714931e-05,-2.2057917007198714e-05,-6.909631432714931e-05
fresh,0.2,0.2,707,18,position,6,0.2,-0.006635251514687206,-0.007140063412841728,-0.0066065549600246905,-0.006635251514687206,-2.86965546625155e-05,-0.0005048118981545221,2.86965546625155e-05
fresh,0.2,0.2,707,19,velocity,6,0.2,-0.0038077627250355283,-0.004238370360646312,-0.003921677597174895,-0.0038077627250355283,0.00011391487213936648,-0.000430607635610784,-0.00011391487213936648
fresh,0.2,0.2,707,20,captured_action,6,0.2,0.0007443999753434989,0.0007155935509924172,0.0006621241087534065,0.0007443999753434989,8.227586659009236e-05,-2.8806424351081653e-05,-8.227586659009236e-05
fresh,0.2,0.2,707,21,position,7,0.15000000000000002,-0.009413121438472543,-0.010082560218526687,-0.009329187203246995,-0.009413121438472543,-8.393423522554816e-05,-0.0006694387800541442,8.393423522554816e-05
fresh,0.2,0.2,707,22,velocity,7,0.15000000000000002,-0.005857870725649997,-0.006442813738705128,-0.005961404066160372,-0.005857870725649997,0.00010353334051037538,-0.0005849430130551309,-0.00010353334051037538
fresh,0.2,0.2,707,23,captured_action,7,0.15000000000000002,0.0011193765732466618,0.0010933141636858795,0.0010116212830789748,0.0011193765732466618,0.00010775529016768693,-2.6062409560782297e-05,-0.00010775529016768693
fresh,0.2,0.2,707,24,position,8,0.1,-0.01392047072618193,-0.014869370202928542,-0.013758324791614627,-0.01392047072618193,-0.0001621459345673027,-0.0009488994767466122,0.0001621459345673027
fresh,0.2,0.2,707,25,velocity,8,0.1,-0.009118601321579586,-0.009958906894165688,-0.009214773305758152,-0.009118601321579586,9.617198417856583e-05,-0.0008403055725861013,-9.617198417856583e-05
fresh,0.2,0.2,707,26,captured_action,8,0.1,0.0014370236918534755,0.0014279323119326605,0.001321236626695959,0.0014370236918534755,0.00011578706515751654,-9.091379920814994e-06,-0.00011578706515751654
fresh,0.2,0.2,707,27,position,9,0.05,-0.021852852667551374,-0.02329210412995928,-0.02155170860141562,-0.021852852667551374,-0.00030114406613575284,-0.0014392514624079061,0.00030114406613575284
fresh,0.2,0.2,707,28,velocity,9,0.05,-0.014779364044454301,-0.016069759290931452,-0.014869020316957146,-0.014779364044454301,8.96562725028454e-05,-0.001290395246477151,-8.96562725028454e-05
fresh,0.2,0.2,707,29,captured_action,9,0.05,0.0017703864172636868,0.0017528175179500987,0.0016218462775000123,0.0017703864172636868,0.00014854013976367455,-1.756889931358815e-05,-0.00014854013976367455
fresh,0.2,0.2,707,30,position,10,0.0,-0.08331836688640828,-0.08865711748261862,-0.08203262147403972,-0.08331836688640828,-0.0012857454123685608,-0.005338750596210334,0.0012857454123685608
fresh,0.2,0.2,707,31,velocity,10,0.0,-0.13288561382968808,-0.14203223061789266,-0.13141952436785864,-0.13288561382968808,-0.0014660894618294396,-0.009146616788204581,0.0014660894618294396
fresh,0.2,0.2,707,32,captured_action,10,0.0,-0.012991296695817906,-0.01425682977204287,-0.013191553631766792,-0.012991296695817906,0.00020025693594888545,-0.001265533076224963,-0.00020025693594888545
fresh,0.2,0.2,707,33,held_action,,0.0,-0.005983595881963829,-0.004646388351604191,-0.004299208317293421,-0.005983595881963829,-0.0016843875646704075,0.0013372075303596381,0.0016843875646704075
fresh,0.2,0.2,808,0,position,0,0.5,-0.0008490523006615228,-0.0008365015693264602,-0.0007376598413832253,-0.0008490523006615228,-0.00011139245927829745,1.2550731335062557e-05,0.00011139245927829745
fresh,0.2,0.2,808,1,velocity,0,0.5,-0.00036254872182869314,-0.0003025893392301618,-0.0002668351287858314,-0.00036254872182869314,-9.571359304286176e-05,5.995938259853136e-05,9.571359304286176e-05
fresh,0.2,0.2,808,2,captured_action,0,0.5,-0.0008612372422400301,-0.0008573554049869928,-0.0007560495703086193,-0.0008612372422400301,-0.00010518767193141076,3.881837253037258e-06,0.00010518767193141076
fresh,0.2,0.2,808,3,position,1,0.45,-0.0013500405440481501,-0.0013290196353879995,-0.0011719815591318971,-0.0013500405440481501,-0.00017805898491625297,2.102090866015066e-05,0.00017805898491625297
fresh,0.2,0.2,808,4,velocity,1,0.45,-0.0003645194909056385,-0.00035351149724358955,-0.0003117402818428927,-0.0003645194909056385,-5.2779209062745825e-05,1.1007993662048962e-05,5.2779209062745825e-05
fresh,0.2,0.2,808,5,captured_action,1,0.45,-0.0008782698585931536,-0.0008973500988620816,-0.0007913184575670421,-0.0008782698585931536,-8.695140102611145e-05,-1.9080240268928004e-05,8.695140102611145e-05
fresh,0.2,0.2,808,6,position,2,0.4,-0.002034132006089758,-0.0020109406669308735,-0.0017733262288960332,-0.002034132006089758,-0.000260805777193725,2.3191339158884668e-05,0.000260805777193725
fresh,0.2,0.2,808,7,velocity,2,0.4,-0.0005230205711963772,-0.0005474461744948402,-0.00048275947475971264,-0.0005230205711963772,-4.0261096436664575e-05,-2.4425603298462955e-05,4.0261096436664575e-05
fresh,0.2,0.2,808,8,captured_action,2,0.4,-0.0009718927670782727,-0.0010088466709443692,-0.0008896405010549192,-0.0009718927670782727,-8.225226602335352e-05,-3.6953903866096495e-05,8.225226602335352e-05
fresh,0.2,0.2,808,9,position,3,0.35000000000000003,-0.002517579752557016,-0.002494016318479937,-0.0021993212557609616,-0.002517579752557016,-0.00031825849679605446,2.3563434077079285e-05,0.00031825849679605446
fresh,0.2,0.2,808,10,velocity,3,0.35000000000000003,-0.0005671663406589778,-0.0006079169822227682,-0.0005360850010618518,-0.0005671663406589778,-3.1081339597125997e-05,-4.075064156379036e-05,3.1081339597125997e-05
fresh,0.2,0.2,808,11,captured_action,3,0.35000000000000003,-0.0009992771576601465,-0.001045477748805057,-0.0009219432199920381,-0.0009992771576601465,-7.733393766810837e-05,-4.620059114491051e-05,7.733393766810837e-05
fresh,0.2,0.2,808,12,position,4,0.30000000000000004,-0.003124939718884852,-0.0031100355870792725,-0.0027425511702366553,-0.003124939718884852,-0.00038238854864819675,1.4904131805579517e-05,0.00038238854864819675
fresh,0.2,0.2,808,13,velocity,4,0.30000000000000004,-0.0006319198835951095,-0.0007030697536297434,-0.0006199944410880792,-0.0006319198835951095,-1.1925442507030345e-05,-7.114987003463392e-05,1.1925442507030345e-05
fresh,0.2,0.2,808,14,captured_action,4,0.30000000000000004,-0.0010953635219093528,-0.0011461910705351293,-0.0010107561710453181,-0.0010953635219093528,-8.460735086403466e-05,-5.082754862577657e-05,8.460735086403466e-05
fresh,0.2,0.2,808,15,position,5,0.25,-0.0036656630329776102,-0.003672479671828315,-0.003238536389579373,-0.0036656630329776102,-0.00042712664339823736,-6.816638850704743e-06,0.00042712664339823736
fresh,0.2,0.2,808,16,velocity,5,0.25,-0.0007531340480076615,-0.0008753694833333609,-0.0007719350900289785,-0.0007531340480076615,1.880104202131702e-05,-0.00012223543532569948,-1.880104202131702e-05
fresh,0.2,0.2,808,17,captured_action,5,0.25,-0.0007918564974829737,-0.0008582242399931017,-0.0007568157430407405,-0.0007918564974829737,-3.504075444223326e-05,-6.636774251012794e-05,3.504075444223326e-05
fresh,0.2,0.2,808,18,position,6,0.2,-0.004529815897115948,-0.004550377044238064,-0.004012700671188499,-0.004529815897115948,-0.0005171152259274489,-2.0561147122116243e-05,0.0005171152259274489
fresh,0.2,0.2,808,19,velocity,6,0.2,-0.0010352505631498012,-0.0012121643047447721,-0.0010689339524950392,-0.0010352505631498012,3.368338934523797e-05,-0.00017691374159497088,-3.368338934523797e-05
fresh,0.2,0.2,808,20,captured_action,6,0.2,-0.0006422554868774423,-0.0007385658599768491,-0.0006512962976988338,-0.0006422554868774423,9.040810821391455e-06,-9.631037309940679e-05,-9.040810821391455e-06
fresh,0.2,0.2,808,21,position,7,0.15000000000000002,-0.005843369956072394,-0.005933619148185348,-0.005232497726457545,-0.005843369956072394,-0.000610872229614849,-9.024919211295373e-05,0.000610872229614849
fresh,0.2,0.2,808,22,velocity,7,0.15000000000000002,-0.0012353061993677682,-0.0014762573016573297,-0.0013018214991015527,-0.0012353061993677682,6.651529973378451e-05,-0.00024095110228956147,-6.651529973378451e-05
fresh,0.2,0.2,808,23,captured_action,7,0.15000000000000002,-0.0006468101250465515,-0.0007530820065632588,-0.000664097204213628,-0.0006468101250465515,1.7287079167076485e-05,-0.0001062718815167073,-1.7287079167076485e-05
fresh,0.2,0.2,808,24,position,8,0.1,-0.008623181874544786,-0.008893453054424075,-0.007842595172604307,-0.008623181874544786,-0.0007805867019404795,-0.0002702711798792893,0.0007805867019404795
fresh,0.2,0.2,808,25,velocity,8,0.1,-0.0025000250955561983,-0.002899128536156987,-0.002556565073575526,-0.0025000250955561983,5.653997801932783e-05,-0.00039910344060078854,-5.653997801932783e-05
fresh,0.2,0.2,808,26,captured_action,8,0.1,1.032547630068362e-05,-9.77699956931199e-05,-8.62174108927211e-05,1.032547630068362e-05,9.654288719340472e-05,-0.00010809547199380353,-9.654288719340472e-05
fresh,0.2,0.2,808,27,position,9,0.05,-0.014240909346689267,-0.015000851216338998,-0.013228338038585868,-0.014240909346689267,-0.001012571308103399,-0.0007599418696497308,0.001012571308103399
fresh,0.2,0.2,808,28,velocity,9,0.05,-0.005403942015741365,-0.006185491108109592,-0.005454608284069769,-0.005403942015741365,5.066626832840419e-05,-0.0007815490923682271,-5.066626832840419e-05
fresh,0.2,0.2,808,29,captured_action,9,0.05,5.169567671887748e-05,-0.0001337625595004521,-0.00011795706313326645,5.169567671887747e-05,0.0001696527398521439,-0.00018545823621932958,-0.0001696527398521439
fresh,0.2,0.2,808,30,position,10,0.0,-0.10526164510045308,-0.11637056415609409,-0.10262012056496145,-0.10526164510045308,-0.0026415245354916295,-0.011108919055641014,0.0026415245354916295
fresh,0.2,0.2,808,31,velocity,10,0.0,-0.12273515741115792,-0.13622451650660738,-0.12012811323197113,-0.12273515741115792,-0.002607044179186793,-0.01348935909544946,0.002607044179186793
fresh,0.2,0.2,808,32,captured_action,10,0.0,-0.010666241505355492,-0.01137606948482895,-0.010031863560639022,-0.010666241505355492,-0.0006343779447164702,-0.0007098279794734586,0.0006343779447164702
fresh,0.2,0.2,808,33,held_action,,0.0,0.0028258791820318548,0.005831793865835358,0.005142704204985046,0.0028258791820318548,-0.0023168250229531912,0.0030059146838035036,0.0023168250229531912
fresh,0.2,0.2,909,0,position,0,0.5,-0.0019725583395745045,-0.0021433513092501168,-0.0020247346900385283,-0.0019725583395745045,5.217635046402382e-05,-0.00017079296967561228,-5.217635046402382e-05
fresh,0.2,0.2,909,1,velocity,0,0.5,-0.0007674714779873807,-0.0009221644429091056,-0.0008711303319339497,-0.0007674714779873807,0.00010365885394656902,-0.00015469296492172488,-0.00010365885394656902
fresh,0.2,0.2,909,2,captured_action,0,0.5,-0.0005106167075870725,-0.0005542277302898583,-0.0005235558477307199,-0.0005106167075870725,1.2939140143647452e-05,-4.361102270278587e-05,-1.2939140143647452e-05
fresh,0.2,0.2,909,3,position,1,0.45,-0.0027383744486508756,-0.002919870352449009,-0.002758279880439628,-0.0027383744486508756,1.9905431788752505e-05,-0.0001814959037981334,-1.9905431788752505e-05
fresh,0.2,0.2,909,4,velocity,1,0.45,-0.0013074841340789615,-0.001471445644035231,-0.001390013399635622,-0.0013074841340789615,8.252926555666045e-05,-0.0001639615099562695,-8.252926555666045e-05
fresh,0.2,0.2,909,5,captured_action,1,0.45,-0.0006565286207707371,-0.0007064143025546624,-0.00066732016247127,-0.0006565286207707371,1.0791541700532967e-05,-4.988568178392527e-05,-1.0791541700532967e-05
fresh,0.2,0.2,909,6,position,2,0.4,-0.002981338932752329,-0.003168518536133565,-0.002993167460906934,-0.002981338932752329,1.1828528154604872e-05,-0.00018717960338123603,-1.1828528154604872e-05
fresh,0.2,0.2,909,7,velocity,2,0.4,-0.0014904554627193053,-0.0016602146712815463,-0.0015683356355756385,-0.0014904554627193053,7.78801728563332e-05,-0.00016975920856224106,-7.78801728563332e-05
fresh,0.2,0.2,909,8,captured_action,2,0.4,-0.0006265363396446002,-0.0006751902768072687,-0.0006378241261376264,-0.0006265363396446002,1.1287786493026212e-05,-4.8653937162668496e-05,-1.1287786493026212e-05
fresh,0.2,0.2,909,9,position,3,0.35000000000000003,-0.0035126066608822974,-0.0037237323394865777,-0.0035176548107807067,-0.0035126066608822974,5.048149898409342e-06,-0.00021112567860428035,-5.048149898409342e-06
fresh,0.2,0.2,909,10,velocity,3,0.35000000000000003,-0.001844662387635723,-0.0020337780575758317,-0.001921225403992991,-0.001844662387635723,7.656301635726795e-05,-0.0001891156699401087,-7.656301635726795e-05
fresh,0.2,0.2,909,11,captured_action,3,0.35000000000000003,-0.0006473612786824581,-0.0006981080158887339,-0.0006594735594970736,-0.0006473612786824581,1.211228081461548e-05,-5.0746737206275793e-05,-1.211228081461548e-05
fresh,0.2,0.2,909,12,position,4,0.30000000000000004,-0.004833090633476949,-0.005095383807168879,-0.004813396809431535,-0.004833090633476949,-1.9693824045413817e-05,-0.00026229317369193,1.9693824045413817e-05
fresh,0.2,0.2,909,13,velocity,4,0.30000000000000004,-0.002786941372346254,-0.0030243929880590732,-0.002857018059897477,-0.002786941372346254,7.007668755122307e-05,-0.00023745161571281934,-7.007668755122307e-05
fresh,0.2,0.2,909,14,captured_action,4,0.30000000000000004,-0.0007665625544369511,-0.000826307427267089,-0.0007805782026510183,-0.0007665625544369511,1.4015648214067201e-05,-5.974487283013784e-05,-1.4015648214067201e-05
fresh,0.2,0.2,909,15,position,5,0.25,-0.006163143990962232,-0.006484462204373657,-0.006125601302398034,-0.006163143990962232,-3.754268856419763e-05,-0.00032131821341142494,3.754268856419763e-05
fresh,0.2,0.2,909,16,velocity,5,0.25,-0.0037947895080004956,-0.004079708884305842,-0.003853931022722736,-0.0037947895080004956,5.914151472224049e-05,-0.00028491937630534606,-5.914151472224049e-05
fresh,0.2,0.2,909,17,captured_action,5,0.25,-0.0008012309069448205,-0.0008717450520903657,-0.0008235012338944739,-0.0008012309069448205,2.2270326949653456e-05,-7.051414514554525e-05,-2.2270326949653456e-05
fresh,0.2,0.2,909,18,position,6,0.2,-0.007476928665964629,-0.007855664677939635,-0.007420919155012224,-0.007476928665964629,-5.600951095240461e-05,-0.00037873601197500623,5.600951095240461e-05
fresh,0.2,0.2,909,19,velocity,6,0.2,-0.0046631371239605505,-0.005000702595266322,-0.0047239554129574,-0.0046631371239605505,6.08182889968497e-05,-0.00033756547130577106,-6.08182889968497e-05
fresh,0.2,0.2,909,20,captured_action,6,0.2,-0.0009291841578457508,-0.0010083695587617598,-0.0009525647135830903,-0.0009291841578457508,2.338055573733954e-05,-7.9185400916009e-05,-2.338055573733954e-05
fresh,0.2,0.2,909,21,position,7,0.15000000000000002,-0.009972986697802382,-0.010452521643645516,-0.009874061745702344,-0.009972986697802382,-9.892495210003793e-05,-0.0004795349458431349,9.892495210003793e-05
fresh,0.2,0.2,909,22,velocity,7,0.15000000000000002,-0.006779761409419842,-0.007226450704247798,-0.006826526927059366,-0.006779761409419842,4.6765517639523954e-05,-0.00044668929482795557,-4.6765517639523954e-05
fresh,0.2,0.2,909,23,captured_action,7,0.15000000000000002,-0.000838273168700001,-0.0009102993314825962,-0.0008599218554687308,-0.000838273168700001,2.1648686768729864e-05,-7.202616278259523e-05,-2.1648686768729864e-05
fresh,0.2,0.2,909,24,position,8,0.1,-0.015248576843670647,-0.015951722635783757,-0.015068927826789223,-0.015248576843670647,-0.00017964901688142382,-0.00070314579211311,0.00017964901688142382
fresh,0.2,0.2,909,25,velocity,8,0.1,-0.01067799375722145,-0.01129834647400866,-0.010673077225965062,-0.01067799375722145,-4.916531256388482e-06,-0.0006203527167872088,4.916531256388482e-06
fresh,0.2,0.2,909,26,captured_action,8,0.1,-0.0007644706815671956,-0.0008366249998511964,-0.0007903247836421399,-0.0007644706815671956,2.5854102074944268e-05,-7.215431828400077e-05,-2.5854102074944268e-05
fresh,0.2,0.2,909,27,position,9,0.05,-0.026313298258345642,-0.027393544516029673,-0.025877540291854954,-0.026313298258345642,-0.000435757966490688,-0.0010802462576840303,0.000435757966490688
fresh,0.2,0.2,909,28,velocity,9,0.05,-0.01903366198861129,-0.019996256202396735,-0.018889630192287874,-0.01903366198861129,-0.00014403179632341626,-0.0009625942137854449,0.00014403179632341626
fresh,0.2,0.2,909,29,captured_action,9,0.05,-0.00021980826905147808,-0.0002539420334279074,-0.00023988845977857733,-0.00021980826905147808,2.0080190727099246e-05,-3.413376437642933e-05,-2.0080190727099246e-05
fresh,0.2,0.2,909,30,position,10,0.0,-0.09806486593135842,-0.10147645468860306,-0.09586057924494967,-0.09806486593135842,-0.002204286686408749,-0.003411588757244635,0.002204286686408749
fresh,0.2,0.2,909,31,velocity,10,0.0,-0.13915591611497383,-0.14475630236302922,-0.13674524830867527,-0.13915591611497383,-0.002410667806298561,-0.0056003862480553945,0.002410667806298561
fresh,0.2,0.2,909,32,captured_action,10,0.0,-0.008226562298454101,-0.008320169406873447,-0.007859717421213521,-0.008226562298454101,-0.0003668448772405804,-9.360710841934544e-05,0.0003668448772405804
fresh,0.2,0.2,909,33,held_action,,0.0,-0.020946052983136534,-0.019449282042981075,-0.018372926490778943,-0.020946052983136534,-0.0025731264923575907,0.0014967709401554584,0.0025731264923575907
fresh,0.2,0.2,1010,0,position,0,0.5,-0.0007235377863623623,-0.0008875726923402423,-0.0008266896961064855,-0.0007235377863623623,0.00010315190974412324,-0.00016403490597788003,-0.00010315190974412324
fresh,0.2,0.2,1010,1,velocity,0,0.5,0.00048003501217714235,0.000162432189967402,0.00015129016352227653,0.0004800350121771424,0.00032874484865486585,-0.00031760282220974034,-0.00032874484865486585
fresh,0.2,0.2,1010,2,captured_action,0,0.5,-0.00012048940427682002,-8.472173679929763e-05,-7.891025428413744e-05,-0.00012048940427682002,-4.1579149992682584e-05,3.576766747752239e-05,4.1579149992682584e-05
fresh,0.2,0.2,1010,3,position,1,0.45,-0.001422105331219719,-0.0015878541418309904,-0.0014789353810679084,-0.001422105331219719,5.683004984818928e-05,-0.00016574881061127132,-5.683004984818928e-05
fresh,0.2,0.2,1010,4,velocity,1,0.45,-0.0005115208998575366,-0.0007699724334786437,-0.000717156220032538,-0.0005115208998575366,0.00020563532017500144,-0.0002584515336211071,-0.00020563532017500144
fresh,0.2,0.2,1010,5,captured_action,1,0.45,2.8301718084301113e-05,2.1354816299890028e-05,1.9889983941279814e-05,2.8301718084301113e-05,8.411734143021299e-06,-6.9469017844110855e-06,-8.411734143021299e-06
fresh,0.2,0.2,1010,6,position,2,0.4,-0.0018155338201633797,-0.0019803721418000003,-0.0018445286320895567,-0.0018155338201633797,2.8994811926176967e-05,-0.0001648383216366206,-2.8994811926176967e-05
fresh,0.2,0.2,1010,7,velocity,2,0.4,-0.0009558217198243862,-0.001194250378836311,-0.0011123308448709947,-0.0009558217198243862,0.00015650912504660847,-0.00023842865901192484,-0.00015650912504660847
fresh,0.2,0.2,1010,8,captured_action,2,0.4,2.064169505643516e-06,-2.0505738212914687e-05,-1.9099148315364406e-05,2.064169505643516e-06,2.1163317821007922e-05,-2.2569907718558203e-05,-2.1163317821007922e-05
fresh,0.2,0.2,1010,9,position,3,0.35000000000000003,-0.0023348541119831735,-0.0024905103259407362,-0.002319673917719812,-0.0023348541119831735,-1.5180194263361528e-05,-0.00015565621395756271,1.5180194263361528e-05
fresh,0.2,0.2,1010,10,velocity,3,0.35000000000000003,-0.0015488417093094476,-0.0017786754269229264,-0.0016566672914169818,-0.0015488417093094476,0.00010782558210753425,-0.00022983371761347887,-0.00010782558210753425
fresh,0.2,0.2,1010,11,captured_action,3,0.35000000000000003,-0.00010373972721482882,-0.00014234116278197858,-0.00013257727915604828,-0.00010373972721482882,2.8837551941219463e-05,-3.860143556714976e-05,-2.8837551941219463e-05
fresh,0.2,0.2,1010,12,position,4,0.30000000000000004,-0.003311596712913931,-0.003486510879110843,-0.0032473538719679437,-0.003311596712913931,-6.424284094598727e-05,-0.0001749141661969121,6.424284094598727e-05
fresh,0.2,0.2,1010,13,velocity,4,0.30000000000000004,-0.0022669386382903355,-0.0025097630268982383,-0.002337605980796044,-0.0022669386382903355,7.066734250570864e-05,-0.0002428243886079028,-7.066734250570864e-05
fresh,0.2,0.2,1010,14,captured_action,4,0.30000000000000004,-0.0001243058036069994,-0.00018020957233829549,-0.00016784810740292153,-0.0001243058036069994,4.354230379592213e-05,-5.590376873129609e-05,-4.354230379592213e-05
fresh,0.2,0.2,1010,15,position,5,0.25,-0.004670225793748617,-0.004875711807144422,-0.004541262644666737,-0.004670225793748617,-0.00012896314908187982,-0.00020548601339580481,0.00012896314908187982
fresh,0.2,0.2,1010,16,velocity,5,0.25,-0.00323714176291865,-0.003510014767449406,-0.0032692455124787574,-0.00323714176291865,3.2103749560107465e-05,-0.0002728730045307563,-3.2103749560107465e-05
fresh,0.2,0.2,1010,17,captured_action,5,0.25,-0.00028935355519034336,-0.00037345079580880237,-0.0003478339606008926,-0.00028935355519034336,5.848040541054923e-05,-8.409724061845901e-05,-5.848040541054923e-05
fresh,0.2,0.2,1010,18,position,6,0.2,-0.006901528400234034,-0.007146695557022903,-0.006656468398800198,-0.006901528400234034,-0.00024506000143383576,-0.00024516715678886934,0.00024506000143383576
fresh,0.2,0.2,1010,19,velocity,6,0.2,-0.0050366101073163055,-0.005384710770850166,-0.005015346854620229,-0.0050366101073163055,-2.12632526960764e-05,-0.0003481006635338603,2.12632526960764e-05
fresh,0.2,0.2,1010,20,captured_action,6,0.2,-0.0007302453546657977,-0.0008601512843961479,-0.0008011492580153308,-0.0007302453546657977,7.090390334953307e-05,-0.00012990592973035015,-7.090390334953307e-05
fresh,0.2,0.2,1010,21,position,7,0.15000000000000002,-0.011048858866415203,-0.01138108922053734,-0.010600404079894907,-0.011048858866415203,-0.000448454786520296,-0.0003322303541221372,0.000448454786520296
fresh,0.2,0.2,1010,22,velocity,7,0.15000000000000002,-0.007763426232982725,-0.00823299662175746,-0.0076682547063732015,-0.007763426232982725,-9.517152660952315e-05,-0.00046957038877473625,9.517152660952315e-05
fresh,0.2,0.2,1010,23,captured_action,7,0.15000000000000002,-0.0015832026267795277,-0.001790191827120266,-0.0016673937248252437,-0.0015832026267795277,8.419109804571603e-05,-0.00020698920034073823,-8.419109804571603e-05
fresh,0.2,0.2,1010,24,position,8,0.1,-0.015145350148672843,-0.015516539386077112,-0.014452183286395156,-0.015145350148672843,-0.000693166862277687,-0.00037118923740426905,0.000693166862277687
fresh,0.2,0.2,1010,25,velocity,8,0.1,-0.010075073124672353,-0.010631947903450997,-0.009902650067060186,-0.010075073124672353,-0.00017242305761216645,-0.0005568747787786446,0.00017242305761216645
fresh,0.2,0.2,1010,26,captured_action,8,0.1,-0.002183186643100089,-0.0024281964615798578,-0.002261634469192065,-0.002183186643100089,7.844782609197623e-05,-0.0002450098184797688,-7.844782609197623e-05
fresh,0.2,0.2,1010,27,position,9,0.05,-0.022227180223188814,-0.02278976016641293,-0.02122649791831297,-0.022227180223188814,-0.0010006823048758426,-0.0005625799432241174,0.0010006823048758426
fresh,0.2,0.2,1010,28,velocity,9,0.05,-0.015261097869993164,-0.0161176432010727,-0.015012054420822376,-0.015261097869993164,-0.00024904344917078824,-0.0008565453310795373,0.00024904344917078824
fresh,0.2,0.2,1010,29,captured_action,9,0.05,-0.0039335240639662835,-0.004308030192344831,-0.0040125211165936625,-0.0039335240639662835,7.899705262737894e-05,-0.0003745061283785475,-7.899705262737894e-05
fresh,0.2,0.2,1010,30,position,10,0.0,-0.10814628228303594,-0.11244963078806638,-0.10473615502789424,-0.10814628228303594,-0.0034101272551416983,-0.0043033485050304465,0.0034101272551416983
fresh,0.2,0.2,1010,31,velocity,10,0.0,-0.12967865661519548,-0.13701465443345628,-0.1276161423320454,-0.12967865661519548,-0.0020625142831500742,-0.007335997818260803,0.0020625142831500742
fresh,0.2,0.2,1010,32,captured_action,10,0.0,-0.018991574836899665,-0.02039151089691648,-0.018992756415338017,-0.018991574836899665,1.1815784383521766e-06,-0.0013999360600168154,-1.1815784383521766e-06
fresh,0.2,0.2,1010,33,held_action,,0.0,-0.008100801022151691,-0.0058062376982194385,-0.005407959167386181,-0.008100801022151691,-0.0026928418547655106,0.002294563323932253,0.0026928418547655106
fresh,0.2,1.0,101,0,position,0,0.5,-0.0007411351625862273,-0.0007954741189671074,-0.0007433580316744068,-0.0007411351625862273,2.222869088179427e-06,-5.433895638088011e-05,-2.222869088179427e-06
fresh,0.2,1.0,101,1,velocity,0,0.5,-0.0011718498858453931,-0.0013055122737976044,-0.0012199806518370141,-0.0011718498858453931,4.8130765991621005e-05,-0.00013366238795221126,-4.8130765991621005e-05
fresh,0.2,1.0,101,2,captured_action,0,0.5,-0.0003059119239811946,-0.0003627103834997488,-0.0003389471389670584,-0.0003059119239811946,3.30352149858638e-05,-5.6798459518554224e-05,-3.30352149858638e-05
fresh,0.2,1.0,101,3,position,1,0.45,-0.0010669543417658406,-0.0010920507756559212,-0.0010205042448573512,-0.0010669543417658406,-4.645009690848944e-05,-2.5096433890080608e-05,4.645009690848944e-05
fresh,0.2,1.0,101,4,velocity,1,0.45,-0.0010234497919769862,-0.0011513567932379064,-0.001075924783935902,-0.0010234497919769862,5.247499195891567e-05,-0.0001279070012609202,-5.247499195891567e-05
fresh,0.2,1.0,101,5,captured_action,1,0.45,-0.0003423325316400597,-0.00036894225424809163,-0.00034477072399978395,-0.0003423325316400597,2.4381923597242383e-06,-2.6609722608031926e-05,-2.4381923597242383e-06
fresh,0.2,1.0,101,6,position,2,0.4,-0.001466749430717721,-0.0014858726599533412,-0.0013885245911657408,-0.001466749430717721,-7.822483955198024e-05,-1.9123229235620083e-05,7.822483955198024e-05
fresh,0.2,1.0,101,7,velocity,2,0.4,-0.0011556185608547448,-0.0012770447087778257,-0.0011933781608255613,-0.0011556185608547448,3.7759599970816574e-05,-0.0001214261479230809,-3.7759599970816574e-05
fresh,0.2,1.0,101,8,captured_action,2,0.4,-0.00038598310794814793,-0.00042115304887991765,-0.00039356088901491463,-0.00038598310794814793,7.577781066766696e-06,-3.5169940931769716e-05,-7.577781066766696e-06
fresh,0.2,1.0,101,9,position,3,0.35000000000000003,-0.001802248398415971,-0.0018128052161865645,-0.0016940379142231568,-0.001802248398415971,-0.00010821048419281418,-1.0556817770593536e-05,0.00010821048419281418
fresh,0.2,1.0,101,10,velocity,3,0.35000000000000003,-0.0013163312754319754,-0.0014357256802935826,-0.0013416630287271067,-0.0013163312754319754,2.5331753295131315e-05,-0.00011939440486160723,-2.5331753295131315e-05
fresh,0.2,1.0,101,11,captured_action,3,0.35000000000000003,-0.0003413898847407003,-0.00037789503748392075,-0.0003531369588847542,-0.0003413898847407003,1.1747074144053901e-05,-3.650515274322046e-05,-1.1747074144053901e-05
fresh,0.2,1.0,101,12,position,4,0.30000000000000004,-0.0022134209672092413,-0.0022092478665117,-0.0020645073250949186,-0.0022134209672092413,-0.00014891364211432273,4.173100697541128e-06,0.00014891364211432273
fresh,0.2,1.0,101,13,velocity,4,0.30000000000000004,-0.0014117204912749875,-0.0015379322392985318,-0.0014371734478778706,-0.0014117204912749875,2.5452956602883088e-05,-0.00012621174802354435,-2.5452956602883088e-05
fresh,0.2,1.0,101,14,captured_action,4,0.30000000000000004,-0.00037380049666735197,-0.0004062921510985603,-0.00037967361416804923,-0.00037380049666735197,5.873117500697258e-06,-3.249165443120833e-05,-5.873117500697258e-06
fresh,0.2,1.0,101,15,position,5,0.25,-0.002703838804053255,-0.0026925105230567905,-0.002516108663951246,-0.002703838804053255,-0.0001877301401020091,1.1328280996464497e-05,0.0001877301401020091
fresh,0.2,1.0,101,16,velocity,5,0.25,-0.0015633377876034965,-0.0016955378367380892,-0.0015844533956474633,-0.0015633377876034965,2.1115608043966892e-05,-0.00013220004913459273,-2.1115608043966892e-05
fresh,0.2,1.0,101,17,captured_action,5,0.25,-0.00036256226182703713,-0.000397962922213185,-0.0003718900809996317,-0.00036256226182703713,9.327819172594558e-06,-3.5400660386147886e-05,-9.327819172594558e-06
fresh,0.2,1.0,101,18,position,6,0.2,-0.004018573539223337,-0.0040023071564975615,-0.00374009298237576,-0.004018573539223337,-0.00027848055684757695,1.6266382725775574e-05,0.00027848055684757695
fresh,0.2,1.0,101,19,velocity,6,0.2,-0.0017029289525904285,-0.0018529864926694717,-0.0017315866840502416,-0.0017029289525904285,2.865773145981315e-05,-0.00015005754007904322,-2.865773145981315e-05
fresh,0.2,1.0,101,20,captured_action,6,0.2,-0.0006520532417070459,-0.0007080971016646751,-0.0006617055856088392,-0.0006520532417070459,9.652343901793295e-06,-5.604385995762928e-05,-9.652343901793295e-06
fresh,0.2,1.0,101,21,position,7,0.15000000000000002,-0.005714444094405345,-0.005708057879210781,-0.00533409015906546,-0.005714444094405345,-0.0003803539353398845,6.386215194563276e-06,0.0003803539353398845
fresh,0.2,1.0,101,22,velocity,7,0.15000000000000002,-0.00200591856966181,-0.002180631428491705,-0.002037765714610221,-0.00200591856966181,3.184714494841069e-05,-0.00017471285882989483,-3.184714494841069e-05
fresh,0.2,1.0,101,23,captured_action,7,0.15000000000000002,-0.0011684297734603087,-0.001237714860007276,-0.001156625036781639,-0.0011684297734603087,-1.1804736678669697e-05,-6.928508654696717e-05,1.1804736678669697e-05
fresh,0.2,1.0,101,24,position,8,0.1,-0.009679965690807979,-0.009741313445513312,-0.009103103942819329,-0.009679965690807979,-0.0005768617479886499,-6.134775470533274e-05,0.0005768617479886499
fresh,0.2,1.0,101,25,velocity,8,0.1,-0.002806789902919733,-0.0031244300444677213,-0.0029197306519232486,-0.002806789902919733,0.00011294074900351564,-0.0003176401415479883,-0.00011294074900351564
fresh,0.2,1.0,101,26,captured_action,8,0.1,-0.0025291208671161885,-0.002656384763071676,-0.002482349710397677,-0.0025291208671161885,-4.677115671851157e-05,-0.0001272638959554876,4.677115671851157e-05
fresh,0.2,1.0,101,27,position,9,0.05,-0.018347761916587838,-0.018505622061117954,-0.017293212264561354,-0.018347761916587838,-0.0010545496520264833,-0.0001578601445301163,0.0010545496520264833
fresh,0.2,1.0,101,28,velocity,9,0.05,-0.008083658517420055,-0.008848036056064476,-0.008268350295746374,-0.008083658517420055,0.00018469177832631904,-0.0007643775386444208,-0.00018469177832631904
fresh,0.2,1.0,101,29,captured_action,9,0.05,-0.005504786802656261,-0.005739635746879533,-0.00536359917890032,-0.005504786802656261,-0.00014118762375594108,-0.0002348489442232718,0.00014118762375594108
fresh,0.2,1.0,101,30,position,10,0.0,-0.07325847847994255,-0.07402667737464295,-0.06917676373439162,-0.07325847847994255,-0.004081714745550927,-0.0007681988947004087,0.004081714745550927
fresh,0.2,1.0,101,31,velocity,10,0.0,-0.09942822098391711,-0.1000808546335441,-0.09352398190563886,-0.09942822098391711,-0.0059042390782782506,-0.0006526336496269908,0.0059042390782782506
fresh,0.2,1.0,101,32,captured_action,10,0.0,-0.01416551550975748,-0.014426042832536188,-0.013480909748225517,-0.01416551550975748,-0.0006846057615319621,-0.00026052732277870826,0.0006846057615319621
fresh,0.2,1.0,101,33,held_action,,0.0,0.033092671682093136,0.0401617879379402,0.037530558088850446,0.033092671682093136,-0.00443788640675731,0.007069116255847066,0.00443788640675731
fresh,0.2,1.0,202,0,position,0,0.5,-0.0010302085306497784,-0.0009445521664896356,-0.0009104825701053058,-0.0010302085306497784,-0.00011972596054447252,8.565636416014272e-05,0.00011972596054447252
fresh,0.2,1.0,202,1,velocity,0,0.5,-0.0007887445079160854,-0.0007472403204785106,-0.0007202876787674512,-0.0007887445079160854,-6.845682914863413e-05,4.1504187437574726e-05,6.845682914863413e-05
fresh,0.2,1.0,202,2,captured_action,0,0.5,-0.0004399725702949663,-0.0005878128724215047,-0.0005666107112033038,-0.0004399725702949663,0.00012663814090833745,-0.00014784030212653835,-0.00012663814090833745
fresh,0.2,1.0,202,3,position,1,0.45,-0.0012671460207914539,-0.0011882701797061614,-0.0011454097778624182,-0.0012671460207914539,-0.00012173624292903572,7.887584108529251e-05,0.00012173624292903572
fresh,0.2,1.0,202,4,velocity,1,0.45,-0.0008305676475754739,-0.0007788178147927426,-0.0007507261862429651,-0.0008305676475754739,-7.984146133250874e-05,5.174983278273125e-05,7.984146133250874e-05
fresh,0.2,1.0,202,5,captured_action,1,0.45,-0.00030050805957069257,-0.00041525338139840535,-0.0004002753678980498,-0.00030050805957069257,9.976730832735725e-05,-0.00011474532182771278,-9.976730832735725e-05
fresh,0.2,1.0,202,6,position,2,0.4,-0.001506555848720892,-0.0014297033209872362,-0.00137813452804656,-0.001506555848720892,-0.00012842132067433201,7.68525277336559e-05,0.00012842132067433201
fresh,0.2,1.0,202,7,velocity,2,0.4,-0.0010244883385246344,-0.0009641961291901446,-0.0009294179833954817,-0.0010244883385246344,-9.50703551291527e-05,6.029220933448972e-05,9.50703551291527e-05
fresh,0.2,1.0,202,8,captured_action,2,0.4,-0.0004969139269086582,-0.0006158047853302297,-0.0005935929676751908,-0.0004969139269086582,9.667904076653263e-05,-0.00011889085842157153,-9.667904076653263e-05
fresh,0.2,1.0,202,9,position,3,0.35000000000000003,-0.0019950289499990606,-0.0019249355170842136,-0.0018555039086886175,-0.0019950289499990606,-0.00013952504131044307,7.0093432914847e-05,0.00013952504131044307
fresh,0.2,1.0,202,10,velocity,3,0.35000000000000003,-0.0010519994328108307,-0.0009936525048628952,-0.0009578118800800728,-0.0010519994328108307,-9.418755273075789e-05,5.8346927947935424e-05,9.418755273075789e-05
fresh,0.2,1.0,202,11,captured_action,3,0.35000000000000003,-0.0004506330765313083,-0.0005525801411445435,-0.0005326488096133727,-0.0004506330765313083,8.20157330820644e-05,-0.00010194706461323525,-8.20157330820644e-05
fresh,0.2,1.0,202,12,position,4,0.30000000000000004,-0.0022304697957147993,-0.0021543813308488326,-0.0020766737091801038,-0.0022304697957147993,-0.00015379608653469552,7.608846486596666e-05,0.00015379608653469552
fresh,0.2,1.0,202,13,velocity,4,0.30000000000000004,-0.0012261804873384937,-0.0011533239229250501,-0.0011117240177546674,-0.0012261804873384937,-0.00011445646958382623,7.285656441344355e-05,0.00011445646958382623
fresh,0.2,1.0,202,14,captured_action,4,0.30000000000000004,-0.0005850647012554214,-0.0006886404142694871,-0.0006638014463432445,-0.0005850647012554214,7.873674508782308e-05,-0.00010357571301406571,-7.873674508782308e-05
fresh,0.2,1.0,202,15,position,5,0.25,-0.0028202888991830204,-0.0027476053352029966,-0.0026485003750802627,-0.0028202888991830204,-0.0001717885241027577,7.268356398002374e-05,0.0001717885241027577
fresh,0.2,1.0,202,16,velocity,5,0.25,-0.0013658451128478438,-0.0012930215522027773,-0.0012463828127422484,-0.0013658451128478438,-0.0001194623001055954,7.282356064506647e-05,0.0001194623001055954
fresh,0.2,1.0,202,17,captured_action,5,0.25,-0.00039303304356642736,-0.00047198501738299984,-0.00045496071781312943,-0.00039303304356642736,6.192767424670207e-05,-7.895197381657248e-05,-6.192767424670207e-05
fresh,0.2,1.0,202,18,position,6,0.2,-0.0033192967971577,-0.0032616829821712034,-0.0031440354591665233,-0.0033192967971577,-0.00017526133799117662,5.761381498649645e-05,0.00017526133799117662
fresh,0.2,1.0,202,19,velocity,6,0.2,-0.0015523773675544287,-0.0014669932490128889,-0.0014140794241702098,-0.0015523773675544287,-0.00013829794338421895,8.538411854153985e-05,0.00013829794338421895
fresh,0.2,1.0,202,20,captured_action,6,0.2,-0.0010707611066307428,-0.0011908829403086527,-0.0011479282972971542,-0.0010707611066307428,7.716719066641143e-05,-0.00012012183367790985,-7.716719066641143e-05
fresh,0.2,1.0,202,21,position,7,0.15000000000000002,-0.004509267860856752,-0.004473311284314267,-0.004311960841887721,-0.004509267860856752,-0.00019730701896903107,3.595657654248494e-05,0.00019730701896903107
fresh,0.2,1.0,202,22,velocity,7,0.15000000000000002,-0.002037690323209573,-0.0019472967512690472,-0.0018770585826321422,-0.002037690323209573,-0.0001606317405774306,9.039357194052557e-05,0.0001606317405774306
fresh,0.2,1.0,202,23,captured_action,7,0.15000000000000002,-0.0011904659678326798,-0.0012984040926971255,-0.0012515712072818568,-0.0011904659678326798,6.110523944917695e-05,-0.00010793812486444574,-6.110523944917695e-05
fresh,0.2,1.0,202,24,position,8,0.1,-0.006662356662087798,-0.006675554891648118,-0.006434770455522022,-0.006662356662087798,-0.00022758620656577588,-1.3198229560320261e-05,0.00022758620656577588
fresh,0.2,1.0,202,25,velocity,8,0.1,-0.002559651450209764,-0.0024678313511930583,-0.0023788177201172723,-0.002559651450209764,-0.0001808337300924917,9.18200990167057e-05,0.0001808337300924917
fresh,0.2,1.0,202,26,captured_action,8,0.1,-0.0028104925613673263,-0.002970847667610612,-0.0028636904511585215,-0.0028104925613673263,5.3197889791195205e-05,-0.00016035510624328592,-5.3197889791195205e-05
fresh,0.2,1.0,202,27,position,9,0.05,-0.0126153596565917,-0.012823420820974896,-0.012360885465981542,-0.0126153596565917,-0.0002544741906101589,-0.00020806116438319526,0.0002544741906101589
fresh,0.2,1.0,202,28,velocity,9,0.05,-0.00403465315231835,-0.004004276321542613,-0.0038598437714662138,-0.00403465315231835,-0.00017480938085213601,3.037683077573676e-05,0.00017480938085213601
fresh,0.2,1.0,202,29,captured_action,9,0.05,-0.0047828142820452915,-0.0049112625137337045,-0.004734115356047065,-0.0047828142820452915,-4.869892599822668e-05,-0.000128448231688413,4.869892599822668e-05
fresh,0.2,1.0,202,30,position,10,0.0,-0.08983666809178026,-0.09304450144500168,-0.08968842570617462,-0.08983666809178026,-0.00014824238560563752,-0.0032078333532214176,0.00014824238560563752
fresh,0.2,1.0,202,31,velocity,10,0.0,-0.10033237163191784,-0.10427497657035958,-0.10051382235275759,-0.10033237163191784,0.00018145072083974867,-0.003942604938441743,-0.00018145072083974867
fresh,0.2,1.0,202,32,captured_action,10,0.0,-0.011611151536801163,-0.011814944721929527,-0.01138878467247955,-0.011611151536801163,-0.00022236686432161243,-0.00020379318512836475,0.00022236686432161243
fresh,0.2,1.0,202,33,held_action,,0.0,0.027288704219786446,0.027982563867668068,0.02697324464677923,0.027288704219786446,0.00031545957300721517,0.0006938596478816214,-0.00031545957300721517
fresh,0.2,1.0,303,0,position,0,0.5,-0.0009721774219801727,-0.0010433901785935028,-0.000978885587677596,-0.0009721774219801727,6.708165697423248e-06,-7.121275661333012e-05,-6.708165697423248e-06
fresh,0.2,1.0,303,1,velocity,0,0.5,-0.0006823259934103748,-0.00046977225523073534,-0.00044072993935600715,-0.0006823259934103748,-0.00024159605405436765,0.00021255373817963947,0.00024159605405436765
fresh,0.2,1.0,303,2,captured_action,0,0.5,-0.0004760423055720634,-0.0003584774845595786,-0.0003363156471487171,-0.0004760423055720634,-0.0001397266584233463,0.00011756482101248479,0.0001397266584233463
fresh,0.2,1.0,303,3,position,1,0.45,-0.0017448252155500127,-0.0018255533401593143,-0.0017126937658427527,-0.0017448252155500127,-3.213144970726006e-05,-8.072812460930157e-05,3.213144970726006e-05
fresh,0.2,1.0,303,4,velocity,1,0.45,-0.0010601162272976567,-0.0009126098955601677,-0.0008561904187559381,-0.0010601162272976567,-0.0002039258085417186,0.00014750633173748898,0.0002039258085417186
fresh,0.2,1.0,303,5,captured_action,1,0.45,-0.0005748070898005631,-0.0004835898183393292,-0.00045369327144531346,-0.0005748070898005631,-0.00012111381835524967,9.121727146123391e-05,0.00012111381835524967
fresh,0.2,1.0,303,6,position,2,0.4,-0.0023683295580384017,-0.002452434415722918,-0.0023008197254758395,-0.0023683295580384017,-6.750983256256218e-05,-8.41048576845165e-05,6.750983256256218e-05
fresh,0.2,1.0,303,7,velocity,2,0.4,-0.001211565363957617,-0.0010866534646140657,-0.0010194742457174774,-0.001211565363957617,-0.0001920911182401396,0.00012491189934355136,0.0001920911182401396
fresh,0.2,1.0,303,8,captured_action,2,0.4,-0.0006451441062925418,-0.0005640253277473574,-0.0005291560872858485,-0.0006451441062925418,-0.00011598801900669327,8.111877854518441e-05,0.00011598801900669327
fresh,0.2,1.0,303,9,position,3,0.35000000000000003,-0.0028280187215007297,-0.002921960392426463,-0.0027413186117648666,-0.0028280187215007297,-8.670010973586308e-05,-9.394167092573354e-05,8.670010973586308e-05
fresh,0.2,1.0,303,10,velocity,3,0.35000000000000003,-0.0016507224355209946,-0.0015328753886916368,-0.001438109785275757,-0.0016507224355209946,-0.00021261265024523747,0.0001178470468293578,0.00021261265024523747
fresh,0.2,1.0,303,11,captured_action,3,0.35000000000000003,-0.0007445020780192061,-0.0006638109550423586,-0.0006227727557387914,-0.0007445020780192061,-0.0001217293222804147,8.069112297684749e-05,0.0001217293222804147
fresh,0.2,1.0,303,12,position,4,0.30000000000000004,-0.0036110299394995333,-0.0037159692328571823,-0.0034862401438363693,-0.0036110299394995333,-0.00012478979566316398,-0.00010493929335764901,0.00012478979566316398
fresh,0.2,1.0,303,13,velocity,4,0.30000000000000004,-0.002038830812104821,-0.0019374243953608442,-0.001817648715450081,-0.002038830812104821,-0.0002211820966547401,0.00010140641674397685,0.0002211820966547401
fresh,0.2,1.0,303,14,captured_action,4,0.30000000000000004,-0.000883702315129857,-0.0008076717323049394,-0.000757739755029764,-0.000883702315129857,-0.000125962560100093,7.60305828249176e-05,0.000125962560100093
fresh,0.2,1.0,303,15,position,5,0.25,-0.004678556279506016,-0.004812712900226472,-0.004515180794602002,-0.004678556279506016,-0.00016337548490401397,-0.0001341566207204558,0.00016337548490401397
fresh,0.2,1.0,303,16,velocity,5,0.25,-0.002215358780970217,-0.0021523712123894274,-0.0020193070649565763,-0.002215358780970217,-0.00019605171601364078,6.298756858078968e-05,0.00019605171601364078
fresh,0.2,1.0,303,17,captured_action,5,0.25,-0.0007377399282912883,-0.0006809499903287905,-0.000638852219560467,-0.0007377399282912883,-9.88877087308213e-05,5.6789937962497834e-05,9.88877087308213e-05
fresh,0.2,1.0,303,18,position,6,0.2,-0.005658749726310902,-0.0058017050163593955,-0.0054430313232645446,-0.005658749726310902,-0.00021571840304635773,-0.0001429552900484932,0.00021571840304635773
fresh,0.2,1.0,303,19,velocity,6,0.2,-0.002722448395199235,-0.0026813497798446576,-0.0025155830569064687,-0.002722448395199235,-0.00020686533829276628,4.109861535457745e-05,0.00020686533829276628
fresh,0.2,1.0,303,20,captured_action,6,0.2,-0.0007275320248662782,-0.0006877613414175062,-0.0006452424784972953,-0.0007275320248662782,-8.228954636898297e-05,3.977068344877203e-05,8.228954636898297e-05
fresh,0.2,1.0,303,21,position,7,0.15000000000000002,-0.007438892174097152,-0.007626731369584696,-0.0071552306816217905,-0.007438892174097152,-0.00028366149247536186,-0.00018783919548754323,0.00028366149247536186
fresh,0.2,1.0,303,22,velocity,7,0.15000000000000002,-0.00420513866245302,-0.004205708387164937,-0.0039457025862752165,-0.00420513866245302,-0.0002594360761778037,-5.697247119169566e-07,0.0002594360761778037
fresh,0.2,1.0,303,23,captured_action,7,0.15000000000000002,-0.0009005165843252163,-0.0008818505001112198,-0.0008273326342871986,-0.0009005165843252163,-7.318395003801776e-05,1.8666084213996535e-05,7.318395003801776e-05
fresh,0.2,1.0,303,24,position,8,0.1,-0.00990314513501406,-0.010158488102203038,-0.009530468850344618,-0.00990314513501406,-0.0003726762846694414,-0.00025534296718897863,0.0003726762846694414
fresh,0.2,1.0,303,25,velocity,8,0.1,-0.005898595001482372,-0.0059528957309457975,-0.005584875107627944,-0.005898595001482372,-0.0003137198938544276,-5.430072946342561e-05,0.0003137198938544276
fresh,0.2,1.0,303,26,captured_action,8,0.1,-0.0012187540561881959,-0.0012451490448967997,-0.001168171293506932,-0.0012187540561881959,-5.058276268126382e-05,-2.6394988708603817e-05,5.058276268126382e-05
fresh,0.2,1.0,303,27,position,9,0.05,-0.01665600290387672,-0.01714101954158958,-0.016081325405976517,-0.01665600290387672,-0.0005746774979002028,-0.0004850166377128595,0.0005746774979002028
fresh,0.2,1.0,303,28,velocity,9,0.05,-0.010274633021352819,-0.010477380113914156,-0.009829646282425032,-0.010274633021352819,-0.00044498673892778666,-0.00020274709256133672,0.00044498673892778666
fresh,0.2,1.0,303,29,captured_action,9,0.05,-0.003195901337837938,-0.003344814969020656,-0.003138031422757148,-0.003195901337837938,-5.786991508078968e-05,-0.00014891363118271815,5.786991508078968e-05
fresh,0.2,1.0,303,30,position,10,0.0,-0.08663227660973138,-0.09024883920587494,-0.08466946480400181,-0.08663227660973138,-0.001962811805729575,-0.003616562596143555,0.001962811805729575
fresh,0.2,1.0,303,31,velocity,10,0.0,-0.11099218774584267,-0.1162969145528989,-0.10910719295888385,-0.11099218774584267,-0.0018849947869588185,-0.005304726807056223,0.0018849947869588185
fresh,0.2,1.0,303,32,captured_action,10,0.0,-0.016365357938579343,-0.016784826399270206,-0.015747152878192096,-0.016365357938579343,-0.0006182050603872474,-0.00041946846069086316,0.0006182050603872474
fresh,0.2,1.0,303,33,held_action,,0.0,0.01672018269021335,0.019872174226632913,0.018643634323347143,0.01672018269021335,-0.001923451633133795,0.003151991536419565,0.001923451633133795
fresh,0.2,1.0,404,0,position,0,0.5,-0.0017452802688549117,-0.0018648200193232102,-0.001696883718593422,-0.0017452802688549117,-4.839655026148983e-05,-0.0001195397504682985,4.839655026148983e-05
fresh,0.2,1.0,404,1,velocity,0,0.5,-0.0006070575504539443,-0.000646599057586666,-0.0005883696023785,-0.0006070575504539443,-1.8687948075444302e-05,-3.95415071327217e-05,1.8687948075444302e-05
fresh,0.2,1.0,404,2,captured_action,0,0.5,-0.0003017980802943235,-0.00029572014126113004,-0.00026908907442353344,-0.0003017980802943235,-3.2709005870790034e-05,6.077939033193437e-06,3.2709005870790034e-05
fresh,0.2,1.0,404,3,position,1,0.45,-0.002095309586579691,-0.002211113831023617,-0.0020119920533577273,-0.002095309586579691,-8.331753322196383e-05,-0.00011580424444392577,8.331753322196383e-05
fresh,0.2,1.0,404,4,velocity,1,0.45,-0.0008124443387371483,-0.0008554833074468392,-0.0007784427885227413,-0.0008124443387371483,-3.4001550214407e-05,-4.303896870969093e-05,3.4001550214407e-05
fresh,0.2,1.0,404,5,captured_action,1,0.45,-0.00016666948563213573,-0.00015909740963521667,-0.00014476989805073314,-0.00016666948563213573,-2.189958758140259e-05,7.572075996919059e-06,2.189958758140259e-05
fresh,0.2,1.0,404,6,position,2,0.4,-0.0024575228799385627,-0.002584920119027092,-0.002352135229346982,-0.0024575228799385627,-0.0001053876505915808,-0.00012739723908852937,0.0001053876505915808
fresh,0.2,1.0,404,7,velocity,2,0.4,-0.0009915821323391505,-0.0010352639045886837,-0.0009420332503624395,-0.0009915821323391505,-4.954888197671091e-05,-4.368177224953326e-05,4.954888197671091e-05
fresh,0.2,1.0,404,8,captured_action,2,0.4,-0.00022231271261990824,-0.00022822758422954653,-0.00020767455722272776,-0.00022231271261990824,-1.463815539718048e-05,-5.91487160963829e-06,1.463815539718048e-05
fresh,0.2,1.0,404,9,position,3,0.35000000000000003,-0.0029345700484103288,-0.0030597077337770617,-0.002784165862282499,-0.0029345700484103288,-0.00015040418612782954,-0.00012513768536673298,0.00015040418612782954
fresh,0.2,1.0,404,10,velocity,3,0.35000000000000003,-0.001280396319755402,-0.0013281200605049282,-0.001208516255539789,-0.001280396319755402,-7.188006421561294e-05,-4.772374074952634e-05,7.188006421561294e-05
fresh,0.2,1.0,404,11,captured_action,3,0.35000000000000003,-0.00022151036991026806,-0.00023690054298637967,-0.00021556647298618227,-0.00022151036991026806,-5.943896924085791e-06,-1.5390173076111602e-05,5.943896924085791e-06
fresh,0.2,1.0,404,12,position,4,0.30000000000000004,-0.0032749598820996937,-0.00338661663229758,-0.0030816349915361095,-0.0032749598820996937,-0.00019332489056358418,-0.00011165675019788636,0.00019332489056358418
fresh,0.2,1.0,404,13,velocity,4,0.30000000000000004,-0.0016108824260142151,-0.0016696453424574068,-0.0015192854903335652,-0.0016108824260142151,-9.159693568064993e-05,-5.87629164431917e-05,9.159693568064993e-05
fresh,0.2,1.0,404,14,captured_action,4,0.30000000000000004,-0.00010878724279304332,-0.00013350821455537744,-0.00012148513702663766,-0.00010878724279304332,1.2697894233594336e-05,-2.4720971762334115e-05,-1.2697894233594336e-05
fresh,0.2,1.0,404,15,position,5,0.25,-0.0037465853452402064,-0.003847345738261823,-0.0035008731541962055,-0.0037465853452402064,-0.00024571219104400086,-0.00010076039302161664,0.00024571219104400086
fresh,0.2,1.0,404,16,velocity,5,0.25,-0.001943213588275654,-0.0020003255746710883,-0.0018201863259583,-0.001943213588275654,-0.00012302726231735398,-5.71119863954344e-05,0.00012302726231735398
fresh,0.2,1.0,404,17,captured_action,5,0.25,0.00012003586703286651,0.00010480812017114004,9.536962862471603e-05,0.00012003586703286651,2.4666238408150478e-05,-1.5227746861726471e-05,-2.4666238408150478e-05
fresh,0.2,1.0,404,18,position,6,0.2,-0.004683919066683374,-0.004777814364052349,-0.0043475484608775225,-0.004683919066683374,-0.00033637060580585156,-9.389529736897502e-05,0.00033637060580585156
fresh,0.2,1.0,404,19,velocity,6,0.2,-0.0026654552476033906,-0.0027477864097527364,-0.0025003346020351564,-0.0026654552476033906,-0.00016512064556823422,-8.233116214934576e-05,0.00016512064556823422
fresh,0.2,1.0,404,20,captured_action,6,0.2,0.0003287441559911271,0.00028847404821708824,0.00026249552803168913,0.0003287441559911271,6.624862795943795e-05,-4.0270107774038845e-05,-6.624862795943795e-05
fresh,0.2,1.0,404,21,position,7,0.15000000000000002,-0.005718638939479659,-0.005770975849429696,-0.005251270823898115,-0.005718638939479659,-0.0004673681155815436,-5.2336909950037244e-05,0.0004673681155815436
fresh,0.2,1.0,404,22,velocity,7,0.15000000000000002,-0.0035597559279145702,-0.00363982846394245,-0.003312043840658899,-0.0035597559279145702,-0.0002477120872556712,-8.007253602787968e-05,0.0002477120872556712
fresh,0.2,1.0,404,23,captured_action,7,0.15000000000000002,8.722137837322355e-05,-1.7919301153995325e-06,-1.6305579123835464e-06,8.722137837322355e-05,8.88519362856071e-05,-8.901330848862308e-05,-8.88519362856071e-05
fresh,0.2,1.0,404,24,position,8,0.1,-0.008381062379909016,-0.008479908699530695,-0.0077162508222185615,-0.008381062379909016,-0.0006648115576904541,-9.884631962167947e-05,0.0006648115576904541
fresh,0.2,1.0,404,25,velocity,8,0.1,-0.00526377993733853,-0.005400799237191772,-0.004914430453352022,-0.00526377993733853,-0.0003493494839865085,-0.00013701929985324157,0.0003493494839865085
fresh,0.2,1.0,404,26,captured_action,8,0.1,-0.001061466650708571,-0.0012761284811140777,-0.0011612067759878106,-0.001061466650708571,9.974012527923953e-05,-0.00021466183040550662,-9.974012527923953e-05
fresh,0.2,1.0,404,27,position,9,0.05,-0.014797482221328321,-0.015052660082246351,-0.013697093312176584,-0.014797482221328321,-0.0011003889091517373,-0.0002551778609180301,0.0011003889091517373
fresh,0.2,1.0,404,28,velocity,9,0.05,-0.009874452688993604,-0.010145990496022696,-0.009232293681592302,-0.009874452688993604,-0.0006421590074013016,-0.00027153780702909164,0.0006421590074013016
fresh,0.2,1.0,404,29,captured_action,9,0.05,-0.004300741590807733,-0.004862038849938838,-0.0044241881136733744,-0.004300741590807733,0.00012344652286564155,-0.0005612972591311051,-0.00012344652286564155
fresh,0.2,1.0,404,30,position,10,0.0,-0.07272544355380603,-0.07617649953992921,-0.06931642757441965,-0.07272544355380603,-0.003409015979386379,-0.0034510559861231777,0.003409015979386379
fresh,0.2,1.0,404,31,velocity,10,0.0,-0.10975534155049321,-0.11595060747917678,-0.1055086796332436,-0.10975534155049321,-0.004246661917249608,-0.006195265928683566,0.004246661917249608
fresh,0.2,1.0,404,32,captured_action,10,0.0,-0.005504738031261912,-0.0070997673581792,-0.006460398060434618,-0.005504738031261912,0.0009556600291727065,-0.001595029326917288,-0.0009556600291727065
fresh,0.2,1.0,404,33,held_action,,0.0,0.01716922096649089,0.024205474354635947,0.02202565121974564,0.01716922096649089,-0.004856430253254749,0.007036253388145057,0.004856430253254749
fresh,0.2,1.0,505,0,position,0,0.5,-0.0033301764692995287,-0.0033859265001084343,-0.0030711877973566837,-0.0033301764692995287,-0.00025898867194284504,-5.5750030808905584e-05,0.00025898867194284504
fresh,0.2,1.0,505,1,velocity,0,0.5,-0.0014751033929185212,-0.0018104940349097333,-0.0016421996127274966,-0.0014751033929185212,0.00016709621980897532,-0.000335390641991212,-0.00016709621980897532
fresh,0.2,1.0,505,2,captured_action,0,0.5,-0.0005889178149098372,-0.0008870230116555053,-0.0008045698125117956,-0.0005889178149098372,0.00021565199760195837,-0.00029810519674566805,-0.00021565199760195837
fresh,0.2,1.0,505,3,position,1,0.45,-0.0033393664970031924,-0.0033717401810654875,-0.0030583201672020684,-0.0033393664970031924,-0.000281046329801124,-3.237368406229513e-05,0.000281046329801124
fresh,0.2,1.0,505,4,velocity,1,0.45,-0.0016113147157136433,-0.0019262738350898847,-0.001747217104832623,-0.0016113147157136433,0.0001359023891189797,-0.0003149591193762414,-0.0001359023891189797
fresh,0.2,1.0,505,5,captured_action,1,0.45,-0.0005404555411140337,-0.000801520406398379,-0.0007270150995257098,-0.0005404555411140337,0.00018655955841167615,-0.00026106486528434535,-0.00018655955841167615
fresh,0.2,1.0,505,6,position,2,0.4,-0.0034574357219311442,-0.003497224791459405,-0.00317214035916002,-0.0034574357219311442,-0.0002852953627711244,-3.97890695282609e-05,0.0002852953627711244
fresh,0.2,1.0,505,7,velocity,2,0.4,-0.001963182278969804,-0.0022912426213725647,-0.0020782602278335356,-0.001963182278969804,0.00011507794886373183,-0.0003280603424027609,-0.00011507794886373183
fresh,0.2,1.0,505,8,captured_action,2,0.4,-0.00047493258146111484,-0.0007248443418580252,-0.0006574664564118894,-0.00047493258146111484,0.00018253387495077456,-0.00024991176039691033,-0.00018253387495077456
fresh,0.2,1.0,505,9,position,3,0.35000000000000003,-0.0037707349665994185,-0.003808396720035075,-0.0034543873098516363,-0.0037707349665994185,-0.00031634765674778227,-3.7661753435656344e-05,0.00031634765674778227
fresh,0.2,1.0,505,10,velocity,3,0.35000000000000003,-0.0023172114159618167,-0.0026591564100774887,-0.002411974600639219,-0.0023172114159618167,9.476318467740216e-05,-0.000341944994115672,-9.476318467740216e-05
fresh,0.2,1.0,505,11,captured_action,3,0.35000000000000003,-0.0003882586131967272,-0.0006159094226911792,-0.0005586575795976587,-0.0003882586131967272,0.00017039896640093144,-0.00022765080949445202,-0.00017039896640093144
fresh,0.2,1.0,505,12,position,4,0.30000000000000004,-0.004728067185439969,-0.004794933318941471,-0.004349220426905435,-0.004728067185439969,-0.0003788467585345342,-6.686613350150201e-05,0.0003788467585345342
fresh,0.2,1.0,505,13,velocity,4,0.30000000000000004,-0.0029821495794392135,-0.003352475218247058,-0.0030408459784615283,-0.0029821495794392135,5.8696399022314764e-05,-0.00037032563880784464,-5.8696399022314764e-05
fresh,0.2,1.0,505,14,captured_action,4,0.30000000000000004,-0.0004371210676447976,-0.0006492605627613663,-0.0005889085653790132,-0.0004371210676447976,0.00015178749773421562,-0.0002121394951165687,-0.00015178749773421562
fresh,0.2,1.0,505,15,position,5,0.25,-0.005530735272682565,-0.005576540681469857,-0.005058173498994993,-0.005530735272682565,-0.00047256177368757216,-4.580540878729167e-05,0.00047256177368757216
fresh,0.2,1.0,505,16,velocity,5,0.25,-0.0035552290186869192,-0.003933808850332547,-0.0035681417590984724,-0.0035552290186869192,1.2912740411553155e-05,-0.0003785798316456278,-1.2912740411553155e-05
fresh,0.2,1.0,505,17,captured_action,5,0.25,-0.0003972185991141093,-0.0005917257537658014,-0.0005367219029382403,-0.0003972185991141093,0.00013950330382413102,-0.00019450715465169207,-0.00013950330382413102
fresh,0.2,1.0,505,18,position,6,0.2,-0.007225416670645233,-0.007340323392258159,-0.0066580038374232636,-0.007225416670645233,-0.0005674128332219695,-0.00011490672161292622,0.0005674128332219695
fresh,0.2,1.0,505,19,velocity,6,0.2,-0.005252568708483955,-0.0057232036499613404,-0.0051912034153681706,-0.005252568708483955,-6.13652931157841e-05,-0.0004706349414773858,6.13652931157841e-05
fresh,0.2,1.0,505,20,captured_action,6,0.2,-0.0002463289087988277,-0.0003921260485673683,-0.0003556759827324156,-0.0002463289087988277,0.00010934707393358791,-0.00014579713976854063,-0.00010934707393358791
fresh,0.2,1.0,505,21,position,7,0.15000000000000002,-0.008968942733110554,-0.009106250181115112,-0.008259778951203512,-0.008968942733110554,-0.0007091637819070414,-0.0001373074480045585,0.0007091637819070414
fresh,0.2,1.0,505,22,velocity,7,0.15000000000000002,-0.00677258625394113,-0.007297562357023722,-0.006619217653018452,-0.00677258625394113,-0.00015336860092267802,-0.0005249761030825919,0.00015336860092267802
fresh,0.2,1.0,505,23,captured_action,7,0.15000000000000002,-0.00027065574860764036,-0.0003551267990057577,-0.00032211599737498565,-0.00027065574860764036,5.146024876734529e-05,-8.447105039811735e-05,-5.146024876734529e-05
fresh,0.2,1.0,505,24,position,8,0.1,-0.011417421253522434,-0.01162334761338534,-0.01054289966232899,-0.011417421253522434,-0.0008745215911934445,-0.00020592635986290547,0.0008745215911934445
fresh,0.2,1.0,505,25,velocity,8,0.1,-0.009195872883198078,-0.009833086909425519,-0.008919052591841042,-0.009195872883198078,-0.00027682029135703626,-0.0006372140262274409,0.00027682029135703626
fresh,0.2,1.0,505,26,captured_action,8,0.1,-0.00023892576981110618,-0.00022370627305130867,-0.0002029116627207705,-0.00023892576981110618,-3.601410709033569e-05,1.5219496759797513e-05,3.601410709033569e-05
fresh,0.2,1.0,505,27,position,9,0.05,-0.016006146312712043,-0.01638521363654006,-0.014862126562999107,-0.016006146312712043,-0.0011440197497129354,-0.0003790673238280168,0.0011440197497129354
fresh,0.2,1.0,505,28,velocity,9,0.05,-0.01454683705775369,-0.01540477344279255,-0.013972823159933818,-0.01454683705775369,-0.0005740138978198722,-0.0008579363850388586,0.0005740138978198722
fresh,0.2,1.0,505,29,captured_action,9,0.05,-0.00037856363909379823,-0.00014541041481264108,-0.00013189379378638464,-0.00037856363909379823,-0.0002466698453074136,0.00023315322428115715,0.0002466698453074136
fresh,0.2,1.0,505,30,position,10,0.0,-0.07611107809735101,-0.08160549129403881,-0.07401985514201882,-0.07611107809735101,-0.002091222955332192,-0.005494413196687795,0.002091222955332192
fresh,0.2,1.0,505,31,velocity,10,0.0,-0.11683339468394219,-0.1254457277077423,-0.11378492361077806,-0.11683339468394219,-0.0030484710731641246,-0.0086123330238001,0.0030484710731641246
fresh,0.2,1.0,505,32,captured_action,10,0.0,-0.01463348482320648,-0.0156504641975057,-0.014195675737440806,-0.01463348482320648,-0.0004378090857656749,-0.0010169793742992178,0.0004378090857656749
fresh,0.2,1.0,505,33,held_action,,0.0,0.012286645349524672,0.016575785303178176,0.015034983645715512,0.012286645349524672,-0.0027483382961908404,0.004289139953653504,0.0027483382961908404
fresh,0.2,1.0,606,0,position,0,0.5,-0.0017000009646259728,-0.0016239123477267726,-0.0014781164394663125,-0.0017000009646259728,-0.00022188452515966022,7.60886168992001e-05,0.00022188452515966022
fresh,0.2,1.0,606,1,velocity,0,0.5,0.0002758647908934681,0.00037119495688462144,0.0003378688318899728,0.0002758647908934681,-6.200404099650475e-05,9.533016599115336e-05,6.200404099650475e-05
fresh,0.2,1.0,606,2,captured_action,0,0.5,-0.0010119514341910291,-0.0008827303164054672,-0.0008034782136614142,-0.0010119514341910291,-0.0002084732205296149,0.0001292211177855619,0.0002084732205296149
fresh,0.2,1.0,606,3,position,1,0.45,-0.0019752423051700167,-0.0019256062834098289,-0.001752724097105386,-0.0019752423051700167,-0.00022251820806463074,4.963602176018787e-05,0.00022251820806463074
fresh,0.2,1.0,606,4,velocity,1,0.45,-0.00020928329941645124,-0.00013242610717638858,-0.00012053680502273127,-0.00020928329941645124,-8.874649439371997e-05,7.685719224006265e-05,8.874649439371997e-05
fresh,0.2,1.0,606,5,captured_action,1,0.45,-0.00044467274477884197,-0.00034578103178742466,-0.0003147365855405212,-0.00044467274477884197,-0.00012993615923832076,9.88917129914173e-05,0.00012993615923832076
fresh,0.2,1.0,606,6,position,2,0.4,-0.0022439297106815427,-0.002203912812421403,-0.0020060440846765564,-0.0022439297106815427,-0.0002378856260049863,4.0016898260139804e-05,0.0002378856260049863
fresh,0.2,1.0,606,7,velocity,2,0.4,-0.0006135965972339735,-0.0005393555954388793,-0.0004909318987889643,-0.0006135965972339735,-0.00012266469844500927,7.42410017950942e-05,0.00012266469844500927
fresh,0.2,1.0,606,8,captured_action,2,0.4,-0.0002295454713080837,-0.00013697228845881563,-0.00012467482718861735,-0.0002295454713080837,-0.00010487064411946636,9.257318284926807e-05,0.00010487064411946636
fresh,0.2,1.0,606,9,position,3,0.35000000000000003,-0.0025591542224310364,-0.0025299154689545963,-0.002302778010375161,-0.0025591542224310364,-0.00025637621205587546,2.9238753476440102e-05,0.00025637621205587546
fresh,0.2,1.0,606,10,velocity,3,0.35000000000000003,-0.0009566207172657169,-0.0008877791064121787,-0.0008080737200129609,-0.0009566207172657169,-0.000148546997252756,6.884161085353826e-05,0.000148546997252756
fresh,0.2,1.0,606,11,captured_action,3,0.35000000000000003,-3.2409030920393776e-05,5.055080340988514e-05,4.6012319355153256e-05,-3.240903092039377e-05,-7.842135027554703e-05,8.295983433027891e-05,7.842135027554703e-05
fresh,0.2,1.0,606,12,position,4,0.30000000000000004,-0.0028835525451789286,-0.002870718139317178,-0.0026129831950220525,-0.0028835525451789286,-0.00027056935015687617,1.2834405861750654e-05,0.00027056935015687617
fresh,0.2,1.0,606,13,velocity,4,0.30000000000000004,-0.0011509536742608335,-0.0010988533086078419,-0.001000197542859303,-0.0011509536742608335,-0.00015075613140153044,5.210036565299163e-05,0.00015075613140153044
fresh,0.2,1.0,606,14,captured_action,4,0.30000000000000004,0.00014333225474777374,0.00021395520164756566,0.0001947461642910093,0.00014333225474777374,-5.141390954323556e-05,7.062294689979192e-05,5.141390954323556e-05
fresh,0.2,1.0,606,15,position,5,0.25,-0.0035896618696077964,-0.003605140625529826,-0.0032814687520807545,-0.0035896618696077964,-0.0003081931175270419,-1.5478755922029592e-05,0.0003081931175270419
fresh,0.2,1.0,606,16,velocity,5,0.25,-0.0016595455393376985,-0.0016237728663872708,-0.0014779894808523177,-0.0016595455393376985,-0.00018155605848538085,3.577267295042769e-05,0.00018155605848538085
fresh,0.2,1.0,606,17,captured_action,5,0.25,0.0005260324432431934,0.0006001756151319124,0.0005462914575008503,0.0005260324432431934,-2.0259014257656915e-05,7.414317188871901e-05,2.0259014257656915e-05
fresh,0.2,1.0,606,18,position,6,0.2,-0.00403437460887244,-0.004098309765734423,-0.0037303608456683893,-0.00403437460887244,-0.0003040137632040504,-6.393515686198368e-05,0.0003040137632040504
fresh,0.2,1.0,606,19,velocity,6,0.2,-0.002108321843619046,-0.0021213847136810236,-0.0019309254123930334,-0.002108321843619046,-0.0001773964312260126,-1.3062870061977642e-05,0.0001773964312260126
fresh,0.2,1.0,606,20,captured_action,6,0.2,0.0006377332372145729,0.0007044930802176523,0.0006412432326274649,0.0006377332372145729,-3.5099954128920427e-06,6.675984300307945e-05,3.5099954128920427e-06
fresh,0.2,1.0,606,21,position,7,0.15000000000000002,-0.005617267886526099,-0.005823743161938051,-0.0053008837077569305,-0.005617267886526099,-0.00031638417876916815,-0.00020647527541195216,0.00031638417876916815
fresh,0.2,1.0,606,22,velocity,7,0.15000000000000002,-0.0034018675376885363,-0.003537233814690225,-0.003219658658947186,-0.0034018675376885363,-0.0001822088787413502,-0.00013536627700168856,0.0001822088787413502
fresh,0.2,1.0,606,23,captured_action,7,0.15000000000000002,0.0005434028748155791,0.0005743253381769803,0.0005227620352476542,0.0005434028748155791,2.0640839567924994e-05,3.092246336140118e-05,-2.0640839567924994e-05
fresh,0.2,1.0,606,24,position,8,0.1,-0.007589988784954992,-0.008038285934023011,-0.007316603387394977,-0.007589988784954992,-0.0002733853975600154,-0.0004482971490680186,0.0002733853975600154
fresh,0.2,1.0,606,25,velocity,8,0.1,-0.004247987330522812,-0.004516697076571131,-0.004111185071235452,-0.004247987330522812,-0.00013680225928735992,-0.0002687097460483184,0.00013680225928735992
fresh,0.2,1.0,606,26,captured_action,8,0.1,-0.00013592803724498266,-0.0001763786543606125,-0.00016054326389371894,-0.00013592803724498266,2.4615226648736285e-05,-4.0450617115629845e-05,-2.4615226648736285e-05
fresh,0.2,1.0,606,27,position,9,0.05,-0.015142976930298292,-0.016185914230844558,-0.01473273230903991,-0.015142976930298292,-0.0004102446212583821,-0.0010429373005462657,0.0004102446212583821
fresh,0.2,1.0,606,28,velocity,9,0.05,-0.011045176667832179,-0.011880656826890136,-0.010814003718899406,-0.011045176667832179,-0.0002311729489327726,-0.0008354801590579573,0.0002311729489327726
fresh,0.2,1.0,606,29,captured_action,9,0.05,-0.0033839911831149805,-0.0036913127145288124,-0.0033599042548040745,-0.0033839911831149805,-2.4086928310905996e-05,-0.00030732153141383193,2.4086928310905996e-05
fresh,0.2,1.0,606,30,position,10,0.0,-0.08210689328351221,-0.08853323876260087,-0.08058466692330025,-0.08210689328351221,-0.001522226360211959,-0.006426345479088658,0.001522226360211959
fresh,0.2,1.0,606,31,velocity,10,0.0,-0.10971400249224014,-0.1190751989760898,-0.10838455005632741,-0.10971400249224014,-0.0013294524359127313,-0.009361196483849657,0.0013294524359127313
fresh,0.2,1.0,606,32,captured_action,10,0.0,-0.010482333256789263,-0.011762869501966408,-0.010706791416724206,-0.010482333256789263,0.00022445815993494232,-0.0012805362451771447,-0.00022445815993494232
fresh,0.2,1.0,606,33,held_action,,0.0,0.01633018546991121,0.01939553883643066,0.017654194727053756,0.01633018546991121,-0.0013240092571425444,0.00306535336651945,0.0013240092571425444
fresh,0.2,1.0,707,0,position,0,0.5,-0.0007507597323421329,-0.0008536356331770953,-0.0008007348373922468,-0.0007507597323421329,4.997510505011385e-05,-0.00010287590083496239,-4.997510505011385e-05
fresh,0.2,1.0,707,1,velocity,0,0.5,0.00019925587237385362,0.00018814506421998233,0.00017648549515632348,0.00019925587237385362,2.2770377217530135e-05,-1.1110808153871291e-05,-2.2770377217530135e-05
fresh,0.2,1.0,707,2,captured_action,0,0.5,0.00017791488507592403,0.0001285939989381423,0.00012062487884451988,0.00017791488507592403,5.729000623140415e-05,-4.932088613778172e-05,-5.729000623140415e-05
fresh,0.2,1.0,707,3,position,1,0.45,-0.001717622968194492,-0.0018444240645397768,-0.0017301229541049493,-0.001717622968194492,1.249998591045724e-05,-0.00012680109634528479,-1.249998591045724e-05
fresh,0.2,1.0,707,4,velocity,1,0.45,-0.0004470923280684712,-0.0004906219572942583,-0.0004602175423874104,-0.0004470923280684712,1.3125214318939176e-05,-4.3529629225787085e-05,-1.3125214318939176e-05
fresh,0.2,1.0,707,5,captured_action,1,0.45,7.317073897070771e-05,3.789492671203742e-05,3.5546533906767296e-05,7.317073897070771e-05,3.7624205063940415e-05,-3.5275812258670294e-05,-3.7624205063940415e-05
fresh,0.2,1.0,707,6,position,2,0.4,-0.0024400609360116336,-0.0025903210495126423,-0.002429795832977973,-0.0024400609360116336,-1.0265103033660784e-05,-0.00015026011350100866,1.0265103033660784e-05
fresh,0.2,1.0,707,7,velocity,2,0.4,-0.0009114868930051146,-0.0009733041008283385,-0.0009129873105335808,-0.0009114868930051146,1.5004175284662104e-06,-6.181720782322394e-05,-1.5004175284662104e-06
fresh,0.2,1.0,707,8,captured_action,2,0.4,7.568281286466684e-05,4.8500256928700984e-05,4.54946394408874e-05,7.568281286466684e-05,3.0188173423779436e-05,-2.7182555935965853e-05,-3.0188173423779436e-05
fresh,0.2,1.0,707,9,position,3,0.35000000000000003,-0.0032705789451383275,-0.0034497554070174784,-0.0032359700409883073,-0.0032705789451383275,-3.460890415002025e-05,-0.00017917646187915089,3.460890415002025e-05
fresh,0.2,1.0,707,10,velocity,3,0.35000000000000003,-0.0014498835092624268,-0.0015350698935343535,-0.0014399398218770906,-0.0014498835092624268,-9.943687385336256e-06,-8.518638427192668e-05,9.943687385336256e-06
fresh,0.2,1.0,707,11,captured_action,3,0.35000000000000003,5.910988271595898e-05,3.49653705855453e-05,3.279852579018078e-05,5.910988271595898e-05,2.63113569257782e-05,-2.4144512130413684e-05,-2.63113569257782e-05
fresh,0.2,1.0,707,12,position,4,0.30000000000000004,-0.004081260036311516,-0.004292269039317616,-0.004026272120869551,-0.004081260036311516,-5.4987915441964685e-05,-0.00021100900300609956,5.4987915441964685e-05
fresh,0.2,1.0,707,13,velocity,4,0.30000000000000004,-0.0018370691959856329,-0.0019515854941953405,-0.0018306434649821785,-0.0018370691959856329,-6.42573100345439e-06,-0.00011451629820970763,6.42573100345439e-06
fresh,0.2,1.0,707,14,captured_action,4,0.30000000000000004,0.0001862531741590119,0.00016546184031794185,0.00015520797709497967,0.0001862531741590119,3.1045197064032246e-05,-2.079133384107006e-05,-3.1045197064032246e-05
fresh,0.2,1.0,707,15,position,5,0.25,-0.005262217228780886,-0.005527719215118972,-0.005185160008368606,-0.005262217228780886,-7.705722041228061e-05,-0.00026550198633808544,7.705722041228061e-05
fresh,0.2,1.0,707,16,velocity,5,0.25,-0.002533263023959121,-0.0026944950111894126,-0.002527514012751344,-0.002533263023959121,-5.749011207777099e-06,-0.0001612319872302914,5.749011207777099e-06
fresh,0.2,1.0,707,17,captured_action,5,0.25,0.00027821925167187606,0.00025605206329591484,0.00024018421829945816,0.00027821925167187606,3.8035033372417904e-05,-2.2167188375961226e-05,-3.8035033372417904e-05
fresh,0.2,1.0,707,18,position,6,0.2,-0.006862707321981235,-0.007206321095753395,-0.006759736972703545,-0.006862707321981235,-0.00010297034927769008,-0.0003436137737721596,0.00010297034927769008
fresh,0.2,1.0,707,19,velocity,6,0.2,-0.0037596265275618374,-0.003986765414983541,-0.0037397009124449185,-0.0037596265275618374,-1.9925615116918836e-05,-0.00022713888742170382,1.9925615116918836e-05
fresh,0.2,1.0,707,20,captured_action,6,0.2,0.00018079669101074948,0.00016120291982321368,0.00015121298687049688,0.00018079669101074948,2.9583704140252607e-05,-1.95937711875358e-05,-2.9583704140252607e-05
fresh,0.2,1.0,707,21,position,7,0.15000000000000002,-0.008586422342597908,-0.009020882007763633,-0.008461847428670663,-0.008586422342597908,-0.0001245749139272452,-0.00043445966516572447,0.0001245749139272452
fresh,0.2,1.0,707,22,velocity,7,0.15000000000000002,-0.005194042289359991,-0.005537447040012718,-0.005194284988608106,-0.005194042289359991,2.4269924811526344e-07,-0.0003434047506527269,-2.4269924811526344e-07
fresh,0.2,1.0,707,23,captured_action,7,0.15000000000000002,0.00025904275325674844,0.00023222070443721347,0.00021782971654378972,0.00025904275325674844,4.121303671295872e-05,-2.682204881953497e-05,-4.121303671295872e-05
fresh,0.2,1.0,707,24,position,8,0.1,-0.013120130545763725,-0.013826220624650479,-0.012969393606993455,-0.013120130545763725,-0.00015073693877027013,-0.0007060900788867543,0.00015073693877027013
fresh,0.2,1.0,707,25,velocity,8,0.1,-0.009264254923862104,-0.009891375353700162,-0.00927839528670146,-0.009264254923862104,1.4140362839355075e-05,-0.0006271204298380576,-1.4140362839355075e-05
fresh,0.2,1.0,707,26,captured_action,8,0.1,0.00021743928956634187,0.00017734584781195636,0.00016635551878424953,0.00021743928956634187,5.108377078209234e-05,-4.009344175438551e-05,-5.108377078209234e-05
fresh,0.2,1.0,707,27,position,9,0.05,-0.022762087537794566,-0.024048448169299498,-0.02255813778849713,-0.022762087537794566,-0.000203949749297435,-0.001286360631504932,0.000203949749297435
fresh,0.2,1.0,707,28,velocity,9,0.05,-0.018076183386624062,-0.019323197158862746,-0.018125716094246392,-0.018076183386624062,4.9532707622330224e-05,-0.0012470137722386844,-4.9532707622330224e-05
fresh,0.2,1.0,707,29,captured_action,9,0.05,0.0001444592661057234,3.932150316156638e-05,3.688470374990012e-05,0.0001444592661057234,0.00010757456235582327,-0.00010513776294415701,-0.00010757456235582327
fresh,0.2,1.0,707,30,position,10,0.0,-0.0696954222534281,-0.07333736613511901,-0.06879256402221597,-0.0696954222534281,-0.0009028582312121392,-0.0036419438816909094,0.0009028582312121392
fresh,0.2,1.0,707,31,velocity,10,0.0,-0.11786122789719973,-0.12489201502933647,-0.11715231119617361,-0.11786122789719973,-0.000708916701026116,-0.007030787132136743,0.000708916701026116
fresh,0.2,1.0,707,32,captured_action,10,0.0,-0.009556239991379435,-0.010575412964920018,-0.009920042289359653,-0.009556239991379435,0.0003638022979802185,-0.0010191729735405837,-0.0003638022979802185
fresh,0.2,1.0,707,33,held_action,,0.0,0.006065693131424784,0.007325086402113778,0.006871142254512573,0.006065693131424784,-0.0008054491230877888,0.001259393270688994,0.0008054491230877888
fresh,0.2,1.0,808,0,position,0,0.5,-0.0011140768214980596,-0.0009662242778093452,-0.0008622196166317707,-0.0011140768214980596,-0.00025185720486628883,0.00014785254368871435,0.00025185720486628883
fresh,0.2,1.0,808,1,velocity,0,0.5,-0.0009877352032747028,-0.0009046644775152581,-0.0008072861310751498,-0.0009877352032747028,-0.00018044907219955304,8.30707257594447e-05,0.00018044907219955304
fresh,0.2,1.0,808,2,captured_action,0,0.5,-0.0005467467468931317,-0.0004913029321010339,-0.00043841894215972604,-0.0005467467468931317,-0.0001083278047334057,5.5443814792097796e-05,0.0001083278047334057
fresh,0.2,1.0,808,3,position,1,0.45,-0.001245992464872473,-0.0011198111970910337,-0.0009992743954280062,-0.001245992464872473,-0.0002467180694444668,0.00012618126778143933,0.0002467180694444668
fresh,0.2,1.0,808,4,velocity,1,0.45,-0.0008473499403542413,-0.0008146414065520357,-0.0007269531695499995,-0.0008473499403542413,-0.00012039677080424177,3.270853380220556e-05,0.00012039677080424177
fresh,0.2,1.0,808,5,captured_action,1,0.45,-0.0005231347080475638,-0.0004961658448535498,-0.00044275840957478025,-0.0005231347080475638,-8.037629847278355e-05,2.6968863194014032e-05,8.037629847278355e-05
fresh,0.2,1.0,808,6,position,2,0.4,-0.001849240794019394,-0.001715071508409141,-0.0015304607143895343,-0.001849240794019394,-0.0003187800796298596,0.00013416928561025285,0.0003187800796298596
fresh,0.2,1.0,808,7,velocity,2,0.4,-0.0010557558238443257,-0.0010473708404604596,-0.0009346315397710437,-0.0010557558238443257,-0.00012112428407328195,8.384983383866043e-06,0.00012112428407328195
fresh,0.2,1.0,808,8,captured_action,2,0.4,-0.0006100285910402217,-0.0006006167486291857,-0.0005359661878086876,-0.0006100285910402217,-7.406240323153416e-05,9.411842411036079e-06,7.406240323153416e-05
fresh,0.2,1.0,808,9,position,3,0.35000000000000003,-0.0022414368319925745,-0.0021073694598981118,-0.0018805316007319203,-0.0022414368319925745,-0.0003609052312606542,0.00013406737209446275,0.0003609052312606542
fresh,0.2,1.0,808,10,velocity,3,0.35000000000000003,-0.0010579503286446722,-0.00105547026114027,-0.0009418591364624855,-0.0010579503286446722,-0.00011609119218218675,2.4800675044022585e-06,0.00011609119218218675
fresh,0.2,1.0,808,11,captured_action,3,0.35000000000000003,-0.0007094634814726905,-0.000709563501106087,-0.0006331858802872135,-0.0007094634814726905,-7.627760118547697e-05,-1.0001963339652774e-07,7.627760118547697e-05
fresh,0.2,1.0,808,12,position,4,0.30000000000000004,-0.002767506058720566,-0.0026332203136789694,-0.002349779716273357,-0.002767506058720566,-0.00041772634244720925,0.0001342857450415966,0.00041772634244720925
fresh,0.2,1.0,808,13,velocity,4,0.30000000000000004,-0.001214959047741243,-0.0012363383381648932,-0.0011032585212788829,-0.001214959047741243,-0.0001117005264623602,-2.1379290423650162e-05,0.0001117005264623602
fresh,0.2,1.0,808,14,captured_action,4,0.30000000000000004,-0.0007760353403023942,-0.000781022404841096,-0.0006969529269226154,-0.0007760353403023942,-7.908241337977883e-05,-4.9870645387017735e-06,7.908241337977883e-05
fresh,0.2,1.0,808,15,position,5,0.25,-0.0030181729848873058,-0.0028950454052937965,-0.002583421879176305,-0.0030181729848873058,-0.00043475110571100086,0.00012312757959350926,0.00043475110571100086
fresh,0.2,1.0,808,16,velocity,5,0.25,-0.001034136398458575,-0.0010848193692893414,-0.0009680490981079844,-0.001034136398458575,-6.608730035059047e-05,-5.06829708307665e-05,6.608730035059047e-05
fresh,0.2,1.0,808,17,captured_action,5,0.25,-0.0006600587358563889,-0.0006822155076268889,-0.0006087816327488018,-0.0006600587358563889,-5.12771031075871e-05,-2.2156771770500002e-05,5.12771031075871e-05
fresh,0.2,1.0,808,18,position,6,0.2,-0.0039155112785273245,-0.003795404396076077,-0.0033868659673577097,-0.0039155112785273245,-0.0005286453111696147,0.00012010688245124752,0.0005286453111696147
fresh,0.2,1.0,808,19,velocity,6,0.2,-0.0011628313679244433,-0.0012373391521956825,-0.0011041516073974633,-0.0011628313679244433,-5.867976052698e-05,-7.450778427123923e-05,5.867976052698e-05
fresh,0.2,1.0,808,20,captured_action,6,0.2,-0.0007489092495259203,-0.0007938077850470462,-0.0007083620850992857,-0.0007489092495259203,-4.054716442663457e-05,-4.4898535521125955e-05,4.054716442663457e-05
fresh,0.2,1.0,808,21,position,7,0.15000000000000002,-0.0050435974466570875,-0.004955288305071286,-0.004421899636371503,-0.0050435974466570875,-0.0006216978102855843,8.83091415858012e-05,0.0006216978102855843
fresh,0.2,1.0,808,22,velocity,7,0.15000000000000002,-0.0013841918180357519,-0.001500438683343655,-0.0013389310287930053,-0.0013841918180357519,-4.526078924274655e-05,-0.00011624686530790321,4.526078924274655e-05
fresh,0.2,1.0,808,23,captured_action,7,0.15000000000000002,-0.0011794408392039979,-0.0012379343443140417,-0.0011046827328637758,-0.0011794408392039979,-7.475810634022207e-05,-5.849350511004381e-05,7.475810634022207e-05
fresh,0.2,1.0,808,24,position,8,0.1,-0.007966238864371733,-0.00801211562349553,-0.00714968917668084,-0.007966238864371733,-0.0008165496876908927,-4.587675912379706e-05,0.0008165496876908927
fresh,0.2,1.0,808,25,velocity,8,0.1,-0.0023045549370558443,-0.0025468053572604765,-0.002272666490798074,-0.0023045549370558443,-3.18884462577702e-05,-0.00024225042020463222,3.18884462577702e-05
fresh,0.2,1.0,808,26,captured_action,8,0.1,-0.0014993400225769057,-0.0015821056782686044,-0.0014118073647253887,-0.0014993400225769057,-8.753265785151694e-05,-8.276565569169869e-05,8.753265785151694e-05
fresh,0.2,1.0,808,27,position,9,0.05,-0.015243645745812532,-0.015768648353465555,-0.01407130647653736,-0.015243645745812532,-0.0011723392692751713,-0.0005250026076530235,0.0011723392692751713
fresh,0.2,1.0,808,28,velocity,9,0.05,-0.005649878356350496,-0.006319754302344255,-0.0056394941184136176,-0.005649878356350496,-1.03842379368781e-05,-0.0006698759459937594,1.03842379368781e-05
fresh,0.2,1.0,808,29,captured_action,9,0.05,-0.002959128870532761,-0.003125169762447275,-0.002788775583858994,-0.002959128870532761,-0.00017035328667376701,-0.00016604089191451414,0.00017035328667376701
fresh,0.2,1.0,808,30,position,10,0.0,-0.0895033237763028,-0.09772804149670258,-0.0872085667982847,-0.0895033237763028,-0.002294756978018092,-0.008224717720399788,0.002294756978018092
fresh,0.2,1.0,808,31,velocity,10,0.0,-0.1056329116526341,-0.11726547543557694,-0.10464298568800418,-0.1056329116526341,-0.0009899259646299202,-0.011632563782942848,0.0009899259646299202
fresh,0.2,1.0,808,32,captured_action,10,0.0,-0.01275762241330389,-0.01266799899829665,-0.011304411916213756,-0.01275762241330389,-0.0014532104970901346,8.962341500724086e-05,0.0014532104970901346
fresh,0.2,1.0,808,33,held_action,,0.0,0.022660903139944236,0.02571725667351617,0.02294904371491616,0.022660903139944236,-0.00028814057497192347,0.0030563535335719344,0.00028814057497192347
fresh,0.2,1.0,909,0,position,0,0.5,-0.002209157560068554,-0.0023621973229245516,-0.0022063753274486815,-0.002209157560068554,-2.7822326198723678e-06,-0.00015303976285599777,2.7822326198723678e-06
fresh,0.2,1.0,909,1,velocity,0,0.5,-0.0009868377458135899,-0.0011656144587299676,-0.0010887248741249175,-0.0009868377458135899,0.00010188712831132765,-0.0001787767129163777,-0.00010188712831132765
fresh,0.2,1.0,909,2,captured_action,0,0.5,-0.0003465695768485439,-0.00035544901759953617,-0.0003320018759595122,-0.0003465695768485439,-1.4567700889031707e-05,-8.879440750992284e-06,1.4567700889031707e-05
fresh,0.2,1.0,909,3,position,1,0.45,-0.0025799668771744485,-0.00273573713385709,-0.0025552746402465742,-0.0025799668771744485,-2.4692236927874225e-05,-0.00015577025668264168,2.4692236927874225e-05
fresh,0.2,1.0,909,4,velocity,1,0.45,-0.0012665659278017268,-0.0014362436330521854,-0.0013415020351679628,-0.0012665659278017268,7.493610736623597e-05,-0.00016967770525045853,-7.493610736623597e-05
fresh,0.2,1.0,909,5,captured_action,1,0.45,-0.0004649861260295902,-0.0004792125164122593,-0.0004476013339595068,-0.0004649861260295902,-1.7384792070083413e-05,-1.4226390382669058e-05,1.7384792070083413e-05
fresh,0.2,1.0,909,6,position,2,0.4,-0.0028697924882554403,-0.0030384468671996695,-0.002838016171000129,-0.0028697924882554403,-3.1776317255311284e-05,-0.00016865437894422915,3.1776317255311284e-05
fresh,0.2,1.0,909,7,velocity,2,0.4,-0.0015000953527864842,-0.0016824940210585515,-0.0015715085529127398,-0.0015000953527864842,7.141320012625562e-05,-0.0001823986682720673,-7.141320012625562e-05
fresh,0.2,1.0,909,8,captured_action,2,0.4,-0.00039774251701396406,-0.00041542384181688437,-0.00038802046980729435,-0.00039774251701396406,-9.722047206669711e-06,-1.7681324802920314e-05,9.722047206669711e-06
fresh,0.2,1.0,909,9,position,3,0.35000000000000003,-0.0033123238379931114,-0.0035162573338798947,-0.003284307941229885,-0.0033123238379931114,-2.8015896763226335e-05,-0.00020393349588678335,2.8015896763226335e-05
fresh,0.2,1.0,909,10,velocity,3,0.35000000000000003,-0.0018183996909551193,-0.002035354638373771,-0.0019010927720281546,-0.0018183996909551193,8.269308107303522e-05,-0.00021695494741865167,-8.269308107303522e-05
fresh,0.2,1.0,909,11,captured_action,3,0.35000000000000003,-0.0004395802684242139,-0.0004633599658678791,-0.0004327944945567129,-0.0004395802684242139,-6.7857738675010425e-06,-2.377969744366519e-05,6.7857738675010425e-06
fresh,0.2,1.0,909,12,position,4,0.30000000000000004,-0.004208611011640487,-0.004444369873687232,-0.004151197675230336,-0.004208611011640487,-5.7413336410151554e-05,-0.00023575886204674473,5.7413336410151554e-05
fresh,0.2,1.0,909,13,velocity,4,0.30000000000000004,-0.0024142104827844157,-0.002672472119526237,-0.00249618289318733,-0.0024142104827844157,8.197241040291438e-05,-0.00025826163674182124,-8.197241040291438e-05
fresh,0.2,1.0,909,14,captured_action,4,0.30000000000000004,-0.0005383217047226357,-0.000557701401448982,-0.0005209127113551844,-0.0005383217047226357,-1.7408993367451346e-05,-1.9379696726346245e-05,1.7408993367451346e-05
fresh,0.2,1.0,909,15,position,5,0.25,-0.005026394889173567,-0.005295699436545935,-0.0049463694099495985,-0.005026394889173567,-8.002547922396873e-05,-0.00026930454737236764,8.002547922396873e-05
fresh,0.2,1.0,909,16,velocity,5,0.25,-0.0029904167914264106,-0.003285334143300259,-0.0030686175646106105,-0.0029904167914264106,7.820077318419988e-05,-0.0002949173518738482,-7.820077318419988e-05
fresh,0.2,1.0,909,17,captured_action,5,0.25,-0.0005259946197822297,-0.0005459728411521777,-0.0005099578237959499,-0.0005259946197822297,-1.60367959862798e-05,-1.997822136994801e-05,1.60367959862798e-05
fresh,0.2,1.0,909,18,position,6,0.2,-0.006127970340873971,-0.006469719575568409,-0.006042945484915285,-0.006127970340873971,-8.502485595868626e-05,-0.00034174923469443806,8.502485595868626e-05
fresh,0.2,1.0,909,19,velocity,6,0.2,-0.003797251294665309,-0.004155838527203852,-0.0038816992561531713,-0.003797251294665309,8.44479614878625e-05,-0.00035858723253854316,-8.44479614878625e-05
fresh,0.2,1.0,909,20,captured_action,6,0.2,-0.0006522036433753795,-0.0006881373131773783,-0.0006427444375441313,-0.0006522036433753795,-9.45920583124817e-06,-3.593366980199873e-05,9.45920583124817e-06
fresh,0.2,1.0,909,21,position,7,0.15000000000000002,-0.008005873370980276,-0.008418744923413629,-0.007863403665239422,-0.008005873370980276,-0.00014246970574085388,-0.00041287155243335295,0.00014246970574085388
fresh,0.2,1.0,909,22,velocity,7,0.15000000000000002,-0.005286051397353447,-0.005787981341089066,-0.005406178011793528,-0.005286051397353447,0.0001201266144400812,-0.0005019299437356191,-0.0001201266144400812
fresh,0.2,1.0,909,23,captured_action,7,0.15000000000000002,-0.0005631800940797825,-0.0005592676791883303,-0.0005223756698161447,-0.0005631800940797825,-4.0804424263637864e-05,3.912414891452261e-06,4.0804424263637864e-05
fresh,0.2,1.0,909,24,position,8,0.1,-0.011693420273533935,-0.012295207351155997,-0.011484155824827641,-0.011693420273533935,-0.00020926444870629328,-0.0006017870776220628,0.00020926444870629328
fresh,0.2,1.0,909,25,velocity,8,0.1,-0.007777998878049095,-0.00844816830007768,-0.007890886133233,-0.007777998878049095,0.00011288725518390601,-0.0006701694220285857,-0.00011288725518390601
fresh,0.2,1.0,909,26,captured_action,8,0.1,-0.0006443303435178085,-0.0006500061637307555,-0.0006071286037059461,-0.0006443303435178085,-3.720173981186243e-05,-5.675820212946948e-06,3.720173981186243e-05
fresh,0.2,1.0,909,27,position,9,0.05,-0.020492186145287326,-0.02141973854813486,-0.020006788676949015,-0.020492186145287326,-0.0004853974683383111,-0.0009275524028475347,0.0004853974683383111
fresh,0.2,1.0,909,28,velocity,9,0.05,-0.014940357376669473,-0.016078945553226063,-0.015018300298514808,-0.014940357376669473,7.794292184533543e-05,-0.00113858817655659,-7.794292184533543e-05
fresh,0.2,1.0,909,29,captured_action,9,0.05,-0.0005052177530651665,-0.0004331631995993701,-0.0004045896534890385,-0.0005052177530651665,-0.00010062809957612801,7.205455346579641e-05,0.00010062809957612801
fresh,0.2,1.0,909,30,position,10,0.0,-0.0861404691105676,-0.0894546077008592,-0.08355374779335509,-0.0861404691105676,-0.0025867213172125064,-0.0033141385902916015,0.0025867213172125064
fresh,0.2,1.0,909,31,velocity,10,0.0,-0.12287085187628817,-0.12891825261679804,-0.12041417923518012,-0.12287085187628817,-0.0024566726411080486,-0.00604740074050987,0.0024566726411080486
fresh,0.2,1.0,909,32,captured_action,10,0.0,-0.007863354135106746,-0.007408629170526632,-0.006919920047927616,-0.007863354135106746,-0.0009434340871791302,0.00045472496458011467,0.0009434340871791302
fresh,0.2,1.0,909,33,held_action,,0.0,-0.0008574208826183896,0.0012320630460609643,0.0011507901902643063,-0.0008574208826183894,-0.0020082110728826957,0.002089483928679354,0.0020082110728826957
fresh,0.2,1.0,1010,0,position,0,0.5,-0.0012678762623842016,-0.0013523813882863728,-0.0012600158651257156,-0.0012678762623842016,-7.860397258486031e-06,-8.45051259021712e-05,7.860397258486031e-06
fresh,0.2,1.0,1010,1,velocity,0,0.5,-0.000674365334072233,-0.0008057556410750307,-0.000750723797268122,-0.000674365334072233,7.635846319588898e-05,-0.00013139030700279775,-7.635846319588898e-05
fresh,0.2,1.0,1010,2,captured_action,0,0.5,-8.747685712831083e-05,-0.00011487476352203916,-0.00010702899773246802,-8.747685712831083e-05,1.9552140604157188e-05,-2.7397906393728324e-05,-1.9552140604157188e-05
fresh,0.2,1.0,1010,3,position,1,0.45,-0.0018282411393074887,-0.0019099303860476606,-0.0017794851426897475,-0.0018282411393074887,-4.875599661774118e-05,-8.168924674017194e-05,4.875599661774118e-05
fresh,0.2,1.0,1010,4,velocity,1,0.45,-0.0013333688155566167,-0.0014610564798821603,-0.0013612686187799137,-0.0013333688155566167,2.789980322329697e-05,-0.0001276876643255436,-2.789980322329697e-05
fresh,0.2,1.0,1010,5,captured_action,1,0.45,-0.00020949712690023853,-0.0002517403202494836,-0.0002345468520593171,-0.00020949712690023853,2.504972515907856e-05,-4.224319334924506e-05,-2.504972515907856e-05
fresh,0.2,1.0,1010,6,position,2,0.4,-0.0021493283988664774,-0.0022331401511687856,-0.002080620188870919,-0.0021493283988664774,-6.870820999555849e-05,-8.381175230230816e-05,6.870820999555849e-05
fresh,0.2,1.0,1010,7,velocity,2,0.4,-0.0015749647404900463,-0.0016958655339333203,-0.0015800405835098607,-0.0015749647404900463,5.075843019814331e-06,-0.00012090079344327393,-5.075843019814331e-06
fresh,0.2,1.0,1010,8,captured_action,2,0.4,-0.0002618837928230351,-0.00030059559312618463,-0.0002800653865887601,-0.0002618837928230351,1.818159376572499e-05,-3.871180030314952e-05,-1.818159376572499e-05
fresh,0.2,1.0,1010,9,position,3,0.35000000000000003,-0.0027771281053480352,-0.0028515658718035715,-0.0026568084048216025,-0.0027771281053480352,-0.00012031970052643268,-7.44377664555363e-05,0.00012031970052643268
fresh,0.2,1.0,1010,10,velocity,3,0.35000000000000003,-0.0020269010740284715,-0.002155448447841465,-0.002008234706765826,-0.0020269010740284715,-1.8666367262645724e-05,-0.0001285473738129937,1.8666367262645724e-05
fresh,0.2,1.0,1010,11,captured_action,3,0.35000000000000003,-0.0004992656818285223,-0.0005449979355725767,-0.000507775433195178,-0.0004992656818285223,8.509751366655711e-06,-4.5732253744054457e-05,-8.509751366655711e-06
fresh,0.2,1.0,1010,12,position,4,0.30000000000000004,-0.0036363323651479773,-0.0037236762646448785,-0.0034693550286060875,-0.0036363323651479773,-0.00016697733654188985,-8.734389949690115e-05,0.00016697733654188985
fresh,0.2,1.0,1010,13,velocity,4,0.30000000000000004,-0.0025740312292943037,-0.0027222453222961484,-0.002536320245580813,-0.0025740312292943037,-3.77109837134907e-05,-0.00014821409300184475,3.77109837134907e-05
fresh,0.2,1.0,1010,14,captured_action,4,0.30000000000000004,-0.0006492083084529178,-0.0007056833195922593,-0.0006574862580499674,-0.0006492083084529178,8.27794959704965e-06,-5.647501113934146e-05,-8.27794959704965e-06
fresh,0.2,1.0,1010,15,position,5,0.25,-0.004726373110289779,-0.00482659265067723,-0.00449694395902518,-0.004726373110289779,-0.00022942915126459868,-0.00010021954038745128,0.00022942915126459868
fresh,0.2,1.0,1010,16,velocity,5,0.25,-0.003173331326859914,-0.0033458937493896484,-0.003117374465348077,-0.003173331326859914,-5.595686151183693e-05,-0.00017256242252973453,5.595686151183693e-05
fresh,0.2,1.0,1010,17,captured_action,5,0.25,-0.0009293170911685645,-0.0009989944146756977,-0.000930764666362601,-0.0009293170911685645,1.447575194036513e-06,-6.967732350713317e-05,-1.447575194036513e-06
fresh,0.2,1.0,1010,18,position,6,0.2,-0.006260740552829614,-0.00637094634295098,-0.005935820721516048,-0.006260740552829614,-0.0003249198313135665,-0.00011020579012136541,0.0003249198313135665
fresh,0.2,1.0,1010,19,velocity,6,0.2,-0.004330778213699261,-0.0045676666412823985,-0.004255702189094749,-0.004330778213699261,-7.507602460451231e-05,-0.0002368884275831375,7.507602460451231e-05
fresh,0.2,1.0,1010,20,captured_action,6,0.2,-0.0014125288959295212,-0.0015090221709101706,-0.0014059583285026959,-0.0014125288959295212,-6.570567426825375e-06,-9.649327498064937e-05,6.570567426825375e-06
fresh,0.2,1.0,1010,21,position,7,0.15000000000000002,-0.009564559364892283,-0.009717461581778594,-0.009053774229550329,-0.009564559364892283,-0.0005107851353419544,-0.0001529022168863109,0.0005107851353419544
fresh,0.2,1.0,1010,22,velocity,7,0.15000000000000002,-0.006059139570719848,-0.006393690570735476,-0.005957011554292009,-0.006059139570719848,-0.00010212801642783906,-0.0003345510000156279,0.00010212801642783906
fresh,0.2,1.0,1010,23,captured_action,7,0.15000000000000002,-0.0025392303465256874,-0.002693052381869971,-0.0025091211371005766,-0.0025392303465256874,-3.0109209425110885e-05,-0.00015382203534428356,3.0109209425110885e-05
fresh,0.2,1.0,1010,24,position,8,0.1,-0.013652830576953804,-0.013850898787571148,-0.012904904171081782,-0.013652830576953804,-0.0007479264058720212,-0.0001980682106173439,0.0007479264058720212
fresh,0.2,1.0,1010,25,velocity,8,0.1,-0.008547669675321369,-0.009024707118835061,-0.008408333807561424,-0.008547669675321369,-0.0001393358677599446,-0.0004770374435136924,0.0001393358677599446
fresh,0.2,1.0,1010,26,captured_action,8,0.1,-0.003973127292660691,-0.004196313840847343,-0.003909712201240856,-0.003973127292660691,-6.341509141983507e-05,-0.00022318654818665254,6.341509141983507e-05
fresh,0.2,1.0,1010,27,position,9,0.05,-0.020845907452718634,-0.021279962778208785,-0.01982657476808604,-0.020845907452718634,-0.001019332684632595,-0.00043405532549015136,0.001019332684632595
fresh,0.2,1.0,1010,28,velocity,9,0.05,-0.01422505421991417,-0.01509199671743827,-0.014061237063084075,-0.01422505421991417,-0.00016381715683009418,-0.0008669424975241008,0.00016381715683009418
fresh,0.2,1.0,1010,29,captured_action,9,0.05,-0.007451662825187388,-0.007873429270024749,-0.0073356864262580515,-0.007451662825187388,-0.00011597639892933689,-0.00042176644483736016,0.00011597639892933689
fresh,0.2,1.0,1010,30,position,10,0.0,-0.07895890951283724,-0.08195644556173566,-0.07635894914817612,-0.07895890951283724,-0.002599960364661119,-0.002997536048898422,0.002599960364661119
fresh,0.2,1.0,1010,31,velocity,10,0.0,-0.09816292516133715,-0.1038417284622363,-0.09674950162563749,-0.09816292516133715,-0.0014134235356996622,-0.005678803300899149,0.0014134235356996622
fresh,0.2,1.0,1010,32,captured_action,10,0.0,-0.02330195155612397,-0.024755725804335816,-0.023064948642697543,-0.02330195155612397,-0.0002370029134264283,-0.0014537742482118449,0.0002370029134264283
fresh,0.2,1.0,1010,33,held_action,,0.0,0.030226377395800592,0.0340857009936433,0.03175770119133537,0.030226377395800592,-0.001531323795534778,0.0038593235978427107,0.001531323795534778
