tau,noise_tau,seed,delay,delay_over_tau,group_size,unique_rollouts,task_failures,censored,alternative_matched_recovery_energy,alternative_matched_recovery_absolute,alternative_matched_recovery_percent,alternative_matched_recovery_passive_ratio,alternative_matched_position_rms,alternative_matched_position_rms_absolute,alternative_matched_action_rms,alternative_matched_action_rms_absolute,alternative_matched_position_mean,alternative_matched_position_mean_absolute,alternative_matched_action_mean,alternative_matched_action_mean_absolute,alternative_matched_saturation_fraction,alternative_matched_saturation_fraction_absolute,alternative_matched_position_rms_percent,alternative_matched_action_rms_percent,alternative_matched_position_passive_ratio,alternative_matched_sham_task_failure_percent,alternative_matched_sham_censored_percent,alternative_matched_pulse_task_failure_percent,alternative_matched_pulse_censored_percent,alternative_matched_qualified,alternative_matched_shifted_immediate_output_rms,alternative_matched_shifted_weak_relative_magnitude_error,alternative_matched_shifted_response_direction_concordant,alternative_matched_shifted_command_change_cosine,alternative_matched_shifted_matched_on_shifted_histories,gain_matched_recovery_energy,gain_matched_recovery_absolute,gain_matched_recovery_percent,gain_matched_recovery_passive_ratio,gain_matched_position_rms,gain_matched_position_rms_absolute,gain_matched_action_rms,gain_matched_action_rms_absolute,gain_matched_position_mean,gain_matched_position_mean_absolute,gain_matched_action_mean,gain_matched_action_mean_absolute,gain_matched_saturation_fraction,gain_matched_saturation_fraction_absolute,gain_matched_position_rms_percent,gain_matched_action_rms_percent,gain_matched_position_passive_ratio,gain_matched_sham_task_failure_percent,gain_matched_sham_censored_percent,gain_matched_pulse_task_failure_percent,gain_matched_pulse_censored_percent,gain_matched_qualified,gain_matched_shifted_immediate_output_rms,gain_matched_shifted_weak_relative_magnitude_error,gain_matched_shifted_response_direction_concordant,gain_matched_shifted_command_change_cosine,gain_matched_shifted_matched_on_shifted_histories,joint_strong_recovery_energy,joint_strong_recovery_absolute,joint_strong_recovery_percent,joint_strong_recovery_passive_ratio,joint_strong_position_rms,joint_strong_position_rms_absolute,joint_strong_action_rms,joint_strong_action_rms_absolute,joint_strong_position_mean,joint_strong_position_mean_absolute,joint_strong_action_mean,joint_strong_action_mean_absolute,joint_strong_saturation_fraction,joint_strong_saturation_fraction_absolute,joint_strong_position_rms_percent,joint_strong_action_rms_percent,joint_strong_position_passive_ratio,joint_strong_sham_task_failure_percent,joint_strong_sham_censored_percent,joint_strong_pulse_task_failure_percent,joint_strong_pulse_censored_percent,joint_weak_recovery_energy,joint_weak_recovery_absolute,joint_weak_recovery_percent,joint_weak_recovery_passive_ratio,joint_weak_position_rms,joint_weak_position_rms_absolute,joint_weak_action_rms,joint_weak_action_rms_absolute,joint_weak_position_mean,joint_weak_position_mean_absolute,joint_weak_action_mean,joint_weak_action_mean_absolute,joint_weak_saturation_fraction,joint_weak_saturation_fraction_absolute,joint_weak_position_rms_percent,joint_weak_action_rms_percent,joint_weak_position_passive_ratio,joint_weak_sham_task_failure_percent,joint_weak_sham_censored_percent,joint_weak_pulse_task_failure_percent,joint_weak_pulse_censored_percent,native_recovery_energy,native_recovery_absolute,native_recovery_percent,native_recovery_passive_ratio,native_position_rms,native_position_rms_absolute,native_action_rms,native_action_rms_absolute,native_position_mean,native_position_mean_absolute,native_action_mean,native_action_mean_absolute,native_saturation_fraction,native_saturation_fraction_absolute,native_position_rms_percent,native_action_rms_percent,native_position_passive_ratio,native_sham_task_failure_percent,native_sham_censored_percent,native_pulse_task_failure_percent,native_pulse_censored_percent,passive_recovery_energy,passive_position_rms,gain_matched_minus_weak_recovery_percent,gain_matched_minus_weak_recovery_absolute,gain_matched_minus_weak_position_rms_percent,gain_matched_minus_weak_action_rms_percent,alternative_matched_minus_weak_recovery_percent,alternative_matched_minus_weak_recovery_absolute,alternative_matched_minus_weak_position_rms_percent,alternative_matched_minus_weak_action_rms_percent
0.05,0.01,11,0.0,0.0,3,60,0,0,0.2022122579333008,-0.0013278574755779537,-0.6523812138508944,0.8218929732420985,0.02716120074607903,0.000653038393063507,0.2345799210670599,0.005603905366511314,0.004342168757951478,0.0073062547994957525,0.00408438697136888,0.007305632975473495,0.0,0.0,2.4635370206611773,2.4473765732040853,1.9394938870153857,0.0,0.0,0.0,0.0,True,0.00782685826413374,2.5900889205207744,True,-0.11224664467601059,False,0.20944316233318028,0.005903046924301519,2.900188452995245,0.8512830289053245,0.027860513351150917,0.001352350998135396,0.24273120930283607,0.013755193602287469,-0.003553357142433981,-0.000589271100889706,-0.0038050745186706393,-0.0005838285145660241,0.0,0.0,5.101639940656066,6.007263931204188,1.9894295483776887,0.0,0.0,0.0,0.0,True,0.01373761687194976,5.301285197963738,False,0.6629614443430422,False,0.19970244375262458,-0.003837671656254177,-1.8854620616407303,0.8116918179791888,0.02616877600110559,-0.0003393863519099323,0.22736695785744016,-0.0016090578431084412,-0.0010485150152394196,0.0019155710263048552,-0.0013166114673979845,0.0019046345367066306,0.0,0.0,-1.280308862569357,-0.702718945556613,1.868628031555124,0.0,0.0,0.0,0.0,0.20711204339529854,0.0035719279864197817,1.754901228804151,0.8418081815621503,0.02698580636865665,0.00047764401564113004,0.23035717348780277,0.0013811577872541725,-0.005156343750712545,-0.00219225770916827,-0.005411391254110758,-0.002190145250006143,0.0,0.0,1.8018752461231857,0.6031888462328938,1.9269695392883552,0.0,0.0,0.0,0.0,0.20354011540887876,0.0,0.0,0.8272900581656273,0.02650816235301552,0.0,0.2289760157005486,0.0,-0.002964086041544275,0.0,-0.003221246004104615,0.0,0.0,0.0,0.0,0.0,1.8928625181310088,0.0,0.0,0.0,0.0,0.2460323479049099,0.014004272417623538,1.1452872241910939,0.0023311189378817376,3.2997646945328807,5.404075084971294,-2.4072824426550454,-0.0048997854619977355,0.6616617745379916,1.8441877269711915
0.05,0.01,11,0.025,0.5,3,60,0,0,0.12599298071909654,-0.004727309957390874,-3.6163551449638676,0.5120992495173525,0.023445439697931905,-0.0003727439350827179,0.20538507684548696,0.0026925647054874546,-6.552636953490522e-05,0.005157877817345412,-0.00040862679801931744,0.0051520510234182,0.0,0.0,-1.5649553333951682,1.3283987045499268,1.6741633552077453,0.0,0.0,0.0,0.0,True,0.006230551948795835,0.9868793821861764,True,-0.19084304586967574,False,0.13462763446929754,0.003907343792810131,2.9890874420408053,0.5471948530984647,0.025578440703319532,0.001760257070304909,0.21873118713391068,0.01603867499391118,-0.006542631394848806,-0.0013192272079684889,-0.0068728055663406845,-0.0013121277449031667,0.0,0.0,7.39039171679321,7.9128108012363585,1.8264740888023998,0.0,0.0,0.0,0.0,True,0.012160256724279861,2.877820707719483,True,0.9103316658440287,False,0.13099663775857923,0.0002763470820918157,0.21140335648099917,0.5324366445066349,0.023253198155517466,-0.0005649854774971569,0.1989458998513324,-0.0037466122886671005,-0.0038798620771636335,0.0013435421097166833,-0.004208625032103831,0.0013520527893336872,0.0,0.0,-2.372076251498978,-1.8484216555958999,1.6604360056760041,0.0,0.0,0.0,0.0,0.1314196627464984,0.0006993720700110007,0.535014163747416,0.5341560321868382,0.02450345938578507,0.0006852757527704458,0.20620861575991012,0.0035161036199106155,-0.006739551245976634,-0.001516147059096317,-0.007074354882879678,-0.0015136770614421601,0.0,0.0,2.8771117198902463,1.7346983284128648,1.7497131343252743,0.0,0.0,0.0,0.0,0.1307202906764874,0.0,0.0,0.5313134300820072,0.023818183633014623,0.0,0.2026925121399995,0.0,-0.005223404186880317,0.0,-0.005560677821437518,0.0,0.0,0.0,0.0,0.0,1.7007797993875686,0.0,0.0,0.0,0.0,0.2460323479049099,0.014004272417623538,2.4540732782933894,0.00320797172279913,4.5132799969029636,6.178112472823494,-4.151369308711283,-0.0054266820274018746,-4.442067053285415,-0.40629962386293794
0.05,0.01,11,0.05,1.0,3,60,0,0,0.15255868133573813,-0.005739279036387046,-3.625617805115877,0.6200757040074307,0.015597967728051906,-0.0001954896503022826,0.04049333781309402,-0.00010549483068324206,0.0004711122017623642,-0.0001492523350927797,-0.00018830343470028802,-0.0002385772331064041,0.0,0.0,-1.2377888236822177,-0.259846955721299,1.1138006504659819,0.0,0.0,0.0,0.0,True,0.0026877088815636364,0.011185675388568716,False,-0.28801757412914347,False,0.15388544921427127,-0.0044125111578539045,-2.787471896340943,0.6254683602570306,0.015377037872456808,-0.00041641950589738075,0.0432745149604829,0.0026756823167056396,0.0006109535685331377,-9.41096832200619e-06,0.00012368120147535343,7.340740306923735e-05,0.0,0.0,-2.6366583068005545,6.590540029026548,1.098024760865529,0.0,0.0,0.0,0.0,True,0.0025078712067212092,0.05647391451093502,True,0.7723709253289115,False,0.15150895699027928,-0.006789003381845904,-4.288749751346376,0.615809092911785,0.015214008988905639,-0.0005794483894485496,0.03554703481429712,-0.005051797829480141,0.0006261355652217274,5.771028366583506e-06,2.4556214762937157e-05,-2.5717583643178923e-05,0.0,0.0,-3.6689141304975803,-12.44320957157976,1.0863833932393174,0.0,0.0,0.0,0.0,0.1739613900702931,0.01566342969816792,9.894903043189252,0.7070671460548277,0.016675695972577828,0.0008822385942236395,0.047312958682586614,0.006714126038809352,0.0005910923575865774,-2.9272179268566463e-05,0.00018549643559392215,0.00013522263718780607,0.0,0.0,5.586101719771608,16.53773175628106,1.1907577541545438,0.0,0.0,0.0,0.0,0.15829796037212518,0.0,0.0,0.6434030391536418,0.01579345737835419,0.0,0.04059883264377726,0.0,0.0006203645368551439,0.0,5.027379840611608e-05,0.0,0.0,0.0,0.0,0.0,1.1277599369231828,0.0,0.0,0.0,0.0,0.2460323479049099,0.014004272417623538,-12.682374939530195,-0.020075940856021823,-8.222760026572162,-9.947191727254513,-13.520520848305129,-0.021402708734554965,-6.8238905434538255,-16.797578712002363
0.05,0.01,11,0.075,1.4999999999999998,3,60,60,0,0.5511214939815599,-0.1187852968414631,-17.73161557229892,2.2400367214906436,0.1980138513370822,0.015464013844858043,0.1930854788132631,0.0013935846185106904,0.0073847533636847195,0.007119399978424347,0.006317494194854734,0.005908674249946507,0.0,0.0,8.471118932393873,0.7269919389991886,14.139531525243227,100.0,0.0,100.0,0.0,True,0.01744252071346119,7.813001960151597,True,-0.46741379100717695,False,0.7438843651858242,0.07397757436280128,11.04296528654607,3.023522603919267,0.18824908831697507,0.005699250824750923,0.2017882992223199,0.010096405027567479,0.0005312728247265996,0.00026591943946622707,0.00038540394840142227,-2.341599650680415e-05,0.0,0.0,3.1220245950608794,5.2669963276119836,13.442261240225152,100.0,0.0,100.0,0.0,True,0.011494162108022902,4.807536356263559,True,0.09446212026456245,False,0.7098683941472179,0.03996160332419496,5.965248281048119,2.8852644792122133,0.18249693914777304,-5.28983444511022e-05,0.19110638654358547,-0.0005855076511669388,0.0014538929610352805,0.001188539575774908,0.0016391916121326145,0.001230371667224388,0.0,0.0,-0.028977480986991377,-0.3054420499241761,13.03151878980243,100.0,0.0,100.0,0.0,0.6300891947421409,-0.03981759608088209,-5.943751672074205,2.5610014297212116,0.18223053023129604,-0.00031930726092810335,0.19186195006377255,0.00017005586902013592,-0.0007689931148965096,-0.001034346500156882,-0.0006907237341936686,-0.001099543679101895,0.0,0.0,-0.17491511650439273,0.08871312463913927,13.01249538690563,100.0,0.0,100.0,0.0,0.669906790823023,0.0,0.0,2.72284029530108,0.18254983749222414,0.0,0.1916918941947524,0.0,0.0002653533852603725,0.0,0.0004088199449082264,0.0,0.0,0.0,0.0,0.0,13.03529609024858,100.0,0.0,100.0,0.0,0.2460323479049099,0.014004272417623538,16.986716958620274,0.11379517044368337,3.296939711565272,5.178283202972844,-11.787863900224716,-0.07896770076058102,8.646034048898265,0.6382788143600493
0.05,0.01,11,0.1,2.0,3,60,60,0,0.9367030103575351,-0.058034009252243224,-5.834105709166149,3.8072351799835906,0.3130902016718371,0.02524209656963239,0.15682487785224938,0.003926741740051726,0.006804009010738998,0.005413034965881212,0.007115992937758075,0.006470206407730288,0.0,0.0,8.76924187521395,2.568207723062277,22.35676316020758,100.0,0.0,100.0,0.0,True,0.017770589980597152,7.216873957416053,False,-0.6606502514846131,False,0.9991914311216215,0.004454411511843115,0.4477979027653456,4.061219752728626,0.2972193235754336,0.009371218473228915,0.1606034187860301,0.007705282673832442,0.0013048143001297581,-8.615974472802744e-05,0.00028097567825267764,-0.0003648108517751092,0.0,0.0,3.255612354961146,5.039487641744866,21.22347485910092,100.0,0.0,100.0,0.0,True,0.009198586608246833,3.2532986709425837,False,-0.2741451309786848,False,0.9805610522493807,-0.014175967360397612,-1.4250969935710844,3.985496462556062,0.2888894842846715,0.0010413791824667729,0.15319359928315507,0.0002954631709574107,0.00273264767170534,0.0013416736268475546,0.0018267435501299533,0.0011809570201021665,0.0,0.0,0.36178080175202076,0.19324183961313413,20.62866785718345,100.0,0.0,100.0,0.0,0.999685525606192,0.00494850599641361,0.4974687680121548,4.0632280028176,0.28665669924764514,-0.0011914058545595685,0.15253516164048955,-0.00036297447170810515,-0.0001382680911579887,-0.0015292421360157743,-0.0007272296295500105,-0.0013730161595777973,0.0,0.0,-0.4139008850298165,-0.2373962697895471,20.469231867191105,100.0,0.0,100.0,0.0,0.9947370196097783,0.0,0.0,4.043114769584032,0.2878481051022047,0.0,0.15289813611219766,0.0,0.0013909740448577856,0.0,0.0006457865300277868,0.0,0.0,0.0,0.0,0.0,20.55430632297363,100.0,0.0,100.0,0.0,0.2460323479049099,0.014004272417623538,-0.04967086524680919,-0.0004940944845704953,3.6695132399909625,5.276883911534414,-6.331574477178304,-0.06298251524865683,9.183142760243767,2.805603992851824
0.05,0.01,11,0.15,2.9999999999999996,3,60,60,0,0.7862529288057716,0.05982540259249314,8.23556382896873,3.1957298928417894,0.4247152699428612,0.025711360236851943,0.13212137241363026,0.009153965660094576,0.0061876664187254325,0.004072589183145228,0.005376541580284128,0.004614305108064898,0.0,0.0,6.443886791935549,7.444221116610139,30.32754985602697,100.0,0.0,100.0,0.0,True,0.016667474911533038,6.668770687089563,False,-0.6812430101606021,False,0.7306481534484016,0.0042206272351231755,0.581011468153525,2.969723939434147,0.41444124860635606,0.01543733890034682,0.12761808763055515,0.004650680877019475,0.0014801457395559603,-0.0006349314960242439,0.00027007170387854094,-0.0004921647683406897,0.0,0.0,3.8689693320852925,3.782043551053227,29.593915074431614,100.0,0.0,100.0,0.0,True,0.007370527491562094,2.3912086549215807,False,-0.26548046872335135,False,0.7481053879433087,0.02167786173003028,2.9841740500986536,3.040678977028042,0.4002543481372649,0.0012504384312556627,0.12355442673112363,0.0005870199775879492,0.002453602717848092,0.00033852548226788806,0.001810163558923425,0.0010479270867041943,0.0,0.0,0.3133900197060724,0.4773785127993424,28.580874193333226,100.0,0.0,100.0,0.0,0.7090738226136133,-0.01735370359966515,-2.3889105207957284,2.882034938298708,0.3977760638758734,-0.0012278458301358541,0.12246708682195968,-0.000500319931575996,0.00145669412681192,-0.0006583831087682841,-0.0005702666214045177,-0.0013325030936237484,0.0,0.0,-0.30772776914405053,-0.40687198728911467,28.403907894229196,100.0,0.0,100.0,0.0,0.7264275262132784,0.0,0.0,2.9525691739284565,0.39900390970600924,0.0,0.12296740675353568,0.0,0.002115077235580204,0.0,0.0007622364722192306,0.0,0.0,0.0,0.0,0.0,28.49158441133198,100.0,0.0,100.0,0.0,0.2460323479049099,0.014004272417623538,2.9699219889492534,0.021574330834788324,4.176697101229343,4.188915538342341,10.624474349764458,0.07717910619215829,6.7516145610796,7.851093103899254
0.05,0.01,11,0.2,4.0,3,60,60,0,0.6113383707732398,0.1812985338635108,42.15854400055681,2.4847885897082063,0.3558390152953277,0.01936188347376705,0.1425404694851057,0.008044109436824598,0.005716919193351835,0.0050129113310479504,0.007005428094316984,0.005460384227235591,0.0,0.0,5.754294019611117,5.980912371113201,25.409318291147034,100.0,0.0,100.0,0.0,True,0.014043798790279324,5.093528444770376,True,-0.5207886160182299,False,0.44525990859117615,0.015220071681447123,3.5392236660721332,1.8097616528183789,0.35097127306163034,0.014494141240069702,0.13987469221533408,0.005378332167052968,0.00029636051440398205,-0.0004076473478999027,0.0013881113481397332,-0.00015693251894165986,0.0,0.0,4.307615546293997,3.9988681962264794,25.06172849222456,100.0,0.0,100.0,0.0,True,0.007951900003706363,2.450286463523922,True,-0.06453297252594299,False,0.44975992869906223,0.019720091789333205,4.585643025781527,1.8280520123837205,0.33608174220036985,-0.00039538962119078924,0.13471843431438305,0.00022207426610193481,0.002423333808612995,0.0017193259463091101,0.0031528227324567368,0.0016077788653753437,0.0,0.0,-0.11750861612802588,0.16511544700705816,23.99851503727042,100.0,0.0,100.0,0.0,0.41171256772595505,-0.018327269183773975,-4.261760797667935,1.6734082783499655,0.3366087648955392,0.00013163307397856538,0.13420553511240924,-0.0002908249358718751,-0.0011418035445843148,-0.0018458114068881995,-0.00022697884176536604,-0.0017720227088467591,0.0,0.0,0.039120956977356514,-0.2162325699873735,24.036148030934992,100.0,0.0,100.0,0.0,0.430039836909729,0.0,0.0,1.7478995773187391,0.33647713182156064,0.0,0.1344963600482811,0.0,0.0007040078623038847,0.0,0.001545043867081393,0.0,0.0,0.0,0.0,0.0,24.026748536976783,100.0,0.0,100.0,0.0,0.2460323479049099,0.014004272417623538,7.800984463740068,0.0335473408652211,4.26849458931664,4.215100766213853,46.42030479822474,0.19962580304728478,5.7151730626337605,6.197144941100574
0.05,0.01,22,0.0,0.0,4,60,0,0,0.1596602104478821,-0.0021157101027183267,-1.3078028519433293,0.6489399130133483,0.02401810380247022,-0.0004098251885625015,0.19374722983900497,-0.017499841080179823,0.007608834572802786,0.004184041514193987,0.007305687501656281,0.00418405665420221,0.0,0.0,-1.677691091671929,-8.2840633027639,1.7150554549513672,0.0,0.0,0.0,0.0,False,0.01853018968159394,3.8367828285950374,True,0.8308121723613857,False,0.16506423545398066,0.003288314903380246,2.032635569118413,0.6709046060795918,0.025663710257180613,0.0012357812661478902,0.22324731778550555,0.012000246866320757,0.00434598313526154,0.0009211900766527411,0.004045044759164252,0.0009234139117101814,0.0,0.0,5.058886762776882,5.68066899773092,1.832562913078181,0.0,0.0,0.0,0.0,True,0.012674640244515298,2.3083569756538984,False,-0.6609877471990709,False,0.1608370058640635,-0.0009389146865369236,-0.5803797520306797,0.6537230052619994,0.024368834159289414,-5.909483174330876e-05,0.21314210021465657,0.0018950292954717785,0.0011128464677578618,-0.0023119465908509372,0.0008108531341841008,-0.0023107777132699695,0.0,0.0,-0.24191502998474057,0.8970677260641047,1.7400999803904624,0.0,0.0,0.0,0.0,0.16202340919992353,0.0002474886493231132,0.15298237740251075,0.6585451489596184,0.024972203099798532,0.0005442741087658097,0.2087900165124958,-0.002457054406689002,0.007017783558527417,0.0035929904999186177,0.006711685757392491,0.0035900549099384207,0.0,0.0,2.2280812629085656,-1.1631188049130325,1.783184613602097,0.0,0.0,0.0,0.0,0.16177592055060042,0.0,0.0,0.6575392298134954,0.024427928991032723,0.0,0.2112470709191848,0.0,0.003424793058608799,0.0,0.0031216308474540703,0.0,0.0,0.0,0.0,0.0,1.7443197520416438,0.0,0.0,0.0,0.0,0.2460323479049099,0.014004272417623538,1.879653191715902,0.003040826254057133,2.8308054998683163,6.843787802643952,-1.46078522934584,-0.00236319875204144,-3.9057723545804945,-7.120944497850868
0.05,0.01,22,0.025,0.5,4,60,0,0,0.1250554697533821,-0.004433480695744563,-3.4238293540624354,0.5082887303978229,0.021066378565343217,-0.0014690415774726469,0.16842600110553635,-0.018803326222455286,0.0053142749577294495,0.0006941522699045067,0.00497142663561033,0.0006904907868576712,0.0,0.0,-6.518811578229955,-10.042938513321308,1.5042822602359864,0.0,0.0,0.0,0.0,False,0.016386280318324453,7.086385277874297,True,0.45398098020916666,False,0.13431208559009628,0.004823135140969603,3.7247464932264718,0.5459123027269859,0.02375962340208973,0.0012242032592738664,0.19974470219801904,0.012515374870027407,0.0049435713951306555,0.00032344870730571275,0.004622566311806444,0.0003416304630537853,0.0,0.0,5.432351611443709,6.684516282058084,1.6965982018594317,0.0,0.0,0.0,0.0,True,0.011232779690030765,4.543209474666066,False,-0.333935702141918,False,0.1268970365312077,-0.0025919139179189643,-2.0016487190057775,0.5157737899581102,0.02231678275702234,-0.00021863738579352282,0.187066658094462,-0.00016266923352964424,0.0038362304768029465,-0.0007838922110219963,0.0034924248760829562,-0.0007885109726697027,0.0,0.0,-0.9701944068845059,-0.08688234682628915,1.5935695972993218,0.0,0.0,0.0,0.0,0.13223492380423674,0.002745973355110065,2.120623686875045,0.5374696657991688,0.022931824800732158,0.00039640465791629387,0.18637636942724167,-0.0008529579007499621,0.006277015375630184,0.0016568926878052408,0.005940171828422795,0.001659235979670136,0.0,0.0,1.7590293653462874,-0.4555685334785897,1.6374877692234713,0.0,0.0,0.0,0.0,0.12948895044912667,0.0,0.0,0.526308640110907,0.022535420142815864,0.0,0.18722932732799163,0.0,0.004620122687824943,0.0,0.004280935848752659,0.0,0.0,0.0,0.0,0.0,1.6091817890129292,0.0,0.0,0.0,0.0,0.2460323479049099,0.014004272417623538,1.6041228063514268,0.002077161785859538,3.6733222460974213,7.140084815536674,-5.54445304093748,-0.007179454050854628,-8.277840943576242,-9.58736997984272
0.05,0.01,22,0.05,1.0,4,60,0,0,0.14806603347393846,-0.01148897138158847,-7.2006336573343095,0.6018153089819113,0.014824865567217424,-0.0010860600502995785,0.034583936340161534,-0.0066269726962327885,6.988819786088007e-06,-0.0001096117613447422,-0.0005291666833040535,-0.00010010220395796925,0.0,0.0,-6.825875982374585,-16.080627317345396,1.0585959145268566,0.0,0.0,0.0,0.0,False,0.0026157852871764847,0.056277575735724075,False,-0.8902043998502125,False,0.15486686362368485,-0.00468814123184208,-2.9382602169622185,0.6294573251950594,0.015517633186416909,-0.00039329243110009307,0.04391057293907087,0.0026996639026765495,0.00010052371204194872,-1.6076869088881495e-05,-0.00033107302921514574,9.799145013093851e-05,0.0,0.0,-2.4718387889834714,6.5508477386228225,1.108064219522672,0.0,0.0,0.0,0.0,True,0.002549981517676686,0.029705423020335662,True,0.9101693736557339,True,0.15590820118938759,-0.003646803666139342,-2.285609072207684,0.6336898481725062,0.015609874154983005,-0.0003010514625339973,0.037113731731184284,-0.004097177305210038,8.110537505385748e-05,-3.549520607697273e-05,-0.0005121417654414811,-8.307728609539681e-05,0.0,0.0,-1.8921052726345255,-9.941972649988685,1.1146508500747896,0.0,0.0,0.0,0.0,0.1683269083687482,0.008771903513221269,5.497730090738306,0.6841657603243521,0.016281117970792,0.0003701923532749979,0.04630913219825104,0.005098223161856721,0.00010427005207037856,-1.2330529060451656e-05,-0.0003012489521962067,0.00012781552714987755,0.0,0.0,2.3266550430443678,12.371052425352612,1.1625822095764995,0.0,0.0,0.0,0.0,0.15955500485552693,0.0,0.0,0.6485123042324257,0.015910925617517002,0.0,0.04121090903639432,0.0,0.00011660058113083021,0.0,-0.00042906447934608425,0.0,0.0,0.0,0.0,0.0,1.1361479656375475,0.0,0.0,0.0,0.0,0.2460323479049099,0.014004272417623538,-8.435990307700525,-0.013460044745063349,-4.798493832027839,-5.82020468672979,-12.698363748072616,-0.02026087489480974,-9.152531025418952,-28.45167974269801
0.05,0.01,22,0.075,1.4999999999999998,4,60,60,0,1.3719817403312349,-1.0110221232602528,-42.426373649957696,5.576428270568299,0.23918842456467773,-0.016556993253131008,0.16873450170966856,-0.014230509966252552,0.014994532234155368,0.00638797065956216,0.012470255652693128,0.005888957359768214,0.0,0.0,-6.474013647793331,-7.777722000454657,17.079675218519274,100.0,0.0,100.0,0.0,False,0.019721849788216884,3.187532468846548,True,0.7638739345665351,False,2.637895221427347,0.25489135783585937,10.696220922265143,10.72174144534392,0.26718047413680146,0.01143505631899272,0.1914387849963597,0.008473773320438582,0.009656507076886959,0.00104994550229375,0.007404287299575863,0.0008229890066509486,0.0,0.0,4.471265376546829,4.631362708542253,19.078497344893893,100.0,0.0,100.0,0.0,True,0.011017905927542874,1.3394275539938638,False,-0.5913352586232042,False,3.4436668129394814,1.0606629493479938,44.50949348229092,13.99680506349693,0.25799195538908704,0.0022465375712782953,0.18495973338227295,0.001994721706351843,0.007017667929625601,-0.0015888936449676072,0.004972556214743847,-0.0016087420781810673,0.0,0.0,0.878427301043061,1.0902203039152791,18.422374807877887,100.0,0.0,100.0,0.0,1.4141745888469552,-0.9688292747445324,-40.65579957912382,5.747921364362728,0.25366018504268206,-0.0020852327751266775,0.1808205046232332,-0.0021445070526878995,0.010923306725850537,0.002316745151257328,0.009304221508953759,0.0027229232160288445,0.0,0.0,-0.8153548919543785,-1.1720858720717486,18.113057035613355,100.0,0.0,100.0,0.0,2.3830038635914876,0.0,0.0,9.685733944678303,0.25574541781780874,0.0,0.1829650116759211,0.0,0.008606561574593209,0.0,0.0065812982929249145,0.0,0.0,0.0,0.0,0.0,18.26195679369736,100.0,0.0,100.0,0.0,0.2460323479049099,0.014004272417623538,51.352020501388964,1.2237206325803918,5.286620268501208,5.803448580614001,-1.7705740708338737,-0.04219284851572036,-5.658658755838953,-6.605636128382908
0.05,0.01,22,0.1,2.0,4,60,60,0,1.5151876590554971,0.07361112504322453,5.106293235666515,6.1584896130857905,0.3889312574785577,-0.026761647105592257,0.15622882781183267,-0.013219448517040683,0.01403831448332769,0.004379086655231752,0.014822547678154975,0.0035946721617154988,0.0,0.0,-6.437840725803101,-7.801465322305045,27.772328749411574,100.0,0.0,100.0,0.0,False,0.01847067838310658,3.0157652663151664,True,0.8810909825329747,False,1.4251538458843687,-0.01642268812790393,-1.1392172208988027,5.792546622508283,0.4335036241892943,0.0178107196051443,0.17676678323636608,0.007318506907492722,0.010736383978487224,0.0010771561503912855,0.012383097058348357,0.0011552215419088803,0.0,0.0,4.284585906743277,4.319021158579761,30.955097934524318,100.0,0.0,100.0,0.0,True,0.010150224789120229,1.2067906390877576,False,-0.6628984049747738,False,1.5800229681101272,0.13844643409785462,9.60382129088375,6.422013127805442,0.42129367897476716,0.00560077439061718,0.17157242619360372,0.0021241498647303625,0.006095901673486082,-0.0035633261546098565,0.009445005891188003,-0.0017828696252514733,0.0,0.0,1.347334613810669,1.253568292785534,30.08322506241697,100.0,0.0,100.0,0.0,1.302139191110734,-0.13943734290153853,-9.672559146995063,5.2925527972199955,0.40957385049103257,-0.006119054093117415,0.16716887486013365,-0.0022794014687397,0.014035723888661013,0.004376496060565074,0.013711982627639022,0.0024841071111995454,0.0,0.0,-1.4720131196944042,-1.3451901182610637,29.246349847894162,100.0,0.0,100.0,0.0,1.4415765340122726,0.0,0.0,5.859296739993855,0.41569290458415,0.0,0.16944827632887335,0.0,0.009659227828095938,0.0,0.011227875516439476,0.0,0.0,0.0,0.0,0.0,29.68329179751069,100.0,0.0,100.0,0.0,0.2460323479049099,0.014004272417623538,8.53334192609626,0.1230146547736346,5.756599026437681,5.664211276840825,14.778852382661578,0.21304846794476306,-4.965827606108697,-6.4562752040439815
0.05,0.01,22,0.15,2.9999999999999996,4,60,60,0,0.6858553750404163,-0.02016291405233228,-2.855862852822433,2.787663414509605,0.466565655288827,-0.035703061098708355,0.14841468791561718,-0.011469199347771714,0.011111355839980314,0.0014000963757737264,0.015843222116681207,0.003480692353971075,0.0,0.0,-7.108358520812386,-7.173455401967821,33.31595111658083,100.0,0.0,100.0,0.0,False,0.017236351852569564,2.658770132390197,True,0.8663154381654853,False,0.7002024785601868,-0.005815810532561749,-0.823747857868562,2.8459773055159845,0.5236390390820591,0.02137032269452377,0.16657942907666828,0.006695541813279388,0.010688614980493718,0.0009773555162871303,0.013420267539223037,0.0010577377765129056,0.0,0.0,4.254758856618701,4.187752704717096,37.39137767864975,100.0,0.0,100.0,0.0,True,0.009560861925403983,1.029489555085859,False,-0.6726676094339906,False,0.7165106151563205,0.010492326063571977,1.486126666358012,2.912261827592068,0.5092581584512101,0.0069894420636748,0.16221452198173417,0.0023306347183452703,0.006636598597851256,-0.003074660866355332,0.010212531809969765,-0.0021499979527403665,0.0,0.0,1.3915742381777063,1.4577045618773488,36.364485298810614,100.0,0.0,100.0,0.0,0.7449510717839485,0.03893278269119993,5.514415602636813,3.0278582394859224,0.4949368114797396,-0.007331904907795728,0.1575062759602787,-0.0023776113031102053,0.013208566342148818,0.0034973068779422297,0.01508699231836085,0.0027244625556507186,0.0,0.0,-1.4597574303510163,-1.4870862497816217,35.34184402589108,100.0,0.0,100.0,0.0,0.7060182890927486,0.0,0.0,2.869615703401817,0.5022687163875353,0.0,0.1598838872633889,0.0,0.009711259464206588,0.0,0.012362529762710132,0.0,0.0,0.0,0.0,0.0,35.865391746840075,100.0,0.0,100.0,0.0,0.2460323479049099,0.014004272417623538,-6.338163460505375,-0.04474859322376168,5.714516286969717,5.674838954498718,-8.370278455459246,-0.05909569674353221,-5.648601090461369,-5.6863691521862
0.05,0.01,22,0.2,4.0,4,60,60,0,0.8400143703471714,0.488405270371695,138.90575369231334,3.4142436045516753,0.37742659707215875,-0.034202452707782605,0.15651977066607317,-0.011433565022172548,0.011912576715238921,0.004720901205771788,0.010977639487884728,0.004097500043240458,0.0,0.0,-8.309047363413102,-6.80758436581187,26.95081799445646,100.0,0.0,100.0,0.0,False,0.017510706267354372,2.580888743044839,True,0.8006922612331119,False,0.3434521285140944,-0.008156971461382001,-2.319897710824581,1.395963300918612,0.4304300628841185,0.018801013104177144,0.17520605204176848,0.007252716353522759,0.007983330303008835,0.0007916547935417021,0.00770770927170914,0.0008275698270648691,0.0,0.0,4.567465079111455,4.318292532745649,30.735624818498106,100.0,0.0,100.0,0.0,True,0.010020790103155746,1.0492225686923717,False,-0.6512623018406308,False,0.5019016720184057,0.15029257204292934,42.74422136782346,2.039982450650708,0.41600514711031644,0.004376097330375084,0.17065675171652916,0.002703416028283445,0.005132411220735491,-0.0020592642887316426,0.004618540490010455,-0.0022615989546338157,0.0,0.0,1.0631167388974516,1.6096233023329187,29.70558803089255,100.0,0.0,100.0,0.0,0.43378399477572316,0.08217489480024676,23.371094435831786,1.7631177301261953,0.4066885488719682,-0.0049405009079731554,0.16552740092767276,-0.0024259347605729564,0.010153193386021131,0.002961517876553998,0.009993888500386315,0.0031137490557420445,0.0,0.0,-1.2002313516537244,-1.4444099908059949,29.04031974986255,100.0,0.0,100.0,0.0,0.3516090999754764,0.0,0.0,1.429117361881907,0.41162904977994136,0.0,0.16795333568824572,0.0,0.007191675509467133,0.0,0.006880139444644271,0.0,0.0,0.0,0.0,0.0,29.393105011434287,100.0,0.0,100.0,0.0,0.2460323479049099,0.014004272417623538,-25.690992146656367,-0.09033186626162876,5.767696430765179,5.762702523551644,115.53465925648155,0.40623037557144825,-7.1088160117593775,-5.363174375005875
0.05,0.01,33,0.0,0.0,4,60,0,0,0.18575386154569412,-0.00019258425611506924,-0.10356974304329691,0.7549977193140754,0.03513528098840901,0.006811114328226231,0.2557581857488942,0.009915080234582652,-0.020605440656632407,-0.01444463501862883,-0.02088997426605966,-0.01444378945208337,0.0,0.0,24.04700696031803,4.033092656326476,2.5088972808179144,0.0,0.0,0.0,0.0,True,0.016103155244651488,0.775906321340152,True,0.8460511823869904,False,0.1925216085621692,0.0065751627603600205,3.5360518626788684,0.782505268927392,0.031041051987666664,0.0027168853274838825,0.2713490116440065,0.025505906129694944,-0.007834762096185726,-0.0016739564581821492,-0.008115167869254947,-0.0016689830552786573,0.0,0.0,9.592110370199158,10.374871435314725,2.216541571171049,0.0,0.0,0.0,0.0,True,0.024581028356868193,1.710872681830655,True,0.06002763926334335,False,0.18075923219174433,-0.005187213610064856,-2.789627727326205,0.7346970174084863,0.02749566032630031,-0.00082850633388247,0.24494833671247457,-0.0008947688018369759,0.0012916662754760702,0.007452471913479647,0.0009896425540206729,0.007435827367996963,0.0,0.0,-2.9250863540750127,-0.36395928206531813,1.963376568689043,0.0,0.0,0.0,0.0,0.1873461181900683,0.00139967238825911,0.7527287667283167,0.7614694562947328,0.031783809827761106,0.0034596431675783246,0.24619140755732363,0.00034830204301208867,-0.015666960248930425,-0.009506154610926848,-0.01595261758433026,-0.00950643277035397,0.0,0.0,12.214457036230408,0.14167655516856836,2.2695795168739425,0.0,0.0,0.0,0.0,0.1859464458018092,0.0,0.0,0.7557804792143691,0.02832416666018278,0.0,0.24584310551431154,0.0,-0.006160805638003577,0.0,-0.00644618481397629,0.0,0.0,0.0,0.0,0.0,2.0225375382257282,0.0,0.0,0.0,0.0,0.2460323479049099,0.014004272417623538,2.7833230959505517,0.0051754903721009105,-2.62234666603125,10.233194880146158,-0.8562985097716136,-0.0015922566443741792,11.83254992408762,3.8914161011579074
0.05,0.01,33,0.025,0.5,4,60,0,0,0.14796139103783137,0.005927160767393386,4.173050930122879,0.6013899891530426,0.02647190175297874,0.0017886816541779378,0.22272288086866,0.006684490625437217,-0.007996082389888772,-0.008272664347080995,-0.008303308417168722,-0.008246376842029361,0.0,0.0,7.246549060528928,3.094121659540061,1.8902732654404408,0.0,0.0,0.0,0.0,True,0.011367642222931264,0.7028327053510062,True,0.9772512391107097,False,0.1477947554633155,0.005760525192877508,4.05573021511032,0.6007126978296258,0.02711945159393796,0.0024362314951371575,0.2419934856464674,0.025955095403244616,-0.0002117372739398765,-0.0004883192311320992,-0.0005323080997914033,-0.00047537652465204177,0.0,0.0,9.869990566002041,12.01411257231808,1.9365127144920256,0.0,0.0,0.0,0.0,True,0.02160173215206835,2.2358632757258956,True,0.3005829801442485,False,0.1369542797185494,-0.00507995055188859,-3.5765678049693994,0.5566515171065288,0.02462062700456082,-6.259309423998355e-05,0.2125991721765237,-0.0034392180666990846,0.0037678276840804542,0.0034912457268882315,0.0034230877096412503,0.003480019284780612,0.0,0.0,-0.2535856099384115,-1.5919476454287151,1.758079696705788,0.0,0.0,0.0,0.0,0.1605413715337216,0.018507141263283622,13.030057070077694,0.6525213976975496,0.025540601506541583,0.0008573814077407794,0.21823868083634868,0.002200290593125903,-0.00504939313159081,-0.005325975088783033,-0.005338891405525236,-0.005281959830385874,0.0,0.0,3.473539531345149,1.0184720366823496,1.8237721136015796,0.0,0.0,0.0,0.0,0.142034230270438,0.0,0.0,0.5772990075489317,0.024683220098800803,0.0,0.21603839024322277,0.0,0.0002765819571922227,0.0,-5.693157513936157e-05,0.0,0.0,0.0,0.0,0.0,1.762549268017555,0.0,0.0,0.0,0.0,0.2460323479049099,0.014004272417623538,-8.974326854967373,-0.012746616070406114,6.396451034656892,10.99564053563573,-8.857006139954816,-0.012579980495890236,3.7730095291837795,2.0756496228577115
0.05,0.01,33,0.05,1.0,4,60,0,0,0.27731885122117794,0.11378130143513918,69.57503129036895,1.127164186265296,0.021630678838121142,0.00552805230017334,0.06284178204121091,0.020472658939102557,-2.827396392826256e-05,-2.2033475089747677e-05,-0.0006459547389938039,-0.00011612339030824806,0.0,0.0,34.33012798965318,48.31976080733143,1.5445771256848895,0.0,0.0,0.0,0.0,True,0.004534389611995365,0.0012139482034751185,True,0.8339992555241856,True,0.15626704057901403,-0.007270509207024739,-4.44577359544458,0.6351483530914006,0.015510316124399964,-0.0005923104135478387,0.047483432432880106,0.005114309330771755,-3.1426363639779835e-05,-2.5185874801264953e-05,-0.00040321734462244873,0.0001266140040631071,0.0,0.0,-3.6783465862043507,12.070840641300084,1.107541731684765,0.0,0.0,0.0,0.0,True,0.004366521895988553,0.03819002384792394,True,0.768395458604691,True,0.15126538419678787,-0.0122721655892509,-7.504188246251065,0.6148190897859133,0.01515052379746529,-0.0009521027404825119,0.034499913229953924,-0.007869209872154427,-5.492346771240563e-05,-4.868297887389075e-05,-0.0006516727356747728,-0.00012184138698921696,0.0,0.0,-5.912717023143809,-18.572982625082567,1.0818501201389987,0.0,0.0,0.0,0.0,0.2232037597395053,0.059666209953466526,36.48471560906328,0.907213062185515,0.01821318837317299,0.002110561835225188,0.05580128617897438,0.013432163076866031,-0.0001226813223813972,-0.00011644083354288233,-7.547092592026001e-05,0.0004543604227652958,0.0,0.0,13.106941468532419,31.702716727214074,1.300545135801042,0.0,0.0,0.0,0.0,0.16353754978603877,0.0,0.0,0.6646993827382612,0.016102626537947803,0.0,0.04236912310210835,0.0,-6.240488838514882e-06,0.0,-0.0005298313486855558,0.0,0.0,0.0,0.0,0.0,1.1498367110942238,0.0,0.0,0.0,0.0,0.2460323479049099,0.014004272417623538,-40.93048920450786,-0.06693671916049126,-16.78528805473677,-19.63187608591399,33.090315681305675,0.05411509148167265,21.22318652112076,16.617044080117353
0.05,0.01,33,0.075,1.4999999999999998,4,60,60,0,1.829421714801664,-0.41701278318450363,-18.563318162997312,7.435695876498016,0.2903196953107302,0.01885614849121764,0.20674994656236395,0.011959780342958942,-0.013046779244909885,-0.01252675956278924,-0.012512064709717946,-0.012138869824588167,0.0,0.0,6.9461070232588185,6.139827577069701,20.730794621317152,100.0,0.0,100.0,0.0,True,0.022242923308790928,1.4732216843670483,False,0.669339072636979,False,2.2587649138799586,0.012330415893790914,0.5488882896360625,9.180763965041534,0.29335046149476596,0.02188691467525339,0.21098785651758345,0.01619769029817844,-0.0002490281613451424,0.0002709915207755023,-0.00016085016168658202,0.0002123447234431969,0.0,0.0,8.062561228453013,8.31545586337963,20.94721187554178,100.0,0.0,100.0,0.0,True,0.019488265555678078,1.1669274444675697,False,-0.049007867976035374,False,1.6573887254111348,-0.5890457725750329,-26.22136425981203,6.7364667269350536,0.27045541305108894,-0.0010081337684236247,0.19474690124944197,-4.326496996304163e-05,0.003662740310272742,0.0041827599923933865,0.0036201727943452238,0.003993367679475003,0.0,0.0,-0.37136985066135164,-0.02221106475893686,19.312350187556834,100.0,0.0,100.0,0.0,2.475369718028369,0.22893522004220124,10.191048091873235,10.061155531406321,0.27200107495008774,0.0005375281305751711,0.1937246026604168,-0.0010655635589882084,-0.008456238823147092,-0.007936219141026447,-0.007758914467481208,-0.007385719582351429,0.0,0.0,0.19801116461966028,-0.5470314953107014,19.422720926778794,100.0,0.0,100.0,0.0,2.2464344979861677,0.0,0.0,9.13064691336605,0.27146354681951257,0.0,0.194790166219405,0.0,-0.0005200196821206447,0.0,-0.0003731948851297789,0.0,0.0,0.0,0.0,0.0,19.384337773799086,100.0,0.0,100.0,0.0,0.2460323479049099,0.014004272417623538,-9.642159802237172,-0.21660480414841032,7.864550063833353,8.86248735869033,-28.754366254870547,-0.6459480032267049,6.748095858639158,6.686859072380402
0.05,0.01,33,0.1,2.0,4,60,60,0,1.1499109881193217,-0.534300518596367,-31.72407482468068,4.673820324487395,0.4737970814936327,0.03145942033186683,0.18840041261269191,0.01194913914525808,-0.01201044983574359,-0.01804244530057858,-0.012116885778263182,-0.011482607425502795,0.0,0.0,7.112082712840029,6.771920038006085,33.83232397688776,100.0,0.0,100.0,0.0,True,0.022486367822181424,1.393677683660884,False,0.6184407876003768,False,1.7455198625520962,0.06130835583640759,3.640181508791751,7.094676279018113,0.47685669543976356,0.034519034277997684,0.18989002055716162,0.013438747089727782,0.0070886597243178555,0.0010566642594828672,-0.0005268213724096499,0.000107456980350738,0.0,0.0,7.803774652001394,7.616123604915814,34.05080115691465,100.0,0.0,100.0,0.0,True,0.017649940571123103,0.8788391792365363,False,-0.09123446613353521,False,1.9300966988214427,0.2458851921057541,14.599424782772363,7.844889971815471,0.4427070229197324,0.00036936175796653536,0.17726517436655104,0.0008139008991172036,0.015118403635752661,0.009086408170917673,0.0038921154098543642,0.004526393762614752,0.0,0.0,0.08350221796544766,0.4612609946776258,31.61228300319352,100.0,0.0,100.0,0.0,1.3462193106169305,-0.3379921960987582,-20.06827496137126,5.4717167156297535,0.44137590792853687,-0.0009617532332290013,0.1758986406077152,-0.000552632859718627,-0.0045350201412874686,-0.010567015606122457,-0.0072948370727150885,-0.0066605587199547005,0.0,0.0,-0.21742512964033622,-0.31319289958007257,31.5172323678231,100.0,0.0,100.0,0.0,1.6842115067156886,0.0,0.0,6.845488087471436,0.44233766116176587,0.0,0.17645127346743383,0.0,0.006031995464834988,0.0,-0.0006342783527603879,0.0,0.0,0.0,0.0,0.0,31.585908069391053,100.0,0.0,100.0,0.0,0.2460323479049099,0.014004272417623538,23.70845647016301,0.3993005519351658,8.02119978164173,7.929316504495887,-11.655799863309422,-0.19630832249760877,7.329507842480365,7.085112937586158
0.05,0.01,33,0.15,2.9999999999999996,4,60,60,0,0.7734500028231924,-0.16891780193934425,-17.924827342961823,3.1436923209875087,0.5724719077946085,0.032919014634722354,0.18313356716184612,0.012193179156907014,-0.009636562167684352,-0.015043406310514257,-0.011431257266553078,-0.01222075752417429,0.0,0.0,6.101165437540779,7.133000749100149,40.878375593021666,100.0,0.0,100.0,0.0,True,0.021817630108854253,1.300626531482534,False,0.6197938097185244,False,0.9223774206025681,-0.019990384159968566,-2.121293199846297,3.749008731807338,0.5816611995664525,0.042108306406566265,0.18376164936194492,0.012821261357005814,0.0062178455467292535,0.0008110014038993484,0.0010118942311576932,0.0002223939735364821,0.0,0.0,7.804296286868073,7.500428369587753,41.53455332920164,100.0,0.0,100.0,0.0,True,0.01703427689366861,0.796231266671333,False,-0.10906845411518704,False,0.8491868883769489,-0.09318091638558779,-9.88795626449357,3.4515253608243204,0.5415913988092782,0.0020385056493920084,0.17200075833490636,0.0010603703299672529,0.011867019877813887,0.006460175734983982,0.006813280531030312,0.006023780273409101,0.0,0.0,0.37781386685808993,0.6203158553358401,38.673297880703736,100.0,0.0,100.0,0.0,1.1670803340346128,0.22471252927207608,23.84552274986733,4.74360523716858,0.5368771623976069,-0.002675730762279338,0.17063613539698996,-0.00030425260794914033,-0.0030226839469419124,-0.008429528089771817,-0.006614335783980711,-0.007403836041601922,0.0,0.0,-0.4959163033320002,-0.17798754963651575,38.33666943824794,100.0,0.0,100.0,0.0,0.9423678047625367,0.0,0.0,3.8302597718847786,0.5395528931598862,0.0,0.1709403880049391,0.0,0.005406844142829905,0.0,0.0007895002576212111,0.0,0.0,0.0,0.0,0.0,38.52773475620848,100.0,0.0,100.0,0.0,0.2460323479049099,0.014004272417623538,-25.966815949713627,-0.24470291343204464,8.300212590200074,7.6784159192242685,-41.770350092829155,-0.3936303312114203,6.597081740872779,7.310988298736665
0.05,0.01,33,0.2,4.0,4,60,60,0,0.891994041197061,-0.173180943047903,-16.258450077163623,3.6255152982639975,0.4649215089586018,0.02885486205893234,0.19422098163938886,0.0122986628896683,-0.0072999087177546725,-0.013208598513387551,-0.00888207807912055,-0.01201875672916442,0.0,0.0,6.617076142851919,6.760392553366779,33.198547921241946,100.0,0.0,100.0,0.0,True,0.02195070328901923,1.3705584482999817,False,0.622633015360433,False,1.070203033785155,0.005028049540190871,0.47203976948022586,4.349846851027826,0.4710569811323966,0.03499033423272713,0.1959123517617153,0.013990033011994724,0.0063417953030206475,0.00043310550738776855,0.0034047358909931936,0.00026805724094932336,0.0,0.0,8.024079457005051,7.690113620001449,33.63666223313391,100.0,0.0,100.0,0.0,True,0.018114686120157594,0.956289129101552,False,-0.07696366493936033,False,1.1236187043641235,0.05844372011915944,5.486771749581276,4.5669551745219925,0.4363040583662773,0.00023741146660782864,0.18285247870237928,0.0009301599526587156,0.012664607418254618,0.006755917622621739,0.009277876963431141,0.0061411983133872715,0.0,0.0,0.05444384896111654,0.5112951280806799,31.155067921787552,100.0,0.0,100.0,0.0,1.0018591392600484,-0.0633158449849156,-5.944173109716456,4.072062668959536,0.43520352886322333,-0.00086311803644612,0.1810797602121959,-0.0008425585375246569,-0.002409219455837656,-0.008317909251470535,-0.004447063485151111,-0.007583742135194981,0.0,0.0,-0.19793259644659278,-0.4631419296517447,31.07648265364688,100.0,0.0,100.0,0.0,1.065174984244964,0.0,0.0,4.329410312568525,0.43606664689966945,0.0,0.18192231874972056,0.0,0.005908689795632879,0.0,0.0031366786500438702,0.0,0.0,0.0,0.0,0.0,31.138115133414978,100.0,0.0,100.0,0.0,0.2460323479049099,0.014004272417623538,6.4162128791966815,0.06834389452510647,8.222012053451644,8.153255549653194,-10.314276967447167,-0.10986509806298739,6.815008739298511,7.223534483018524
0.05,0.05,11,0.0,0.0,3,60,0,0,0.20568082605284,-0.002681983766367607,-1.2871700898517857,0.835990989820308,0.03395483654000661,-0.0002598032528617414,0.24320709638570115,0.004787068400040506,-0.0022202525013321154,0.003679617310615912,-0.00280572769729878,0.0036671755940856005,0.0,0.0,-0.7593335906341925,2.007829812153372,1.410577329776152,0.0,0.0,0.0,0.0,False,0.005661746781183732,0.6702384038425612,True,0.666701030489848,False,0.2141440411531239,0.005781231333916309,2.774598470299261,0.8703897799483236,0.03544066343704796,0.0012260236441796052,0.25122930252358217,0.012809274537921522,-0.006588425346790007,-0.0006885555348419793,-0.007151488676139463,-0.0006785853847550826,0.0,0.0,3.5833305614257904,5.372566493739317,1.4723026670331505,0.0,0.0,0.0,0.0,True,0.013112505675690453,2.868242681380177,False,0.15524722137991198,False,0.20424585075891805,-0.0041169590602895545,-1.9758607900621783,0.830158523861496,0.03485669754551686,0.0006420577526485075,0.23752715812446712,-0.0008928698611935237,-0.009651126579306918,-0.0037512567673588905,-0.010231691231817592,-0.0037587879404332118,0.0,0.0,1.8765585624617165,-0.3744944872027367,1.4480431172342363,0.0,0.0,0.0,0.0,0.21620314139283767,0.007840331573630066,3.7628267637746626,0.8787590056101036,0.03397063768747678,-0.00024400210539157058,0.23891925962993377,0.0004992316442731237,-0.0015735000622492468,0.0043263697496987805,-0.002170602269177792,0.004302301022206589,0.0,0.0,-0.7131511740843477,0.20939165576439045,1.4112337529157424,0.0,0.0,0.0,0.0,0.2083628098192076,0.0,0.0,0.8468919294292905,0.03421463979286835,0.0,0.23842002798566064,0.0,-0.005899869811948027,0.0,-0.0064729032913843805,0.0,0.0,0.0,0.0,0.0,1.4213702716964314,0.0,0.0,0.0,0.0,0.2460323479049099,0.024071588152770745,-0.9882282934754016,-0.002059100239713757,4.296481735510138,5.1631748379749265,-5.049996853626448,-0.010522315339997673,-0.046182416549844785,1.7984381563889817
0.05,0.05,11,0.025,0.5,3,60,0,0,0.12991030185955482,-0.004086557068382013,-3.0497409424945943,0.5280212255250453,0.029070738190300406,-0.0006276224973203494,0.21599256564612726,0.0017153406573376662,-0.0033133384841223423,0.0032410860623086975,-0.003992770589277996,0.003241405882551414,0.0,0.0,-2.113323708072423,0.8005240208927455,1.20767844671496,0.0,0.0,0.0,0.0,False,0.0040166430581411025,0.10486860162791237,False,0.8396820841642639,False,0.13782719847737734,0.003830339549440509,2.8585293566474324,0.560199500801605,0.03127422507766814,0.001575864390047383,0.2291038094209482,0.014826584432158618,-0.007912492877215408,-0.0013580683307843682,-0.008587622395623473,-0.001353445923794063,0.0,0.0,5.306233588523468,6.919346856827313,1.2992173544672556,0.0,0.0,0.0,0.0,True,0.011787787972028174,2.242497932830647,False,0.6525047864595146,False,0.13004643651447545,-0.003950422413461385,-2.948145534953106,0.5285745456720905,0.029675017666252267,-2.3343021368488898e-05,0.21012231035495332,-0.004154914633836271,-0.008266685028709062,-0.0017122604822780224,-0.008954822948068963,-0.0017206464762395532,0.0,0.0,-0.07860036994641328,-1.9390369807400831,1.232781878699455,0.0,0.0,0.0,0.0,0.13775258922589728,0.0037557302979604468,2.802849505584515,0.5598962510374362,0.02964090117263938,-5.7459514981376275e-05,0.21753587059176718,0.003258645602977589,-0.004156334296948648,0.0023980902494823916,-0.004828087227746998,0.0024060892440824115,0.0,0.0,-0.1934770595109936,1.5207615289716703,1.2313645856901045,0.0,0.0,0.0,0.0,0.13399685892793683,0.0,0.0,0.5446310620086666,0.029698360687620756,0.0,0.2142772249887896,0.0,-0.00655442454643104,0.0,-0.00723417647182941,0.0,0.0,0.0,0.0,0.0,1.233751612030731,0.0,0.0,0.0,0.0,0.2460323479049099,0.024071588152770745,0.05567985106291751,7.460925148006226e-05,5.499710648034462,5.398585327855643,-5.852590448079109,-0.00784228736634246,-1.9198466485614296,-0.7202375080789247
0.05,0.05,11,0.05,1.0,3,60,0,0,0.15838517340626926,-0.003462203552067167,-2.139178043619716,0.6437575170704147,0.020349504416753816,5.6718249513584146e-05,0.043234525727123344,-0.00014350653827666093,0.0005889713594573779,-0.0001319315318891439,-0.00029295712275890183,-0.00023135692378964775,0.0,0.0,0.27949956721640135,-0.3308276811604616,0.845374401040984,0.0,0.0,0.0,0.0,False,0.0027127256980749672,0.021545482235742174,False,-0.14051166594612202,False,0.1583943968982872,-0.0034529800600492377,-2.1334791610111314,0.6437950060107775,0.01976484322117658,-0.000527942946063651,0.045245450207390805,0.001867417941990801,0.0006834599405058518,-3.744295084067003e-05,0.00013263310017063402,0.0001942332991398881,0.0,0.0,-2.601628685744195,4.304985368089942,0.8210859663990039,0.0,0.0,0.0,0.0,True,0.0024606204025248344,0.07339114401426934,True,0.9871705150745963,False,0.16363806803264613,0.0017906910743097082,1.1064072263405667,0.6651079397733964,0.020757255486069215,0.00046446931882898265,0.04109020915709319,-0.0022878231083068162,0.0007577756816903,3.687279034377824e-05,-0.00015995071815013898,-9.83505191808849e-05,0.0,0.0,2.288839565947831,-5.274151428329477,0.8623135023054125,0.0,0.0,0.0,0.0,0.16056900962466514,-0.0012783673336712875,-0.7898597788213557,0.652633732889157,0.019848047189828296,-0.0004447389774119362,0.04612280979781237,0.002744777532412368,0.0006702648303874314,-5.063806095909041e-05,0.00012278374934677615,0.00018438394831603024,0.0,0.0,-2.1916112146783573,6.327575016817222,0.8245424881757832,0.0,0.0,0.0,0.0,0.16184737695833643,0.0,0.0,0.6578296648247632,0.020292786167240232,0.0,0.043378032265400004,0.0,0.0007209028913465218,0.0,-6.160019896925408e-05,0.0,0.0,0.0,0.0,0.0,0.8430181689073325,0.0,0.0,0.0,0.0,0.2460323479049099,0.024071588152770745,-1.3436193821897757,-0.0021746127263779502,-0.41001747106583775,-2.02258964872728,-1.3493182647983604,-0.0021838362183958793,2.4711107818947586,-6.658402697977683
0.05,0.05,11,0.075,1.4999999999999998,3,60,60,0,0.8601576413040375,0.29027967715598757,50.93716469454066,3.4961160539608533,0.20763886532456619,0.01678219199220518,0.19588920267777554,0.0015393138267350837,0.002767590646639294,0.004131810043978584,0.0030807443689447322,0.004328246192374985,0.0,0.0,8.793086298313701,0.7920322650222245,8.625889742163357,100.0,0.0,100.0,0.0,False,0.016212916802790404,3.701951369135041,True,0.1436288229535297,False,0.5043381214896894,-0.06553984265836055,-11.50068028272344,2.0498854145984624,0.19539174344419313,0.004535070111832129,0.2044179680397561,0.010068079188715634,-0.00136164586349143,2.5735338478605208e-06,-0.0017578904913427892,-0.000510388667912537,0.0,0.0,2.3761653353009393,5.180388446958317,8.117110603759755,100.0,0.0,100.0,0.0,True,0.010674707432826747,2.095800455859811,True,0.07223992155312592,False,0.5713414226622363,0.0014634585141863887,0.256802088561936,2.322220746692449,0.19152957752525349,0.0006729041928924817,0.19381218261702352,-0.0005377062340169436,-0.003637164561863135,-0.0022729451645238444,-0.0034229790939545464,-0.0021754772705242943,0.0,0.0,0.3525704294974563,-0.2766691749584993,7.956665605514175,100.0,0.0,100.0,0.0,0.5974610226301813,0.027583058482131384,4.840169337547073,2.4283840223363495,0.18984600213812713,-0.0010106711942338698,0.19465973922520363,0.00030985037416317307,0.0012215591224216309,0.0025857785197609213,0.0011781824631441219,0.002425684286574374,0.0,0.0,-0.5295445931166709,0.15942914914690576,7.886725251913843,100.0,0.0,100.0,0.0,0.5698779641480499,0.0,0.0,2.316272510508677,0.190856673332361,0.0,0.19434988885104046,0.0,-0.0013642193973392904,0.0,-0.0012475018234302522,0.0,0.0,0.0,0.0,0.0,7.928711313980859,100.0,0.0,100.0,0.0,0.2460323479049099,0.024071588152770745,-16.340849620270514,-0.09312290114049193,2.90570992841761,5.0209592978114115,46.09699535699359,0.2626966186738562,9.322630891430371,0.6326031158753187
0.05,0.05,11,0.1,2.0,3,60,60,0,1.0865486677553173,0.25371422146772493,30.463944256709198,4.416283781412606,0.32595676427573694,0.025895751330847372,0.15614152740912576,0.003705506345851095,0.00394958731769623,0.004115220352456011,0.0030199626597157527,0.003293196969965236,0.0,0.0,8.630161938300018,2.430860055257522,13.541140792499721,100.0,0.0,100.0,0.0,False,0.016690913566263465,4.251917745524342,False,0.13499281456310655,False,0.7393256994270736,-0.0935087468605188,-11.227771290841703,3.004993878743208,0.3089583537748069,0.008897340829917333,0.15917568078119676,0.006739659717922092,-0.00034431191663358314,-0.00017867888187380205,-0.0005523226767467911,-0.00027908836649730753,0.0,0.0,2.965177229322835,4.421303882711891,12.834980052583047,100.0,0.0,100.0,0.0,True,0.008380212370765751,1.636894972019205,False,-0.11896444622115765,False,0.8825377627764286,0.04970331648883619,5.967970790640509,3.5870801961273986,0.3009034248673153,0.0008424119224257343,0.1524338897422275,-2.1313210471773925e-06,-0.0020830462456842154,-0.0019174132109244344,-0.00216336383408863,-0.0018901295238391463,0.0,0.0,0.2807468768295074,-0.0013981741535329384,12.500356144248837,100.0,0.0,100.0,0.0,0.7960843408233982,-0.036750105464194216,-4.412654355017365,3.2356897278039236,0.29913004952659994,-0.000930963418289632,0.15237871832688832,-5.730273638634986e-05,0.001979075973033262,0.002144709007793043,0.0018654520440050467,0.00213868635425453,0.0,0.0,-0.3102580402408406,-0.03759133568735917,12.426685253509904,100.0,0.0,100.0,0.0,0.8328344462875924,0.0,0.0,3.385060758796962,0.30006101294488957,0.0,0.15243602106327467,0.0,-0.0001656330347597811,0.0,-0.0002732343102494836,0.0,0.0,0.0,0.0,0.0,12.46536003526428,100.0,0.0,100.0,0.0,0.2460323479049099,0.024071588152770745,-6.815116935824339,-0.05675864139632458,3.2754352695636757,4.458895218399251,34.876598611726564,0.29046432693191915,8.94041997854086,2.4684513909448813
0.05,0.05,11,0.15,2.9999999999999996,3,60,60,0,0.6675999269334048,0.01787905291129621,2.751805217618397,2.713464032751613,0.4285754341613701,0.025280961457937345,0.1329850311004324,0.009157413185369598,0.003767252939354228,0.004330155430189964,0.0027448757067214838,0.003498547050470252,0.0,0.0,6.268610945364483,7.395291405549731,17.80420267418206,100.0,0.0,100.0,0.0,False,0.01530932747261969,3.549808436146234,False,0.24556483746111654,False,0.6453440403825077,-0.004376833639600841,-0.6736483026173912,2.62300484419199,0.4170979509247148,0.013803478221282028,0.12792248252735455,0.004094864612291763,-0.0007489555398163581,-0.00018605304898062212,-0.0010866281832102673,-0.00033295683946149926,0.0,0.0,3.4226797428569267,3.3069073614099276,17.327396442544444,100.0,0.0,100.0,0.0,True,0.006835724408921956,1.031522066433522,False,-0.12684110887311706,False,0.6408178122307449,-0.008903061791363687,-1.370290250373074,2.60460796187019,0.40426384141630667,0.000969368712873897,0.12407500504468162,0.00024738712961883125,-0.003152051736921412,-0.002589149246085676,-0.0028388187499002486,-0.0020851474061514804,0.0,0.0,0.24036250890717703,0.19978348431810566,16.794232223093854,100.0,0.0,100.0,0.0,0.6613507449460927,0.011629870923984154,1.7899795726108003,2.68806419390714,0.4022295182669033,-0.001064954436529486,0.12361254060754098,-0.00021507730752180765,0.002341147188837105,0.0029040496796728407,0.0016283124812392856,0.002381983824988054,0.0,0.0,-0.264063732237807,-0.17369090283989586,16.7097208424366,100.0,0.0,100.0,0.0,0.6497208740221085,0.0,0.0,2.640794511594963,0.40329447270343277,0.0,0.12382761791506279,0.0,-0.000562902490835736,0.0,-0.0007536713437487681,0.0,0.0,0.0,0.0,0.0,16.753961979738,100.0,0.0,100.0,0.0,0.2460323479049099,0.024071588152770745,-2.4636278752281915,-0.016006704563584995,3.6867434750947337,3.4805982642498234,0.9618256450075968,0.006249181987312058,6.532674677602291,7.568982308389627
0.05,0.05,11,0.2,4.0,3,60,60,0,0.44849497489981455,-0.05158695953297193,-10.315701484294571,1.8229105998417545,0.3598715020455782,0.01899805701903967,0.14755782929508626,0.007815637813675363,0.004761973752879832,0.004153727112453216,0.004666414470090632,0.004333446505158313,0.0,0.0,5.573346148322167,5.592897700273314,14.950052309039503,100.0,0.0,100.0,0.0,False,0.012481780622439213,2.6656649166573674,True,0.29816227774686155,False,0.5039444709124759,0.0038625364796893713,0.772380726784383,2.0482854193922804,0.353960123428086,0.01308667840154748,0.14497744702196705,0.00523525554055615,0.0005677458768204803,-4.050076360613574e-05,0.0003354717563682525,2.5037914359336616e-06,0.0,0.0,3.839160425221344,3.7463671386980923,14.704477377299414,100.0,0.0,100.0,0.0,True,0.007563731799015133,1.2213261980274415,True,-0.037498483663879305,False,0.5371590273467406,0.03707709291395411,7.41420362565357,2.183286189482488,0.34106619627287765,0.00019275124633910679,0.14004495530661934,0.0003027638252084408,-0.0016692122959214143,-0.0022774589363480304,-0.0020306530307884966,-0.0023636209957208156,0.0,0.0,0.05654627814264401,0.2166588501288258,14.168828168224515,100.0,0.0,100.0,0.0,0.4441256869179756,-0.055956247514810875,-11.18941590607122,1.8051516018114317,0.34080339468926046,-7.005033727808252e-05,0.13941409848250685,-0.00032809299890404486,0.0034174720392216532,0.002809225398795037,0.003328592852050917,0.002995624887118598,0.0,0.0,-0.020550247694606227,-0.23478449523792744,14.15791066739535,100.0,0.0,100.0,0.0,0.5000819344327865,0.0,0.0,2.0325861159771774,0.34087344502653855,0.0,0.1397421914814109,0.0,0.000608246640426616,0.0,0.0003329679649323188,0.0,0.0,0.0,0.0,0.0,14.160820751135297,100.0,0.0,100.0,0.0,0.2460323479049099,0.024071588152770745,11.961796632855602,0.059818783994500246,3.8597106729159503,3.98115163393602,0.8737144217766488,0.004369287981838943,5.593896396016773,5.827682195511241
0.05,0.05,22,0.0,0.0,2,60,0,0,0.16772924512792248,-0.00047758087347310463,-0.2839247876118556,0.6817365543849091,0.031230182221955664,0.00038436702909323134,0.22075748638797316,-0.0031438558460325505,0.0067457009565240495,0.004354444069196207,0.006096440274592243,0.004355793812946482,0.0,0.0,1.2460913309957578,-1.4041255021806975,1.2973876930658992,0.0,0.0,0.0,0.0,True,0.004827515055616636,0.08710736824302003,True,0.8292987871846877,False,0.17039965991880685,0.002192833917411263,1.3036533472149836,0.692590471821475,0.03150046469767822,0.0006546495048157866,0.23117366544719353,0.007272323213187826,0.0029826364325952837,0.0005913795452674405,0.0023327925491457182,0.0005921460874999574,0.0,0.0,2.1223284284192623,3.248003402135624,1.3086159707352911,0.0,0.0,0.0,0.0,True,0.007836170198478508,0.7646259542289966,False,-0.16249283459079958,False,0.16635195284318752,-0.0018548731582080646,-1.1027335824009166,0.6761385413737611,0.030830665666027025,-1.5149526835407656e-05,0.22443279143935602,0.0005314492053503095,-0.002447424682431566,-0.004838681569759409,-0.0030942153004371448,-0.004834861762082906,0.0,0.0,-0.04911371847586832,0.23735865093423847,1.2807906761431642,0.0,0.0,0.0,0.0,0.1693748517301737,0.0011680257287781104,0.6943985309897149,0.6884251325993771,0.03180508487905309,0.0009592696861906586,0.22311465315962956,-0.0007866890743761512,0.008227637571910059,0.005836380684582216,0.007580907503892195,0.005840261042246434,0.0,0.0,3.1098859932631173,-0.3513552292839561,1.3212707311707719,0.0,0.0,0.0,0.0,0.16820682600139558,0.0,0.0,0.6836776847994255,0.030845815192862433,0.0,0.2239013422340057,0.0,0.002391256887327843,0.0,0.0017406464616457609,0.0,0.0,0.0,0.0,0.0,1.2814200291687836,0.0,0.0,0.0,0.0,0.2460323479049099,0.024071588152770745,0.6092548162252687,0.0010248081886331528,-0.987557564843855,3.5993586314195802,-0.9783233186015705,-0.001645606602251215,-1.8637946622673596,-1.0527702728967414
0.05,0.05,22,0.025,0.5,2,60,0,0,0.13079782259387338,0.0014551081628946527,1.1250020299142127,0.53162855903983,0.02742391849652609,9.064154337912883e-05,0.19452106756830145,-0.0025605368490562996,0.004500976060765282,0.002214857475388321,0.0038352376412113583,0.0022196467906991676,0.0,0.0,0.33161608662766184,-1.299226712014112,1.13926502574237,0.0,0.0,0.0,0.0,True,0.003401286558470473,0.006146622103148242,True,0.5448518541700357,True,0.13279893695086925,0.0034562225198905283,2.672143177986941,0.5397621007226061,0.02804763721215772,0.000714360259010758,0.2048416274080855,0.007760022990727755,0.0024001414941918105,0.00011402290881484941,0.0017435689452414752,0.00012797809472928448,0.0,0.0,2.6135185336001676,3.937466925778832,1.1651760172263212,0.0,0.0,0.0,0.0,True,0.006898337023148682,1.0406215044378146,False,0.2888554999554053,False,0.12526692619458452,-0.004075788236394207,-3.1511540903752855,0.5091481964111462,0.026991288959306924,-0.0003419879938400365,0.19551216032617466,-0.001569444091183092,0.0001301807572403268,-0.002155937828136634,-0.000552527066823171,-0.002168117917335362,0.0,0.0,-1.2511781680120238,-0.7963422541758414,1.1212924044731178,0.0,0.0,0.0,0.0,0.13374323480093833,0.00440052036995961,3.4022174262531513,0.5436002051755785,0.027929095565164097,0.0005958186120171363,0.19799848441893964,0.0009168800015818823,0.005249692381815338,0.002963573796438377,0.004590216438103934,0.002974625587591743,0.0,0.0,2.1798286866168803,0.4652286063392408,1.1602514710667038,0.0,0.0,0.0,0.0,0.12934271443097872,0.0,0.0,0.5257142629105378,0.02733327695314696,0.0,0.19708160441735775,0.0,0.002286118585376961,0.0,0.0016155908505121907,0.0,0.0,0.0,0.0,0.0,1.1354995266484227,0.0,0.0,0.0,0.0,0.2460323479049099,0.024071588152770745,-0.7300742482662104,-0.0009442978500690813,0.4336898469832873,3.472238319439591,-2.2772153963389385,-0.002945412207064957,-1.8482125999892185,-1.764455318353353
0.05,0.05,22,0.05,1.0,2,60,0,0,0.17766119427047466,0.011418353184559582,6.868478131132583,0.7221050231132197,0.02098986048973256,0.0003876797131988005,0.047062819852303456,0.0032480872935112676,0.00047145175521833314,-5.222402647269076e-05,-0.0003027173252642324,9.501579851897755e-06,0.0,0.0,1.8817411486864222,7.413230901621648,0.8719765541234775,0.0,0.0,0.0,0.0,True,0.0016997083377823686,0.07063065386998818,True,0.3044431828310135,False,0.16260124843712176,-0.0036415926487933237,-2.1905259949878575,0.6608937801136874,0.02022540211642526,-0.00037677866010850034,0.04481018815943035,0.0009954556006381635,0.0005019357568479981,-2.1740024843025767e-05,-0.00018578952366176665,0.00012642938145436352,0.0,0.0,-1.828829016672151,2.271965483989713,0.8402188500428139,0.0,0.0,0.0,0.0,True,0.0015825313980239674,0.003178023091437865,True,0.9402631529548752,True,0.16950688068103859,0.0032640395951235024,1.9634166342457071,0.6889617650868902,0.020925350951035107,0.0003231701745013485,0.04272270460359828,-0.0010920279551939055,0.0005275851078112069,3.909326120183016e-06,-0.0003981283529414233,-8.590944782529313e-05,0.0,0.0,1.5686211960116658,-2.4923761744490514,0.8692966504009627,0.0,0.0,0.0,0.0,0.1617732712499622,-0.004469569835952869,-2.688578832482158,0.6575284617146631,0.020214686006797565,-0.00038749476973619357,0.04473742709974152,0.0009226945409493287,0.0005080704192847255,-1.5605362406298355e-05,-0.00020877627891379948,0.00010344262620233069,0.0,0.0,-1.8808434599193347,2.1059002008313676,0.8397736733656589,0.0,0.0,0.0,0.0,0.16624284108591508,0.0,0.0,0.6756950559613689,0.02060218077653376,0.0,0.04381473255879219,0.0,0.0005236757816910239,0.0,-0.00031221890511613017,0.0,0.0,0.0,0.0,0.0,0.8558712722144325,0.0,0.0,0.0,0.0,0.2460323479049099,0.024071588152770745,0.4980528374943005,0.0008279771871595454,0.05201444324718363,0.16606528315834534,9.557056963614741,0.01588792302051245,3.762584608605757,5.30733070079028
0.05,0.05,22,0.075,1.4999999999999998,2,60,60,0,1.2941387871879875,-0.10389992968002915,-7.431834928920489,5.260035105986001,0.26661395741974714,-0.006225512998984439,0.18826868785960985,-0.003007940037998258,0.013463996516262774,0.0035320995883185748,0.012087043306803703,0.0032194932274033656,0.0,0.0,-2.2817494072357003,-1.572560155968683,11.075877325902932,100.0,0.0,100.0,0.0,True,0.005994870431450085,0.31679519520564425,True,0.6650357193231632,False,1.400615945725387,0.0025772288573704394,0.1843460289242982,5.692812175522208,0.27991058450114326,0.007071114082411678,0.19640333167806884,0.005126703780460734,0.010590772220967508,0.0006588752930233085,0.009448092425738765,0.0005805423463384283,0.0,0.0,2.591675636798274,2.680256253369917,11.628255797859532,100.0,0.0,100.0,0.0,True,0.00665502860916255,0.46180135112304843,False,-0.11879321917323396,False,1.4216799290055848,0.0236412121375682,1.6910269974876657,5.778426865865036,0.27277298650818355,-6.648391054803193e-05,0.1918216149543317,0.0005449870567235948,0.006842482823713693,-0.0030894141042305066,0.005825861210742256,-0.003041688868658081,0.0,0.0,-0.024367409321679467,0.2849208827621741,11.33174033956651,100.0,0.0,100.0,0.0,1.4455578538932659,0.047519137025249236,3.398985768556173,5.875478839278344,0.2728608159506904,2.1345531958816277e-05,0.1905461543445804,-0.0007304735530277162,0.01373924075441377,0.003807343826469571,0.012614428218582482,0.0037468781391821453,0.0,0.0,0.007823476539536856,-0.3818937844401682,11.335389016253293,100.0,0.0,100.0,0.0,1.3980387168680166,0.0,0.0,5.682337012888852,0.2728394704187316,0.0,0.1912766278976081,0.0,0.0099318969279442,0.0,0.008867550079400337,0.0,0.0,0.0,0.0,0.0,11.334502264127785,100.0,0.0,100.0,0.0,0.2460323479049099,0.024071588152770745,-3.214639739631875,-0.0449419081678788,2.583852160258737,3.062150037810085,-10.830820697476662,-0.15141906670527838,-2.289572883775237,-1.1906663715285148
0.05,0.05,22,0.1,2.0,2,60,60,0,1.0043803026585496,-0.04311623838188505,-4.116122267960853,4.0823099531885,0.42598205843226244,-0.010785295804413786,0.17170214777347215,-0.0029729228746590564,0.01461809546145017,0.002925307307438712,0.015405175264006856,0.0034799390475710266,0.0,0.0,-2.4693456825002125,-1.701973191496664,17.696466711243147,100.0,0.0,100.0,0.0,True,0.006517638688294294,0.43425789531805614,True,0.6841808807802622,False,1.0373329264749405,-0.010163614565494195,-0.9702766708326371,4.2162460965330615,0.44759904621935703,0.010831691982680802,0.17904821936880216,0.004373148720670961,0.01226338299988958,0.0005705948458781217,0.012631959870116165,0.0007067236536803349,0.0,0.0,2.4799683121031313,2.5035906408650055,18.594495858713685,100.0,0.0,100.0,0.0,True,0.006117539029429053,0.346212803823162,False,-0.13719343301267156,False,1.097748454540549,0.050251913500114265,4.797334552551469,4.46180538408235,0.43805067308156076,0.001283318844884529,0.17506438713669048,0.00038931648855927703,0.008215363481300662,-0.0034774246727107966,0.008136725440739258,-0.0037885107756965714,0.0,0.0,0.29382206166195246,0.22288039564817286,18.19783016814116,100.0,0.0,100.0,0.0,1.0109564745315214,-0.03654006650891328,-3.4883233573849814,4.109038844445976,0.4353819687636882,-0.0013853854729880544,0.17430195291049566,-0.0003731177376355421,0.015711470231822296,0.004018682077810837,0.016169651464997943,0.004244415248562113,0.0,0.0,-0.31719071023731393,-0.2136067478038406,18.086964848373487,100.0,0.0,100.0,0.0,1.0474965410404347,0.0,0.0,4.257556170805987,0.43676735423667623,0.0,0.1746750706481312,0.0,0.011692788154011459,0.0,0.01192523621643583,0.0,0.0,0.0,0.0,0.0,18.144517572530933,100.0,0.0,100.0,0.0,0.2460323479049099,0.024071588152770745,2.5180466865523443,0.026376451943419088,2.7971590223404452,2.717197388668846,-0.6277989105758719,-0.00657617187297177,-2.1521549722628985,-1.4883664436928234
0.05,0.05,22,0.15,2.9999999999999996,2,60,60,0,0.8615557608762132,-0.010462628746732872,-1.199817443214335,3.501798719610641,0.5123969410772431,-0.010286757301573468,0.16279109152738735,-0.003235762353566929,0.013566439141174332,0.0034152913679323105,0.015268763540015625,0.0033252509593476847,0.0,0.0,-1.9680654540172982,-1.948939149257778,21.286378689486842,100.0,0.0,100.0,0.0,True,0.0062922409145600156,0.3673301483757122,True,0.7422961303992168,False,0.8762085236434158,0.004190134020469749,0.4805098229959892,3.5613549645189964,0.5355870166835854,0.012903318304768874,0.17010320944924257,0.004076355568288281,0.01075690938516977,0.0006057616119277479,0.012531355407585706,0.000587842826917765,0.0,0.0,2.4686666802103296,2.4552386996450126,22.24975823300371,100.0,0.0,100.0,0.0,True,0.0057911892903232225,0.25844954430883954,False,-0.16271138824313022,False,0.8358456889947987,-0.03617270062814737,-4.148158004304037,3.3972999734077582,0.5251910247966867,0.002507326417870104,0.1665544432337785,0.0005275893528242093,0.0059805320274942605,-0.004170615745747761,0.008313680141661239,-0.003629832439006702,0.0,0.0,0.4797024329717958,0.3177735050033048,21.817880127540935,100.0,0.0,100.0,0.0,0.911890743682844,0.03987235405989786,4.572421239549596,3.7063855685972014,0.5201063844050329,-0.0025773139737836903,0.16558204167352591,-0.0004448122074283689,0.01476371737211006,0.004612569598868039,0.016018163739521526,0.004074651158853585,0.0,0.0,-0.4930924729004582,-0.2679158202608112,21.606650176306143,100.0,0.0,100.0,0.0,0.8720183896229461,0.0,0.0,3.544324138872894,0.5226836983788166,0.0,0.16602685388095428,0.0,0.010151147773242022,0.0,0.01194351258066794,0.0,0.0,0.0,0.0,0.0,21.713718889738207,100.0,0.0,100.0,0.0,0.2460323479049099,0.024071588152770745,-4.091911416553606,-0.035682220039428114,2.961759153110788,2.723154519905824,-5.7722386827639305,-0.050334982806630735,-1.47497298111684,-1.6810233289969667
0.05,0.05,22,0.2,4.0,2,60,60,0,0.5691526859625439,-0.07714465707242946,-11.936403252125839,2.313324612837163,0.4199576726198644,-0.007355468548922994,0.1719538762844836,-0.003661515885092559,0.01143326980958412,0.0035150755402692906,0.011212998020476123,0.003332092718855548,0.0,0.0,-1.7213298258987098,-2.0849629635863343,17.4461971497101,100.0,0.0,100.0,0.0,True,0.00649147887915495,0.3785991491275815,True,0.7831917558038153,False,0.6423033952328142,-0.003993947802159115,-0.6179737306985955,2.610646123171823,0.4384919851908902,0.01117884402210284,0.18005579132754745,0.0044403991579712865,0.008460962625117634,0.0005427683558028047,0.008398631924421845,0.0005177266228012702,0.0,0.0,2.6160777530797263,2.528479481846091,18.21616348734422,100.0,0.0,100.0,0.0,True,0.006113186682904689,0.298261015155234,False,-0.18850140827669087,False,0.670496831864057,0.024199488829083626,3.7443274508052626,2.725238520762319,0.42898921787609956,0.0016760767073121796,0.1766324832988132,0.0010170911292370355,0.004191011492128334,-0.0037271827771864947,0.004249981302885891,-0.003630923998734684,0.0,0.0,0.3922361719856715,0.5791583053579519,17.821392388134598,100.0,0.0,100.0,0.0,0.5212041664550978,-0.1250931765798755,-19.355359870805835,2.118437558692649,0.4256506754685464,-0.0016624657002409782,0.17456545523578487,-0.0010499369337912956,0.012112398416882145,0.004194204147567316,0.011961468772470181,0.004080563470849606,0.0,0.0,-0.38905091841869854,-0.5978615660166442,17.6827001511968,100.0,0.0,100.0,0.0,0.6462973430349733,0.0,0.0,2.626879548720006,0.4273131411687874,0.0,0.17561539216957617,0.0,0.007918194269314829,0.0,0.007880905301620575,0.0,0.0,0.0,0.0,0.0,17.751763550324856,100.0,0.0,100.0,0.0,0.2460323479049099,0.024071588152770745,18.73738614010724,0.1210992287777164,3.005128671498425,3.126341047862735,7.418956618679996,0.04794851950744605,-1.3322789074800112,-1.48710139756969
0.05,0.05,33,0.0,0.0,4,60,0,0,0.17838070591247746,-0.007798027984062955,-4.1884633227747265,0.7250294826329934,0.03224666229166772,-0.0032426362560021224,0.24019087916254525,-0.013838296702162717,-0.001006551426382863,0.011105551566142485,-0.0016470942931516702,0.011080787277505428,0.0,0.0,-9.136940961643846,-5.447522574939489,1.3396150718022313,0.0,0.0,0.0,0.0,False,0.017029794584940687,0.8545585133400717,True,-0.6761136658842587,False,0.19345561309317422,0.0072768791966338064,3.9085447861502587,0.7863015361213547,0.038649529292905674,0.0031602307452358314,0.2823074715614452,0.028278295696737232,-0.014550382653899784,-0.002438279661374436,-0.015179877593228593,-0.0024519960225714947,0.0,0.0,8.904742766304485,11.131908608717378,1.6056077832345659,0.0,0.0,0.0,0.0,True,0.027940824837191548,2.0427786027072496,False,0.11937336161591217,False,0.17971334317377777,-0.006465390722762643,-3.4726794985916354,0.7304459950251581,0.03356870696659,-0.0019205915810798432,0.252722636238663,-0.001306539626044989,-0.004529464186055643,0.007582638806469705,-0.005168494853647655,0.007559386717009443,0.0,0.0,-5.411748497931201,-0.5143266011069625,1.3945364449385569,0.0,0.0,0.0,0.0,0.18797260467368815,0.001793870777147738,0.9635207736156337,0.7640158144828113,0.03985814013199476,0.00436884158432492,0.2550266699690822,0.0009974941043742191,-0.021835311367260142,-0.009723208374734794,-0.022478573398658254,-0.009750691828001156,0.0,0.0,12.310306946350646,0.3926691101440616,1.6558168027399935,0.0,0.0,0.0,0.0,0.1861787338965404,0.0,0.0,0.7567246156123235,0.03548929854766984,0.0,0.25402917586470797,0.0,-0.012112102992525348,0.0,-0.012727881570657098,0.0,0.0,0.0,0.0,0.0,1.4743231033381097,0.0,0.0,0.0,0.0,0.2460323479049099,0.024071588152770745,2.945024012534625,0.005483008419486068,-3.405564180046161,10.739239498573316,-5.15198409639036,-0.009591898761210693,-21.447247907994495,-5.840191685083551
0.05,0.05,33,0.025,0.5,4,60,0,0,0.13419027859624744,0.0053328820384403175,4.138592103285221,0.5454172174469969,0.028311539609985503,-0.0008397022822121854,0.2058417447840729,-0.012890338701706666,0.003333185669143641,0.0055742243148957215,0.0026561363252854625,0.005592839018787567,0.0,0.0,-2.8805026054033456,-5.89320894140557,1.1761392489064633,0.0,0.0,0.0,0.0,False,0.01297273048239998,0.8492235628133492,False,-0.8437325690903624,False,0.134633074778999,0.005775678221191877,4.482224827971626,0.5472169652708997,0.031738767963068674,0.002587526070870986,0.24747073414168055,0.028738650655900977,-0.0034405243930236726,-0.0011994857472715915,-0.004128029737481845,-0.0011913270439797407,0.0,0.0,8.876212136826789,13.138744987892625,1.3185157440231214,0.0,0.0,0.0,0.0,True,0.024063209800089837,2.430137905016814,True,0.38445038950538857,False,0.129075785279266,0.00021838872145887867,0.16948093574193912,0.5246293277221947,0.02866374213807614,-0.0004874997541215488,0.21434563527916167,-0.0043864482066179045,0.0013113037418413403,0.0035523423875934213,0.00061840728096952,0.003555109974471624,0.0,0.0,-1.6723121297004817,-2.005397716107382,1.190770710937775,0.0,0.0,0.0,0.0,0.1615922067701197,0.03273481021231259,25.40390469368774,0.6567925240162897,0.030018138999046987,0.0008668971068492987,0.22107626367034156,0.002344180184561978,-0.007396233712088137,-0.005155195066336056,-0.007986936993269723,-0.005050234299767619,0.0,0.0,2.9737913398513616,1.0717130048799595,1.2470360828930918,0.0,0.0,0.0,0.0,0.12885739655780712,0.0,0.0,0.5237416854128862,0.02915124189219769,0.0,0.21873208348577958,0.0,-0.002241038645752081,0.0,-0.002936702693502104,0.0,0.0,0.0,0.0,0.0,1.2110227919815193,0.0,0.0,0.0,0.0,0.2460323479049099,0.024071588152770745,-20.921679865716115,-0.02695913199112071,5.902420796975427,12.067031983012665,-21.265312590402516,-0.02740192817387227,-5.854293945254707,-6.964921946285529
0.05,0.05,33,0.05,1.0,4,60,0,0,0.14218342516309707,-0.02378135877971671,-14.329159605275665,0.5779054111130547,0.01948422357567389,-0.0011968425271582338,0.03237346558854961,-0.01122797310867258,0.000545132391251706,7.714725438150226e-06,-0.0002580810949473362,6.212517521779487e-05,0.0,0.0,-5.787141345650138,-25.751382165717175,0.8094282542563013,0.0,0.0,0.0,0.0,False,0.005101649287092996,0.02401988617381635,False,-0.9376201854081765,False,0.15767282490591444,-0.008291959036899332,-4.9962159681757985,0.64086217218418,0.019637880665083603,-0.00104318543774852,0.047332794580750126,0.003731355883527937,0.0004450592042283122,-9.235846158524356e-05,7.214630837541563e-06,0.0003274209010026726,0.0,0.0,-5.044156972186576,8.55787330651927,0.8158115925069612,0.0,0.0,0.0,0.0,True,0.004955627674839666,0.05195481108303036,True,0.7977071430574226,False,0.15172891434463115,-0.014235869598182627,-8.577644762932268,0.6167031109391904,0.020205976703800522,-0.0004750893990316009,0.035369231745921055,-0.008232206951301134,0.0005017023618822296,-3.5715303931326144e-05,-0.00038175059776467883,-6.154432759954777e-05,0.0,0.0,-2.2972190924264835,-18.88058558908424,0.839411864957266,0.0,0.0,0.0,0.0,0.22238717946323672,0.05642239552042294,33.9966070994099,0.9038940666013076,0.022107805282553183,0.0014267391797210607,0.05812652954102292,0.014525090843800728,0.0004150092637446426,-0.00012240840206891317,-1.99193743304646e-05,0.00030028689583466646,0.0,0.0,6.898769979395203,33.31332927949029,0.9184190566175202,0.0,0.0,0.0,0.0,0.16596478394281378,0.0,0.0,0.6745648909831898,0.020681066102832123,0.0,0.04360143869722219,0.0,0.0005374176658135558,0.0,-0.00032020627016513106,0.0,0.0,0.0,0.0,0.0,0.8591483857059776,0.0,0.0,0.0,0.0,0.2460323479049099,0.024071588152770745,-38.9928230675857,-0.06471435455732227,-11.942926951581779,-24.75545597297102,-48.32576670468556,-0.08020375430013965,-12.68591132504534,-59.064711445207465
0.05,0.05,33,0.075,1.4999999999999998,4,60,60,0,3.8062732194209232,2.402562157453258,171.15788444991264,15.470621045700975,0.2733992992098453,-0.02277666275943374,0.1874462053768547,-0.01291935762357635,0.0044297240832457535,0.006754922919556346,0.007613003433406935,0.008171229916815296,0.0,0.0,-7.6902469086253085,-6.4478932557629935,11.357759092366983,100.0,0.0,100.0,0.0,False,0.019787391760795317,1.2062791079084962,True,-0.5047231925309094,False,1.4516973435833849,0.04798628161571972,3.4185298467659386,5.900432833102327,0.321826195230411,0.02565023326113197,0.218191874336327,0.01782631133589596,-0.002725718150349719,-0.00040051931403912696,-0.000768095674272631,-0.00020986919086426895,0.0,0.0,8.660470988456703,8.89689379200238,13.369545589926828,100.0,0.0,100.0,0.0,True,0.021983791699387432,1.4511760279122936,False,-0.05152022972213695,False,2.2669132205427487,0.8632021585750835,61.49429052479516,9.21388280787735,0.2938974691915282,-0.002278492777750829,0.20060827306071782,0.00024271006028678266,0.002097327840636629,0.004422526676947221,0.004905567093101696,0.005463793576510058,0.0,0.0,-0.769303748555783,0.12113362029495534,12.209309469998527,100.0,0.0,100.0,0.0,1.430864442844662,0.027153380876996813,1.9343995792791002,5.815757379178785,0.29758305647915706,0.0014070945098780263,0.1994160981148195,-0.0009494648856115395,-0.009392564121381708,-0.007067365285071115,-0.008966765854190883,-0.00840853937078252,0.0,0.0,0.4750873435245051,-0.4738663028683754,12.362418906078863,100.0,0.0,100.0,0.0,1.4037110619676652,0.0,0.0,5.70539229463514,0.29617596196927903,0.0,0.20036556300043104,0.0,-0.002325198836310592,0.0,-0.000558226483408362,0.0,0.0,0.0,0.0,0.0,12.30396432880096,100.0,0.0,100.0,0.0,0.2460323479049099,0.024071588152770745,1.4841302674868384,0.020832900738722904,8.185383644932198,9.370760094870755,169.22348487063354,2.3754087765762613,-8.165334252149814,-5.974026952894619
0.05,0.05,33,0.1,2.0,4,60,60,0,1.1188020064553716,-0.23235439600136698,-17.196706138452132,4.547377676076083,0.4366323961421721,-0.03244271844902036,0.17127148831054828,-0.010846309230815365,0.014447366812223292,0.010714365498820141,0.008710982535069823,0.008203918771853677,0.0,0.0,-6.916316265742384,-5.955655832237861,18.138911041975174,100.0,0.0,100.0,0.0,False,0.018716566465458207,1.0218375556160997,True,-0.5153784839389508,False,1.3805008435895607,0.029344441132822086,2.171801952717445,5.611054218460397,0.5084451677111878,0.03937005311999531,0.19755406909501244,0.015436271553648795,0.004140190505706434,0.0004071891923032845,0.0008639573867782114,0.00035689362356206575,0.0,0.0,8.393123381594659,8.475981898552675,21.122211151351202,100.0,0.0,100.0,0.0,True,0.02000818173933279,1.161362947356431,False,-0.08006160599843742,False,1.1644391596189312,-0.18671724283780744,-13.819069539122864,4.732870167417905,0.46902234800680864,-5.2766584383800996e-05,0.18310342345459846,0.000985625913234811,0.011007675500174351,0.007274674186771201,0.0061755610352162565,0.005668497272000111,0.0,0.0,-0.01124906923057889,0.541202412142594,19.484478756870974,100.0,0.0,100.0,0.0,1.3835546871293483,0.032398284672609634,2.3978189803713024,5.623466584418746,0.4690902383971577,1.5123805965244763e-05,0.18146804611282713,-0.0006497514285365158,-0.00574443360736064,-0.00947743492076379,-0.006961249722239105,-0.007468313485455251,0.0,0.0,0.003224175722560396,-0.35677536040317204,19.487299110472833,100.0,0.0,100.0,0.0,1.3511564024567386,0.0,0.0,5.49178355595319,0.46907511459119244,0.0,0.18211779754136365,0.0,0.00373300131340315,0.0,0.0005070637632161456,0.0,0.0,0.0,0.0,0.0,19.486670825962925,100.0,0.0,100.0,0.0,0.2460323479049099,0.024071588152770745,-0.22601702765385756,-0.0030538435397875485,8.389899205872098,8.832757258955848,-19.594525118823434,-0.2647526806739766,-6.919540441464944,-5.598880471834689
0.05,0.05,33,0.15,2.9999999999999996,4,60,60,0,0.7660359276996831,0.047925051225904625,6.673767630597172,3.1135577667850067,0.5251069540564552,-0.033343026737863046,0.1667019913863974,-0.010623421812330502,0.01080560140745325,0.00885699824855597,0.008789968278915313,0.008887631461059678,0.0,0.0,-5.970637995266326,-5.990918966829007,21.814387597687986,100.0,0.0,100.0,0.0,False,0.017844426285613352,0.9153549449404637,True,-0.5225818214890257,False,0.7181371752969633,2.6298823184833786e-05,0.003662223209044413,2.9188729913455087,0.6060647198025083,0.04761473900819002,0.19210075482533537,0.014775341626607458,0.0024007813773757897,0.00045217821847851015,0.00014675368824973857,0.000244416870394104,0.0,0.0,8.526231649334925,8.33233170591785,25.17759592579053,100.0,0.0,100.0,0.0,True,0.01943802590894543,1.0864060546791503,False,-0.10167884468333581,False,0.7695914480992726,0.05148057162549413,7.1688889991870175,3.1280092014433616,0.5606251036824285,0.0021751228881101703,0.17828669607708275,0.000961282878354841,0.008267755748472537,0.006319152589575258,0.006139071448870393,0.0062367346310147585,0.0,0.0,0.3894928754436311,0.5421010226422274,23.28990925419676,100.0,0.0,100.0,0.0,0.7178689002215076,-0.00024197625227084796,-0.03369622438516018,2.9177825856417865,0.5560143626659446,-0.0024356181283736733,0.17662811813872586,-0.0006972950600020456,-0.006045610110776754,-0.007994213269674033,-0.007956766122480093,-0.007859102940335727,0.0,0.0,-0.43613899402581424,-0.39322906256001877,23.098366386845353,100.0,0.0,100.0,0.0,0.7181108764737785,0.0,0.0,2.918766099615991,0.5584499807943183,0.0,0.1773254131987279,0.0,0.0019486031588972796,0.0,-9.766318214436546e-05,0.0,0.0,0.0,0.0,0.0,23.199548665011463,100.0,0.0,100.0,0.0,0.2460323479049099,0.024071588152770745,0.03735844759420459,0.00026827507545568174,8.962370643360739,8.72556076847787,6.707463854982332,0.04816702747817547,-5.534499001240512,-5.597689904268988
0.05,0.05,33,0.2,4.0,4,60,60,0,0.8957500870135608,0.10432275564107774,13.181596276206765,3.640781769719822,0.4211891535780881,-0.029984706827097196,0.17711708974401022,-0.011549371659319269,0.013414892435155803,0.009088023242798967,0.01125937145571659,0.00830568065459032,0.0,0.0,-6.645931747944989,-6.121581744531223,17.497356256886913,100.0,0.0,100.0,0.0,False,0.018904100863803574,1.0770349593222581,True,-0.5066857950997471,False,0.8372465108186693,0.04581917944618619,5.789436077059307,3.402993622376275,0.49018291821283544,0.03900905780765013,0.20459697295047,0.015930511547140508,0.004974356181880909,0.000647486989524073,0.003327382625313474,0.0003736918241872048,0.0,0.0,8.64612541440617,8.443743222111099,20.36354706228277,100.0,0.0,100.0,0.0,True,0.020654366477959107,1.2693404751937618,False,-0.061348377392128436,False,0.8825485578487376,0.09112122647625454,11.51353041071166,3.5871240727655764,0.45105552634073304,-0.00011833406445227457,0.1894997911099882,0.0008333297066587253,0.011023185168705513,0.006696315976348677,0.00898989463823514,0.0060362038371088705,0.0,0.0,-0.026228040859022084,0.44169467135828366,18.738087552765585,100.0,0.0,100.0,0.0,0.7269308592983864,-0.0644964720740967,-8.149386496704347,2.9546149743664643,0.45065014225262734,-0.0005237181525579726,0.1878285804603636,-0.0008378809429658851,-0.0038317122425215633,-0.008158581434878399,-0.0046090946636719934,-0.007562785464798263,0.0,0.0,-0.11607901044791147,-0.44410699004666654,18.72124678241288,100.0,0.0,100.0,0.0,0.7914273313724831,0.0,0.0,3.2167612840827142,0.4511738604051853,0.0,0.1886664614033295,0.0,0.004326869192356836,0.0,0.002953690801126269,0.0,0.0,0.0,0.0,0.0,18.743003475375314,100.0,0.0,100.0,0.0,0.2460323479049099,0.024071588152770745,13.938822573763654,0.11031565152028289,8.762204424854081,8.887850212157765,21.330982772911113,0.16881922771517444,-6.529852737497077,-5.677474754484557
0.05,0.2,11,0.0,0.0,2,60,0,0,0.19445864328001936,-0.003042896070376805,-1.5406948626249806,0.7903783585204676,0.03239676492246868,0.0003491162258576208,0.20658921289376078,-0.00386225199361942,-0.007956047512673948,-0.002160690997274781,-0.009426891446288426,-0.0021777369977792095,0.0,0.0,1.0893661159439016,-1.8352221951442593,1.4462630713825415,0.0,0.0,0.0,0.0,True,0.00394379855549448,1.9396298037373447,False,-0.8552575548085448,False,0.2036453431968674,0.00614380384647123,3.110762511866416,0.8277177571608392,0.03316449595144138,0.0011168472548303207,0.2222063932511786,0.011754928363798406,-0.006463446910506997,-0.0006680903951078307,-0.007913776808418335,-0.0006646223599091183,0.0,0.0,3.4849584922853394,5.585576878777676,1.4805362785566214,0.0,0.0,0.0,0.0,True,0.010521954556617221,6.842857786209571,False,0.9947246453834095,False,0.19350451249928546,-0.0039970268511106966,-2.023795290030317,0.7865002880599822,0.03176292879059686,-0.00028471990601419694,0.20877576875241977,-0.001675696134960436,-0.005784532385730647,1.0824129668519401e-05,-0.00723549630059916,1.3658147910056324e-05,0.0,0.0,-0.8884268194199962,-0.7962387602562737,1.4179672278614992,0.0,0.0,0.0,0.0,0.19836750972643988,0.0008659703760437176,0.4384625957306376,0.8062659703719436,0.03234849063084625,0.0003008419342351923,0.2118488558181778,0.001397390930797604,-0.005781830391824196,1.3526123574970385e-05,-0.007270294561560095,-2.1140113050878775e-05,0.0,0.0,0.938733250239987,0.6639967707259276,1.444108000484637,0.0,0.0,0.0,0.0,0.19750153935039616,0.0,0.0,0.8027462284216761,0.03204764869661106,0.0,0.2104514648873802,0.0,-0.005795356515399167,0.0,-0.007249154448509217,0.0,0.0,0.0,0.0,0.0,1.4306777527161045,0.0,0.0,0.0,0.0,0.24603234790491,0.022400326443721818,2.6722999161357786,0.005277833470427512,2.5462252420453524,4.9215801080517485,-1.9791574583556182,-0.0039088664464205225,0.15063286570391465,-2.499218965870187
0.05,0.2,11,0.025,0.5,2,60,0,0,0.12825944715433205,-0.004693059612890432,-3.5298767409532084,0.5213113163635846,0.028206470380450172,0.00011103721177508491,0.172236110610218,-0.006154631779161174,-0.010144052839827621,-0.0014669123068584335,-0.011641505475020408,-0.001482425520992283,0.0,0.0,0.3952144503644339,-3.450084739110093,1.259199076911473,0.0,0.0,0.0,0.0,True,0.0044388312566866275,0.8835907133133925,True,-0.864655392612234,False,0.13734909398969847,0.004396587222475989,3.306885540844795,0.55825624215391,0.02972344249707097,0.0016280093283958831,0.19256257955324274,0.014171837163863554,-0.010205064244345207,-0.0015279237113760193,-0.011685446050949394,-0.001526366096921269,0.0,0.0,5.794569240566205,7.944267159856433,1.3269200594798303,0.0,0.0,0.0,0.0,True,0.008919901623589244,2.785105332975242,True,0.9793365619236934,False,0.13149674614109808,-0.0014557606261244027,-1.0949478588419548,0.5344693381210213,0.02771009470348224,-0.0003853384651928485,0.17427822602389997,-0.004112516365479213,-0.008538850817940358,0.00013828971502882932,-0.010021723417581304,0.00013735653644682093,0.0,0.0,-1.3715341667074887,-2.305341807761918,1.2370397714113939,0.0,0.0,0.0,0.0,0.13259537074684974,-0.00035713602037273917,-0.2686192453655867,0.538934704627121,0.02841141576194959,0.0003159825932745018,0.18204753624659514,0.0036567938572159564,-0.00870041599697726,-2.327546400807297e-05,-0.010194448291833344,-3.5368337805218725e-05,0.0,0.0,1.1246759976166087,2.049878714689224,1.2683482909648627,0.0,0.0,0.0,0.0,0.13295250676722248,0.0,0.0,0.5403862861911468,0.028095433168675087,0.0,0.1783907423893792,0.0,-0.008677140532969188,0.0,-0.010159079954028125,0.0,0.0,0.0,0.0,0.0,1.2542421307681186,0.0,0.0,0.0,0.0,0.24603234790491,0.022400326443721818,3.5755047862103817,0.004753723242848729,4.6698932429495965,5.894388445167209,-3.2612574955876217,-0.004335923592517693,-0.7294615472521748,-5.499963453799317
0.05,0.2,11,0.05,1.0,2,60,0,0,0.18206988092125292,0.017452224714309017,10.601672455091627,0.7400241572771635,0.017706395505835693,0.0004504452923047436,0.027212632444668892,0.002935498528698108,0.0014065393132549854,4.167970784920089e-05,-0.00023035990029673166,-4.7890987422067455e-05,0.0,0.0,2.6103766337453482,12.091618964819318,0.7904525655159949,0.0,0.0,0.0,0.0,True,0.0012363488461432167,0.0512301593391171,True,0.47741155921673145,False,0.1609382659890117,-0.0036793902179322047,-2.235112747144674,0.65413457766624,0.016997071623758894,-0.0002588785897720547,0.02497405987599722,0.0006969259600264344,0.0013431788554368492,-2.168074996893531e-05,-9.417993715033428e-05,8.828897572432992e-05,0.0,0.0,-1.500227959449374,2.8707093779630988,0.7587867822579298,0.0,0.0,0.0,0.0,True,0.0012757387135917601,0.021002510905271443,True,0.9016023875293793,True,0.15899518864331041,-0.005622467563633493,-3.4154705474395697,0.6462369277748838,0.017313565977619027,5.7615764088077975e-05,0.022313402141281104,-0.0019637317746896803,0.00137917158766911,1.4311982263325506e-05,-0.0001823895784876639,7.933438700031821e-08,0.0,0.0,0.33388925776396405,-8.088812219295106,0.7729157885764443,0.0,0.0,0.0,0.0,0.17420531174614518,0.009587655539201267,5.824196359076117,0.7080585672152122,0.01724086253444758,-1.5087679083369832e-05,0.026672255430280387,0.002395121514309602,0.001350980689425821,-1.3878915979963474e-05,-0.0001326968460779739,4.9772066796690314e-05,0.0,0.0,-0.08743464658086397,9.865750720821143,0.769670146449125,0.0,0.0,0.0,0.0,0.1646176562069439,0.0,0.0,0.6690894819674997,0.01725595021353095,0.0,0.024277133915970785,0.0,0.0013648596054057845,0.0,-0.0001824689128746642,0.0,0.0,0.0,0.0,0.0,0.7703436937352003,0.0,0.0,0.0,0.0,0.24603234790491,0.022400326443721818,-8.059309106220791,-0.013267045757133472,-1.41279331286851,-6.995041342858045,4.77747609601551,0.00786456917510775,2.697811280326212,2.2258682439981747
0.05,0.2,11,0.075,1.4999999999999998,2,60,60,0,0.4575568852294677,-0.04651711978397477,-9.22823222807021,1.8597427904330315,0.16799616775225046,-0.001837929672442229,0.17406264878904273,-0.0011847871082836525,-0.0029257819492388955,-0.0029044201148185054,-0.004551691018219766,-0.002875182336371153,0.0,0.0,-1.0821912091340757,-0.6760653028771269,7.49971962124396,100.0,0.0,100.0,0.0,True,0.004992985014942834,2.7098554718192793,False,-0.06001315311073987,False,0.41565391883044955,-0.08842008618299291,-17.541092241135303,1.6894279242951307,0.17557614262882998,0.005742045204137292,0.18432978523027724,0.009082349332950851,-0.0003928231964540215,-0.0003714613620336314,-0.0023894010405055904,-0.0007128923586569775,0.0,0.0,3.380973132726428,5.182586145381318,7.838106425365914,100.0,0.0,100.0,0.0,True,0.008766527280205043,5.513648469200146,True,0.6061727577349464,False,0.43055807872523744,-0.07351592628820502,-14.584351812834417,1.7500059743836835,0.16991843292725894,8.433550256625733e-05,0.17418423687023166,-0.00106319902709473,0.00021003678733399925,0.00023139862175438936,-0.0012196153281416999,0.00045689335370691303,0.0,0.0,0.04965757986474806,-0.6066844982072328,7.5855337802401674,100.0,0.0,100.0,0.0,0.42180408429121724,-0.08226992072222522,-16.321000468975043,1.7144253098549544,0.1704956433654257,0.0006615459407330049,0.1763133026565447,0.0010658667592183257,-0.000333374403584327,-0.00031201256916393687,-0.002024147464161228,-0.00034763878231261524,0.0,0.0,0.38952480730576333,0.6082067642021238,7.611301727846508,100.0,0.0,100.0,0.0,0.5040740050134425,0.0,0.0,2.0488119115469483,0.1698340974246927,0.0,0.1752474358973264,0.0,-2.136183442039011e-05,0.0,-0.001676508681848613,0.0,0.0,0.0,0.0,0.0,7.581768857314685,100.0,0.0,100.0,0.0,0.24603234790491,0.022400326443721818,-1.2200917721602593,-0.006150165460767687,2.9914483254206647,4.574379381179194,7.092768240904833,0.03575280093825045,-1.471716016439839,-1.2842720670792507
0.05,0.2,11,0.1,2.0,2,60,60,0,0.9283521095571785,0.0787907335418454,9.274283855911003,3.773292892022398,0.26955810464966096,-0.004563326707747228,0.1376439756822538,-0.0002962437049040534,-0.0011434361496879839,-0.002673634244078903,-0.0023217503939330585,-0.0024139686514198636,0.0,0.0,-1.6647099371801422,-0.21476238490862887,12.033668586343772,100.0,0.0,100.0,0.0,True,0.0048840305021077965,4.128076321065663,False,0.42033911978965877,False,0.9129187545228983,0.06335737850756518,7.4576575979393045,3.7105639250158107,0.2817958124315689,0.007674381074160741,0.1440463026117388,0.006106083224580949,0.0011970958892822028,-0.00033310220510871674,-3.677089791746245e-05,-0.00012898915540426775,0.0,0.0,2.7996282655312177,4.426615567025416,12.579986864903407,100.0,0.0,100.0,0.0,True,0.006903541181373792,6.248498150948537,True,0.2459932929333113,False,0.8474586523796837,-0.0021027236356494505,-0.24750697183431036,3.4445009349226763,0.27388410998996593,-0.00023732136744225585,0.13778473069983055,-0.00015548868732731536,0.0019193469831326059,0.00038914888874168633,0.0005592564816115338,0.0004670382241247285,0.0,0.0,-0.08657526931297177,-0.1127217921053969,12.226791010303689,100.0,0.0,100.0,0.0,0.8854394646378628,0.035878088622529725,4.223130857338098,3.5988741812929406,0.27421594900624013,9.45176488319488e-05,0.13807578656278668,0.00013556717562882015,0.0010802867055977798,-0.0004499113887931397,-0.00043889019037301346,-0.0005311084478598188,0.0,0.0,0.03448021132967938,0.09827965783375525,12.24160503621121,100.0,0.0,100.0,0.0,0.8495613760153331,0.0,0.0,3.4530474681470884,0.2741214313574082,0.0,0.13794021938715786,0.0,0.0015301980943909195,0.0,9.221825748680529e-05,0.0,0.0,0.0,0.0,0.0,12.237385559808962,100.0,0.0,100.0,0.0,0.24603234790491,0.022400326443721818,3.234526740601207,0.02747928988503545,2.7651480542015383,4.328335909191661,5.051152998572905,0.04291264491931568,-1.6991901485098215,-0.3130420427423841
0.05,0.2,11,0.15,2.9999999999999996,2,60,60,0,0.7041771849266374,0.012018805910955166,1.7364242455674805,2.8621325241297035,0.36591216338552746,-0.004949675525892205,0.11306278382254067,-0.0017801215358727585,0.0016779831647619752,-0.0020627329033291817,-0.002813010516440869,-0.0025303232882678494,0.0,0.0,-1.3346413695247916,-1.5500492000939614,16.335126378842677,100.0,0.0,100.0,0.0,True,0.004927719287525637,5.71149213071315,False,0.5567900237628114,False,0.6986331225012374,0.006474743485555212,0.9354424770184666,2.839598648106447,0.38323767980757806,0.012375840896158397,0.11845896689812702,0.003616061539713583,0.0037658136711174557,2.5097603026298567e-05,-0.0005936371237039582,-0.0003109498955309384,0.0,0.0,3.3370488946732335,3.148702593711139,17.10857566162786,100.0,0.0,100.0,0.0,True,0.005743098764972361,6.822028796282134,True,-0.004014660062115732,False,0.6615181634700275,-0.03064021554565477,-4.426763653317067,2.6887446675333124,0.370753952782625,-0.0001078861287946431,0.11486655541397653,2.365005556309585e-05,0.003533670815825835,-0.00020704525226532223,-6.217894642669643e-05,0.00022050828174632333,0.0,0.0,-0.029090652495100677,0.020593397118684464,16.551274541203703,100.0,0.0,100.0,0.0,0.7231081115046629,0.030949732488980697,4.471481300709579,2.939077392311599,0.3708438052678976,-1.8033643522041842e-05,0.11489892004451582,5.601468610239024e-05,0.003957411899066096,0.00021669583097493885,-0.00047054759246621073,-0.00018786036429319097,0.0,0.0,-0.004862631209234802,0.04877505138656257,16.555285754410722,100.0,0.0,100.0,0.0,0.6921583790156822,0.0,0.0,2.8132820131570555,0.37086183891141966,0.0,0.11484290535841343,0.0,0.003740716068091157,0.0,-0.00028268722817301976,0.0,0.0,0.0,0.0,0.0,16.556090816049775,100.0,0.0,100.0,0.0,0.24603234790491,0.022400326443721818,-3.536038823691112,-0.024474989003425485,3.3419115258824683,3.0999275423245765,-2.7350570551420983,-0.01893092657802553,-1.3297787383155568,-1.598824251480524
0.05,0.2,11,0.2,4.0,2,60,60,0,0.7436037645415574,-0.007161582597405958,-0.953904255796767,3.0223821008648657,0.30235199849071276,-0.0024436632738357167,0.12674769906618,-0.002351633286759358,0.001635754306289422,-0.002523029426406545,2.9375569099181865e-05,-0.002497815113689493,0.0,0.0,-0.8017382070626078,-1.821568898846293,13.497660368938664,100.0,0.0,100.0,0.0,True,0.004625746698144536,4.175496575985019,False,0.28694533973906966,False,0.7619291434483799,0.011163796309416552,1.4869887578002672,3.096865716791277,0.31622850962626686,0.011432847861718387,0.13386624141638198,0.004766909063442626,0.004302255203382371,0.00014347147068640397,0.00263357459660618,0.000106383913817505,0.0,0.0,3.7509877258522506,3.69243510137649,14.117138445314792,100.0,0.0,100.0,0.0,True,0.006398393801071968,6.158815077906159,True,0.4228328179436825,False,0.7779445587997966,0.027179211660833258,3.6202006078741578,3.161960471557453,0.30463288188003645,-0.00016277988451202097,0.12897076552275472,-0.00012856683018463988,0.004486735513441538,0.00032795178074557056,0.0028474114226637393,0.0003202207398750644,0.0,0.0,-0.05340623405518663,-0.09958752523456793,13.599484036332715,100.0,0.0,100.0,0.0,0.6973781721131703,-0.05338717502579304,-7.111033457956251,2.8344978944911046,0.30444904464897526,-0.0003466171155732112,0.12944372552812425,0.00034439317518489276,0.0038745078336078847,-0.0002842758990880827,0.002137910698652113,-0.00038927998413656193,0.0,0.0,-0.11372114470611372,0.2667660389159554,13.591277136691183,100.0,0.0,100.0,0.0,0.7507653471389634,0.0,0.0,3.051490397633118,0.3047956617645485,0.0,0.12909933235293936,0.0,0.004158783732695967,0.0,0.002527190682788675,0.0,0.0,0.0,0.0,0.0,13.6067508895601,100.0,0.0,100.0,0.0,0.24603234790491,0.022400326443721818,8.598022215756519,0.0645509713352096,3.8647088705583643,3.4256690624605346,6.157129202159483,0.046225592428387086,-0.6880170623564941,-2.0883349377622484
0.05,0.2,22,0.0,0.0,3,60,0,0,0.16194012046480166,0.0029695898427526957,1.868012788994755,0.6582066213804965,0.029910050167213664,0.0009686732989616607,0.19139382444679037,-0.006855329050488357,0.010599449696357104,0.0051542979355461305,0.009126158338296966,0.005153112790493721,0.0,0.0,3.347018710862626,-3.4579361018973853,1.3352506376350872,0.0,0.0,0.0,0.0,True,0.008104803955855427,2.510549165276479,True,0.5586142910327494,False,0.1631743985366809,0.004203867914631926,2.644432209027836,0.6632233522388153,0.03000234289235126,0.0010609660240992573,0.20967355910837304,0.011424405611094313,0.006338904028522727,0.0008937522677117532,0.004866342987585813,0.0008932974397825684,0.0,0.0,3.665914130239978,5.762650386928958,1.3393707885342034,0.0,0.0,0.0,0.0,True,0.010902867240120795,3.7225141653517713,False,0.09048241266975222,False,0.15698582570167982,-0.001984704920369146,-1.248473482854351,0.6380698596688347,0.028677081599607745,-0.00026429526864425734,0.19767648904734852,-0.0005726644499302047,0.00370984135506567,-0.0017353104057453036,0.0022298704464702146,-0.0017431751013330297,0.0,0.0,-0.9132090357946376,-0.28886098115826764,1.2802082001642046,0.0,0.0,0.0,0.0,0.16145409305711977,0.0024835624350708074,1.5622785086975899,0.6562311599754387,0.0295847867207222,0.0006434098524701962,0.1983646132274938,0.00011545973021506728,0.008146248131981155,0.0027010963711701814,0.00667576820014735,0.002702722652344106,0.0,0.0,2.2231487306189734,0.05823970906218001,1.320730159672025,0.0,0.0,0.0,0.0,0.15897053062204897,0.0,0.0,0.6461367050949337,0.028941376868252003,0.0,0.19824915349727873,0.0,0.005445151760810974,0.0,0.003973045547803244,0.0,0.0,0.0,0.0,0.0,1.2920069241385301,0.0,0.0,0.0,0.0,0.24603234790491,0.022400326443721818,1.0821537003302462,0.0017203054795611183,1.4427653996210044,5.704410677866778,0.3057342802971652,0.00048602740768188823,1.1238699802436525,-3.5161758109595653
0.05,0.2,22,0.025,0.5,3,60,0,0,0.12850330795379938,0.004268137691299773,3.435530922750396,0.5223024900915271,0.02503856607313908,0.00012143136010621738,0.16195204021067683,-0.004458661316998153,0.006178639607983446,0.0018985173822665645,0.004713751307635069,0.001906186224528708,0.0,0.0,0.4873407857874712,-2.6793116524760574,1.1177768384780253,0.0,0.0,0.0,0.0,True,0.004178427012057156,0.5309695704768432,True,-0.25715910905484307,False,0.12875920062615193,0.004524030363652315,3.6415053435298272,0.5233425674412397,0.02594162944979701,0.001024494736764147,0.17896933557428918,0.012558634046614198,0.00467413769053243,0.0003940154648155482,0.003209807270485909,0.0004022421873795482,0.0,0.0,4.111607327901501,7.54677068921894,1.1580915802710419,0.0,0.0,0.0,0.0,True,0.009150514265234623,2.3527350971703056,False,0.836945748114741,False,0.12123599625971956,-0.0029991740027800473,-2.414110268809566,0.4927644567558106,0.024501850241298674,-0.0004152844717341883,0.16255683075021587,-0.0038538707774591063,0.0036083531923159617,-0.0006717690334009201,0.0021290596703160162,-0.0006785054127903447,0.0,0.0,-1.6666622246777618,-2.3158791724810945,1.0938166594516685,0.0,0.0,0.0,0.0,0.12795357067960839,0.0037184004171087748,2.993033622646535,0.5200680795399378,0.0253974400966255,0.00048030538359263714,0.1693408364246929,0.0029301348970179053,0.005522013209204679,0.0012418909834877971,0.0040598965968571136,0.0012523315137507526,0.0,0.0,1.9276108153053917,1.7607851358829807,1.133797766761729,0.0,0.0,0.0,0.0,0.12423517026249961,0.0,0.0,0.5049546180428102,0.024917134713032862,0.0,0.16641070152767498,0.0,0.004280122225716882,0.0,0.002807565083106361,0.0,0.0,0.0,0.0,0.0,1.1123558746179092,0.0,0.0,0.0,0.0,0.24603234790491,0.022400326443721818,0.6484717208832924,0.0008056299465435401,2.183996512596109,5.785985553335959,0.44249730010386124,0.0005497372741909978,-1.4402700295179205,-4.440096788359038
0.05,0.2,22,0.05,1.0,3,60,0,0,0.1473929295479357,-0.020108075245524604,-12.004749028412798,0.5990794739108948,0.017073381196287915,-0.00019663496277094045,0.021151004486456054,-0.003180085962635127,0.0013000388746360974,-8.970048329856812e-05,-0.00018333774034326109,-3.885505384846851e-05,0.0,0.0,-1.1385916548074415,-13.070051131859195,0.7621934099568939,0.0,0.0,0.0,0.0,True,0.0015892032880313177,0.05677953627728066,True,-0.46913501493304255,False,0.16258888966121157,-0.004912115132248734,-2.932588457189078,0.6608435477925496,0.01700939529418026,-0.0002606208648785954,0.025267155213276417,0.0009360647641852363,0.0013639875085672882,-2.5751849367377285e-05,-4.030302994264108e-05,0.00010417965655215149,0.0,0.0,-1.5090945050557414,3.847196105508699,0.7593369380983961,0.0,0.0,0.0,0.0,True,0.0014133331512616333,0.06016960608871878,True,0.848778085923194,False,0.16534048148194017,-0.0021605233115201405,-1.2898569260430426,0.6720274097690734,0.017481480870672375,0.0002114647116135196,0.022728213323937027,-0.0016028771251541535,0.001367724825974186,-2.201453196047946e-05,-0.00020855227440910067,-6.40695879143081e-05,0.0,0.0,1.2244615735498066,-6.587773484743364,0.7804118799157922,0.0,0.0,0.0,0.0,0.1664514111106169,-0.0010495936828434083,-0.6266193352915228,0.6765427901169702,0.016994006827284445,-0.0002760093317744107,0.025837106227923474,0.0015060157788322932,0.0013946315719400445,4.8922140053790034e-06,-4.777271564981696e-05,9.670997084497562e-05,0.0,0.0,-1.5981996150572941,6.189676463467131,0.7586499629806684,0.0,0.0,0.0,0.0,0.1675010047934603,0.0,0.0,0.6808088701336071,0.017270016159058856,0.0,0.02433109044909118,0.0,0.0013897393579346655,0.0,-0.00014448268649479257,0.0,0.0,0.0,0.0,0.0,0.7709716285808484,0.0,0.0,0.0,0.0,0.24603234790491,0.022400326443721818,-2.3059691218975553,-0.003862521449405326,0.08910511000155275,-2.342480357958432,-11.378129693121275,-0.019058481562681195,0.4596079602498526,-19.259727595326325
0.05,0.2,22,0.075,1.4999999999999998,3,60,60,0,2.7851581592812,1.4780263290235356,113.07400637104709,11.32029256721009,0.229822381917976,-0.01136674548460237,0.16593680830296345,-0.006228473327402728,0.015825062728611575,0.002788142391554324,0.012829772047955384,0.002599666659045834,0.0,0.0,-4.712793485765088,-3.617729003443959,10.259778244543787,100.0,0.0,100.0,0.0,True,0.00928983012730139,1.703120304788257,False,0.5479291348659036,False,1.3672678192717589,0.06013598901409467,4.600606275668495,5.55726850926204,0.25121268673422403,0.01002355933164567,0.1798693962464045,0.007704114616038316,0.014229767224045575,0.001192846886988324,0.0113709909081614,0.0011408855192518493,0.0,0.0,4.155891867760264,4.474836356716105,11.214688650425087,100.0,0.0,100.0,0.0,True,0.009414771472937677,1.7394752740039452,True,-0.1667212834306354,False,1.879519838295235,0.5723880080375707,43.78961591997501,7.639320009341446,0.23821714622953327,-0.0029719811730450907,0.17258101167233236,0.00041573004196618357,0.011986339037797562,-0.0010505812992596883,0.009457147379539226,-0.0007729580093703246,0.0,0.0,-1.2322202103598356,0.2414714732432266,10.634539046920848,100.0,0.0,100.0,0.0,1.2350090775825577,-0.07212275267510648,-5.51763418238308,5.019702035522098,0.24229552607181648,0.0011063986692381178,0.17131779557193172,-0.0008474860584344601,0.014060135566278427,0.001023215229221176,0.010980708028339548,0.000750602639429998,0.0,0.0,0.4587265940024565,-0.49225142863239535,10.816606922249791,100.0,0.0,100.0,0.0,1.3071318302576642,0.0,0.0,5.31284540991684,0.24118912740257836,0.0,0.17216528163036618,0.0,0.01303692033705725,0.0,0.01023010538890955,0.0,0.0,0.0,0.0,0.0,10.76721484432549,100.0,0.0,100.0,0.0,0.24603234790491,0.022400326443721818,10.118240458051575,0.13225874168920115,3.6971652737578076,4.9670877853485,118.59164055343017,1.550149081698642,-5.171520079767545,-3.1254775748115637
0.05,0.2,22,0.1,2.0,3,60,60,0,1.4216953607252445,-0.5653145347826236,-28.45051431604132,5.77848958818505,0.38788524460384066,-0.014547381639569257,0.1534555656546544,-0.0056532097534424675,0.017536112218514067,0.005744204749152902,0.01613899474057909,0.0032887151902005734,0.0,0.0,-3.6148613931640594,-3.553047114430108,17.31605320924035,100.0,0.0,100.0,0.0,True,0.009402511081935619,2.2081116962681846,True,0.7697193460615926,False,2.0068304551402387,0.019820559632370616,0.9975068406644638,8.156774799043362,0.4184915824826636,0.016058956239253686,0.16539123689431573,0.00628246148621886,0.01246408710069484,0.0006721796313336748,0.013926709354668854,0.001076429804290336,0.0,0.0,3.9904707501375647,3.948532361024726,18.682387666718807,100.0,0.0,100.0,0.0,True,0.0087362836059353,1.9807966588801231,False,-0.32614300089726606,False,1.9144083018029128,-0.07260159370495534,-3.653811381065053,7.781124385086224,0.40303369289949725,0.0006010666560873346,0.15990576537560874,0.0007969899675118741,0.008964260308662843,-0.002827647160698322,0.011436245119022161,-0.0014140344313563567,0.0,0.0,0.14935833152944777,0.5009088690851149,17.99231336704275,100.0,0.0,100.0,0.0,1.8976899149325117,-0.0893199805753564,-4.495195558778365,7.713172398232599,0.4021093169955041,-0.00032330924790580085,0.15826918768142254,-0.0008395877266743346,0.015521360037280267,0.003729452567919102,0.014964648761936226,0.0021143692115577085,0.0,0.0,-0.0803387267388822,-0.5276815967698134,17.951047187002224,100.0,0.0,100.0,0.0,1.987009895507868,0.0,0.0,8.076214011808867,0.4024326262434099,0.0,0.15910877540809687,0.0,0.011791907469361165,0.0,0.012850279550378518,0.0,0.0,0.0,0.0,0.0,17.965480425228378,100.0,0.0,100.0,0.0,0.24603234790491,0.022400326443721818,5.492702399442829,0.10914054020772701,4.0708094768764465,4.476213957794539,-23.95531875726296,-0.4759945542072672,-3.534522666425177,-3.0253655176602945
0.05,0.2,22,0.15,2.9999999999999996,3,60,60,0,0.6413269371370525,-0.3617243296393384,-36.06239697018171,2.6066773032012907,0.4621851223515527,-0.011329656562108215,0.14807895098626422,-0.005800229964548764,0.016895951482004075,0.006440651111343032,0.01621421867386357,0.00415021185167984,0.0,0.0,-2.3926722177712745,-3.7693402893811845,20.632963698664767,100.0,0.0,100.0,0.0,True,0.008987315752640283,2.11238133224306,True,0.8906227832147596,False,0.5644970874354309,-0.43855417934095997,-43.72201041631568,2.2944019038244745,0.4940428985314902,0.0205281196178293,0.15975767129021304,0.00587849033940005,0.011936882771929388,0.0014815824012683453,0.013355031512196486,0.0012910246900127553,0.0,0.0,4.335264817906004,3.820198614963455,22.055165123272413,100.0,0.0,100.0,0.0,True,0.0084467517250381,1.925179565364346,False,-0.41708395284176825,False,0.6199092112359356,-0.38314205554045533,-38.19765432048139,2.5196248237875074,0.4805546833674972,0.007039904453836288,0.15467101196938526,0.0007918310185722754,0.00969051675028253,-0.0007647836203785122,0.011094609934038746,-0.0009693968881449855,0.0,0.0,1.4867338396464147,0.5145796940688063,21.45302143586319,100.0,0.0,100.0,0.0,0.6261060950831296,-0.37694517169326125,-37.579851018451805,2.544812096517958,0.47516480068479955,0.0016500217711386544,0.15209296233671454,-0.0017862186140984448,0.015773163223522874,0.005317862852861831,0.014067479260725975,0.0020034724385422434,0.0,0.0,0.3484625706771327,-1.1607929045771348,21.212405179834995,100.0,0.0,100.0,0.0,1.003051266776391,0.0,0.0,4.076908078624133,0.4735147789136609,0.0,0.153879180950813,0.0,0.010455300370661042,0.0,0.012064006822183731,0.0,0.0,0.0,0.0,0.0,21.138744567107583,100.0,0.0,100.0,0.0,0.24603234790491,0.022400326443721818,-6.142159397863878,-0.06160900764769872,3.986802247228871,4.98099151954059,1.5174540482700962,0.015220842053922823,-2.741134788448407,-2.6085473848040497
0.05,0.2,22,0.2,4.0,3,60,60,0,0.6802702650713309,-0.774704576663768,-53.24522145963093,2.764962700491121,0.3699906970285015,-0.00899977888977932,0.15854199457831475,-0.004232036676620754,0.010416606730826675,0.008982169790612173,0.01024650320125972,0.005651711741098326,0.0,0.0,-2.3746715185845146,-2.5999458537661724,16.51720112017383,100.0,0.0,100.0,0.0,True,0.008870890529714423,2.1400430132217534,True,0.8278399946874611,False,1.0734007251811546,-0.38157411655394435,-26.225478654937174,4.362843887487581,0.39476281583539524,0.01577233991711441,0.16951107857957548,0.006737047324639978,0.002082555654344352,0.0006481187141298493,0.005255768810491987,0.0006609773503305936,0.0,0.0,4.161671841198267,4.138895665788644,17.623083164756117,100.0,0.0,100.0,0.0,True,0.008942774710059477,2.1654879691140145,False,-0.36051116973237957,False,1.1271756914114284,-0.3277991503236706,-22.529540781114864,4.581412570379058,0.38125618936252836,0.00226571344424753,0.16416948054008004,0.00139544928514454,-0.0010649119094063532,-0.0024993488496208556,0.0029347126128244885,-0.0016600788473369048,0.0,0.0,0.5978285968157415,0.8572923299779989,17.020117555893197,100.0,0.0,100.0,0.0,0.773128194602725,-0.681846647132374,-46.86312282343332,3.1423843294847322,0.380131598891541,0.001141122973260189,0.16258733062488284,-0.0001867006300526608,0.011227682873110628,0.009793245932896126,0.010413547428784947,0.005818755968623554,0.0,0.0,0.30109542211984586,-0.11469927273610736,16.9699133557976,100.0,0.0,100.0,0.0,1.454974841735099,0.0,0.0,5.9137542446143625,0.37899047591828083,0.0,0.1627740312549355,0.0,0.0014344369402145027,0.0,0.004594791460161393,0.0,0.0,0.0,0.0,0.0,16.918971108320665,100.0,0.0,100.0,0.0,0.24603234790491,0.022400326443721818,20.63764416849615,0.3002725305784296,3.860576419078421,4.253594938524752,-6.382098636197611,-0.09285792953139405,-2.6757669407043605,-2.485246581030065
0.05,0.2,33,0.0,0.0,4,60,0,0,0.1701737331527851,-0.0017527108183062468,-1.0194538884320536,0.6916721910834108,0.02973346635045534,-0.0037378276884799527,0.21063023950583523,-0.010689419729999067,-0.004531086189610965,0.009610450451258887,-0.005993303029330511,0.00961056116363214,0.0,0.0,-11.167263757809742,-4.829855498109459,1.3273675464130923,0.0,0.0,0.0,0.0,False,0.013398007425241724,0.6902726947968749,True,-0.8896486274186347,False,0.18224796425954465,0.01032152028845329,6.003451272562121,0.7407479781072625,0.03752950194444569,0.004058207905510397,0.2517917575805985,0.03047209834476422,-0.018183482481533533,-0.004041945840663679,-0.01964200034287837,-0.004038136149915722,0.0,0.0,12.124442815953596,13.768364929702749,1.6753997777101215,0.0,0.0,0.0,0.0,True,0.02545008544355374,2.2107449369255883,False,0.3180940451443119,False,0.16787693142286372,-0.004049512548227635,-2.3553750398679463,0.6823368262442756,0.031123120685602558,-0.002348173353332733,0.21836591268595926,-0.0029537465498750415,-0.008304632115474303,0.00583690452539555,-0.009769785496660927,0.005834078696301722,0.0,0.0,-7.015484225382007,-1.3346064963562831,1.389404782282782,0.0,0.0,0.0,0.0,0.1754528382991729,0.00352639432808155,2.0511064189023154,0.7131291466071135,0.03727468847209991,0.003803394433164617,0.22350207064267322,0.002182411406838919,-0.021460746174351248,-0.007319209533481395,-0.022938716797357768,-0.007334852604395118,0.0,0.0,11.363153240326884,0.9860901712817949,1.664024342044665,0.0,0.0,0.0,0.0,0.17192644397109136,0.0,0.0,0.6987960950465745,0.03347129403893529,0.0,0.2213196592358343,0.0,-0.014141536640869853,0.0,-0.01560386419296265,0.0,0.0,0.0,0.0,0.0,1.494232422149203,0.0,0.0,0.0,0.0,0.24603234790491,0.022400326443721818,3.952344853659806,0.0067951259603717395,0.7612895756267122,12.782274758420954,-3.070560307334369,-0.005279105146387797,-22.530416998136626,-5.815945669391254
0.05,0.2,33,0.025,0.5,4,60,0,0,0.12573552064428134,0.006973495227520443,5.871822413813654,0.5110528014506343,0.025289261820029565,-0.0014793784912118073,0.1710933038965733,-0.007898502190977152,-0.002985172173152058,0.004911472813005753,-0.004465705696336367,0.004920591420340598,0.0,0.0,-5.526535804624144,-4.412773055719521,1.1289684497931696,0.0,0.0,0.0,0.0,False,0.008523205478277108,0.24134134564834242,False,-0.9980187619646208,False,0.12432068817292652,0.005558662756165622,4.6805051839248435,0.5053022061187487,0.03064768738190926,0.0038790470706678883,0.2121961052762828,0.033204299188732356,-0.012080753063841447,-0.004184108077683636,-0.013564333989319855,-0.00417803687264289,0.0,0.0,14.49101271325648,18.550736994346593,1.3681803905361811,0.0,0.0,0.0,0.0,True,0.020579727534976534,1.9972839134822797,True,0.62253453319492,False,0.11970659609568696,0.00094457067892606,0.795347397967805,0.4865482003283277,0.025449533628395842,-0.0013191066828455306,0.17145557937368403,-0.007536226713866417,-0.004448543728867888,0.003448101257289923,-0.005937311518260695,0.0034489855984162704,0.0,0.0,-4.927806072733465,-4.210375256049548,1.1361233369672,0.0,0.0,0.0,0.0,0.13521371395506043,0.016451688538299536,13.85265069416517,0.5495769767937984,0.0286357863977759,0.0018671460865345262,0.18427962396388387,0.005287817876333423,-0.012208058632973948,-0.004311413646816137,-0.013680918329284555,-0.00429462121260759,0.0,0.0,6.975124865607851,2.9542234317402105,1.278364691234297,0.0,0.0,0.0,0.0,0.1187620254167609,0.0,0.0,0.4827089869607784,0.026768640311241373,0.0,0.17899180608755044,0.0,-0.007896644986157811,0.0,-0.009386297116676965,0.0,0.0,0.0,0.0,0.0,1.1950111699708676,0.0,0.0,0.0,0.0,0.24603234790491,0.022400326443721818,-9.172145510240327,-0.010893025782133914,7.515887847648628,15.596513562606383,-7.980828280351516,-0.009478193310779093,-12.501660670231995,-7.366996487459732
0.05,0.2,33,0.05,1.0,4,60,0,0,0.14136330359252738,-0.023360298289252984,-14.181512559456,0.574572021916254,0.017070147588491427,-0.00015518510038491432,0.01833790032028569,-0.005749193382811532,0.0012141666201579602,-2.1525742400991914e-05,-0.0002891528104258773,9.405070219124984e-06,0.0,0.0,-0.9009120647354929,-23.868356447138638,0.7620490545697253,0.0,0.0,0.0,0.0,False,0.0030497346414095996,0.01703928203932266,False,-0.9526080407388411,False,0.15615026530940582,-0.008573336572374551,-5.204680127458305,0.6346737192857134,0.016724011662061708,-0.0005013210268146329,0.026090340311279128,0.0020032466081819043,0.001175821166196927,-5.9871196362025134e-05,-8.200488178021175e-05,0.00021655299886479056,0.0,0.0,-2.910370649261085,8.316680430085754,0.7465967830459443,0.0,0.0,0.0,0.0,True,0.0029252116160016456,0.02448721886953483,True,0.7845450671905778,True,0.15033000373259198,-0.014393598149188391,-8.738030242635453,0.6110172301029847,0.01724054499186044,1.5212302984100173e-05,0.01985914830060225,-0.004227945402494972,0.0012152568467906906,-2.0435515768261504e-05,-0.0003272478244641078,-2.868994381910548e-05,0.0,0.0,0.08831355108702699,-17.55274195637527,0.76965597064736,0.0,0.0,0.0,0.0,0.22017290486657082,0.05544930298479045,33.66202678386403,0.8948941338057965,0.017735783397121358,0.0005104507082450173,0.03244734539454014,0.008360251691442916,0.0011696853680723896,-6.600699448656251e-05,-0.00017622964499925566,0.00012232823564574665,0.0,0.0,2.9633721302500637,34.70842848246121,0.7917645058289854,0.0,0.0,0.0,0.0,0.16472360188178037,0.0,0.0,0.6695200988182458,0.01722533268887634,0.0,0.024087093703097223,0.0,0.001235692362558952,0.0,-0.0002985578806450023,0.0,0.0,0.0,0.0,0.0,0.7689768598753666,0.0,0.0,0.0,0.0,0.24603234790491,0.022400326443721818,-38.86670691132233,-0.064022639557165,-5.873742779511149,-26.391748052375455,-47.84353934332003,-0.07880960127404343,-3.8642841949855566,-58.576784929599846
0.05,0.2,33,0.075,1.4999999999999998,4,60,60,0,1.8038071553131116,0.2455570344617224,15.75851213972992,7.331585341006753,0.24163596720601116,-0.017250685342615535,0.1722974372256838,-0.011331940866616041,0.006907298321478737,0.010609159538444593,0.005032974369980885,0.008069296692034125,0.0,0.0,-6.663412413421099,-6.17109363672742,10.78716275912733,100.0,0.0,100.0,0.0,False,0.018228219962088583,1.326488767281926,False,-0.6843423743638124,False,1.412902330974123,-0.14534778987726615,-9.327628981530367,5.742750264368494,0.28443022742471746,0.02554357487609077,0.2025095472604314,0.018880169168131566,-0.003181862496813184,0.0005199987201526721,-0.0020607088182121843,0.0009756135038410546,0.0,0.0,9.866702135712814,10.281671355790145,12.697592963179126,100.0,0.0,100.0,0.0,True,0.021089624721089537,1.6916931615841775,True,-0.0036354354270142705,False,1.72950488702256,0.17125476617117075,10.990197522179646,7.029583311910689,0.2586954424622059,-0.00019121008642081216,0.1843360657294445,0.000706687637144654,0.003937527973980151,0.007639389190946007,0.002113568941031774,0.005149891263085012,0.0,0.0,-0.073858611302835,0.3848445409369239,11.548735377234243,100.0,0.0,100.0,0.0,2.7841228571280734,1.2258727362766841,78.66983097725657,11.316084575204396,0.2605332218676184,0.0016465693189917086,0.18311798327289863,-0.0005113948194012119,-0.0099350731630522,-0.006233211946086344,-0.008869938476366041,-0.005833616154312802,0.0,0.0,0.6360193941178371,-0.2784929212928944,11.63077790505319,100.0,0.0,100.0,0.0,1.5582501208513893,0.0,0.0,6.333517255436848,0.2588866525486267,0.0,0.18362937809229984,0.0,-0.003701861216965856,0.0,-0.003036322322053239,0.0,0.0,0.0,0.0,0.0,11.55727141740764,100.0,0.0,100.0,0.0,0.24603234790491,0.022400326443721818,-87.99745995878693,-1.3712205261539503,9.230682741594975,10.56016427708304,-62.91131883752665,-0.9803157018149617,-7.299431807538936,-5.892600715434526
0.05,0.2,33,0.1,2.0,4,60,60,0,1.4057769220755394,-0.32146367416411237,-18.6114010326046,5.713788995822873,0.4048043297829157,-0.022685951585628694,0.1585200704764847,-0.011040115240406878,0.020755087958093343,0.015909308028938668,0.005176991816223879,0.003792838723711012,0.0,0.0,-5.306775984006729,-6.511030401228835,18.071358504526213,100.0,0.0,100.0,0.0,False,0.017852471540285984,1.2199369945683474,True,-0.615006282463655,False,1.7236860959203224,-0.0035545003193293567,-0.20579068874757578,7.005932799480972,0.46654169521933614,0.03905141385079175,0.18511319295054268,0.015553007233651106,0.005230143674506762,0.0003843637453520886,0.001994797587718743,0.0006106444952058761,0.0,0.0,9.135041322056402,9.172558503574301,20.827450724500252,100.0,0.0,100.0,0.0,True,0.019464787922380787,1.4204269253593818,False,-0.06118784326808396,False,2.2863242785935296,0.5590836823538778,32.36860478910988,9.292779173400321,0.4294792966250768,0.0019890152565323893,0.1699735118471041,0.00041332613021252684,0.013379232646494876,0.008533452717340203,0.003511523555399139,0.002127370462886272,0.0,0.0,0.4652773041213587,0.24376366920395576,19.17290347103168,100.0,0.0,100.0,0.0,1.3576214666265232,-0.3696191296131286,-21.399400316193386,5.518060849263755,0.42672848326187807,-0.0007617981066663226,0.16920976576551863,-0.00035041995137294335,-0.004411206340776254,-0.009256986269930927,-0.00430711584247745,-0.005691268934990317,0.0,0.0,-0.17820243871452535,-0.20666405258485954,19.050101092677515,100.0,0.0,100.0,0.0,1.7272405962396518,0.0,0.0,7.0203800880167995,0.4274902813685444,0.0,0.16956018571689158,0.0,0.004845779929154673,0.0,0.0013841530925128669,0.0,0.0,0.0,0.0,0.0,19.08410944110852,100.0,0.0,100.0,0.0,0.24603234790491,0.022400326443721818,21.19360962744581,0.36606462929379924,9.313243760770927,9.37922255615916,2.7879992835887855,0.04815545544901623,-5.128573545292204,-6.304366348643976
0.05,0.2,33,0.15,2.9999999999999996,4,60,60,0,1.1367892623694236,0.21474662906769115,23.290314494320864,4.6204869890067695,0.48871761542410197,-0.030125069285126926,0.15581319321400064,-0.009028798147516892,0.013140546610324589,0.009686376119403957,0.009561894214869108,0.009272447636818454,0.0,0.0,-5.806204881159626,-5.4772440401521845,21.81743273482855,100.0,0.0,100.0,0.0,False,0.017237611967843285,1.138335296973898,True,-0.608055416302429,False,0.9637458115310595,0.04170317822932712,4.5229121434431585,3.9171508126384316,0.5661829159017671,0.04734023119253816,0.17945766727603799,0.014615675914520454,0.003993061051999241,0.0005388905610786091,0.0006058645546319884,0.0003164179765813343,0.0,0.0,9.124197485615259,8.866476189593332,25.275654679597412,100.0,0.0,100.0,0.0,True,0.018948099330206428,1.3505222001709374,False,-0.09931459455886904,False,1.0455588681189913,0.12351623481725893,13.395935324049058,4.249680487230457,0.5203969660165152,0.0015542813072862982,0.1658797806272109,0.0010377892656933674,0.009029888455547082,0.005575717964626451,0.005490775956517602,0.005201329378466948,0.0,0.0,0.299566969544407,0.6295660815073267,23.23166884750324,100.0,0.0,100.0,0.0,0.9413655874897048,0.019322954187972363,2.0956681925627496,3.8261862535796993,0.5165650828614311,-0.0022776018477977944,0.16422765686426485,-0.0006143344972526776,-0.0034339230593802604,-0.006888093550300892,-0.006123264557338352,-0.006412711135389006,0.0,0.0,-0.4389773461052515,-0.37268082736598984,23.06060512819936,100.0,0.0,100.0,0.0,0.9220426333017324,0.0,0.0,3.747647986752117,0.5188426847092289,0.0,0.16484199136151753,0.0,0.0034541704909206317,0.0,0.00028944657805065406,0.0,0.0,0.0,0.0,0.0,23.162282300338795,100.0,0.0,100.0,0.0,0.24603234790491,0.022400326443721818,2.427243950880409,0.022380224041354757,9.56317483172051,9.239157016959322,21.194646301758112,0.1954236748797188,-5.367227535054375,-5.104563212786195
0.05,0.2,33,0.2,4.0,4,60,60,0,0.9705021770383486,0.06841090350063417,7.583589987778994,3.9446121020372567,0.3881035329860975,-0.026266272470470697,0.1651751522350389,-0.01043237757435203,0.015855006974166173,0.009373605428181008,0.011994686880849221,0.008687302651584091,0.0,0.0,-6.338848083182491,-5.940734765573897,17.325798084289616,100.0,0.0,100.0,0.0,False,0.01765309261324426,1.262957243723851,True,-0.6108180271370831,False,0.9063160422157789,0.004224768678064428,0.46833051177805896,3.6837271599995645,0.4539565827505053,0.039586777293937114,0.1916510090113683,0.01604347920197738,0.00695266521673254,0.00047126367074737645,0.0036485252994131806,0.00034114107014805153,0.0,0.0,9.553489847147256,9.135985922352763,20.265623534148833,100.0,0.0,100.0,0.0,True,0.0200622195145701,1.5717842176624075,False,-0.03828684886279755,False,0.9659435978169861,0.06385232427927168,7.0782553996851405,3.926083728592947,0.4137942730671085,-0.000575532389459732,0.17613001176834053,0.0005224819589496055,0.012167720533425531,0.005686318987440367,0.008531031113716954,0.0052236468844518245,0.0,0.0,-0.138893418844932,0.29752822075268526,18.47268940953686,100.0,0.0,100.0,0.0,0.8436926573490726,-0.05839861618864184,-6.473692618666083,3.4291940248245516,0.41416087146046393,-0.00020893399610427688,0.17490919197221,-0.000698337837180929,-0.0005173048349196587,-0.006998706380904822,-0.0031695545348783263,-0.006476938764143455,0.0,0.0,-0.0504221092736401,-0.397669643174714,18.489055170735764,100.0,0.0,100.0,0.0,0.9020912735377145,0.0,0.0,3.6665555615734204,0.4143698054565682,0.0,0.17560752980939093,0.0,0.006481401545985164,0.0,0.003307384229265129,0.0,0.0,0.0,0.0,0.0,18.498382445346213,100.0,0.0,100.0,0.0,0.24603234790491,0.022400326443721818,6.9420231304441415,0.06262338486670627,9.603911956420896,9.533655565527477,14.057282606445076,0.126809519689276,-6.288425973908851,-5.543065122399183
0.05,1.0,11,0.0,0.0,3,60,0,0,0.20074482298583124,0.0012619094683675447,0.6325902535291972,0.8159285748206491,0.0267756511853438,0.00023263662458589823,0.1898260222823519,-0.0025354437564751864,-0.003809083087963147,-0.0033188935950203362,-0.0049803130806150234,-0.003318666068778653,0.0,0.0,0.8764514070298324,-1.3180621923329583,1.6009705430150953,0.0,0.0,0.0,0.0,False,0.003989118413046419,0.7405145446697977,True,-0.6238005507389266,False,0.20922774994207638,0.009744836424612685,4.885048174193418,0.8504074839091553,0.027930577641789835,0.0013875630810319325,0.20832303323283585,0.015961567194008763,-0.00106540258012298,-0.0005752130871801691,-0.0022322135182097575,-0.000570566506373387,0.0,0.0,5.227601702345264,8.29769471126145,1.6700259405223274,0.0,0.0,0.0,0.0,True,0.012502330552022585,4.454961702038519,False,0.9736672704028556,False,0.19350454484858248,-0.005978368668881212,-2.996932701385391,0.7865004195439003,0.026182034482851654,-0.00036098007790624775,0.18920062591046444,-0.003160840128362652,-0.0008737010528099155,-0.0003835115598671045,-0.002041097635762198,-0.0003794506239258276,0.0,0.0,-1.3599814635973262,-1.6431773958952123,1.565476995240919,0.0,0.0,0.0,0.0,0.20552391459348524,0.0060410010760215405,3.0283300807578684,0.8353532222231161,0.026885043076771108,0.00034202851601320555,0.19518019248042864,0.0028187264416015545,-8.71904348309048e-05,0.00040299905811190615,-0.0012606312592970768,0.0004010157525392937,0.0,0.0,1.2885820306140827,1.4653280096298626,1.6075113062857076,0.0,0.0,0.0,0.0,0.1994829135174637,0.0,0.0,0.8107995359803772,0.026543014560757902,0.0,0.1923614660388271,0.0,-0.000490189492942811,0.0,-0.0016616470118363705,0.0,0.0,0.0,0.0,0.0,1.587060726943382,0.0,0.0,0.0,0.0,0.2460323479049099,0.016724637003574985,1.8567180934355498,0.0037038353485911446,3.939019671731181,6.832366701631587,-2.395739827228671,-0.004779091607653996,-0.41213062358425034,-2.783390201962821
0.05,1.0,11,0.025,0.5,3,60,0,0,0.14671350556436458,0.0011098443131158375,0.7622365423907373,0.5963179509267964,0.023498548749390346,0.0002676677534677943,0.16079593778288218,-0.002000947343472753,-0.0034462438091934964,-0.0026602938781419595,-0.004641370547876972,-0.0026601361960830482,0.0,0.0,1.1522066404402675,-1.2291066514692361,1.4050259353531798,0.0,0.0,0.0,0.0,False,0.0040546946104737976,0.1515295788385451,False,-0.363254178178893,False,0.15125284058940786,0.005649179338159116,3.879833302001301,0.6147681062161233,0.024927937946858998,0.0016970569509364465,0.18203670810517522,0.019239822978820292,-0.0018712859642094023,-0.0010853360331578655,-0.003064141297526656,-0.0010829069457327324,0.0,0.0,7.305176894644294,11.818299203874382,1.4904920173472531,0.0,0.0,0.0,0.0,True,0.01058244022016202,2.005403390511647,True,0.9768204886244863,False,0.14443950030463537,-0.0011641609466133684,-0.7995409844842705,0.5870752424817748,0.022627761817152287,-0.0006031191787702651,0.15592453860308458,-0.006872346523270345,-0.0009092958938240561,-0.00012334596277251923,-0.002099512149628302,-0.00011827779783437839,0.0,0.0,-2.5961958949216046,-4.221423842315142,1.3529598168447827,0.0,0.0,0.0,0.0,0.14543416206446375,-0.00016949918678499376,-0.1164113493633323,0.5911180513575118,0.023774703025103518,0.000543822029180966,0.1689841888814394,0.006187303755084472,-0.0006027428351217837,0.0001832070959297532,-0.001795958231900875,0.00018527611989304846,0.0,0.0,2.3409444922748213,3.800627850024396,1.421537760133242,0.0,0.0,0.0,0.0,0.14560366125124874,0.0,0.0,0.5918069818507106,0.02323088099592255,0.0,0.16279688512635493,0.0,-0.0007859499310515368,0.0,-0.0019812343517939235,0.0,0.0,0.0,0.0,0.0,1.3890215369670995,0.0,0.0,0.0,0.0,0.2460323479049099,0.016724637003574985,3.9962446513646332,0.00581867852494411,4.964232402369473,8.017671353849986,0.8786478917540697,0.0012793434999008313,-1.1887378518345537,-5.029734501493632
0.05,1.0,11,0.05,1.0,3,60,0,0,0.17416766276465176,0.011044309830231469,6.770526495168094,0.7079055426970382,0.01394087392894008,0.0002341353566536232,0.01139418479268487,0.00034928723675515735,0.0010485140877889714,3.7335825161750446e-05,-0.00020158817799509896,-2.4973178319245837e-06,0.0,0.0,1.7081770066514457,3.1624307512715166,0.8335531543052409,0.0,0.0,0.0,0.0,False,0.0008083620761658079,0.050370749391227806,False,-0.4217340272919848,False,0.16086420552535266,-0.00225914740906763,-1.3849319355125456,0.6538335584535646,0.01363643959721371,-7.029897507274813e-05,0.011733742034605152,0.0006888444786754388,0.0009916429717103763,-1.9535290916844646e-05,-0.00013360313130542805,6.548772885774632e-05,0.0,0.0,-0.5128789368966657,6.236766571959884,0.8153504075633357,0.0,0.0,0.0,0.0,True,0.0008481336012825367,0.0036488598991973884,True,0.9054799672062804,True,0.15604328859655126,-0.007080064337869035,-4.340313149837838,0.634238911774565,0.013750784180317648,4.404560803119087e-05,0.00994167602587959,-0.0011032215300501233,0.0010159060035626116,4.727740935390676e-06,-0.00019804346845676634,1.0473917064080375e-06,0.0,0.0,0.32134273079553743,-9.988517543631115,0.822187302324011,0.0,0.0,0.0,0.0,0.180809884864237,0.0176865319298167,10.842427899901708,0.7349028955091669,0.013723607432792908,1.686886050645056e-05,0.012900442153240734,0.0018555445973110207,0.0010014422476944842,-9.736014932736677e-06,-0.00015935513912614,3.9735721037034385e-05,0.0,0.0,0.12306983472025745,16.800016368778614,0.8205623494165769,0.0,0.0,0.0,0.0,0.1631233529344203,0.0,0.0,0.6630158770726625,0.013706738572286457,0.0,0.011044897555929713,0.0,0.001011178262627221,0.0,-0.00019909086016317438,0.0,0.0,0.0,0.0,0.0,0.8195537260005443,0.0,0.0,0.0,0.0,0.2460323479049099,0.016724637003574985,-12.227359835414253,-0.01994567933888433,-0.6359487716169232,-10.56324979681873,-4.071901404733613,-0.006642222099585232,1.5851071719311882,-13.637585617507098
0.05,1.0,11,0.075,1.4999999999999998,3,60,60,0,0.3465406641447477,0.017857983368243513,5.433198769723591,1.408516673094888,0.13779191275501015,-0.005044098169173422,0.15941474011078083,-0.0011525896688961146,-0.0029030042345920552,-0.0019274860318309645,-0.004376331503755066,-0.003310635566032151,0.0,0.0,-3.5313910942603943,-0.71782327729909,8.238858202157473,100.0,0.0,100.0,0.0,False,0.00614298278835904,2.3225779250981375,False,-0.28473599556754475,False,0.33663902590100236,0.007956345124498165,2.420676716431025,1.368271403202279,0.1494861990023184,0.006650188078134833,0.17448184960470034,0.013914519825023397,-0.0005523658899510217,0.00042315231281006907,-0.0024063065032940345,-0.0013406105655711193,0.0,0.0,4.6558203600804315,8.66584743242369,8.93808331806334,100.0,0.0,100.0,0.0,True,0.010436147746250263,4.644638007201128,True,0.8600577077553265,False,0.4137919255752014,0.08510924479869719,25.894046074356236,1.681859841191003,0.1417743074983223,-0.0010617034258612879,0.158441059577579,-0.002126270202097935,-0.0009649626582751199,1.0555544485970833e-05,-0.0006611832961303855,0.00040451264159252964,0.0,0.0,-0.7433023500108993,-1.324223430143301,8.476973668726995,100.0,0.0,100.0,0.0,0.3231956336171753,-0.005487047159328906,-1.6694056244052513,1.313630652104692,0.14388033976142334,0.0010443288372397608,0.16311889509250502,0.0025515653128280746,-0.0014355478043083158,-0.00046002960154722505,-0.0013354121624328218,-0.00026971622470990664,0.0,0.0,0.73113833863232,1.5890936944204181,8.602897613303542,100.0,0.0,100.0,0.0,0.3286826807765042,0.0,0.0,1.33593278922631,0.14283601092418358,0.0,0.16056732977967694,0.0,-0.0009755182027610908,0.0,-0.0010656959377229151,0.0,0.0,0.0,0.0,0.0,8.540455071978638,100.0,0.0,100.0,0.0,0.2460323479049099,0.016724637003574985,4.090082340836276,0.013443392283827071,3.9246820214481115,7.076753738003271,7.102604394128842,0.02334503052757242,-4.262529432892714,-2.306916971719508
0.05,1.0,11,0.1,2.0,3,60,60,0,0.683315491225618,-0.02694828251017367,-3.794123184466125,2.7773400410327973,0.22926739566445176,-0.00943246607604914,0.12417412598218086,-0.002111354232439938,-0.00015601314236583482,-0.0016878790939832558,-0.004689587815295897,-0.002705085067640966,0.0,0.0,-3.9516009801059293,-1.6718899344973948,13.70836303445298,100.0,0.0,100.0,0.0,False,0.006382292711400036,5.00064945661634,False,-0.39953681187091994,False,0.7122691821796949,0.0020054084439032893,0.2823469981237281,2.8950224970213383,0.24810150965218927,0.009401647911688377,0.13484146473726108,0.00855598452264028,0.0018781087742940608,0.0003462428226766398,-0.0030494367863517606,-0.0010649340386968296,0.0,0.0,3.9386901371184058,6.775113424044843,14.8344929458951,100.0,0.0,100.0,0.0,True,0.008209583986050957,6.718673823428646,True,0.7234502754621658,False,0.7050485720852095,-0.005215201650582091,-0.7342626561328891,2.865674282626067,0.237706475787113,-0.0009933859533879097,0.125402990944146,-0.0008824892704747955,0.0017763385795431103,0.00024447262792568923,-0.0019926473234954567,-8.14457584052573e-06,0.0,0.0,-0.4161652822689321,-0.6988050162021864,14.212952767602783,100.0,0.0,100.0,0.0,0.7335898420643547,0.0233260683285631,3.2841416373911914,2.9816804510107873,0.23980861372564033,0.0011087519851394334,0.12691213395931525,0.0006266537446944498,0.0010981377424259175,-0.0004337282091915035,-0.0019003710129755294,8.413173467940161e-05,0.0,0.0,0.4644962829282173,0.49621994834991856,14.338643862606997,100.0,0.0,100.0,0.0,0.7102637737357916,0.0,0.0,2.886871501995764,0.2386998617405009,0.0,0.1262854802146208,0.0,0.001531865951617421,0.0,-0.001984502747654931,0.0,0.0,0.0,0.0,0.0,14.272349330480385,100.0,0.0,100.0,0.0,0.2460323479049099,0.016724637003574985,-3.0017946392674633,-0.02132065988465981,3.4741938541901884,6.278893475694924,-7.078264821857316,-0.05027435083873677,-4.416097263034146,-2.1681098828473133
0.05,1.0,11,0.15,2.9999999999999996,3,60,60,0,1.1580081310794583,0.10743655330889057,10.226485808504648,4.706731212137283,0.3225721678957222,-0.013496675207117281,0.10149791797162747,-0.002714053980353695,-0.000738388575816663,-0.0038826898764402467,-0.0034303958912106467,-0.0017821571863603687,0.0,0.0,-4.0160447730012265,-2.6043591053092063,19.287244789036112,100.0,0.0,100.0,0.0,False,0.0062235205556001785,11.681877780895762,False,-0.31683435870478155,False,1.0160273314107635,-0.03454424635980424,-3.288138294499743,4.129649373599655,0.35187804369489784,0.01580920059205837,0.1086847485122646,0.004472776560283442,0.0031371984072231726,-7.102893400411092e-06,-0.0020296730779577085,-0.0003814343731074305,0.0,0.0,4.704155388549558,4.291998775672723,21.039502598452927,100.0,0.0,100.0,0.0,True,0.006718547093129491,12.690610055684775,True,0.54319709704287,False,0.7430969044656301,-0.3074746733049376,-29.267370240249015,3.020321964950856,0.3345566514391073,-0.0015121916637321764,0.1042566394734245,4.466752144334507e-05,0.002240360933040778,-0.0009039403675828056,-0.002799359791339732,-0.001151121086489454,0.0,0.0,-0.44996484939529013,0.04286217850664187,20.003821390419052,100.0,0.0,100.0,0.0,0.8172691391262038,-0.23330243864436395,-22.20719116915939,3.321795471553495,0.336508609679517,0.00043976657667754715,0.10427710949988465,6.513754790349324e-05,0.003151377428423324,7.076127799740366e-06,-0.0004100567764438703,0.0012381819284064076,0.0,0.0,0.13085609859495584,0.06250486070209504,20.120532936385192,100.0,0.0,100.0,0.0,1.0505715777705678,0.0,0.0,4.270054676617595,0.33606884310283947,0.0,0.10421197195198116,0.0,0.0031443013006235837,0.0,-0.001648238704850278,0.0,0.0,0.0,0.0,0.0,20.09423839997262,100.0,0.0,100.0,0.0,0.2460323479049099,0.016724637003574985,18.91905287465965,0.1987581922845597,4.573299289954602,4.229493914970628,32.433676977664035,0.3407389919532545,-4.146900871596182,-2.6668639660113014
0.05,1.0,11,0.2,4.0,3,60,60,0,0.6620818734829325,0.1336724977440168,25.29714722739207,2.69103587036784,0.25816788033236066,-0.009586995333364823,0.11599195435404584,-0.0037424356721742352,-0.004595649055989986,-0.0036966388526650487,-0.0025128011789830613,-0.0036865090652716246,0.0,0.0,-3.5805119550217146,-3.1256146804228058,15.436381685125712,100.0,0.0,100.0,0.0,False,0.005254907459691277,4.492158173604557,False,-0.6412392189512903,False,0.5383875216312943,0.009978145892378665,1.8883362692846628,2.1882794121014446,0.2827654931787519,0.015010617513026403,0.12630320390141614,0.006568813875196061,-0.00111123358685483,-0.0002122233835298924,0.0012405805170536055,6.687263076504213e-05,0.0,0.0,5.60610426820618,5.486154707730662,16.907122894105814,100.0,0.0,100.0,0.0,True,0.00770490846223539,7.052772824704908,True,0.8618287215192727,False,0.5567062082448149,0.028296832505899205,5.3550965984147325,2.262735827160332,0.2656096401668585,-0.002145235498866971,0.11865720055965884,-0.0010771894665612403,0.0023579312188790084,0.003256941422203946,0.0025982266524321868,0.0014245187661436234,0.0,0.0,-0.8011938133836827,-0.8996491871093637,15.88133961353439,100.0,0.0,100.0,0.0,0.5462252079551686,0.017815832216252936,3.371596537502697,2.220135736648262,0.2696316340401185,0.001876758374392995,0.12038869942321084,0.0006543093969907654,-0.003288113522619605,-0.0023891033192946676,3.7279834599109746e-08,-0.0011736706064539642,0.0,0.0,0.7009240708415687,0.5464673907366713,16.121822792475747,100.0,0.0,100.0,0.0,0.5284093757389157,0.0,0.0,2.1477231763976943,0.2677548756657255,0.0,0.11973439002622008,0.0,-0.0008990102033249376,0.0,0.0011737078862885633,0.0,0.0,0.0,0.0,0.0,16.00960759916591,100.0,0.0,100.0,0.0,0.2460323479049099,0.016724637003574985,-1.483260268218034,-0.007837686323874271,4.905180197364611,4.93968731699399,21.925550689889374,0.11585666552776386,-4.281436025863283,-3.672082071159477
0.05,1.0,22,0.0,0.0,5,60,0,0,0.15799358385634937,-0.003330998028002241,-2.064780202182781,0.6421658989224173,0.02443666558582758,-0.0008789148221965658,0.18029823972922565,-0.00928394678399802,-4.0488655874210393e-05,-0.00016142293789518126,-0.0012329462047127957,-0.0001623307045010799,0.0,0.0,-3.471833582444672,-4.897056498159147,1.4611178455235894,0.0,0.0,0.0,0.0,False,0.007894188263058318,8.877907693504167,True,-0.2509135389829788,False,0.16862371929444575,0.007299137410094136,4.524504154814202,0.6853721501679033,0.02672306590239047,0.0014074854943663222,0.20668521070770676,0.01710302419448309,0.0003547448193353866,0.0002338105373144157,-0.0008343787113825482,0.0002362367888291676,0.0,0.0,5.559759925236385,9.0214299713703,1.5978263621911952,0.0,0.0,0.0,0.0,True,0.015165258399460528,17.97611478548332,False,0.23060069491922913,False,0.158418156868591,-0.0029064250157606053,-1.8016008359123648,0.6438915785570551,0.025147564735442347,-0.0001680156725817998,0.18854624572128448,-0.0010359407919391939,5.3896643169849736e-05,-6.703763885112114e-05,-0.0011436575701372915,-7.304206992557569e-05,0.0,0.0,-0.663684852860591,-0.5464336133009673,1.5036239489124286,0.0,0.0,0.0,0.0,0.1645195468752076,0.003194964990855975,1.9804576299143006,0.6686907159817597,0.02534380817091366,2.8227762889514174e-05,0.1897581102502487,0.00017592373702501884,0.0009417369510439305,0.0008208026690229597,-0.00025073687208084183,0.0008198786281308739,0.0,0.0,0.11150351852318163,0.09279549954592792,1.5153577423232731,0.0,0.0,0.0,0.0,0.16132458188435161,0.0,0.0,0.6557047610125748,0.025315580408024146,0.0,0.18958218651322367,0.0,0.00012093428202097087,0.0,-0.0010706155002117158,0.0,0.0,0.0,0.0,0.0,1.513669947073458,0.0,0.0,0.0,0.0,0.2460323479049099,0.016724637003574985,2.544046524899901,0.004104172419238161,5.448256406713203,8.92863447182437,-4.045237832097081,-0.006525963018858216,-3.583337100967854,-4.989851997705075
0.05,1.0,22,0.025,0.5,5,60,0,0,0.1263284170463832,-0.004776295621477633,-3.643115128575003,0.513462632544597,0.021331415125708263,-0.0007290405293984489,0.14919303517420648,-0.009257026509229382,-0.0006139148065834993,6.764195872196186e-05,-0.0018070596333054755,6.000827990888845e-05,0.0,0.0,-3.304739216615793,-5.842235976988008,1.2754486163824394,0.0,0.0,0.0,0.0,False,0.005859920951207727,1.0384644194530015,False,-0.9959895872588318,False,0.13831969001807087,0.007214977350210039,5.503217392717508,0.5622012357152752,0.023597438297996404,0.001536982642889692,0.17734667837352133,0.018896616690085466,-0.0012328830862103047,-0.0005513263209048435,-0.0024132005910078684,-0.0005461326777935044,0.0,0.0,6.967139151243695,11.925913116928054,1.4109387422251567,0.0,0.0,0.0,0.0,True,0.012673822781814854,3.4087858888024467,True,0.9936124509382364,False,0.1271329879573052,-0.003971724710555624,-3.029429400160122,0.5167328159890641,0.021555794579010037,-0.0005046610760966741,0.15264201949745632,-0.005808042185979551,-0.0001910013916213535,0.0004905553736841077,-0.0013801981310583235,0.0004868697821560405,0.0,0.0,-2.2876276174279786,-3.66553482167985,1.2888647194197618,0.0,0.0,0.0,0.0,0.13556088481790904,0.004456172150048204,3.3989412427434473,0.5509880549134236,0.022391459294066617,0.00033100363895990567,0.1625022005769271,0.004052138893491236,-0.0006624075550828762,1.914921022258499e-05,-0.0018425402539212301,2.4527659293133858e-05,0.0,0.0,1.5004388129366886,2.5573602499359804,1.3388308092594368,0.0,0.0,0.0,0.0,0.13110471266786083,0.0,0.0,0.5328759156439545,0.02206045565510671,0.0,0.15845006168343587,0.0,-0.0006815567653054612,0.0,-0.001867067913214364,0.0,0.0,0.0,0.0,0.0,1.3190394296983048,0.0,0.0,0.0,0.0,0.2460323479049099,0.016724637003574985,2.1042761499740603,0.0027588052001618346,5.466700338307007,9.368552866992074,-7.04205637131845,-0.009232467771525837,-4.805178029552481,-8.39959622692399
0.05,1.0,22,0.05,1.0,5,60,0,0,0.16909781401062937,-0.009381765616483878,-5.256492443608751,0.6872991110745514,0.013999094999390845,0.00021028131573385886,0.010536551971582757,-0.001303145167441254,0.0006855055236937636,-8.246011443600355e-06,-0.0005333725022234657,-1.2886465287020865e-05,0.0,0.0,1.5250138304725436,-11.006575186336875,0.8370343103051181,0.0,0.0,0.0,0.0,False,0.001172358969529703,0.006138299262000867,False,-0.7971276023418462,False,0.1784536781270988,-2.590150001444136e-05,-0.014512304471225868,0.7253260786507233,0.013725254340459483,-6.35593431975029e-05,0.01293171930307606,0.0010920221640520495,0.0006615394617699778,-3.2212073367386164e-05,-0.00042321846584479205,9.726757109165276e-05,0.0,0.0,-0.46094859685308354,9.223396098982217,0.8206608213694344,0.0,0.0,0.0,0.0,True,0.0011343365824206468,0.02649315654127896,True,0.9237703956993015,True,0.16865749065416263,-0.009822088972950616,-5.503200418485587,0.6855094140683801,0.013889057523823946,0.00010024384016696017,0.010510748545044359,-0.0013289485939796519,0.0006914625857618773,-2.288949375486675e-06,-0.0005405250893818339,-2.0039052445389085e-05,0.0,0.0,0.7269939420950555,-11.224515106888976,0.8304549462481656,0.0,0.0,0.0,0.0,0.1960174858678686,0.017537906240755352,9.826281682978099,0.7967142838616824,0.013747183234572587,-4.1630449084398974e-05,0.014034449994322015,0.0021947528552980038,0.0006714013902242738,-2.2350144913090182e-05,-0.0004495318790017301,7.09541579347147e-05,0.0,0.0,-0.30191465371485204,18.537238153364832,0.8219719944674464,0.0,0.0,0.0,0.0,0.17847957962711325,0.0,0.0,0.725431355457757,0.013788813683656986,0.0,0.01183969713902401,0.0,0.0006937515351373639,0.0,-0.0005204860369364448,0.0,0.0,0.0,0.0,0.0,0.8244611635343445,0.0,0.0,0.0,0.0,0.2460323479049099,0.016724637003574985,-9.840793987449324,-0.017563807740769793,-0.1590339431382315,-9.313842054382615,-15.08277412658685,-0.02691967185723923,1.8269284841873956,-29.543813339701707
0.05,1.0,22,0.075,1.4999999999999998,5,60,60,0,5.460412164094791,4.747884588102725,666.3439771425203,22.193879018726467,0.20526870772830036,-0.010303003519288728,0.15422431469905942,-0.007825460123353667,0.006452942035643555,-0.0012078462300908867,0.005789820353119804,-0.0007659781600741454,0.0,0.0,-4.77938569010824,-4.829047205976944,12.273432761764756,100.0,0.0,100.0,0.0,False,0.008592362118549654,1.5648156090795358,True,0.30631838675927386,False,0.7896767515425568,0.07714917555049094,10.827535403535027,3.209646041535003,0.22918923573456496,0.013617524486975868,0.17292657839914527,0.01087680357673218,0.006869228913655182,-0.0007915593520792597,0.00578099034347886,-0.0007748081697150893,0.0,0.0,6.316934818658004,6.71201400227297,13.703689693568505,100.0,0.0,100.0,0.0,True,0.012956742993019214,2.8675810228697527,False,-0.436627329729037,False,0.7079624040128449,-0.0045651719792209056,-0.6407010946719804,2.87751757052072,0.21568142323073494,0.00010971198314585484,0.16318625817174906,0.0011364833493359705,0.00544142239738658,-0.0022193658683478616,0.004259797447618169,-0.00229600106557578,0.0,0.0,0.05089349734754833,0.7013174505064335,12.896030161051138,100.0,0.0,100.0,0.0,0.8082547738892285,0.09572719789716266,13.434876224106818,3.2851565282855177,0.2150507283269972,-0.0005209829205918837,0.16053345235316932,-0.0015163224692437693,0.010556998316311204,0.002896210050576763,0.00953599415746942,0.0029801956442754712,0.0,0.0,-0.2416749941709706,-0.9357140242283402,12.858319632350101,100.0,0.0,100.0,0.0,0.7125275759920658,0.0,0.0,2.8960727402701276,0.2155717112475891,0.0,0.1620497748224131,0.0,0.007660788265734441,0.0,0.006555798513193949,0.0,0.0,0.0,0.0,0.0,12.88947025884684,100.0,0.0,100.0,0.0,0.2460323479049099,0.016724637003574985,-2.6073408205717907,-0.01857802234667172,6.5586098128289745,7.64772802650131,652.9091009184135,4.652157390205562,-4.537710695937269,-3.893333181748604
0.05,1.0,22,0.1,2.0,5,60,60,0,2.179371891043064,0.042698505684528154,1.9983637170340574,8.858070532600772,0.3692300468101291,-0.015379053023891254,0.14382468556090502,-0.006241728688064441,0.008059474925791501,0.0008425882823876862,0.007606222586015056,-0.0015651609531996654,0.0,0.0,-3.9986191253738257,-4.159310875322864,22.07701409191746,100.0,0.0,100.0,0.0,False,0.008226661701548408,1.547454479310935,True,0.7439109150607893,False,2.07887726660015,-0.05779611875838597,-2.7049580508856197,8.449609509899178,0.4076223583529714,0.02301325851895103,0.1588394430320157,0.008773028783046227,0.008152287451805683,0.0009354008084018674,0.010669313528885433,0.001497929989670712,0.0,0.0,5.983544988634559,5.84609742756379,24.372568341294333,100.0,0.0,100.0,0.0,True,0.012076440947430524,2.73957076415036,False,-0.7570211829750034,False,2.3097024685157925,0.17302908315725674,8.09805955102596,9.387799970955362,0.38761732090484563,0.0030082210708252677,0.152064158637007,0.0019977443880375423,0.005531668642067192,-0.0016852180013366231,0.008346063654195553,-0.0008253198850191688,0.0,0.0,0.7821502590873441,1.3312401699178134,23.176426539002925,100.0,0.0,100.0,0.0,1.9064727552942589,-0.23020063006427693,-10.773786561938625,7.748870307213016,0.38132132200290525,-0.003287777831115113,0.14819780363623003,-0.0018686106127394353,0.009390680665769872,0.0021737940223660566,0.010443678039089953,0.0012722944998752317,0.0,0.0,-0.854836204482412,-1.2451890865062598,22.799975982820776,100.0,0.0,100.0,0.0,2.136673385358536,0.0,0.0,8.684522192115761,0.38460909983402036,0.0,0.15006641424896947,0.0,0.007216886643403815,0.0,0.009171383539214721,0.0,0.0,0.0,0.0,0.0,22.99655889403208,100.0,0.0,100.0,0.0,0.2460323479049099,0.016724637003574985,8.068828511053006,0.17240451130589096,6.838381193116971,7.09128651407005,12.772150278972681,0.2728991357488051,-3.1437829208914136,-2.9141217888166038
0.05,1.0,22,0.15,2.9999999999999996,5,60,60,0,0.912619689367294,0.12555766457878115,15.952702661841567,3.7093483728408603,0.4364466159255023,-0.01745838360765012,0.14110987996820584,-0.005591369454547163,0.010183575514931176,-0.0005815263876955325,0.00844460623021344,-0.0007527200412708566,0.0,0.0,-3.8462637833040603,-3.811398659894405,26.096029219181823,100.0,0.0,100.0,0.0,False,0.00778642851797728,1.3769773914132961,True,0.8294969729060802,False,0.7815157819610534,-0.005546242827459413,-0.7046767157835809,3.1764757301877427,0.4803603471095307,0.02645534757637824,0.15503291711737482,0.00833166769462182,0.01216159169276323,0.0013964897901365212,0.010561236555253472,0.0013639102837691743,0.0,0.0,5.828388672428808,5.679343378059598,28.72172035822667,100.0,0.0,100.0,0.0,True,0.011694341562391268,2.569953212450463,False,-0.8377593087848729,False,0.7906183714021207,0.0035563466136078192,0.45185087090988674,3.213473261279001,0.45969974865570046,0.005794749122548015,0.1488086394492544,0.002107390026501399,0.009868050054865461,-0.0008970518477612478,0.008268161237186484,-0.0009291650342978137,0.0,0.0,1.276643599102889,1.4365181174623043,27.486381232515665,100.0,0.0,100.0,0.0,0.7920609288537828,0.004998904065269927,0.6351347044869948,3.2193365449648508,0.44762938972343985,-0.00627560980971259,0.14456347069190098,-0.0021377787308520246,0.01194992348666557,0.0011848215840388615,0.010441065049073224,0.0012437387775889267,0.0,0.0,-1.3825822179017955,-1.4572328042629867,26.76466996729176,100.0,0.0,100.0,0.0,0.7870620247885128,0.0,0.0,3.199018468468658,0.45390499953315244,0.0,0.146701249422753,0.0,0.010765101902626709,0.0,0.009197326271484297,0.0,0.0,0.0,0.0,0.0,27.139901418256652,100.0,0.0,100.0,0.0,0.2460323479049099,0.016724637003574985,-1.3398114202705758,-0.01054514689272934,7.210970890330604,7.136576182322585,15.317567957354573,0.12055876051351122,-2.463681565402265,-2.3541658556314182
0.05,1.0,22,0.2,4.0,5,60,60,0,1.317304178675474,0.1513420892900883,12.980018018413041,5.354190982986532,0.3396521814209497,-0.014174576349198387,0.15068154420660998,-0.0060506806189593865,-0.001993520361696776,0.0001905835863208554,6.396198948641551e-05,-0.0015712247541256863,0.0,0.0,-4.0060781266312295,-3.8605211057861966,20.308493472734096,100.0,0.0,100.0,0.0,False,0.00786402321596983,1.6300126479143835,True,0.7364426350559561,False,1.168839609824045,0.002877520438659298,0.2467936534862991,4.750755824497496,0.3762665621935715,0.022439804423423415,0.16626045135364217,0.009528226528072808,-0.0016424704685186393,0.0005416334794989923,0.0026933864997079077,0.0010581997560958059,0.0,0.0,6.342031497233647,6.079302797288166,22.497741631889674,100.0,0.0,100.0,0.0,True,0.01248709044400406,3.1761328650059655,False,-0.7701840249690277,False,1.313069309525636,0.14710722014025035,12.616809884255753,5.336978331130384,0.3552955229584531,0.0014687651883050212,0.15813136845305836,0.0013991436274889968,-0.0033845709912609188,-0.0012004670432432872,-1.8841076695608108e-05,-0.00165402782030771,0.0,0.0,0.41510856826130205,0.8926968458759177,21.24384062162346,100.0,0.0,100.0,0.0,1.1078079917988448,-0.05815409758654089,-4.987649093907997,4.5026924354963525,0.35110038944375505,-0.0027263683263930583,0.1548540242984978,-0.0018782005270715774,-0.00046997247820688027,0.0017141314698107513,0.0035190100349745484,0.0018838232913624465,0.0,0.0,-0.7705376336077263,-1.1983499431350908,20.99300507202072,100.0,0.0,100.0,0.0,1.1659620893853857,0.0,0.0,4.739060124874406,0.3538267577701481,0.0,0.15673222482556937,0.0,-0.0021841039480176316,0.0,0.0016351867436121019,0.0,0.0,0.0,0.0,0.0,21.156020169198033,100.0,0.0,100.0,0.0,0.2460323479049099,0.016724637003574985,5.234442747394296,0.061031618025200185,7.112569130841373,7.277652740423257,17.96766711232104,0.2094961868766292,-3.235540493023503,-2.6621711626511058
0.05,1.0,33,0.0,0.0,4,60,0,0,0.1572506534312245,-0.0034054773216238843,-2.119730697898381,0.6391462536137767,0.032602468435015776,0.004967787521584166,0.19610768224221659,0.0010434497413813193,-0.020846656391797627,-0.009960762094935006,-0.022044764585336985,-0.009963802473784429,0.0,0.0,17.976641514864067,0.5349262281473699,1.9493677756980206,0.0,0.0,0.0,0.0,True,0.012390923124265847,0.4498701449207768,True,0.9884430651405862,False,0.1709328032456902,0.010276672492841837,6.396688657124061,0.6947574361715833,0.03275184685430159,0.005117165940869979,0.23122603389256674,0.036161801391731474,-0.016550296644190426,-0.005664402347327804,-0.01774594785356895,-0.005664985742016394,0.0,0.0,18.517188444838606,18.538407030400418,1.9582994146480248,0.0,0.0,0.0,0.0,True,0.025354832302426824,1.9667857685897512,True,0.35691567065544383,False,0.15614333264252558,-0.004512798110322791,-2.8089797066414013,0.6346455414182939,0.02563417226045584,-0.0020005086529757687,0.1912981036072257,-0.003766128893609555,-0.005376086855407356,0.005509807441455266,-0.006572765457818265,0.0055081966537342915,0.0,0.0,-7.239123401650849,-1.9307121789195358,1.5327192007202544,0.0,0.0,0.0,0.0,0.1623044763024042,0.001648345549555813,1.026008495182551,0.6596875479363142,0.03103653161395458,0.003401850700522971,0.19772072380514738,0.002656491304312114,-0.017910040222233286,-0.0070241459253706645,-0.019108835828542815,-0.007027873716990259,0.0,0.0,12.31007772870476,1.361854641547744,1.8557372340769098,0.0,0.0,0.0,0.0,0.16065613075284838,0.0,0.0,0.6529878372535836,0.02763468091343161,0.0,0.19506423250083527,0.0,-0.010885894296862621,0.0,-0.012080962111552556,0.0,0.0,0.0,0.0,0.0,1.652333674418437,0.0,0.0,0.0,0.0,0.2460323479049099,0.016724637003574985,5.37068016194151,0.008628326943286024,6.207110716133846,17.176552388852674,-3.145739193080932,-0.005053822871179697,5.666563786159307,-0.826928413400374
0.05,1.0,33,0.025,0.5,4,60,0,0,0.14293282219330833,0.012108356124895914,9.25542177910672,0.5809513399780709,0.023191984227979114,0.0011666209032495309,0.14906344527256177,-0.0033261012733444284,-0.009809251152016162,-0.004953093149820641,-0.010990534153621332,-0.004942293342988624,0.0,0.0,5.296715818257014,-2.182630861981383,1.3866958202454078,0.0,0.0,0.0,0.0,True,0.008917639539195322,0.2163706542999002,True,0.7973344478142831,False,0.13667813671966733,0.005853670651254916,4.474446429763246,0.5555291321793695,0.02615428292642485,0.004128919601695268,0.18983400687802698,0.03744446033212079,-0.009474109569721459,-0.004617951567525938,-0.010665118817581486,-0.004616878006948778,0.0,0.0,18.74620427740872,24.57154127749892,1.563817673342281,0.0,0.0,0.0,0.0,True,0.01980593593974605,1.7015399256903225,True,0.5905706280069312,False,0.12644957472323198,-0.004374891345180432,-3.34409264310902,0.5139550786716226,0.020852875147254098,-0.001172488177475485,0.14396132095932396,-0.008428225586582239,-0.0014633018904325855,0.0033928561117629354,-0.002659294876644372,0.0033889459339883363,0.0,0.0,-5.323354535355341,-5.530711113470832,1.2468357395617422,0.0,0.0,0.0,0.0,0.13897904093552135,0.008154574867108938,6.233218534860785,0.5648811715979557,0.02374664187124048,0.0017212785465108987,0.1584452673078376,0.0060557207619313935,-0.009302331697666323,-0.004446173695470802,-0.01049400388920318,-0.0044457630785704715,0.0,0.0,7.814983667389885,3.97384262844247,1.4198599267753615,0.0,0.0,0.0,0.0,0.13082446606841241,0.0,0.0,0.5317368516069086,0.022025363324729583,0.0,0.1523895465459062,0.0,-0.004856158002195521,0.0,-0.006048240810632708,0.0,0.0,0.0,0.0,0.0,1.3169411880222894,0.0,0.0,0.0,0.0,0.2460323479049099,0.016724637003574985,-1.7587721050975391,-0.0023009042158540216,10.931220610018833,20.59769864905645,3.0222032442459357,0.003953781257786976,-2.5182678491328714,-6.156473490423853
0.05,1.0,33,0.05,1.0,4,60,0,0,0.2707054646619304,0.10433411308684204,62.71158591853654,1.1002840356852446,0.014116113151304663,0.0003861961362784036,0.017763279647042086,0.006800943870373149,0.0008436028470471322,-2.0512071627754383e-05,-0.0004672146333322504,-0.00011880581372913517,0.0,0.0,2.8128075053603263,62.03918588999573,0.8440310631726874,0.0,0.0,0.0,0.0,True,0.0018512043955518863,0.06304695230803738,True,0.9594376898603664,False,0.15987999129889108,-0.006491360276197289,-3.901729603529458,0.6498332136418248,0.013584677486741949,-0.00014523952828431053,0.012395569277143498,0.0014332335004745601,0.0008367085453326556,-2.7406373342231047e-05,-0.00021551721765039063,0.0001328916019527246,0.0,0.0,-1.0578325282327494,13.074161653804662,0.812255445893274,0.0,0.0,0.0,0.0,True,0.0016921741960912351,0.028275523625899114,True,0.816532068468737,True,0.1532870635024556,-0.01308428807263276,-7.864507890787575,0.6230362178297798,0.013811694817592788,8.177780256652875e-05,0.008842691840492294,-0.002119643936176644,0.0008513868990691277,-1.2728019605758902e-05,-0.0003560243315547587,-7.6155119516435e-06,0.0,0.0,0.5956176026193694,-19.335696145048466,0.8258292729845473,0.0,0.0,0.0,0.0,0.23927304330820187,0.0729016917331135,43.81865690392664,0.9725267646540509,0.014031927395666572,0.0003020103806403128,0.016951320934180378,0.00598898515751144,0.0008142882104976812,-4.9826708177205456e-05,-0.00027825586611664573,7.01529534864695e-05,0.0,0.0,2.199651901098809,54.63238199889622,0.8389974259332008,0.0,0.0,0.0,0.0,0.16637135157508837,0.0,0.0,0.6762173876395714,0.01372991701502626,0.0,0.010962335776668938,0.0,0.0008641149186748866,0.0,-0.0003484088196031152,0.0,0.0,0.0,0.0,0.0,0.8209396121477204,0.0,0.0,0.0,0.0,0.2460323479049099,0.016724637003574985,-47.7203865074561,-0.0793930520093108,-3.2574844293315586,-41.558220345091556,18.892929014609905,0.031432421353728535,0.6131556042615172,7.406803891099507
0.05,1.0,33,0.075,1.4999999999999998,4,60,60,0,0.825413465013773,-0.7010990954098211,-45.928157657299074,3.3548981345038036,0.24625698387678643,0.010528334262431799,0.1834634502533129,0.010603690828128148,-0.014572729489285976,-0.013891486902184986,-0.015692536829049114,-0.012599925620491026,0.0,0.0,4.466293884793315,6.13427373923745,14.724205005115964,100.0,0.0,100.0,0.0,True,0.020419378883830684,1.4536802634541872,True,0.8978071701701973,False,4.8292479759871565,3.3027354155635624,216.35822077003297,19.628508271821367,0.26181112724707023,0.026082477632715595,0.1932799676128329,0.020420208187648142,-0.0018210360369055683,-0.001139793449804579,-0.00426003085073704,-0.001167419642178953,0.0,0.0,11.064619288060996,11.813164761742122,15.654218814501423,100.0,0.0,100.0,0.0,True,0.02248907152595994,1.7023834202103543,False,0.08994550121670536,False,0.8113338886762496,-0.7151786717473445,-46.85049375216989,3.2976716093845737,0.2358993631552169,0.00017071354086226065,0.1731384402400505,0.00027868081486576157,0.0044086766992392275,0.005089919286340217,0.0026525042192991908,0.005745115427857278,0.0,0.0,0.07241951334364671,0.16121786573837227,14.104901834628285,100.0,0.0,100.0,0.0,0.6329800912457568,-0.8935324691778372,-58.53423629412454,2.572751496443061,0.23568097054139575,-4.767907295888385e-05,0.1731915257637549,0.00033176633857015525,-0.007767361492462546,-0.007086118905361557,-0.009127694180908492,-0.006035082972350404,0.0,0.0,-0.020226252955202195,0.1919280344212959,14.091843696877703,100.0,0.0,100.0,0.0,1.526512560423594,0.0,0.0,6.204519744751542,0.23572864961435464,0.0,0.17285975942518475,0.0,-0.0006812425871009892,0.0,-0.0030926112085580874,0.0,0.0,0.0,0.0,0.0,14.094694525445684,100.0,0.0,100.0,0.0,0.2460323479049099,0.016724637003574985,274.8924570641575,4.1962678847414,11.084845541016199,11.621236727320827,12.606078636825465,0.19243337376801617,4.486520137748517,5.942345704816154
0.05,1.0,33,0.1,2.0,4,60,60,0,1.6551805334947458,0.2183732666321616,15.198507946650498,6.727491517231155,0.4253473401285521,0.023691130239060887,0.1694401556450181,0.009290474942207916,-0.020941476171861702,-0.026996340914808407,-0.015084027524271062,-0.008783228622914332,0.0,0.0,5.898360253306945,5.801119865763726,25.432380986064555,100.0,0.0,100.0,0.0,True,0.022412431935721514,1.5931686388441126,True,0.8065255466924219,False,1.4635537441199657,0.02674647725738155,1.8615215745522606,5.948623246426201,0.44542536030541496,0.043769150415923774,0.17694757797462354,0.016797897271813356,0.007069469182143977,0.0010146044391972728,-0.006499941958906099,-0.0001991430575493695,0.0,0.0,10.897167612064585,10.488873407737366,26.63288657387319,100.0,0.0,100.0,0.0,True,0.020727013793152848,1.3981619798977434,True,-0.03797863587011388,False,1.2460890942224288,-0.19071817264015545,-13.273747776666534,5.064736831695136,0.40108088132228015,-0.000575328567211042,0.16051650566147688,0.0003668249586666894,0.012416975622063016,0.006362110879116312,-0.0017108055962267782,0.004589993305129951,0.0,0.0,-0.1432390569460762,0.2290513206500977,23.98144014943624,100.0,0.0,100.0,0.0,1.7562301719200066,0.31942290505742243,22.23143718885241,7.13820839769728,0.4018357566669916,0.0001795467775004278,0.15946127927521256,-0.0006884014275976291,-0.0027834598427852247,-0.00883832458573193,-0.01096728476421544,-0.00466648586285871,0.0,0.0,0.04470160626914854,-0.42984876683900275,24.026575678808275,100.0,0.0,100.0,0.0,1.4368072668625842,0.0,0.0,5.8399120241615625,0.4016562098894912,0.0,0.1601496807028102,0.0,0.006054864742946704,0.0,-0.0063007989013567295,0.0,0.0,0.0,0.0,0.0,24.015840212474263,100.0,0.0,100.0,0.0,0.2460323479049099,0.016724637003574985,-20.36991561430015,-0.2926764278000409,10.852466005795437,10.918722174576368,-7.032929242201913,-0.10104963842526082,5.853658647037796,6.230968632602729
0.05,1.0,33,0.15,2.9999999999999996,4,60,60,0,0.9181392300925008,-0.18329983956514317,-16.641850159003123,3.7317825802619917,0.5174864718932403,0.029287673485895005,0.16726645709157748,0.01003132678732424,-0.016395088265586985,-0.01786781731135638,-0.016547158272480905,-0.014838714877929227,0.0,0.0,5.999128547927701,6.379825404102379,30.94156673072334,100.0,0.0,100.0,0.0,True,0.02270676996533633,1.6332838057725887,False,0.7850853024374557,False,0.9551316872258055,-0.14630738243183838,-13.283293326185941,3.882138651113302,0.5405469330670913,0.05234813465974608,0.17319954899457696,0.015964418690323723,0.0017352097794515395,0.0002624807336821444,-0.0014797647929595196,0.00022867860159215864,0.0,0.0,10.722708624134647,10.153213635802793,32.32039852055063,100.0,0.0,100.0,0.0,True,0.020347442615177746,1.3596747229671855,False,-0.06251266243143802,False,0.7389390014896661,-0.36250006816797786,-32.91149534768658,3.003422142584526,0.4902864074549363,0.0020876090475910325,0.157670136676537,0.0004350063722837749,0.007186670963518556,0.005713941917749161,0.0036174697384840663,0.005325913133035745,0.0,0.0,0.4276145403064202,0.2766597842619678,29.315219657690317,100.0,0.0,100.0,0.0,1.6866291421126014,0.5851900724549575,53.129590966557025,6.8553145814975265,0.4861276488988718,-0.00207114950847348,0.15682669643536518,-0.00040843386888805844,-0.006721429450658496,-0.008194158496427892,-0.008476290774583926,-0.0067678473800322474,0.0,0.0,-0.4242430573836331,-0.2597599328456268,29.066559040710974,100.0,0.0,100.0,0.0,1.101439069657644,0.0,0.0,4.476805912055694,0.48819879840734526,0.0,0.15723513030425323,0.0,0.001472729045769395,0.0,-0.0017084433945516782,0.0,0.0,0.0,0.0,0.0,29.190397274571044,100.0,0.0,100.0,0.0,0.2460323479049099,0.016724637003574985,-66.41288429274297,-0.7314974548867959,11.14695168151828,10.41297356864842,-69.77144112556014,-0.7684899120201006,6.423371605311335,6.639585336948006
0.05,1.0,33,0.2,4.0,4,60,60,0,0.612699665755678,-0.36298489970578407,-37.203099501128825,2.4903215815852104,0.40735212331963083,0.02360958741726943,0.17722720719729237,0.011104155846233116,-0.014587832032160668,-0.02102063612508932,-0.012605661395636396,-0.016543539195641575,0.0,0.0,6.15245515114764,6.684295620580238,24.356410440032693,100.0,0.0,100.0,0.0,True,0.021176069294425618,1.5660857447836642,True,0.8172455926228752,False,0.9694892870595524,-0.0061952784019096985,-0.6349673471548245,3.9404952044527675,0.4275597547207846,0.04381721881842321,0.18400214426258302,0.01787909291152376,0.007490807155401149,0.0010580030624724969,0.004587864069438851,0.0006499862694336698,0.0,0.0,11.418389862720858,10.762559901299195,25.564665746072176,100.0,0.0,100.0,0.0,True,0.021494134846799073,1.6046284728274904,True,0.026653615275210908,False,1.0308134879527042,0.05512892249124213,5.650281294054116,4.189747798330599,0.38309684251398995,-0.0006456933883714489,0.16625755402287679,0.00013450267181752684,0.01398951328017201,0.007556709187243357,0.009603228469936189,0.005665350669931008,0.0,0.0,-0.16826213618803543,0.0809656882194476,22.90613795875515,100.0,0.0,100.0,0.0,0.6659760873155249,-0.30970847814593716,-31.74268499363385,2.706863926579772,0.38514746445708054,0.0014049285547191315,0.16668631254791533,0.0005632611968560686,-0.0036273488830010302,-0.010060152975929682,-0.003827154886650643,-0.007765032686655824,0.0,0.0,0.36611228187553024,0.33906263596481523,23.028748807806895,100.0,0.0,100.0,0.0,0.9756845654614621,0.0,0.0,3.9656759518409284,0.3837425359023614,0.0,0.16612305135105926,0.0,0.006432804092928652,0.0,0.003937877800005181,0.0,0.0,0.0,0.0,0.0,22.944745277301642,100.0,0.0,100.0,0.0,0.2460323479049099,0.016724637003574985,31.107717646479028,0.30351319974402746,11.052277580845328,10.42349726533438,-5.460414507494974,-0.05327642155984691,5.78634286927211,6.345232984615423
0.1,0.01,11,0.0,0.0,6,60,0,0,0.02392966965240869,0.0026774844106933413,12.598631059538178,0.1554246238214852,0.00821192571532214,-0.0004857772942252949,0.028902304933252985,-0.011615282562745417,0.006923843482301726,-0.0006664654696080909,0.006441253399688145,-0.0007683724187680712,0.0,0.0,-5.585121654442082,-28.667261010771107,0.713009488475924,0.0,0.0,0.0,0.0,False,0.0034226878736286427,0.003301817819600016,False,-0.8712246659653069,False,0.021324597615219924,7.241237350457536e-05,0.3407290717682976,0.1385045264156617,0.008621744438854027,-7.595857069340843e-05,0.05951609134435158,0.01899850384835318,0.007431002325812404,-0.00015930662609741318,0.007058780927242092,-0.000150844891214124,0.0,0.0,-0.8733175944272809,46.889523840059596,0.7485924502029304,0.0,0.0,0.0,0.0,True,0.004263891023524699,0.24988598809964402,True,0.9663618931286104,False,0.021776532507826508,0.0005243472661111588,2.4672628256690032,0.14143987035042893,0.008481075896028973,-0.00021662711351846248,0.027031824663639025,-0.013485762832359378,0.007344420097063862,-0.00024588885484595497,0.006856836101299916,-0.0003527897171562997,0.0,0.0,-2.4906244014157752,-33.28372607004615,0.7363787491489614,0.0,0.0,0.0,0.0,0.021004520183470335,-0.00024766505824501406,-1.1653627870647387,0.13642560451051036,0.00907328725649598,0.00037558424694854493,0.054967743227877564,0.01445015573187916,0.007983175692245723,0.0003928667403359058,0.007603385557568422,0.00039375973911220594,0.0,0.0,4.318200409191575,35.66390948944402,0.7877981523235854,0.0,0.0,0.0,0.0,0.02125218524171535,0.0,0.0,0.13803420375448627,0.008697703009547435,0.0,0.0405175874959984,0.0,0.007590308951909817,0.0,0.007209625818456216,0.0,0.0,0.0,0.0,0.0,0.7551876367052166,0.0,0.0,0.0,0.0,0.1539631820495406,0.011517274100903398,1.5060918588330363,0.0003200774317495894,-5.191518003618856,11.225614350615572,13.763993846602917,0.0029251494689383553,-9.903322063633656,-64.33117050021514
0.1,0.01,11,0.025,0.25,6,60,0,0,0.0285159261986119,0.003326854431780636,13.207530879170415,0.18521263213068925,0.005797875739366806,0.00016317406246945266,0.0101445558433422,-0.0012634136830198591,0.0033250740543813873,-9.135586882360117e-05,0.003042639019800366,-8.728811744537247e-05,0.0,0.0,2.895877578372552,-11.074833957965136,0.5034069423520995,0.0,0.0,0.0,0.0,False,0.0014143435290887394,0.21098828270894246,False,-0.9058596672838565,False,0.023228184905959338,-0.001960886860871928,-7.784672968592698,0.1508684387835348,0.0055717903777200185,-6.291129917733451e-05,0.012861065260993306,0.001453095734631248,0.003529258475274975,0.00011282855206998666,0.003230821245474124,0.0001008941082283857,0.0,0.0,-1.1164974258579652,12.737549230591538,0.483776831992127,0.0,0.0,0.0,0.0,True,0.001229227242069873,0.05248813765375385,True,0.9668208501368765,False,0.02721875192851407,0.002029680161682805,8.057780693433369,0.17678740830230383,0.005705203691161131,7.050201426377772e-05,0.010476602115369,-0.000931367410993058,0.00330618606354951,-0.00011024385965547863,0.0030331183727322973,-9.680876451344115e-05,0.0,0.0,1.2512111253882408,-8.164182143376275,0.4953605897695552,0.0,0.0,0.0,0.0,0.02319430618272303,-0.0019947655841082365,-7.919170672795195,0.15064839446654082,0.005572951260423739,-6.175041647361445e-05,0.01260344757938742,0.0011954780530253617,0.0035341362944366307,0.00011770637123164219,0.003232637127388372,0.00010270999014263356,0.0,0.0,-1.0958950449283855,10.479323689135,0.48387762691057296,0.0,0.0,0.0,0.0,0.025189071766831266,0.0,0.0,0.16360451525824013,0.005634701676897353,0.0,0.011407969526362059,0.0,0.0034164299232049885,0.0,0.0031299271372457384,0.0,0.0,0.0,0.0,0.0,0.48923917478488904,0.0,0.0,0.0,0.0,0.1539631820495406,0.011517274100903398,0.13449770420249685,3.387872323630872e-05,-0.020602380929579667,2.2582255414565378,21.12670155196561,0.005321620015888873,3.9917726233009376,-21.554157647100137
0.1,0.01,11,0.05,0.5,6,60,0,0,0.04360307917922876,0.0012713623876622268,3.003332923921276,0.28320458565995754,0.005667364979517805,0.0001353509343502042,0.011282397965995108,-0.0010260980715154217,-4.3208121968297004e-05,1.93666057196617e-05,-0.00010693737843321193,2.1978384716449058e-05,0.0,0.0,2.4466845753661426,-8.336502432046577,0.4920752019849267,0.0,0.0,0.0,0.0,False,0.0014600572002168091,0.1340303239000249,False,-0.68834129467786,False,0.03932855497973517,-0.0030031618118313633,-7.094353925257435,0.2554412974335673,0.005354212066425589,-0.00017780197874201192,0.013408510363336226,0.0011000143258256961,-4.755012322377884e-05,1.5024604464179865e-05,-0.00013631684857731355,-7.401085427652561e-06,0.0,0.0,-3.21405508536855,8.937032781855446,0.46488535564206224,0.0,0.0,0.0,0.0,True,0.0013339538466638405,0.036085512660220725,True,0.9866694156700849,True,0.04531001476977374,0.0029782979782072075,7.035618217120243,0.2942912335703375,0.005718121473303048,0.0001861074281354477,0.011489625790098528,-0.0008188702474120017,-8.241513128616689e-05,-1.9840403598208185e-05,-0.00011930979576072021,9.605967388940777e-06,0.0,0.0,3.364189364233794,-6.652886306470496,0.4964821904216491,0.0,0.0,0.0,0.0,0.039549151558907904,-0.002782565232658629,-6.573239744467396,0.2568740853003558,0.005359609876520929,-0.00017240416864667141,0.013351487547369839,0.0010429915098593093,-5.1138180096284197e-05,1.143654759167451e-05,-0.0001426995882527574,-1.3783825103096402e-05,0.0,0.0,-3.116481036364549,8.473752655732758,0.4653540264445499,0.0,0.0,0.0,0.0,0.04233171679156653,0.0,0.0,0.27494701153906714,0.005532014045167601,0.0,0.01230849603751053,0.0,-6.25747276879587e-05,0.0,-0.00012891576314966099,0.0,0.0,0.0,0.0,0.0,0.4803232081394744,0.0,0.0,0.0,0.0,0.1539631820495406,0.011517274100903398,-0.5211141807900388,-0.00022059657917273406,-0.09757404900400113,0.46328012612268843,9.576572668388671,0.004053927620320856,5.563165611730692,-16.810255087779336
0.1,0.01,11,0.075,0.7499999999999999,6,60,0,0,0.382228145774835,-0.44542418558948704,-53.81778902927019,2.4825944793206847,0.014128222237557504,-0.008367695157042249,0.03913844625701524,-0.022071111497278036,0.002363636743362812,0.00010893252020795436,0.00278913654004597,0.00022007029121184343,0.0,0.0,-37.19650552704711,-36.058276365719955,1.22669844563735,0.0,0.0,0.0,0.0,False,0.0073612529580143905,0.3434642264500284,False,-0.8170237463945381,False,0.8510254960591059,0.0233731646947839,2.8240317593566155,5.527461076929887,0.026283692164472575,0.0037877747698728224,0.07462182973227435,0.013412271977981075,0.002115783163258911,-0.00013892105989594646,0.0026612133400359447,9.214709120181812e-05,0.0,0.0,16.83760970238135,21.912055028759504,2.282110500644499,0.0,0.0,0.0,0.0,True,0.006424202765094347,0.17244803942909662,True,0.9244583106133918,False,0.6871810868352479,-0.1404712445290741,-16.97225262418073,4.463281920310885,0.018978791182772722,-0.0035171262118270305,0.04986794913058917,-0.011341608623704105,0.0020764777635781935,-0.00017822645957666413,0.002688373810560889,0.00011930756172676225,0.0,0.0,-15.634508920588996,-18.529146492499528,1.6478544329585814,0.0,0.0,0.0,0.0,0.8128688756474207,-0.014783455716901317,-1.7861915150449548,5.2796315640310985,0.025749455423348985,0.0032535380287492324,0.07201075326069968,0.010801195506406402,0.0028475125696725465,0.0005928083465176889,0.0031478080903106363,0.0005787418414765098,0.0,0.0,14.462793277904984,17.64625640617179,2.2357248076026286,0.0,0.0,0.0,0.0,0.827652331364322,0.0,0.0,5.375650985818214,0.022495917394599753,0.0,0.06120955775429328,0.0,0.0022547042231548576,0.0,0.0025690662488341265,0.0,0.0,0.0,0.0,0.0,1.9532327873342188,0.0,0.0,0.0,0.0,0.1539631820495406,0.011517274100903398,4.61022327440157,0.038156620411685216,2.374816424476366,4.265798622587713,-52.03159751422523,-0.4306407298725857,-51.659298804952094,-53.70453277189175
0.1,0.01,11,0.1,1.0,6,60,0,0,1.0578631148637314,-0.06195601821650132,-5.532680804093948,6.870883679991388,0.06113861053105185,-0.015568290060261253,0.08260776271980438,-0.01479922733104655,-0.0044301088111277954,-0.0026556647986460662,-0.0060881627901513006,-0.0035871446807303684,0.0,0.0,-20.295814249108545,-15.193188213002651,5.308427149984754,0.0,0.0,0.0,0.0,False,0.014453978404389691,1.375502607954062,False,-0.705080274801991,False,1.0292483761607079,-0.09057075691952488,-8.087980839405395,6.685029254783313,0.0821396195451924,0.005432718953879298,0.10920246406169754,0.011795474010846602,-0.0023435712244201006,-0.0005691272119383714,-0.0035156450524150068,-0.0010146269429940746,0.0,0.0,7.082438362128984,12.109473873167431,7.131862871853461,0.0,0.0,0.0,0.0,True,0.010269311283201908,0.6877550977749823,True,0.7439149027888889,False,1.2365319519756508,0.11671281889541807,10.422470508642023,8.031348375079524,0.07546159593017938,-0.0012453046611337198,0.09220537752290309,-0.0052016125279478465,-0.002881969143501355,-0.001107525131019626,-0.0029136974405384107,-0.0004126793311174785,0.0,0.0,-1.6234584522826445,-5.340081369142369,6.552036121486445,0.0,0.0,0.0,0.0,1.0726878116333158,-0.047131321446916896,-4.2088333780541,6.967170964861963,0.07744026145984183,0.0007333608685287235,0.10234469202414943,0.0049377019732985,-0.0003182080010348913,0.001456236011446838,-0.0014645006968713294,0.0010365174125496028,0.0,0.0,0.9560559257060897,5.069145418332699,6.723835933866289,0.0,0.0,0.0,0.0,1.1198191330802327,0.0,0.0,7.273291693334251,0.0767069005913131,0.0,0.09740699005085093,0.0,-0.0017744440124817292,0.0,-0.002501018109420932,0.0,0.0,0.0,0.0,0.0,6.660161069301662,0.0,0.0,0.0,0.0,0.1539631820495406,0.011517274100903398,-3.8791474613512946,-0.04343943547260798,6.126382436422895,7.040328454834732,-1.3238474260398476,-0.014824696769584422,-21.251870174814634,-20.262333631335352
0.1,0.01,11,0.15,1.4999999999999998,6,60,60,0,1.1848427281704024,-0.2671263676712421,-18.397524329978964,7.695623800430135,0.151015437379032,-0.023002198891366565,0.09149519345812805,-0.011569549376807958,-0.014202865515002902,-0.005662804792771625,-0.007009168787958083,-0.006660102791251599,0.0,0.0,-13.218314754962213,-11.225516174175333,13.112081561659332,100.0,0.0,100.0,0.0,False,0.01906669938572125,2.663958157616343,False,-0.5570498114276999,False,1.3904319455252765,-0.06153715031636797,-4.238185956753959,9.030937962024444,0.18473397833405286,0.010716342063654294,0.11260052691385619,0.009535784078920181,-0.008371221052211554,0.00016883967001972248,-0.0005248367538209997,-0.00017577075711451562,0.0,0.0,6.158193096590869,9.252227111450019,16.0397309915167,100.0,0.0,100.0,0.0,True,0.010862976804129083,1.087487282003962,True,0.39618405686055713,False,1.8582723109090604,0.40630321506741596,27.98291067151808,12.069588885939794,0.17290372913165303,-0.0011139071387455401,0.10031355464254997,-0.0027511881923860393,-0.011821169461981059,-0.003281108739749782,-0.0028911861011024337,-0.0025421201043959495,0.0,0.0,-0.6401116361646753,-2.6693786029158617,15.012556583861343,100.0,0.0,100.0,0.0,1.2280674492287926,-0.22390164661285183,-15.42055180472458,7.97637092765229,0.17452646058824253,0.0005088243178439644,0.10572656556093091,0.0026618227259948973,-0.004352443815081011,0.004187616907150266,0.002833418368509762,0.0031824843652162463,0.0,0.0,0.2923981320222868,2.5826705163937147,15.153452028597021,100.0,0.0,100.0,0.0,1.4519690958416445,0.0,0.0,9.430625403510078,0.17401763627039857,0.0,0.10306474283493601,0.0,-0.008540060722231277,0.0,-0.00034906599670648413,0.0,0.0,0.0,0.0,0.0,15.10927279717593,100.0,0.0,100.0,0.0,0.1539631820495406,0.011517274100903398,11.18236584797062,0.16236449629648386,5.8657949645685825,6.669556595056304,-2.976972525254384,-0.04322472105839026,-13.5107128869845,-13.808186690569048
0.1,0.01,11,0.2,2.0,6,60,60,0,1.1167398224086023,-0.052632736098521926,-4.500938192505166,7.253291387867457,0.21449937597362806,-0.02881847678601876,0.08612310320402926,-0.01062154420042051,-0.004996403721922343,-0.0076702583375823806,-0.011069076221845406,-0.006853446136948327,0.0,0.0,-11.843963136764202,-10.978947657968286,18.624144402085825,100.0,0.0,100.0,0.0,False,0.019042168379355823,2.8715870594833293,False,-0.5225516739777919,False,1.1126738357933597,-0.05669872271376453,-4.848644882358855,7.2268825636205385,0.2609103888359572,0.017592536076310367,0.10398312289602549,0.007238475491575719,0.004555155922068416,0.0018813013064083789,-0.005283862779739619,-0.00106823269484254,0.0,0.0,7.230269327458094,7.48204235146428,22.653831674935283,100.0,0.0,100.0,0.0,True,0.010182869423325965,1.0703453883171128,True,0.18260830764027314,False,1.2511501973818502,0.081777638874726,6.993292110354221,8.1262947460989,0.2405432714436573,-0.0027745813159895105,0.0957213121662044,-0.001023335238245368,-0.0018013535472046296,-0.0044752081628646675,-0.006785210505489117,-0.0025695804205920388,0.0,0.0,-1.1403114422229743,-1.057769360579941,20.88543429080927,100.0,0.0,100.0,0.0,1.097936365588815,-0.07143619291830916,-6.108933581399234,7.1311618204638885,0.24568660783810828,0.0023687550784614597,0.09761150239999229,0.0008668549955425237,0.007799333323099431,0.005125478707439394,-0.0010025551227615711,0.0032130749621355073,0.0,0.0,0.9735229255049216,0.896023727202766,21.332010134137295,100.0,0.0,100.0,0.0,1.1693725585071242,0.0,0.0,7.595144130827695,0.24331785275964682,0.0,0.09674464740444977,0.0,0.0026738546156600375,0.0,-0.004215630084897079,0.0,0.0,0.0,0.0,0.0,21.12634036734103,100.0,0.0,100.0,0.0,0.1539631820495406,0.011517274100903398,1.2602886990403794,0.014737470204544634,6.256746401953173,6.586018624261514,1.607995388894068,0.018803456819787234,-12.817486062269124,-11.874971385171051
0.1,0.01,22,0.0,0.0,4,60,0,0,0.022717636596058563,-4.621240895922446e-05,-0.20300788741410836,0.14755239722668714,0.006597517676329068,0.0003486565714832723,0.03021335488198759,0.01620467147568463,-0.0049308741224286905,-0.00044457626787437234,-0.005390223629387743,-0.0005021038790419983,0.0,0.0,5.579521862198211,115.67590619111022,0.5728367336340088,0.0,0.0,0.0,0.0,True,0.001354976873761479,1.507396475517432,True,0.7962892993531782,False,0.02176952800703933,-0.0009943209979784567,-4.367982750892785,0.14139437570233232,0.006371733405834658,0.00012287230098886187,0.02152019973607073,0.0075115163297677714,-0.004739490318332186,-0.00025319246377786785,-0.0051364764646006115,-0.000248356714254867,0.0,0.0,1.966315124104434,53.62043035670361,0.5532327658447296,0.0,0.0,0.0,0.0,True,0.0008587943081526929,0.5892063275432351,True,0.9767875593988394,False,0.023676796390628342,0.0009129473856105547,4.010514150789324,0.15378219698661386,0.006253145606113874,4.284501268078493e-06,0.012166388301412962,-0.001842295104889995,-0.004405142123150449,8.115573140386918e-05,-0.004792132561692369,9.598718865337554e-05,0.0,0.0,0.06856451433616684,-13.151093871256215,0.5429362496133862,0.0,0.0,0.0,0.0,0.021974654833362875,-0.0007891941716549125,-3.466874918564744,0.14272668660675064,0.006276612998974575,2.7751894128779167e-05,0.017388962069597565,0.003380278663294607,-0.0046008083796057345,-0.00011451052505141637,-0.00501889354588875,-0.00013077379554300543,0.0,0.0,0.44411123344154646,24.12988119764139,0.5449738318272939,0.0,0.0,0.0,0.0,0.022763849005017787,0.0,0.0,0.147852549564045,0.006248861104845796,0.0,0.014008683406302957,0.0,-0.004486297854554318,0.0,-0.0048881197503457445,0.0,0.0,0.0,0.0,0.0,0.5425642430751599,0.0,0.0,0.0,0.0,0.1539631820495406,0.011517274100903398,-0.9011078323280408,-0.00020512682632354423,1.5222038906628876,29.49054915906222,3.2638670311506357,0.000742981762695688,5.135410628756665,91.54602499346882
0.1,0.01,22,0.025,0.25,4,60,0,0,0.026853222348900613,-0.000735240377864016,-2.6650284401338986,0.17441327200070517,0.0052741952076122735,8.038650372553698e-05,0.0109223007605182,0.0007517309428613072,-0.0025127489656718645,-0.0002895959595405292,-0.002790982417377359,-0.00029482149822019493,0.0,0.0,1.5477370906129106,7.391237229955827,0.4579378038071156,0.0,0.0,0.0,0.0,True,0.0011204830920284689,0.9920385887828388,True,0.598233441475339,False,0.026328031847003983,-0.0012604308797606462,-4.568688339919181,0.17100212853831792,0.005122261467204625,-7.154723668211134e-05,0.01079067447057654,0.000620104652919647,-0.002274241928865068,-5.108892273373265e-05,-0.00255296303372209,-5.6802114564926016e-05,0.0,0.0,-1.3775485536956622,6.097049270957244,0.44474598957429023,0.0,0.0,0.0,0.0,True,0.0006269897429157068,0.11468684493758131,True,0.9615237917209731,False,0.028838504755067676,0.0012500420283030472,4.531031832702781,0.18730779898916572,0.005266584668375742,7.277596448900577e-05,0.00972033381369507,-0.0004502360039618219,-0.0021696120734676114,5.3540932663723954e-05,-0.0024399309397128924,5.6229979444271435e-05,0.0,0.0,1.4012061020758138,-4.426851317417613,0.4572770103615611,0.0,0.0,0.0,0.0,0.02640907661950444,-0.0011793861072601879,-4.274925061757862,0.17152851914301703,0.0051281915230488445,-6.561718083789199e-05,0.010661430010971768,0.0004908601933148755,-0.002280378803074045,-5.72257969427099e-05,-0.002557210129460083,-6.104921030291926e-05,0.0,0.0,-1.2633730770405194,4.826280160455743,0.44526087319972674,0.0,0.0,0.0,0.0,0.02758846272676463,0.0,0.0,0.17918870186696656,0.0051938087038867365,0.0,0.010170569817656893,0.0,-0.0022231530061313353,0.0,-0.002496160919157164,0.0,0.0,0.0,0.0,0.0,0.45095815714582516,0.0,0.0,0.0,0.0,0.1539631820495406,0.011517274100903398,-0.2937632781613191,-8.10447725004583e-05,-0.11417547665514283,1.2707691105015018,1.609896621623963,0.0004441457293961719,2.81111016765343,2.5649570695000845
0.1,0.01,22,0.05,0.5,4,60,0,0,0.040212237160348,-0.002013867434408345,-4.769247492127016,0.2611808656137604,0.00543884539528392,-0.00010227780392104476,0.012515943364356396,0.00036370623671671404,-7.522006825547285e-05,-5.141710483804951e-05,-0.00014893503386530503,-6.27776296685437e-05,0.0,0.0,-1.845795522751048,2.9929158960326774,0.47223373756966547,0.0,0.0,0.0,0.0,True,0.0008224568196008442,0.07140491497981491,True,0.6873017290766879,False,0.040504920662683186,-0.001721183932073156,-4.076113457756403,0.2630818623224477,0.0054345403174621545,-0.00010658288174280987,0.012761125679051199,0.0006088885514115173,-2.1497482554168852e-05,2.3054808632544876e-06,-9.814280116310001e-05,-1.1985396966338681e-05,0.0,0.0,-1.9234887569022474,5.010505843624702,0.4718599444495184,0.0,0.0,0.0,0.0,True,0.0007526276600415344,0.019560717473769293,True,0.980759551472616,True,0.04373829539687604,0.0015121908021197006,3.581175238948009,0.28408282301415677,0.005641012095554579,9.988889634961456e-05,0.011542400515649351,-0.0006098366119903307,-1.4713946965121518e-05,9.089016452301822e-06,-6.312881687161875e-05,2.3028587325142578e-05,0.0,0.0,1.802683188201737,-5.018307374888908,0.4897870838302013,0.0,0.0,0.0,0.0,0.04074444272947464,-0.0014816618652817026,-3.5088765101616737,0.26463757235391727,0.005445527695441757,-9.559550376320777e-05,0.012814051556444033,0.0006618144288043516,-3.559760438075946e-05,-1.179464096333612e-05,-0.00011265388729462305,-2.649648309786172e-05,0.0,0.0,-1.725200836121521,5.446029581656919,0.47281393563557,0.0,0.0,0.0,0.0,0.04222610459475634,0.0,0.0,0.2742610540562177,0.005541123199204964,0.0,0.012152237127639682,0.0,-2.380296341742334e-05,0.0,-8.615740419676133e-05,0.0,0.0,0.0,0.0,0.0,0.4811141204645227,0.0,0.0,0.0,0.0,0.1539631820495406,0.011517274100903398,-0.5672369475947292,-0.00023952206679145327,-0.19828792078072643,-0.43552373803221744,-1.260370981965342,-0.0005322055691266425,-0.1205946866295271,-2.453113685624242
0.1,0.01,22,0.075,0.7499999999999999,4,60,0,0,0.6549044963676101,-0.19696919438867466,-23.12187787062744,4.2536435506826695,0.019879434115891083,2.7400163700279367e-06,0.05721989521695546,0.004250913996420996,-0.002481237471919637,0.0006469952103684306,-0.0030083126403267525,-3.073398482057168e-05,0.0,0.0,0.013785070879035466,8.025289326827846,1.726053746895871,0.0,0.0,0.0,0.0,True,0.0037007097918616604,0.45836703137660506,True,0.7000408997464284,False,1.261806961980004,0.40993327122371936,48.12136771823354,8.195511064288043,0.02640271022541564,0.0065260161258945855,0.07108445938646103,0.01811547816592657,-0.0035719724272905,-0.00044373974500243243,-0.0041606287809088875,-0.0011830501254027066,0.0,0.0,32.83250269496192,34.200163470208,2.2924443747800227,0.0,0.0,0.0,0.0,True,0.003358687210221713,0.3235835749307831,True,0.967610638216965,False,0.6528739463582591,-0.1989997443980256,-23.360240673867473,4.240455007926404,0.016980817359953153,-0.002895876739567902,0.04452075095528452,-0.008448230265249941,-0.00294851110630571,0.0001797215759823576,-0.0025976932119963375,0.0003798854435098434,0.0,0.0,-14.56920715823503,-15.949391645038514,1.4743781567741974,0.0,0.0,0.0,0.0,1.0755184020378616,0.22364471128157692,26.25327131338302,6.985555817440776,0.02521558732347997,0.005338893223958915,0.06752246854337113,0.014553487322836664,-0.0031874943588313066,-5.926167654323909e-05,-0.0036965139679838188,-0.0007189353124776379,0.0,0.0,26.860066353224997,27.47549034829222,2.189371122243422,0.0,0.0,0.0,0.0,0.8518736907562847,0.0,0.0,5.532970151800176,0.019876694099521055,0.0,0.052968981220534464,0.0,-0.0031282326822880675,0.0,-0.002977578655506181,0.0,0.0,0.0,0.0,0.0,1.7258158419588152,0.0,0.0,0.0,0.0,0.1539631820495406,0.011517274100903398,21.868096404850522,0.18628855994214244,5.97243634173692,6.724673121915778,-49.37514918401046,-0.4206139056702516,-26.846281282345963,-19.450201021464373
0.1,0.01,22,0.1,1.0,4,60,60,0,1.2001763776231504,-0.3989070304683433,-24.945980206525864,7.795216763167254,0.1171965841330248,-2.3535981049926935e-05,0.14261318546794424,0.005713879322946647,0.0028808702329441104,0.006172172045812871,0.0004955403088405347,0.0028461921976382165,0.0,0.0,-0.020078448159777107,4.173782529543835,10.175722406730953,100.0,0.0,100.0,0.0,True,0.010769900985352283,1.4955475479447962,True,0.6719356748655124,False,1.372628533016778,-0.22645487507471573,-14.161542414162732,8.915303741742026,0.12838764090475105,0.011167520790676316,0.1473963360112084,0.010497029866210816,-0.0032449744884907876,4.6327324377973354e-05,-0.001245239819400015,0.0011054120693976667,0.0,0.0,9.52696583129966,7.667701292140094,11.147398228082505,100.0,0.0,100.0,0.0,True,0.00825680852830668,0.9132263429988646,True,0.3828538679848198,False,1.8864204618022526,0.2873370537107589,17.968859676537807,12.252412795646565,0.11071619996714642,-0.006503920146928313,0.13265280127990603,-0.004246504865091566,-0.004694883093778094,-0.0014035812809093332,-0.005528820695021522,-0.0031781688062238406,0.0,0.0,-5.548467396722434,-3.1019184718101167,9.613055919061786,100.0,0.0,100.0,0.0,1.4895716407292752,-0.10951176736221857,-6.848408707643394,9.6748561630142,0.12293353930992165,0.005713419195846919,0.13993064263831034,0.0030313364933127473,-0.0016507231289548314,0.0016405786839139296,0.0014860656046391607,0.0038367174934368425,0.0,0.0,4.874094302485621,2.2142818533368525,10.673839854195961,100.0,0.0,100.0,0.0,1.5990834080914937,0.0,0.0,10.386141587908712,0.11722012011407473,0.0,0.1368993061449976,0.0,-0.003291301812868761,0.0,-0.0023506518887976818,0.0,0.0,0.0,0.0,0.0,10.177765944189881,100.0,0.0,100.0,0.0,0.1539631820495406,0.011517274100903398,-7.313133706519338,-0.11694310771249716,4.65287152881404,5.453419438803242,-18.09757149888247,-0.28939526310612473,-4.894172750645398,1.9595006762069822
0.1,0.01,22,0.15,1.4999999999999998,4,60,60,0,1.7515268739951413,-0.395797311856112,-18.43211725849434,11.376270941396587,0.2892971439770222,0.013521044285947137,0.1512265569758496,0.008632686272218165,0.025365517267123477,0.007357436739623382,0.0005170235923304826,0.006985014380651183,0.0,0.0,4.902906488667225,6.05403740681143,25.11854293320415,100.0,0.0,100.0,0.0,True,0.014674691366444954,2.5375440552371917,False,0.27305508984327354,False,2.0355522463884523,-0.11177193946280095,-5.205173033455668,13.2210325825396,0.2909906340389357,0.015214534347860631,0.1494359919023937,0.006842121198762263,0.02027804851590151,0.002269967988401414,-0.005869725365253788,0.000598265423066912,0.0,0.0,5.516988007627921,4.798327701604377,25.26558207172571,100.0,0.0,100.0,0.0,True,0.0085361721283341,1.0577662734439612,False,-0.1972455612225436,False,2.30347137158361,0.15614718573235686,7.271709915121938,14.961183192761139,0.2736082580482394,-0.0021678416428356773,0.14313151295698137,0.0005376422533499292,0.014121939064287646,-0.0038861414632124485,-0.009503980503393976,-0.003035989715073276,0.0,0.0,-0.7860875707735748,0.37704443444652735,23.756338144872142,100.0,0.0,100.0,0.0,1.989789150404188,-0.15753503544706526,-7.33634150283714,12.923798559605864,0.27755360277736196,0.0017775030862868801,0.14177964022923992,-0.0008142304743915252,0.02233215199598726,0.0043240714684871645,-0.0029341058343876326,0.0035338849539330677,0.0,0.0,0.644545734122004,-0.5710136560384327,24.09889704331957,100.0,0.0,100.0,0.0,2.1473241858512533,0.0,0.0,13.94699795929335,0.2757760996910751,0.0,0.14259387070363144,0.0,0.018008080527500095,0.0,-0.0064679907883207,0.0,0.0,0.0,0.0,0.0,23.94456338149004,100.0,0.0,100.0,0.0,0.1539631820495406,0.011517274100903398,2.131168469381472,0.04576309598426431,4.872442273505917,5.36934135764281,-11.0957757556572,-0.23826227640904674,4.258360754545221,6.625051062849863
0.1,0.01,22,0.2,2.0,4,60,60,0,0.7283589027173725,-0.5677079422167424,-43.80236593781562,4.73073427699753,0.3832335482446632,0.021789947111816754,0.1459936309302174,0.009377582190054384,0.010123189566631495,0.0067131384306898575,0.01542072027153022,0.010396051622691225,0.0,0.0,6.028588428048565,6.8641878289790625,33.27467462240939,100.0,0.0,100.0,0.0,True,0.014938432412585662,2.6343038641563377,False,0.29093709861276806,False,1.2275421214401865,-0.06852472349392835,-5.287128805259411,7.972958892504582,0.3795077748599205,0.01806417372707403,0.142872459898661,0.006256411158497982,0.004868605212311581,0.0014585540763699446,0.006328268835383158,0.0013036001865441623,0.0,0.0,4.9977849021138665,4.579557977406723,32.95118024760325,100.0,0.0,100.0,0.0,True,0.008263788834653656,1.0104599240982484,False,-0.26597290133516094,False,1.3721132974534371,0.0760464525193223,5.867479198049241,8.911957256196052,0.36106670349113384,-0.00037689764171261464,0.13735895340096355,0.0007429046608005418,-0.00010564874315391066,-0.0035156998790955474,0.001462485730361174,-0.003562182918477822,0.0,0.0,-0.10427564370522058,0.543790182523507,31.350013929321374,100.0,0.0,100.0,0.0,1.1244879810827935,-0.17157886385132137,-13.238427055052359,7.3036161380515505,0.3613768910265481,-6.671010629838436e-05,0.13578299447213973,-0.00083305426802327,0.007388024506276723,0.0039779733703350865,0.009048323286301993,0.004023654637462997,0.0,0.0,-0.018456574162417638,-0.609777749909679,31.37694630348358,100.0,0.0,100.0,0.0,1.2960668449341148,0.0,0.0,8.41803103625827,0.36144360113284646,0.0,0.136616048740163,0.0,0.0034100511359416367,0.0,0.005024668648838996,0.0,0.0,0.0,0.0,0.0,31.38273848188569,100.0,0.0,100.0,0.0,0.1539631820495406,0.011517274100903398,7.951298249792948,0.10305414035739302,5.016241476276284,5.1893357273164025,-30.563938882763264,-0.396129078365421,6.047045002210982,7.473965578888741
0.1,0.01,33,0.0,0.0,5,60,0,0,0.027358893996536914,0.0037101938445606823,15.68878551767099,0.17769763934687755,0.005065768958940408,0.0002674126667510145,0.010172124157760299,-0.0012534028167294244,-0.0016885589868896485,0.00012383698458738276,-0.002044008456579145,0.00015866329922460242,0.0,0.0,5.573005639166473,-10.970196994221382,0.4398409653672353,0.0,0.0,0.0,0.0,False,0.001154362893924503,0.14219724598496575,False,-0.7803634785475788,False,0.02204255985655491,-0.0016061402954213218,-6.791664172236134,0.14316773376028494,0.004683238385820228,-0.00011511790636916513,0.026069411309995613,0.01464388433550589,-0.001783632472821285,2.876349865574626e-05,-0.002180887440246684,2.1784315557063505e-05,0.0,0.0,-2.3991112655921465,128.16813060965973,0.4066273273337206,0.0,0.0,0.0,0.0,True,0.0012357116029522097,0.22268863383613816,True,0.9463501450715609,False,0.025828003393838492,0.00217930324186226,9.215319353102558,0.16775441407496916,0.004948140209959101,0.00014978391776970714,0.00912807075782109,-0.0022974562166686342,-0.0017135396837797963,9.885628769723499e-05,-0.002087238037731022,0.0001154337180727257,0.0,0.0,3.1215672336279088,-20.10809848682048,0.42962771977190123,0.0,0.0,0.0,0.0,0.021758756668997063,-0.0018899434829791686,-7.991743608881752,0.14132441522282754,0.004677943545739761,-0.00012041274644963244,0.01754982536970413,0.006124298395214407,-0.001919056849175371,-0.00010666087769833975,-0.002373066932150419,-0.00017039517634667148,0.0,0.0,-2.5094582210503313,53.60188995123285,0.4061675970161056,0.0,0.0,0.0,0.0,0.023648700151976232,0.0,0.0,0.15359971024999217,0.0047983562921893935,0.0,0.011425526974489723,0.0,-0.0018123959714770313,0.0,-0.0022026717558037475,0.0,0.0,0.0,0.0,0.0,0.41662256625576166,0.0,0.0,0.0,0.0,0.1539631820495406,0.011517274100903398,1.200079436645618,0.00028380318755784686,0.11034695545818485,74.56624065842688,23.68052912655274,0.005600137327539851,8.082463860216805,-64.57208694545423
0.1,0.01,33,0.025,0.25,5,60,0,0,0.031053451365427497,0.003428399247456148,12.410471599529838,0.2016940086067814,0.005112930260157942,0.0003007951183855665,0.008826455604941875,-0.0008487207064631734,-0.0010307075267023615,-5.639441593956575e-05,-0.0013103699995565354,-6.29712756695692e-05,0.0,0.0,6.250762073876004,-8.772147185190882,0.4439357972523109,0.0,0.0,0.0,0.0,False,0.0013590465452457776,0.3061355352751544,False,-0.8683869324528322,False,0.025468355550696924,-0.002156696567274425,-7.807031668444875,0.16541848000064063,0.004645619302250716,-0.00016651583952165955,0.01067936659486997,0.001004190283464922,-0.0010272932884334578,-5.2980177670662034e-05,-0.0013109463334791713,-6.354760959220501e-05,0.0,0.0,-3.460331736658784,10.37903859468885,0.4033610089983289,0.0,0.0,0.0,0.0,True,0.0010487291872418483,0.007899591907714996,True,0.9437110353288497,True,0.03008649836082756,0.00246144624285621,8.910195833639456,0.19541359148544132,0.005012572418390499,0.00020043727661812373,0.008912258165665468,-0.0007629181457395797,-0.0009739209464686753,3.921642941204012e-07,-0.0012396952745090115,7.703449377954733e-06,0.0,0.0,4.165246210111628,-7.8853151734326055,0.4352221171845967,0.0,0.0,0.0,0.0,0.02532340549283365,-0.0023016466251376995,-8.331736770336718,0.16447702077685922,0.004614825529040708,-0.00019730961273166717,0.010572693392844962,0.0008975170814399143,-0.0009539110477285261,2.040206303426963e-05,-0.0012376098291649856,9.78889472198069e-06,0.0,0.0,-4.100250864089306,9.276493291206744,0.40068730574700206,0.0,0.0,0.0,0.0,0.02762505211797135,0.0,0.0,0.17942635213321623,0.0048121351417723755,0.0,0.009675176311405048,0.0,-0.0009743131107627957,0.0,-0.0012473987238869663,0.0,0.0,0.0,0.0,0.0,0.4178189300361375,0.0,0.0,0.0,0.0,0.1539631820495406,0.011517274100903398,0.5247051018918434,0.00014495005786327453,0.639919127430522,1.1025453034821062,20.742208369866557,0.0057300458725938475,10.35101293796531,-18.048640476397626
0.1,0.01,33,0.05,0.5,5,60,0,0,0.04356715047308297,0.001501180659513414,3.568634376353219,0.2829712265823683,0.0057023525899883385,0.00014965989938704911,0.011032956147751516,-0.0012083243399739606,5.070625412319261e-05,-6.131396721038302e-05,3.6634340832143286e-06,-4.5412673014572964e-05,0.0,0.0,2.6952671023982466,-9.870898238019842,0.495113039772237,0.0,0.0,0.0,0.0,False,0.001416093185859884,0.02628547272022533,False,-0.872172306226041,False,0.039155862890384044,-0.00291010692318551,-6.917959899849436,0.25431965206970647,0.005377273495328938,-0.00017541919527235168,0.013355675115972139,0.0011143946282466625,0.00011440914996586414,2.388928632288516e-06,2.6478207602240167e-05,-2.2597899495547125e-05,0.0,0.0,-3.159173486572975,9.10357890552449,0.4668876895885592,0.0,0.0,0.0,0.0,True,0.0013289275289567614,0.0368861096961323,True,0.9811588331323046,True,0.04499325427355625,0.002927284459986697,6.958794657439271,0.29223385535821683,0.005744907151718265,0.00019221446111697578,0.011266638239490652,-0.0009746422482348246,8.033661348740438e-05,-3.168360784617125e-05,5.040408748001046e-05,1.327980382223167e-06,0.0,0.0,3.461644139650044,-7.961930528526928,0.49880788643101265,0.0,0.0,0.0,0.0,0.039333983038501365,-0.002731986775068189,-6.494529395556481,0.25547655299722827,0.0053773333890189835,-0.00017535930158230593,0.013423437780054358,0.0011821572923288812,0.00015171912616964518,3.9698904836069554e-05,5.854945556762281e-05,9.473348469835516e-06,0.0,0.0,-3.158094844310877,9.657137531602578,0.46689288992411787,0.0,0.0,0.0,0.0,0.042065969813569554,0.0,0.0,0.2732209691537424,0.005552692690601289,0.0,0.012241280487725477,0.0,0.00011202022133357563,0.0,4.907610709778729e-05,0.0,0.0,0.0,0.0,0.0,0.4821186542886693,0.0,0.0,0.0,0.0,0.1539631820495406,0.011517274100903398,-0.4234305042929547,-0.00017812014811732085,-0.001078642262097862,-0.5535586260780878,10.0631637719097,0.004233167434581603,5.853361946709123,-19.52803576962242
0.1,0.01,33,0.075,0.7499999999999999,5,60,0,0,0.15847321274390977,-0.6133336665487733,-79.46724536983379,1.0292929168800757,0.010574277314025556,-0.010852762998606241,0.029399229634681237,-0.031135679830023674,-0.0005845133114110352,1.8259525612348637e-06,-0.0006027467743854255,-0.0004503823231800613,0.0,0.0,-50.64984636356079,-51.434255217937405,0.9181232660943726,0.0,0.0,0.0,0.0,False,0.006223601992941192,0.17534741853845665,False,-0.7876668437249582,False,0.8498551243058357,0.07804824501315255,10.112405979677108,5.519859442969803,0.03157385074442339,0.010146810431791595,0.09046426872154256,0.02992935925683765,-0.00017612002430448016,0.0004102192396677899,-0.00040120117706052906,-0.00024883672585516493,0.0,0.0,47.35516563997775,49.44148677431832,2.7414343418245806,0.0,0.0,0.0,0.0,True,0.006509470447766675,0.22933460325910454,True,0.8672900996758115,False,0.26954979872566476,-0.5022570805670183,-65.07548637391109,1.750741931528357,0.014136446066694768,-0.007290594245937029,0.037825592482681525,-0.022709316982023386,-0.0005219917106150085,6.434755335726157e-05,-0.00018009493772141847,-2.773048651605431e-05,0.0,0.0,-34.025204319231314,-37.51441471183521,1.2274124886535371,0.0,0.0,0.0,0.0,1.0499653874179886,0.2781585081253055,36.03991044757491,6.81958747176414,0.03186393255152817,0.010436892238896371,0.08697921963767578,0.026444310172970872,-0.0016180575441072699,-0.0010317182801349999,-0.0020297638477769515,-0.0018773993965715873,0.0,0.0,48.70897747246759,43.6843969980484,2.766621013997471,0.0,0.0,0.0,0.0,0.7718068792926831,0.0,0.0,5.012931462044864,0.021427040312631797,0.0,0.06053490946470491,0.0,-0.0005863392639722701,0.0,-0.00015236445120536416,0.0,0.0,0.0,0.0,0.0,1.8604263582605098,0.0,0.0,0.0,0.0,0.1539631820495406,0.011517274100903398,-25.927504467897805,-0.20011026311215296,-1.3538118324898392,5.757089776269922,-115.5071558174087,-0.8914921746740788,-99.35882383602838,-95.1186522159858
0.1,0.01,33,0.1,1.0,5,60,40,0,1.5319728784794044,0.3402630510118776,28.552508603118774,9.950254717302887,0.08768992821683984,-0.019540474192878007,0.11915439292996058,-0.015920402662887606,0.006250177340200282,0.0036768672423916028,0.005358789312787925,0.004799564507458935,0.0,0.0,-18.222886190630515,-11.786360729262913,7.613774531072554,0.0,0.0,0.0,0.0,False,0.015375540006974647,1.0381681361675887,False,-0.953805259034272,False,1.0064491292102729,-0.185260698257254,-15.545789250638887,6.536946793464093,0.12090499597556056,0.013674593565842719,0.15251094088958775,0.017436145296739564,0.0026547505416348403,8.144044382616105e-05,0.0009598001500708016,0.00040057534474181227,0.0,0.0,12.752534037495543,12.908511332711402,10.497709346526445,100.0,0.0,100.0,0.0,True,0.0142953625363254,0.8949807553611446,True,0.48092525146171655,False,1.6681920095046767,0.47648218203714987,39.98307063135582,10.835006053381672,0.09872993292494213,-0.008500469484775716,0.12708521155236885,-0.007989584040479336,0.005125788270915824,0.0025524781731071445,0.0027489332448795206,0.0021897084395505312,0.0,0.0,-7.9272942129753226,-5.914933282269841,8.572335090748417,25.0,0.0,37.5,0.0,0.8921906473248772,-0.29951918014264967,-25.133566346360546,5.794831176182094,0.11519619418897314,0.007965791779255299,0.14148979953094562,0.0064150039380974355,-0.0012182132522453716,-0.0037915233500540506,-0.002757343586178452,-0.0033165683915074413,0.0,0.0,7.428669108988983,4.749223502387512,10.002036348161353,100.0,0.0,100.0,0.0,1.1917098274675268,0.0,0.0,7.740226017698643,0.10723040240971785,0.0,0.13507479559284818,0.0,0.0025733100978086792,0.0,0.0005592248053289894,0.0,0.0,0.0,0.0,0.0,9.310397709585366,100.0,0.0,100.0,0.0,0.1539631820495406,0.011517274100903398,9.587777095721659,0.11425848188539567,5.32386492850656,8.15928783032389,53.68607494947932,0.6397822311545273,-25.6515552996195,-16.535584231650425
0.1,0.01,33,0.15,1.4999999999999998,5,60,60,0,1.288416107988955,0.10724862374949717,9.079882843079922,8.36833904598297,0.2453817585616813,-0.02297749600212992,0.13816730538703503,-0.008709234633101304,0.019278640225387573,0.007462019620846815,0.012365740325669398,0.012813413236968173,0.0,0.0,-8.562214871060569,-5.929629491481281,21.30554126018707,100.0,0.0,100.0,0.0,False,0.017612233225525794,1.1771288792340309,False,-0.8045988352741923,False,1.05623513731418,-0.12493234692527766,-10.577022191371988,6.860309869240791,0.29448393251099325,0.02612467794718204,0.16081958649331152,0.01394304647317518,0.012462504253350683,0.0006458836488099258,-0.0005347574440044555,-8.708453270568021e-05,0.0,0.0,9.734964419112302,9.493038487469562,25.568891556370478,100.0,0.0,100.0,0.0,True,0.015555072430981164,0.9228338038917366,True,0.06322501267453878,False,1.4222475810495565,0.2410800968100988,20.410322839637594,9.237582401953222,0.2631151270324797,-0.005244127531331522,0.1455893752034195,-0.0012871648167168404,0.015978124074065656,0.0041615034695248986,0.005467610503308955,0.0059152834146077304,0.0,0.0,-1.9541444694557986,-0.876358345955297,22.84526049543627,100.0,0.0,100.0,0.0,1.0118353590197429,-0.16933212521971486,-14.33599616304594,6.571930675569991,0.2725881844459625,0.004228929882151289,0.14795359733820931,0.001077057318072977,0.006520366237386785,-0.005296254367153972,-0.007764660152173243,-0.007316987240874468,0.0,0.0,1.5758464857211552,0.7333079319034264,23.667769131636895,100.0,0.0,100.0,0.0,1.1811674842394577,0.0,0.0,7.6717528730953,0.2683592545638112,0.0,0.14687654002013634,0.0,0.011816620604540758,0.0,-0.00044767291129877524,0.0,0.0,0.0,0.0,0.0,23.3005876401571,100.0,0.0,100.0,0.0,0.1539631820495406,0.011517274100903398,3.758973971673951,0.0443997782944372,8.159117933391148,8.759730555566136,23.415879006125863,0.27658074896921203,-10.138061356781723,-6.662937423384707
0.1,0.01,33,0.2,2.0,5,60,60,0,1.087866413321108,0.47258864728788186,76.80899154453782,7.0657568831687705,0.3362217826237277,-0.028290494920794607,0.1360601936052178,-0.008940983089837484,0.012075131873342717,0.010895366526725186,0.01701329140836492,0.010482244698698271,0.0,0.0,-7.7611912310249,-6.166145195249562,29.192826330090988,100.0,0.0,100.0,0.0,False,0.01728674365986033,1.0648484925470647,False,-0.8147947947595515,False,0.5627832873855496,-0.052494478647676535,-8.53183416428569,3.6553108340178584,0.3996190274171527,0.035106749872630405,0.15851518580912982,0.013514009114074549,0.0012553396641917479,7.557431757421705e-05,0.0071114862690408115,0.000580439559374161,0.0,0.0,9.631157037870253,9.319930653042352,34.69736188581352,100.0,0.0,100.0,0.0,True,0.01519739356505663,0.8152820340777347,True,0.017410243457241948,False,0.6618533373421676,0.04657557130894141,7.569844691320471,4.298776684994752,0.3585109153903545,-0.0060013621541678,0.14413432138686147,-0.0008668553081938035,0.006444852911337542,0.005265087564720011,0.01219440603566156,0.00566335932599491,0.0,0.0,-1.6464087834283658,-0.5978263955863206,31.128104814509317,100.0,0.0,100.0,0.0,0.788872238129557,0.17359447209633083,28.21400051809386,5.12377197995117,0.3694990101227409,0.004986732578218578,0.1454809581346758,0.0004797814396205191,-0.005663862211286669,-0.0068436275579042,-0.000582439491557529,-0.007113486201224179,0.0,0.0,1.3680561356700816,0.3308810663168016,32.082158233410276,100.0,0.0,100.0,0.0,0.6152777660332261,0.0,0.0,3.9962655866338794,0.3645122775445223,0.0,0.14500117669505527,0.0,0.0011797653466175308,0.0,0.0065310467096666505,0.0,0.0,0.0,0.0,0.0,31.649179688788557,100.0,0.0,100.0,0.0,0.1539631820495406,0.011517274100903398,-36.74583468237955,-0.22608895074400737,8.263100902200172,8.98904958672555,48.59499102644396,0.298994175191551,-9.129247366694981,-6.497026261566363
0.1,0.05,11,0.0,0.0,7,60,0,0,0.01794082167461058,-0.0025182208134910296,-12.308595648870446,0.11652670096697376,0.012622823400158032,0.0011975135852786718,0.03887968312672552,0.002187841545781506,0.01004671982573166,0.0019222469299919592,0.009139748161632927,0.0019605517374715322,0.0,0.0,10.481235123437372,5.9627466257179185,0.5407276547409368,0.0,0.0,0.0,0.0,False,0.0056089800823076715,0.7017911608863941,True,0.4117988818050509,False,0.02121354546521665,0.0007545029771150423,3.6878704247954808,0.13778323611414295,0.011529099756216117,0.00010378994133675677,0.06603733346531598,0.029345491884371973,0.008068344832390988,-5.612806334871247e-05,0.0071726353459681085,-6.561078193286461e-06,0.0,0.0,0.9084212421232474,79.9782475339494,0.493875488456489,0.0,0.0,0.0,0.0,True,0.004772794803193665,0.44808858109864835,True,0.9634318145370042,False,0.021477280663835467,0.0010182381757338592,4.976959094376188,0.13949621187307443,0.011374516331874134,-5.079348300522646e-05,0.01990562759068844,-0.01678621399025557,0.007835881288472839,-0.0002885916072668613,0.006836800499979139,-0.0003423959241822556,0.0,0.0,-0.4445698526185926,-45.74917275063546,0.48725355215456645,0.0,0.0,0.0,0.0,0.020155433480987545,-0.00030360900711406263,-1.48398444008625,0.13091073601286135,0.011623625468672695,0.0001983156537933347,0.05550356744581885,0.01881172586487484,0.00842105276220137,0.0002965798664616697,0.007525911446666225,0.0003467150225048305,0.0,0.0,1.7357573405586413,51.26950584743817,0.4979247146231738,0.0,0.0,0.0,0.0,0.020459042488101608,0.0,0.0,0.13288269452315227,0.01142530981487936,0.0,0.03669184158094401,0.0,0.0081244728957397,0.0,0.007179196424161395,0.0,0.0,0.0,0.0,0.0,0.48942940775127836,0.0,0.0,0.0,0.0,0.15396318204954076,0.023344142452276905,5.17185486488173,0.001058111984229105,-0.8273360984353939,28.70874168651123,-10.824611208784196,-0.002214611806376967,8.74547778287873,-45.30675922172025
0.1,0.05,11,0.025,0.25,7,60,0,0,0.024803542572619342,-0.0004073011427273149,-1.6155791822206167,0.16110048027351306,0.009422740463887944,-2.5209954512613042e-05,0.015656372903366318,0.0006253078557936463,0.004296438299857412,0.0002853997734633077,0.0035881645157676105,0.00031421784184784956,0.0,0.0,-0.2668298773405353,4.160103451183095,0.4036447465633454,0.0,0.0,0.0,0.0,False,0.0021204577989843722,0.00919935250615841,True,0.1532773977891891,True,0.022701029695658882,-0.002509814019687775,-9.955295618131055,0.1474445344235245,0.009110684051310785,-0.00033726636708977277,0.01615296139953395,0.0011218963519612803,0.004139190999045755,0.00012815247265165076,0.0034003181311301933,0.0001263714572104324,0.0,0.0,-3.5697304934298013,7.463851353250939,0.39027709284828155,0.0,0.0,0.0,0.0,True,0.0019845375242847577,0.07270917394397301,True,0.9653704477402536,False,0.027822103043731658,0.002611259328385001,10.357683217065205,0.18070620958444036,0.009814986736410668,0.0003670363180101107,0.014209644659641632,-0.0008214203879310395,0.003904652864126174,-0.00010638566226793024,0.0031612311373511747,-0.00011271553656858621,0.0,0.0,3.88482476892853,-5.464818263584648,0.42044751725087887,0.0,0.0,0.0,0.0,0.022619669483577808,-0.002591174231768849,-10.278014734554553,0.14691609502003844,0.009082436733844736,-0.00036551368455582135,0.0160929132928732,0.001061848245300527,0.004149527325668467,0.00013848879927436282,0.003413211558019622,0.00013926488409986108,0.0,0.0,-3.868708750248706,7.064357994192849,0.38906705407629427,0.0,0.0,0.0,0.0,0.025210843715346657,0.0,0.0,0.1637459253552876,0.009447950418400557,0.0,0.015031065047572671,0.0,0.004011038526394104,0.0,0.003273946673919761,0.0,0.0,0.0,0.0,0.0,0.40472467291164244,0.0,0.0,0.0,0.0,0.15396318204954076,0.023344142452276905,0.3227191164234977,8.1360212081074e-05,0.2989782568189048,0.3994933590580896,8.662435552333935,0.002183873089041534,3.6018788729081708,-2.9042545430097544
0.1,0.05,11,0.05,0.5,7,60,0,0,0.04669720286500235,0.004274018718085776,10.074724007713186,0.3033011025322702,0.010653605953645973,0.00035339648870255473,0.019046171836841375,-6.39742748434792e-05,0.00042257795339463975,-0.00013165862720545445,0.00012979416981251396,-3.230997487990822e-05,0.0,0.0,3.4309640974325095,-0.33476601628055214,0.45637169904293734,0.0,0.0,0.0,0.0,False,0.0027796277608693595,0.07105501667656952,False,-0.5473801947496628,False,0.03880034953349119,-0.0036228346134253853,-8.539751756678793,0.25201057172880714,0.009806868502324583,-0.0004933409626188354,0.020698290287583396,0.001588144175898542,0.0005788078331962221,2.4571252596127858e-05,0.00015072687221691093,-1.1377272475511253e-05,0.0,0.0,-4.789620680025131,8.310476364843055,0.42009975403350297,0.0,0.0,0.0,0.0,True,0.0025369771994479796,0.02244387003352396,True,0.9834998579112338,True,0.045659164390814556,0.0032359802438979846,7.62785799550405,0.2965589810694014,0.010770822162630632,0.000470612697687214,0.017820420637238522,-0.0012897254744463314,0.000548496609890968,-5.739970709126192e-06,0.00017625348254887108,1.4149337856448902e-05,0.0,0.0,4.568962401094234,-6.748904309306836,0.46139292478401084,0.0,0.0,0.0,0.0,0.03959140427848648,-0.0028317798684300913,-6.675076200370289,0.2571485192203104,0.009844946335718944,-0.000455263129224474,0.020963969514622205,0.0018538234029373511,0.0005601672797890082,5.930699188914034e-06,0.00012304250213553613,-3.906164255688605e-05,0.0,0.0,-4.419940495132202,9.700728566401873,0.4217309055513711,0.0,0.0,0.0,0.0,0.04242318414691657,0.0,0.0,0.27554109743760724,0.010300209464943418,0.0,0.019110146111684854,0.0,0.0005542365806000942,0.0,0.00016210414469242218,0.0,0.0,0.0,0.0,0.0,0.44123314814414066,0.0,0.0,0.0,0.0,0.15396318204954076,0.023344142452276905,-1.8646755563085042,-0.000791054744995294,-0.3696801848929283,-1.390252201558818,16.749800208083474,0.007105798586515867,7.850904592564712,-10.035494582682425
0.1,0.05,11,0.075,0.7499999999999999,7,60,0,0,0.5126047089685555,0.24947576985669706,94.81122475496421,3.3293979907716804,0.04106480942682522,0.01348744001579941,0.08774049133651478,0.018689152773690904,0.0035329285281478287,0.0009993611872662579,0.00541452208407135,0.0027461984492581242,0.0,0.0,48.90763805197078,27.06559085264835,1.759105501980858,0.0,0.0,0.0,0.0,False,0.007296517677362426,0.20760399220702477,True,0.035851813842835235,False,0.3166564027703961,0.053527463658537666,20.34267452269196,2.056702119007293,0.03369027000448164,0.006112900593455827,0.09062954332265469,0.021578204759830813,0.0021645505042810964,-0.00036901683660047445,0.001817537794914086,-0.00085078583989914,0.0,0.0,22.1663658427544,31.249509725577095,1.4432001549577422,0.0,0.0,0.0,0.0,True,0.009033013100048962,0.4950011996984094,True,0.9600384603626864,False,0.2485137819947577,-0.014615157117100708,-5.554370859560864,1.614111755073972,0.023806685915232148,-0.0037706834957936634,0.055863725566076404,-0.01318761299674747,0.0024120575004387555,-0.00012150984044281528,0.003086277017529777,0.0004179533827165507,0.0,0.0,-13.67310797340261,-19.09827277967855,1.019814112422456,0.0,0.0,0.0,0.0,0.256830671853561,-0.0062982672582974075,-2.3936049297945017,1.668130448037379,0.03254016191810883,0.0049627925070830185,0.08413829524649308,0.015086956683669203,0.0026237111907434912,9.014384986192042e-05,0.002004173746337985,-0.000664149888475241,0.0,0.0,17.99588798015965,21.84889822221603,1.3939326314783937,0.0,0.0,0.0,0.0,0.2631289391118584,0.0,0.0,1.7090380674724648,0.02757736941102581,0.0,0.06905133856282387,0.0,0.002533567340881571,0.0,0.002668323634813226,0.0,0.0,0.0,0.0,0.0,1.1813400071303974,0.0,0.0,0.0,0.0,0.15396318204954076,0.023344142452276905,22.736279452486464,0.059825730916835074,4.170477862594748,9.400611503361066,97.20482968475872,0.25577403711499447,30.911750071811127,5.21669263043232
0.1,0.05,11,0.1,1.0,7,60,12,0,1.0919315390010444,0.37580809871964516,52.47811726033882,7.0921601155898,0.1133064970500763,0.02408604971766186,0.12103975203310431,0.011701598884690037,-0.0015687685927048508,0.0006196688505231197,0.0014989533479999688,0.0033213761094700403,0.0,0.0,26.99610956659171,10.70221011398138,4.853744243623941,100.0,0.0,100.0,0.0,False,0.014266934189681415,1.9237551849161818,True,0.047166948937746,False,0.6775921940271493,-0.03853124625424997,-5.380531356313267,4.40100149274078,0.09484624492125115,0.005625797588836717,0.12433295096667878,0.014994797818264502,-0.0013083632344388372,0.0008800742087891333,-0.0047080183046248935,-0.002885595543154822,0.0,0.0,6.305502558036191,13.714149531966902,4.062956911574201,0.0,0.0,0.0,0.0,True,0.014212682298653887,1.9126372218293426,True,0.8525167583556784,False,0.808928401301611,0.09280496102021174,12.95935250824134,5.254037949419115,0.08990696676964754,0.0006865194372331074,0.10534397722194998,-0.003994175926464297,-0.0036341902558024203,-0.0014457528125744498,-0.001502357256438844,0.00032006550503122736,0.0,0.0,0.7694642402714003,-3.6530486490316427,3.851371578692467,0.0,0.0,0.0,0.0,0.675733763134754,-0.04038967714664532,-5.640044002857147,4.38893087385868,0.08853766665087029,-0.0006827806815441484,0.11350460202037795,0.004166448871963671,-0.0009005274350427358,0.0012879100081852348,-0.0030258301204636627,-0.0012034073589935912,0.0,0.0,-0.7652737707089408,3.8106084216624536,3.792714460677678,0.0,0.0,0.0,0.0,0.7161234402813993,0.0,0.0,4.651264222708596,0.08922044733241444,0.0,0.10933815314841427,0.0,-0.0021884374432279705,0.0,-0.0018224227614700714,0.0,0.0,0.0,0.0,0.0,3.8219629405882154,0.0,0.0,0.0,0.0,0.15396318204954076,0.023344142452276905,0.25951264654387973,0.0018584308923953463,7.070776328745132,9.903541110304449,58.118161263195965,0.4161977758662905,27.76138333730065,6.891601692318926
0.1,0.05,11,0.15,1.4999999999999998,7,60,60,0,0.8988650209161195,0.15948780766034742,21.57056030413207,5.838181628559038,0.2223389315953619,0.030685689448750164,0.1229150675336869,0.012972451026737206,0.005992554504634453,0.007779758702149472,-0.0005659832755981818,0.0022094717236599394,0.0,0.0,16.01104635906765,11.799292611811897,9.524399195639578,100.0,0.0,100.0,0.0,False,0.02249982488936906,6.555505320266869,True,0.030095511131214836,False,0.729504624894802,-0.009872588360970158,-1.3352573198053053,4.73817581050039,0.20464121632365417,0.01298797417704245,0.12157091551537325,0.011628299008423548,-0.003198117373767107,-0.0014109131762520886,-0.0026888335881444358,8.662141111368546e-05,0.0,0.0,6.776809007544382,10.576698443126919,8.766276882605906,100.0,0.0,100.0,0.0,True,0.014291164809711831,3.7990138715971264,True,0.4997812817173087,False,0.7380666243226419,-0.0013105889331301857,-0.17725579171681272,4.793786504653782,0.1920319628328243,0.0003787206862125858,0.10816519680589931,-0.0017774197010503867,-0.0029055366582537477,-0.0011183324607387294,-0.003585200170826435,-0.0008097451715683135,0.0,0.0,0.19760724210595715,-1.6166794619973723,8.226130526122375,100.0,0.0,100.0,0.0,0.7163171642898261,-0.023060048965946045,-3.118847666998481,4.652522471634398,0.19096818961057804,-0.0006850525360336812,0.11162072202237724,0.001678105515427547,-0.0010799878242142332,0.0007072163733007851,-0.0019386410862152785,0.0008368139130428428,0.0,0.0,-0.3574437501608352,1.5263467149897014,8.180561354994287,100.0,0.0,100.0,0.0,0.7393772132557721,0.0,0.0,4.802298857514276,0.19165324214661172,0.0,0.1099426165069497,0.0,-0.0017872041975150184,0.0,-0.0027754549992581212,0.0,0.0,0.0,0.0,0.0,8.209907155013893,100.0,0.0,100.0,0.0,0.15396318204954076,0.023344142452276905,1.7835903471931758,0.013187460604975887,7.134252757705218,9.050351728137217,24.68940797113055,0.18254785662629347,16.368490109228485,10.272945896822195
0.1,0.05,11,0.2,2.0,7,60,60,0,0.6650025258770056,-0.02114232523979831,-3.0813209784181894,4.319230851327998,0.2945186310396537,0.038554292936824774,0.11804780205181695,0.015356745831505342,0.0013858443968548597,0.00285988783109788,0.00353210237060896,0.006359333487822722,0.0,0.0,15.06236893099393,14.95431676012684,12.61638253115301,100.0,0.0,100.0,0.0,False,0.023472540058187864,8.76410433334652,True,0.13967609485940277,False,0.6805730874365679,-0.0055717636802360415,-0.8120389843583542,4.42036257225172,0.27841750943645865,0.02245317133362973,0.11161479361010879,0.008923737389797182,-0.00010101162005565724,0.0013730318141873632,-0.003561972993488114,-0.0007347418762743514,0.0,0.0,8.77199202828387,8.689887628239369,11.926653977786312,100.0,0.0,100.0,0.0,True,0.013268729302513554,4.51952438719905,True,0.34214850995428603,False,0.7329114750277402,0.046766623910936334,6.815852925926147,4.76030350419694,0.2522954286743534,-0.003668909428475531,0.10155829515933606,-0.00113276106097554,-0.0038935761902707785,-0.002419532756027758,-0.00408583549549333,-0.0012586043782795674,0.0,0.0,-1.4333674197229862,-1.103076648218837,10.80765460500972,100.0,0.0,100.0,0.0,0.6432299344122776,-0.042914916704526296,-6.254498104106709,4.177816578286264,0.2585220658091952,0.002557727706366253,0.10335553095457667,0.0006644747342650636,0.0008521351466757034,0.0023261785809187236,-0.0015539462361430071,0.0012732848810707554,0.0,0.0,0.999251585327765,0.6470619338450501,11.074386919018302,100.0,0.0,100.0,0.0,0.6861448511168039,0.0,0.0,4.456551507853501,0.2559643381028289,0.0,0.1026910562203116,0.0,-0.0014740434342430204,0.0,-0.0028272311172137625,0.0,0.0,0.0,0.0,0.0,10.964820773609658,100.0,0.0,100.0,0.0,0.15396318204954076,0.023344142452276905,5.442459119748355,0.037343153024290254,7.772740442956105,8.042825694394319,3.1731771256885195,0.021772591464727986,14.063117345666164,14.30725482628179
0.1,0.05,22,0.0,0.0,5,60,0,0,0.02121642828801635,-0.0005930144498779051,-2.7190719955789255,0.13780196021922653,0.008737359322119479,-0.00044072775834199697,0.022079712778891827,0.007943089890608702,-0.0028843234617385183,0.0008732125729735219,-0.003812891862268471,0.0008368084692331906,0.0,0.0,-4.8019566003054015,56.18802986668183,0.37428486996176924,0.0,0.0,0.0,0.0,False,0.0027905955020715947,1.9710323143676085,True,0.5745525186336354,False,0.02035374381034035,-0.0014556989275539035,-6.674626880881296,0.1321987733651226,0.008999485950771966,-0.00017860112968950959,0.017606221451631338,0.0034695985633482126,-0.003972936117417237,-0.000215400082705197,-0.0048729698995128275,-0.00022326956801116578,0.0,0.0,-1.945951570558968,24.54333394027173,0.3855136666155063,0.0,0.0,0.0,0.0,True,0.0011544893709766184,0.22913737416232233,True,0.6471134643358463,False,0.023068859587082262,0.0012594168491880074,5.774640206646597,0.1498336113867755,0.009467605256289618,0.00028951817582814274,0.013401467050747684,-0.0007351558375354415,-0.003930137645432378,-0.00017260161072033767,-0.004828840744375484,-0.0001791404128738223,0.0,0.0,3.154450086276439,-5.200363929526352,0.40556663307056634,0.0,0.0,0.0,0.0,0.020587313083912866,-0.0012221296539813888,-5.603672082175304,0.13371581965153514,0.008899430873738606,-0.0002786562067228701,0.015316348075746958,0.0011797251874638322,-0.0036230420389402663,0.00013449399577177392,-0.004517882294295795,0.00013181803720586655,0.0,0.0,-3.0361033217486066,8.345169824411357,0.38122757740756447,0.0,0.0,0.0,0.0,0.021809442737894254,0.0,0.0,0.1416536242468451,0.009178087080461476,0.0,0.014136622888283126,0.0,-0.0037575360347120402,0.0,-0.004649700331501662,0.0,0.0,0.0,0.0,0.0,0.3931644565322757,0.0,0.0,0.0,0.0,0.15396318204954076,0.023344142452276905,-1.0709547987059915,-0.00023356927357251478,1.0901517511896386,16.198164115860372,2.884600086596379,0.0006291152041034836,-1.7658532785567949,47.84286004227047
0.1,0.05,22,0.025,0.25,5,60,0,0,0.026475736163249844,-0.000553117651755218,-2.046396993157562,0.17196147683366755,0.00886587658200226,-0.00018186531307702591,0.014579745766960181,0.00029749255827802093,-0.001295715365820667,0.00042237690840550395,-0.0020225844605890136,0.00043124737412956896,0.0,0.0,-2.0100630100416073,2.08295255609372,0.3797902021942774,0.0,0.0,0.0,0.0,False,0.0016329855925809405,0.47943430213983,True,0.37666609700467213,False,0.025307161735890156,-0.001721692079114906,-6.369830148547062,0.16437151661198496,0.008776291742175773,-0.00027145015290351397,0.014852415193793461,0.0005701619851113011,-0.0017989116217597982,-8.08193475336273e-05,-0.002530505499616262,-7.667366489767964e-05,0.0,0.0,-3.000197795774273,3.9921010836350357,0.3759526296636253,0.0,0.0,0.0,0.0,True,0.001169246895637234,0.059301424908617825,True,0.8903314839199037,False,0.028620234163037543,0.0015913803480324812,5.887709330645108,0.18589011854683807,0.00933297051969171,0.00028522862461242277,0.01383761369978449,-0.0004446395088976707,-0.0018175617563548194,-9.946948212864845e-05,-0.0025645775490793533,-0.00011074571436077082,0.0,0.0,3.152484099569053,-3.113230821502133,0.39979924466154054,0.0,0.0,0.0,0.0,0.0254543984971124,-0.0015744553178926625,-5.825090951576362,0.16532782810972257,0.008763048926053965,-0.0002846929690253214,0.014783238255334147,0.0005009850466519868,-0.0016345771651606533,8.351510906551762e-05,-0.002361928747930691,9.19030867878915e-05,0.0,0.0,-3.1465637760970444,3.5077451669001336,0.37538534319555816,0.0,0.0,0.0,0.0,0.027028853815005062,0.0,0.0,0.17555400879093278,0.009047741895079287,0.0,0.01428225320868216,0.0,-0.001718092274226171,0.0,-0.0024538318347185825,0.0,0.0,0.0,0.0,0.0,0.3875808209093927,0.0,0.0,0.0,0.0,0.15396318204954076,0.023344142452276905,-0.5447391969707001,-0.00014723676122224347,0.14636598032277126,0.4843559167349021,3.7786939584188,0.0010213376661374444,1.1365007660554372,-1.4247926108064135
0.1,0.05,22,0.05,0.5,5,60,0,0,0.04229038160496068,-0.0003630817808659842,-0.8512363406030787,0.27467853705019485,0.010290779827261957,-2.9468048269407077e-05,0.01887693083083472,-0.00029546615740700527,0.00017334109311771607,-0.00010521031223875523,-0.00019635735195152416,-6.859010045749507e-05,0.0,0.0,-0.285536245105833,-1.5411018120906395,0.44082920793940883,0.0,0.0,0.0,0.0,False,0.001691532421306148,0.06740487762970178,False,-0.16643867208283053,False,0.040502456090039884,-0.0021510072957867804,-5.042983910426225,0.26306585477693883,0.010009540195810665,-0.0003107076797206985,0.0201510975146983,0.0009787005264565753,0.00027423504734793255,-4.316358008538753e-06,-0.00015490434188395626,-2.7137090389927173e-05,0.0,0.0,-3.0106610177199955,5.1047374361004705,0.42878166187828287,0.0,0.0,0.0,0.0,True,0.0015673383100555474,0.010965124891097803,True,0.9869850880841359,True,0.04441220959383847,0.0017587462080118077,4.123337399598426,0.28845993569779527,0.010599991093296115,0.0002797432177647514,0.01820989862687109,-0.0009624983613706374,0.0002870153652338596,8.463959877388297e-06,-0.00011334970780143738,1.4417543692591715e-05,0.0,0.0,2.7106249882622,-5.020229666436227,0.4540749832625456,0.0,0.0,0.0,0.0,0.0409264436147248,-0.0017270197711018662,-4.048955545485056,0.26581967889930913,0.010040681236600731,-0.00027956663893063255,0.020299098055180875,0.0011267010669391495,0.0002629218147763369,-1.5629590580134407e-05,-0.00016486070611930587,-3.7093454625276775e-05,0.0,0.0,-2.7089139941441465,5.8766833778277405,0.430115659940269,0.0,0.0,0.0,0.0,0.042653463385826665,0.0,0.0,0.27703677475373334,0.010320247875531364,0.0,0.019172396988241726,0.0,0.0002785514053564713,0.0,-0.0001277672514940291,0.0,0.0,0.0,0.0,0.0,0.4420915395212885,0.0,0.0,0.0,0.0,0.15396318204954076,0.023344142452276905,-0.994028364941169,-0.00042398752468491424,-0.30174702357584904,-0.77194594172727,3.197719204881977,0.001363937990235882,2.4233777490383135,-7.41778518991838
0.1,0.05,22,0.075,0.7499999999999999,5,60,0,0,0.9862721671759509,0.1358895713305025,15.979815672897368,6.405896228220315,0.03394706503987439,-0.0012381030854637862,0.08354441357761244,0.003402984327945141,-0.0005605408869006028,0.003418505911425036,-0.00012060738284163904,0.0024856219817199028,0.0,0.0,-3.518821001660022,4.246223657109627,1.4542005605591783,0.0,0.0,0.0,0.0,False,0.008750807245546428,1.0507086903080283,True,0.3751251166695563,False,0.8708374503981706,0.020454854552722224,2.4053707887078835,5.6561408955419035,0.04846183471897232,0.013276666593634148,0.109937774377413,0.029796345127745705,-0.004923023831538271,-0.0009439770332126318,-0.003389647178351883,-0.0007834178137903413,0.0,0.0,37.73370229847819,37.17970269150073,2.0759740829222677,0.0,0.0,0.0,0.0,True,0.006687250109184646,0.5671242124716626,True,0.9623488368507951,False,0.4248083226467268,-0.4255742731987216,-50.04503564370537,2.759155253819294,0.029473449768149813,-0.00571171835718836,0.06667572933030215,-0.013465699919365151,-0.0035676627496868205,0.00041138404863881855,-0.0026079514548225198,-1.7220902609779536e-06,0.0,0.0,-16.233312675505264,-16.802420477696998,1.262562967494018,0.0,0.0,0.0,0.0,1.17612935602528,0.3257467601798315,38.305906279275945,7.639029931499055,0.0463894617373888,0.01120429361205063,0.10300394279882208,0.022862513549154778,-0.004533726749469611,-0.0005546799511439715,-0.003040973528872997,-0.000434744164311455,0.0,0.0,31.843797284521113,28.52770878084845,1.9871992227696562,0.0,0.0,0.0,0.0,0.8503825958454484,0.0,0.0,5.523285401907454,0.03518516812533817,0.0,0.0801414292496673,0.0,-0.003979046798325639,0.0,-0.002606229364561542,0.0,0.0,0.0,0.0,0.0,1.5072375520869192,0.0,0.0,0.0,0.0,0.15396318204954076,0.023344142452276905,-35.90053549056806,-0.3052919056271093,5.88990501395708,8.65199391065228,-22.32609060637858,-0.189857188849329,-35.36261828618113,-24.281485123738822
0.1,0.05,22,0.1,1.0,5,60,60,0,2.9940701818509226,0.0955626512413299,3.2969605989338957,19.446663429491345,0.15415656150060705,0.006087270370267378,0.16713657281017616,0.011354149967203131,0.004468374119685245,0.009547889735691081,0.01272276425308216,0.010066473780907465,0.0,0.0,4.111095774010964,7.288466670368843,6.603650650939682,100.0,0.0,100.0,0.0,False,0.018020199450422585,5.047056052284809,True,0.42589778099834374,False,2.4151713187203017,-0.483336211889291,-16.675347805207853,15.686680975086443,0.16438673820301686,0.016317447072677183,0.16898463531767882,0.013202212474705793,-0.004366542067305857,0.0007129735486999782,0.0037355027917772617,0.0010792123196025662,0.0,0.0,11.020142629246177,8.47477670058674,7.041883784725755,100.0,0.0,100.0,0.0,True,0.0126145382094432,3.23307299322942,True,0.36510930648849127,False,3.3708452852809234,0.47233775467133077,16.295895376611025,21.89384007532584,0.13918420922295646,-0.008885081907383213,0.15208860375612976,-0.0036938190868432697,-0.005639903938070936,-0.0005603883220651005,0.00173098169701369,-0.0009253087751610056,0.0,0.0,-6.000624329025806,-2.3711398368521985,5.962275526183697,100.0,0.0,100.0,0.0,2.393206446890341,-0.5053010837192518,-17.433147176022025,15.544017829667085,0.15550760262045132,0.007438311490111649,0.1581363400391816,0.0023539171962085603,-0.003832708754043978,0.0012468068619618574,0.002979397410252634,0.00032310693807793833,0.0,0.0,5.02353420707875,1.5110287497462238,6.661525602765659,100.0,0.0,100.0,0.0,2.8985075306095927,0.0,0.0,18.825978341217574,0.14806929113033968,0.0,0.15578242284297303,0.0,-0.0050795156160058355,0.0,0.0026562904721746956,0.0,0.0,0.0,0.0,0.0,6.342888432635379,100.0,0.0,100.0,0.0,0.15396318204954076,0.023344142452276905,0.7577993708141726,0.021964871829960764,5.9966084221674265,6.963747950840515,20.730107774955922,0.6008637349605817,-0.9124384330677859,5.777437920622619
0.1,0.05,22,0.15,1.4999999999999998,5,60,60,0,1.622673199366884,-0.007959091470765012,-0.48809848274723455,10.539358681510986,0.32691141190441914,0.018668298541833384,0.16594451107164532,0.012858975215046364,0.04127985128176525,0.015599658435022267,0.012686181557761907,0.013691164461982524,0.0,0.0,6.0563554326269475,8.39986295445434,14.00400175644633,100.0,0.0,100.0,0.0,False,0.021923962046587718,8.570283635788412,False,-0.3315338719781091,False,1.5554997446951078,-0.07513254614254117,-4.60757134301234,10.103063108909987,0.3301635867676642,0.021920473405078467,0.16234557093950877,0.009260035082909818,0.02870429010955617,0.0030240972628131878,0.0001717426542192703,0.0011767255584398872,0.0,0.0,7.1114235662723235,6.048928810350862,14.143316142052639,100.0,0.0,100.0,0.0,True,0.012192355465780607,4.322226874317933,False,-0.6137374124980484,False,1.8333622807350243,0.20272998989737534,12.432599982012738,11.907796762378572,0.30704868189056866,-0.0011944314720170879,0.15409219173708533,0.0010066558804863734,0.024587712553755595,-0.0010924802929873877,-0.0024063973706258267,-0.0014014144664052097,0.0,0.0,-0.38749656366598995,0.6575773960966202,13.153136060503273,100.0,0.0,100.0,0.0,1.4781836093133585,-0.15244868152429047,-9.349053270984731,9.600890223467342,0.30896997329087783,0.0007268599282920785,0.15185714497186475,-0.0012283908847341984,0.02670084054169057,0.0010206476949475886,0.0005124496852099301,0.001517432589430547,0.0,0.0,0.23580735360568816,-0.802421259370234,13.235438993850982,100.0,0.0,100.0,0.0,1.630632290837649,0.0,0.0,10.591053452720665,0.30824311336258575,0.0,0.15308553585659895,0.0,0.025680192846742982,0.0,-0.001004982904220617,0.0,0.0,0.0,0.0,0.0,13.20430227808693,100.0,0.0,100.0,0.0,0.15396318204954076,0.023344142452276905,4.741481927972391,0.0773161353817493,6.875616212666635,6.8513500697210965,8.860954788237496,0.14448959005352546,5.820548079021259,9.202284213824575
0.1,0.05,22,0.2,2.0,5,60,60,0,1.3248650351903644,0.01629963056410544,1.2456106898807162,8.605076990186278,0.4193165623161943,0.027524236680811165,0.16002845103762547,0.013912296318254164,0.024072674461458447,0.01455911502533842,0.023839546139749174,0.01691348875757286,0.0,0.0,7.025210776187141,9.521395046956949,17.962388773689806,100.0,0.0,100.0,0.0,False,0.02329242910987645,9.211875736038744,False,-0.4005539475050502,False,1.2465684112882294,-0.06199699333802955,-4.737783309786991,8.096535773644382,0.41720201976652044,0.025409694131137306,0.1546967800387664,0.008580625319395102,0.011682553382296026,0.0021689939461759997,0.008635111487284299,0.0017090541051079846,0.0,0.0,6.485500727950577,5.8724686095626755,17.871807483158502,100.0,0.0,100.0,0.0,True,0.01175147770257161,4.152087377722532,False,-0.7814352456648715,False,1.3961439307218146,0.08757852609555572,6.692712934785949,9.068037644692074,0.3928470578216448,0.0010547321862616754,0.14730724282075558,0.001191088101384269,0.008202728318161488,-0.001310831117958539,0.005984132846813106,-0.000941924535363208,0.0,0.0,0.2692069541053943,0.8151652386910069,16.82850670675752,100.0,0.0,100.0,0.0,1.220961433648724,-0.08760397097753492,-6.694657421617811,7.930216934954325,0.39035370251605533,-0.0014386231193277976,0.14473427595307414,-0.0013818787662971677,0.010837996779109335,0.0013244373429893083,0.00789705035870168,0.0009709929765253662,0.0,0.0,-0.3671902243094549,-0.9457398936833394,16.721698101100372,100.0,0.0,100.0,0.0,1.308565404626259,0.0,0.0,8.49920992283208,0.39179232563538313,0.0,0.1461161547193713,0.0,0.009513559436120027,0.0,0.006926057382176314,0.0,0.0,0.0,0.0,0.0,16.78332482918725,100.0,0.0,100.0,0.0,0.15396318204954076,0.023344142452276905,1.9568741118308202,0.02560697763950537,6.852690952260032,6.818208503246015,7.940268111498527,0.10390360154164036,7.392401000496596,10.467134940640289
0.1,0.05,33,0.0,0.0,5,60,0,0,0.025789723550205222,0.0037645403880047397,17.091982210914946,0.1675057842199368,0.009214262887631938,0.0007430281986626121,0.012252193098405756,-0.001339231352751392,-0.00035720383767596755,-0.0002430715446789652,-0.0012505912241976016,-0.00023895759646004057,0.0,0.0,8.77119128372319,-9.853502534367342,0.39471413038490993,0.0,0.0,0.0,0.0,False,0.0021797053884537983,0.3707057050390035,False,-0.8450732809584197,False,0.020113463125085954,-0.001911720037114529,-8.679700972455084,0.1306381360617374,0.00819123165462637,-0.0002800030343429547,0.042717747333951075,0.029126322882793928,-9.169987480874518e-05,2.2432418188257153e-05,-0.0010168005092418737,-5.166881504312711e-06,0.0,0.0,-3.305339122614037,214.29926633123557,0.3508902360141067,0.0,0.0,0.0,0.0,True,0.001730777920883389,0.0883980848408552,True,0.9595874320464955,False,0.024356207576079605,0.002331024413879123,10.583450755949286,0.15819501293655067,0.008918726648633232,0.0004474919596639069,0.011847415682680874,-0.001744008768476274,-0.00010150968817800661,1.2622604818995724e-05,-0.0010067760588016528,4.857568935908189e-06,0.0,0.0,5.282488044471267,-12.8316849697663,0.3820541562777917,0.0,0.0,0.0,0.0,0.019967745126557572,-0.0020574380356429105,-9.341298188039026,0.12969168901778444,0.008035481907957538,-0.00043575278101178755,0.02075725905018127,0.007165834599024121,-0.00014618648435230796,-3.2054191355305626e-05,-0.0011101172962633408,-9.848366852577978e-05,0.0,0.0,-5.143911094556208,52.72320517084606,0.3442183376144445,0.0,0.0,0.0,0.0,0.022025183162200482,0.0,0.0,0.14305487109972456,0.008471234688969325,0.0,0.013591424451157148,0.0,-0.00011413229299700234,0.0,-0.001011633627737561,0.0,0.0,0.0,0.0,0.0,0.36288480959569674,0.0,0.0,0.0,0.0,0.15396318204954076,0.023344142452276905,0.6615972155839422,0.00014571799852838158,1.8385719719421711,161.57606116038951,26.433280398953972,0.00582197842364765,13.9151023782794,-62.5767077052134
0.1,0.05,33,0.025,0.25,5,60,0,0,0.030395085744457758,0.0035994612053974924,13.43301851446126,0.19741788484650521,0.009589637771537431,0.0006733450571256606,0.012954759793184724,-0.0010978194857317967,-0.00025377566285254,-0.00022340664474305262,-0.0010336250876448968,-0.00026814910220602584,0.0,0.0,7.551850064739418,-7.812227662567873,0.4107941763610208,0.0,0.0,0.0,0.0,False,0.002470074473623267,0.33514950077228367,False,-0.9071168586512086,False,0.02425594628623748,-0.002539678252822787,-9.477958795551377,0.15754380991185696,0.008474122235809099,-0.0004421704786026718,0.014940086652798841,0.0008875073738823201,-9.293839875883914e-05,-6.256938064935178e-05,-0.0008240413834573674,-5.856539801849642e-05,0.0,0.0,-4.959129234148774,6.315619049478505,0.36300850430179593,0.0,0.0,0.0,0.0,True,0.0017980027029594484,0.028125493025251413,True,0.959525665522608,True,0.029521559329349058,0.002725934790288792,10.173059360177138,0.1917442789656679,0.009385130488269113,0.0004688377738573425,0.013306240600611693,-0.0007463386783048281,-7.103198370442222e-05,-4.066296559493486e-05,-0.0008191506010361174,-5.367461559724644e-05,0.0,0.0,5.258214247492576,-5.311044068789428,0.4020336368086942,0.0,0.0,0.0,0.0,0.02422525323611157,-0.0025703713029486958,-9.59250380300649,0.15734445673067868,0.008458986034715866,-0.0004573066796959048,0.014915657157826456,0.0008630778789099347,5.1314685131207305e-05,8.168370324069466e-05,-0.0006787212246582655,8.675476078060548e-05,0.0,0.0,-5.128888141556198,6.141775554362705,0.36236011033640714,0.0,0.0,0.0,0.0,0.026795624539060266,0.0,0.0,0.1740391708092798,0.00891629271441177,0.0,0.014052579278916521,0.0,-3.036901810948736e-05,0.0,-0.000765475985438871,0.0,0.0,0.0,0.0,0.0,0.3819498931108565,0.0,0.0,0.0,0.0,0.15396318204954076,0.023344142452276905,0.11454500745511353,3.069305012590867e-05,0.16975890740742372,0.17384349511579966,23.02552231746775,0.006169832508346188,12.680738206295615,-13.954003216930577
0.1,0.05,33,0.05,0.5,5,60,0,0,0.043829332221031324,0.0019208395372195194,4.583413561808891,0.2846741125870492,0.01073350334634001,0.000443897591667566,0.017321704813479936,-0.0017797752135716022,0.00021359007330541295,-6.51159741307101e-05,-0.0002118150345267035,-9.49136441945968e-05,0.0,0.0,4.314038868457093,-9.31747284006832,0.45979428750843243,0.0,0.0,0.0,0.0,False,0.002489101956411827,0.012052473863664212,False,-0.8932688368057566,False,0.03855339382391901,-0.0033550988598927967,-8.005773162032115,0.25040657974653757,0.009812261624390636,-0.000477344130281809,0.020588258877651956,0.0014867788506004176,0.00026899069453561986,-9.715352900503183e-06,-0.00016039416950661687,-4.349277917451016e-05,0.0,0.0,-4.63909057025873,7.783579327334,0.42033078081365044,0.0,0.0,0.0,0.0,True,0.0024404279745655786,0.00773804681524865,True,0.9827765028261277,True,0.04528864249795126,0.003380149814139456,8.065548526504562,0.29415241939711745,0.010780224986159602,0.000490619231487157,0.0178500205474042,-0.0012514594796473391,0.0002463793901838245,-3.232665725229854e-05,-0.00012631847064062174,-9.417080308515028e-06,0.0,0.0,4.768105243141796,-6.5516361971691195,0.4617957163428865,0.0,0.0,0.0,0.0,0.03884112639137441,-0.0030673662924373957,-7.319199751658556,0.2522754198395074,0.009820401510934898,-0.0004692042437375466,0.020665285397925448,0.0015638053708739094,0.00034393787763445534,6.52318301983323e-05,-9.438870913387877e-05,2.2512681198227943e-05,0.0,0.0,-4.559982713861355,8.186828291102287,0.42067947156384194,0.0,0.0,0.0,0.0,0.041908492683811804,0.0,0.0,0.27219814585494145,0.010289605754672445,0.0,0.01910148002705154,0.0,0.00027870604743612305,0.0,-0.00011690139033210671,0.0,0.0,0.0,0.0,0.0,0.4407789138413535,0.0,0.0,0.0,0.0,0.15396318204954076,0.023344142452276905,-0.6865734103735592,-0.000287732567455401,-0.07910785639737572,-0.403248963768287,11.902613313467448,0.004988205829656915,8.874021582318449,-17.504301131170607
0.1,0.05,33,0.075,0.7499999999999999,5,60,0,0,0.18868756060664538,-0.5523296885065734,-74.53668442503204,1.2255368984640194,0.020106715157731436,-0.012651854085069879,0.050465244017237114,-0.03163697516350584,0.00021855368941887327,0.00015473397293895328,0.0008344374511095988,0.0012340168351633479,0.0,0.0,-38.62150996673983,-38.53364193951809,0.8613173603972031,0.0,0.0,0.0,0.0,False,0.008676837192183201,0.2825510908853972,False,-0.8366670325262561,False,0.6089670402323689,-0.13205020888084984,-17.82012618989307,3.955277048225864,0.04566402845106933,0.012905459208268015,0.11793842952264695,0.035836210341904,-0.00027263049974517623,-0.0003364502162250962,-0.0005425542381999582,-0.00014297485414620914,0.0,0.0,39.39567419020897,43.64828466209032,1.9561236204937322,0.0,0.0,0.0,0.0,True,0.010403164402172805,0.5377250439465372,True,0.841942003808225,False,0.2607939712355929,-0.48022327787762586,-64.8059513395016,1.6938723126135258,0.02483520728494077,-0.007923361957860545,0.05908473665223511,-0.02301748252850784,0.00028326715944288573,0.00021944744296296573,0.0008656725977511221,0.0012652519818048711,0.0,0.0,-24.187142909489857,-28.03515271351713,1.0638731894183773,0.0,0.0,0.0,0.0,0.6804526885449684,-0.060564560568250325,-8.173164746263117,4.4195805743091165,0.04419062853331622,0.011432059290514905,0.10748825608187283,0.02538603690112988,-0.002089321846420313,-0.0021531415629002333,-0.0019090815394127332,-0.0015095021553589842,0.0,0.0,34.897920009211326,30.92003742949272,1.8930071483095332,0.0,0.0,0.0,0.0,0.7410172491132188,0.0,0.0,4.812950987689911,0.032758569242801315,0.0,0.08210221918074295,0.0,6.381971647992e-05,0.0,-0.0003995793840537491,0.0,0.0,0.0,0.0,0.0,1.4032886112552898,0.0,0.0,0.0,0.0,0.15396318204954076,0.023344142452276905,-9.646961443629953,-0.07148564831259951,4.497754180997646,12.7282472325976,-66.36351967876892,-0.49176512793832305,-73.51942997595116,-69.45367936901081
0.1,0.05,33,0.1,1.0,5,60,54,0,1.8158240584862135,0.18996935275321425,11.68427609695717,11.79388496856304,0.1002076713151005,-0.020462932680815393,0.12904228623599806,-0.016082998787743663,0.007482101794737822,0.006866096067511216,0.003628724318635663,0.002624700486909916,0.0,0.0,-16.95767817778385,-11.08214794211262,4.292625934748209,50.0,0.0,50.0,0.0,False,0.017910161182038156,1.3907676833770672,False,-0.9232906267740462,False,1.3571735346042444,-0.2686811711287549,-16.525533934941794,8.81492261031307,0.13607596903269362,0.015405365036777724,0.16494443544330117,0.01981915041955945,0.0009015371873172386,0.0002855314600906318,0.0005901288754830614,-0.00041389495624268545,0.0,0.0,12.766460535242796,13.656579841560434,5.829126913137957,100.0,0.0,100.0,0.0,True,0.018161468214714333,1.4243138210260204,True,0.46088543611623356,False,1.866376743858921,0.24052203812592166,14.793575174817652,12.122227658677362,0.11370291967835211,-0.006967684317563783,0.13949133903641128,-0.005633945987330441,0.004101078448686644,0.0034850727214600368,0.0032630153527447143,0.0022589915210189677,0.0,0.0,-5.774135611187958,-3.882125700155392,4.870725918109788,100.0,0.0,100.0,0.0,1.4434496840080326,-0.18240502172496664,-11.219023513096227,9.375291318307344,0.12707670874049937,0.006406104744583474,0.14927405870299432,0.004148773679252593,-0.0040862724113703165,-0.004702278138596923,-0.0024195851153946332,-0.0034236089471203802,0.0,0.0,5.3087533603463966,2.858753165290162,5.443622913126318,100.0,0.0,100.0,0.0,1.6258547057329993,0.0,0.0,10.560022754075371,0.12067060399591589,0.0,0.14512528502374172,0.0,0.0006160057272266068,0.0,0.0010040238317257468,0.0,0.0,0.0,0.0,0.0,5.16920269153627,100.0,0.0,100.0,0.0,0.15396318204954076,0.023344142452276905,-5.306510421845568,-0.08627614940378825,7.4577071748964,10.797826676270272,22.903299610053395,0.3723743744781809,-22.26643153813025,-13.940901107402782
0.1,0.05,33,0.15,1.4999999999999998,5,60,60,0,0.8550576661417224,-0.22505000543731346,-20.835886213853783,5.553650260791508,0.26155295442552545,-0.021265307678350165,0.13998205958003895,-0.010721363245609239,0.025933785213315817,0.007548583055849354,0.01096464688650799,0.012399237550889772,0.0,0.0,-7.51907161869897,-7.114213496008648,11.204221999596927,100.0,0.0,100.0,0.0,False,0.01944687093003716,1.4395781650286346,False,-0.7763657219841167,False,1.0043349123951688,-0.07577275918386706,-7.015296824352058,6.523214829841616,0.313416832073127,0.030598569969251366,0.16681808026308484,0.016114657437436647,0.01970865049354495,0.0013234483360784859,-0.0015627209786907813,-0.00012813031430899957,0.0,0.0,10.819163423758283,10.69296047514463,13.4259304111879,100.0,0.0,100.0,0.0,True,0.018832278698361207,1.3624785743445096,True,0.10736907294837594,False,1.138723427883972,0.058615756304936095,5.426843808936588,7.396076209424956,0.27926958410202746,-0.00354867800184816,0.14970757110605423,-0.0009958517195939598,0.022834739312428076,0.004449537154961613,0.00417312469986526,0.0056077153642470415,0.0,0.0,-1.2547556071696553,-0.660802323478793,11.963154554635974,100.0,0.0,100.0,0.0,1.0665920150905175,-0.01351565648851838,-1.2513249228902845,6.927578404733931,0.28563481062046436,0.002816548516588746,0.15160374530949391,0.0009003224838457224,0.012561010422000618,-0.005824191735465846,-0.008422541030180107,-0.006987950365798325,0.0,0.0,0.99588636732173,0.5974134276215626,12.235823663447725,100.0,0.0,100.0,0.0,1.0801076715790359,0.0,0.0,7.015363395331031,0.2828182621038756,0.0,0.1507034228256482,0.0,0.018385202157466463,0.0,-0.0014345906643817817,0.0,0.0,0.0,0.0,0.0,12.115170333716437,100.0,0.0,100.0,0.0,0.15396318204954076,0.023344142452276905,-5.763971901461773,-0.062257102695348676,9.823277056436552,10.095547047523068,-19.5845612909635,-0.21153434894879508,-8.5149579860207,-7.71162692363021
0.1,0.05,33,0.2,2.0,5,60,60,0,0.5755209861023742,-0.05244285995334397,-8.35125465944273,3.738042942741913,0.3530624582027123,-0.02870092663146434,0.13818358896040112,-0.009231793899604462,0.014770636716615628,0.010939276219590332,0.01690808316376216,0.01123761662664048,0.0,0.0,-7.5179883067966085,-6.26243592798692,15.124241934544735,100.0,0.0,100.0,0.0,False,0.018640827738822197,1.287730901889498,False,-0.7774463418158603,False,0.5825619312969683,-0.045401914758749884,-7.230020493046263,3.7837742994264514,0.4231671456973189,0.041403760863142236,0.16292047812270383,0.015505095262698249,0.003880274312205725,4.891381518042819e-05,0.006319661143643311,0.0006491946065216294,0.0,0.0,10.84539861808027,10.517962889546473,18.12733736364107,100.0,0.0,100.0,0.0,True,0.018337721023221048,1.2505315559394885,True,0.021577448192947882,False,0.6046547360509996,-0.02330911000471858,-3.711855411919751,3.927268376776207,0.3771520252474592,-0.004611359586717434,0.14702589757966986,-0.00038948528033572183,0.009247062718134786,0.00541570222110949,0.011275661719586803,0.0056051951824651215,0.0,0.0,-1.2079103889757303,-0.2642093876360274,16.156173910370956,100.0,0.0,100.0,0.0,0.7795945567607456,0.15163071070502743,24.146407736278096,5.063512889139271,0.38565369533265104,0.003890310498474381,0.14761140349504165,0.00019602063503607048,-0.003141877793130846,-0.0069732382901561436,-0.0013582470393371075,-0.0070287135764587885,0.0,0.0,1.0190370928747416,0.1329716283559268,16.520362490121617,100.0,0.0,100.0,0.0,0.6279638460557182,0.0,0.0,4.078662428876393,0.38176338483417666,0.0,0.14741538286000558,0.0,0.003831360497025297,0.0,0.005670466537121681,0.0,0.0,0.0,0.0,0.0,16.353712097783262,100.0,0.0,100.0,0.0,0.15396318204954076,0.023344142452276905,-31.37642822932436,-0.1970326254637773,9.82636152520553,10.384991261190546,-32.49766239572082,-0.2040735706583714,-8.53702539967135,-6.395407556342847
0.1,0.2,11,0.0,0.0,5,60,0,0,0.020721696497891844,-5.292821072001158e-05,-0.2547733663658902,0.13458864789650973,0.013653984297814644,0.0009191425981731529,0.05985535647855595,0.02352100637225274,0.009574745524781063,0.0013567716720307241,0.007856121007933871,0.0013573267937547519,0.0,0.0,7.217542391587228,64.73490320712345,0.5051193984721473,0.0,0.0,0.0,0.0,True,0.005773407387718209,0.5968286249769642,True,0.9954893085334834,False,0.020621242591413277,-0.00015338211719857775,-0.738314743827817,0.13393619381533697,0.012686524685481045,-4.831701416044623e-05,0.05294223264913348,0.01660788254283027,0.008286812821160772,6.883896841043333e-05,0.0065710381315400215,7.224391736090213e-05,0.0,0.0,-0.379408046837415,45.70848933375904,0.469328920999117,0.0,0.0,0.0,0.0,True,0.0032777606248631163,0.0934258332889933,True,0.9685896089205165,False,0.021170633520887817,0.00039600881227596155,1.9062140367416713,0.13750452049033232,0.012673535598987196,-6.130610065429448e-05,0.015853967518749096,-0.020480382587554115,0.007974740575595074,-0.0002432332771552647,0.0061658362765648865,-0.0003329579376142328,0.0,0.0,-0.48140449720721623,-56.36644807911734,0.4688483990200837,0.0,0.0,0.0,0.0,0.020908356636567815,0.00013373192795596012,0.6437272866860688,0.13580101656927404,0.013155820856998044,0.0004209791573565533,0.05353808640574319,0.017203736299439977,0.008806010558459958,0.0005880367057096193,0.007084718871596046,0.0005859246574169263,0.0,0.0,3.3057274466820052,47.34840790906429,0.4866901977291546,0.0,0.0,0.0,0.0,0.020774624708611855,0.0,0.0,0.13493241976466314,0.01273484169964149,0.0,0.03633435010630321,0.0,0.008217973852750339,0.0,0.006498794214179119,0.0,0.0,0.0,0.0,0.0,0.47111637443368704,0.0,0.0,0.0,0.0,0.15396318204954057,0.027031201611172208,-1.3820420305138859,-0.00028711404515453787,-3.6851354935194203,-1.639918575305252,-0.898500653051959,-0.0001866601386759717,3.911814944905223,17.38649529805916
0.1,0.2,11,0.025,0.25,5,60,0,0,0.023582448889180017,-0.0016601598127440713,-6.576815543702219,0.15316940436832435,0.01055041630340154,-0.00019002550620083117,0.013370101824039759,0.00038661753787025584,0.004203297467316269,-2.4558907005299904e-06,0.0025434051335698946,-7.880722212634788e-06,0.0,0.0,-1.7692522297447888,2.977764129788296,0.39030511684841157,0.0,0.0,0.0,0.0,True,0.0011537136279888593,0.09314986805082218,True,0.8723355606776301,False,0.023454396518216892,-0.0017882121837071961,-7.084102141831683,0.15233769662327448,0.010469990709963189,-0.000270451099639182,0.013368385508719787,0.00038490122255028375,0.00429308742796628,8.733406994948078e-05,0.0026513128756545505,0.00010002701987202106,0.0,0.0,-2.518063078163024,2.9645449100307752,0.38732982945293337,0.0,0.0,0.0,0.0,True,0.0012107762717549553,0.14721702994460656,True,0.9404283442618182,False,0.027030627287468793,0.0017880185855447053,7.083335191930518,0.17556552759978147,0.010956843070680872,0.00021640126107850058,0.012746293131469067,-0.00023719115470043593,0.004138167939546859,-6.758541846994034e-05,0.0024744881473023573,-7.679770848017207e-05,0.0,0.0,2.0148264374471925,-1.8268682695068317,0.4053405848651701,0.0,0.0,0.0,0.0,0.023576987338129164,-0.0016656213637949238,-6.598451782315051,0.15313393127028788,0.010531819990303878,-0.00020862181929849274,0.013276233144328834,0.0002927488581593307,0.0042591761398374705,5.342278182067159e-05,0.002611353733000743,6.006787721821345e-05,0.0,0.0,-1.9423951360359903,2.2547788537101487,0.38961715952542025,0.0,0.0,0.0,0.0,0.025242608701924088,0.0,0.0,0.16395224082730248,0.010740441809602371,0.0,0.012983484286169503,0.0,0.004205753358016799,0.0,0.0025512858557825294,0.0,0.0,0.0,0.0,0.0,0.397334974748709,0.0,0.0,0.0,0.0,0.15396318204954057,0.027031201611172208,-0.48565035951663216,-0.0001225908199122723,-0.5756679421270339,0.7097660563206265,0.021636238612831704,5.4615510508525256e-06,0.17314290629120155,0.7229852760781474
0.1,0.2,11,0.05,0.5,5,60,0,0,0.038693283929444114,-0.0033769180007689886,-8.026864255062737,0.25131517427974315,0.010499879182335085,-0.00032250120461273235,0.01563028025142492,-0.00014766664228401186,0.0007415056030566714,4.6853476186216455e-06,-0.0007223566864086605,-3.053645693694082e-07,0.0,0.0,-2.9799470456765675,-0.9359053068108025,0.3884355321442833,0.0,0.0,0.0,0.0,True,0.0013745445058611554,0.0005597757107062216,True,0.7966489452659584,True,0.03951100563291069,-0.0025591962973024115,-6.083156675947643,0.2566263252483134,0.010447478118710716,-0.0003749022682371008,0.016340655074253786,0.0005627081805448554,0.000740425418821941,3.605163383891218e-06,-0.0007138500325692178,8.201289270073388e-06,0.0,0.0,-3.4641387091627895,3.5664220721215667,0.38649699221630945,0.0,0.0,0.0,0.0,True,0.0014730291361501246,0.07104903765644575,True,0.9579140807900401,False,0.04523176668929932,0.003161564759086216,7.514974052966705,0.29378300764623805,0.011172731026674093,0.00035035063972627643,0.01548217668150037,-0.0002957702122085605,0.0007353482880227884,-1.4719674152613568e-06,-0.0007278339129399361,-5.7825911006449595e-06,0.0,0.0,3.237278927552878,-1.8745798436328398,0.4133272056265644,0.0,0.0,0.0,0.0,0.03909912728193414,-0.0029710746482789624,-7.062182998806232,0.2539511509274552,0.010486328998534303,-0.00033605138841351356,0.01611224110994655,0.00033429421623762043,0.0007319480390810156,-4.872216357034126e-06,-0.0007296618536287672,-7.6105317894760785e-06,0.0,0.0,-3.1051522529997544,2.118743449256466,0.3879342527710726,0.0,0.0,0.0,0.0,0.0420702019302131,0.0,0.0,0.2732484570023775,0.010822380386947817,0.0,0.01577794689370893,0.0,0.0007368202554380497,0.0,-0.0007220513218392911,0.0,0.0,0.0,0.0,0.0,0.40036623390337345,0.0,0.0,0.0,0.0,0.15396318204954057,0.027031201611172208,0.9790263228585889,0.00041187835097655084,-0.35898645616303515,1.4476786228651006,-0.9646812562565046,-0.00040584335249002623,0.12520520732318685,-3.0546487560672686
0.1,0.2,11,0.075,0.7499999999999999,5,60,0,0,0.5250026427224815,-0.8096317431558161,-60.6631862420518,3.40992330590798,0.03874373150719984,0.009201161353023235,0.08738476199719816,0.020662295906515443,0.003032692999507931,0.0009903331478218272,0.004597710997136589,0.0022714161863149752,0.0,0.0,31.145432861813525,30.96752430947809,1.4332966793154602,0.0,0.0,0.0,0.0,True,0.008716918858045278,0.5365188142642225,True,0.9729003606970847,False,0.7174108258331835,-0.6172235600451141,-46.2466400218612,4.659625868230906,0.033819359480244934,0.004276789326068328,0.07983092213496201,0.013108456044279293,0.001626560836150264,-0.00041579901553583966,0.0019154183545460305,-0.0004108764562755834,0.0,0.0,14.476700245607077,19.646240332999,1.2511230527860489,0.0,0.0,0.0,0.0,True,0.0061166589680800385,0.07817472411352654,True,0.917729658868572,False,0.8563560013592268,-0.4782783845190708,-35.83591053697638,5.56208302504217,0.026737903606912108,-0.0028046665472644984,0.056280186191330614,-0.010442279899352105,0.002076142329782058,3.3782478095954315e-05,0.0017776918753523534,-0.0005486029354692605,0.0,0.0,-9.49364436684933,-15.650320665845852,0.9891496497832757,0.0,0.0,0.0,0.0,0.5749766038365336,-0.759657782041764,-56.91879289786526,3.734507147634322,0.032453850414904006,0.0029112802607274,0.07677422096526364,0.010051754874580918,0.0025405109530614164,0.0004981511013753127,0.002478873432037818,0.00015257862121620435,0.0,0.0,9.854526012916365,15.06502301776369,1.2006070200553192,0.0,0.0,0.0,0.0,1.3346343858782976,0.0,0.0,8.668529502390083,0.029542570154176606,0.0,0.06672246609068272,0.0,0.0020423598516861037,0.0,0.002326294810821614,0.0,0.0,0.0,0.0,0.0,1.0929062858221748,0.0,0.0,0.0,0.0,0.15396318204954057,0.027031201611172208,10.672152876004063,0.1424342219966499,4.622174232690712,4.58121731523531,-3.744393344186541,-0.04997396111405206,21.29090684889716,15.902501291714401
0.1,0.2,11,0.1,1.0,5,60,31,0,0.4872282477638401,-0.28090531262449203,-36.569852836852945,3.1645763699990637,0.11305997269218021,0.01492974044316843,0.12092671706026448,0.014293906851685384,0.0012046197276636911,0.005274002465500808,0.0016344631531185591,0.006560592481205522,0.0,0.0,15.214210851232114,13.40479241213448,4.182572951009756,100.0,0.0,100.0,0.0,True,0.017504572247738905,1.8040343564328798,True,0.8733022163110654,False,0.614200738339588,-0.15393282204874414,-20.039851138768494,3.9892702278779693,0.10184893324714295,0.0037187009981311664,0.11657734634921557,0.009944536140636479,-0.00567192308130116,-0.0016025403434640432,-0.004328319371802104,0.000597809956284859,0.0,0.0,3.789556911161407,9.325962732468994,3.767828552802772,75.0,0.0,62.5,0.0,True,0.00957822037520492,0.5343224973137674,True,0.6882793890214437,False,0.9732025976337346,0.20506903724540249,26.697054759816673,6.321008598799863,0.09724640745500462,-0.000883824794007157,0.10231351396930197,-0.004319296239277126,-0.004278722888880612,-0.00020934015104349512,-0.007566688374227391,-0.002640559046140428,0.0,0.0,-0.9006651403457355,-4.050625910381966,3.5975613978925716,25.0,0.0,25.0,0.0,0.582788280930434,-0.18534527945789814,-24.129303680494875,3.7852444537221297,0.09794568141735183,-0.00018455083165995478,0.11105673714765632,0.004423926939077227,-0.002875176725559338,0.0011942060122777788,-0.0016336901606543888,0.0032924391674325738,0.0,0.0,-0.18806725249731482,4.148748335923824,3.6234305387619212,50.0,0.0,37.5,0.0,0.7681335603883321,0.0,0.0,4.9890730378719415,0.09813023224901178,0.0,0.10663281020857909,0.0,-0.004069382737837117,0.0,-0.0049261293280869626,0.0,0.0,0.0,0.0,0.0,3.6302578649871706,25.0,0.0,25.0,0.0,0.15396318204954057,0.027031201611172208,4.089452541726381,0.03141245740915399,3.9776241636587217,5.17721439654517,-12.44054915635807,-0.0955600331665939,15.40227810372943,9.256044076210657
0.1,0.2,11,0.15,1.4999999999999998,5,60,60,0,0.7571012936441459,-0.10032165739271903,-11.700369959936573,4.91741781097077,0.21899133465543102,0.023296611965153452,0.11839650552322233,0.01225512140964484,0.00660352741283313,0.010641144349653362,0.007371992432161823,0.010275737016732152,0.0,0.0,11.904568321969823,11.54603504749019,8.101428038808315,100.0,0.0,100.0,0.0,True,0.020412891025863765,2.6956289925550716,True,0.7518003717275727,False,0.7433758956595343,-0.11404705537733062,-13.301143296831007,4.828270536915372,0.20565858829999584,0.009963865609718264,0.11414048992556843,0.00799910581199094,-0.0048854153351452585,-0.0008477983983250269,-0.00291430332086359,-1.0558736293260658e-05,0.0,0.0,5.091535158813598,7.536274261725695,7.608192608611063,100.0,0.0,100.0,0.0,True,0.00958623593222294,0.7355293473966509,True,0.3262917874997723,False,1.0184175654133827,0.16099461437651774,18.776569274455525,6.61468249653146,0.19326327536982668,-0.0024314473204508913,0.10410033824376294,-0.002041045869814545,-0.007709293961486821,-0.003671677024666589,-0.005968910579801709,-0.00306516599523138,0.0,0.0,-1.2424695398143615,-1.9229501168276708,7.14963685853867,100.0,0.0,100.0,0.0,0.7335648166223951,-0.1238581344144698,-14.445395270174489,4.764546996608298,0.19745671371988668,0.0017619910296091112,0.10812856649564057,0.0019871823820630796,0.0004510839904639989,0.00448870092728423,0.001126036411506526,0.004029780996076856,0.0,0.0,0.9003773864652453,1.8722031926177607,7.3047701156679725,100.0,0.0,100.0,0.0,0.8574229510368649,0.0,0.0,5.569012926486365,0.19569472269027757,0.0,0.10614138411357749,0.0,-0.004037616936820232,0.0,-0.0029037445845703294,0.0,0.0,0.0,0.0,0.0,7.239586515806068,100.0,0.0,100.0,0.0,0.15396318204954057,0.027031201611172208,1.144251973343481,0.009811079037139181,4.191157772348353,5.664071069107934,2.7450253102379154,0.023536477021750768,11.004190935504578,9.673831854872429
0.1,0.2,11,0.2,2.0,5,60,60,0,0.9088286254269521,0.02618799142647288,2.9670049641583374,5.902895830865066,0.28739901173645965,0.028644596531235134,0.11175570576531307,0.011186417308261448,0.009441897561069605,0.010859010762337199,0.005737645474532901,0.010691801636129279,0.0,0.0,11.070186573827701,11.12309481342173,10.632121200918993,100.0,0.0,100.0,0.0,True,0.020334693443953344,2.6978459757745057,True,0.7244221352637413,False,0.8314609862415334,-0.05117964775894579,-5.798469477547075,5.40038842516255,0.27476364198381287,0.016009226778588348,0.10667417829431383,0.006104889837262206,-0.0008943818205890425,0.0005227313806785519,-0.005448079891844341,-0.0004939237302479639,0.0,0.0,6.187035210931979,6.070332137100998,10.16468472012916,100.0,0.0,100.0,0.0,True,0.008943436241987814,0.6263559521161369,True,0.21799669426363452,False,0.8830407160393594,0.00040008203888020066,0.04532785184236943,5.735401829738906,0.2548279206481365,-0.003926494557088045,0.09966061921547374,-0.0009086692415778835,-0.00544589245502755,-0.0040287792537599555,-0.008512538624849032,-0.0035583824632526547,0.0,0.0,-1.5174599258427568,-0.9035255747741888,9.427176945874804,100.0,0.0,100.0,0.0,0.8599886728752639,-0.02265196112521528,-2.5663854860780155,5.585677442016925,0.2622660262118811,0.0035116110066565898,0.10133997945287293,0.0007706909958213048,0.0034932806448363762,0.004910393846103971,-0.0005243368939979978,0.004429819267598379,0.0,0.0,1.3571211930321736,0.7663283768289064,9.702344349482582,100.0,0.0,100.0,0.0,0.8826406340004792,0.0,0.0,5.732803273164833,0.2587544152052245,0.0,0.10056928845705163,0.0,-0.0014171132012675944,0.0,-0.004954156161596377,0.0,0.0,0.0,0.0,0.0,9.572434808013835,100.0,0.0,100.0,0.0,0.15396318204954057,0.027031201611172208,-3.232083991469059,-0.02852768663373051,4.829914017899806,5.304003760272091,5.533390450236353,0.04883995255168816,9.713065380795527,10.356766436592824
0.1,0.2,22,0.0,0.0,5,60,0,0,0.021199003867520657,-0.0009696777384046763,-4.374088435396617,0.13768878757454803,0.010432363037648948,-0.0005814797319207993,0.015287419887190661,0.002889359654154759,-0.0022890612580285497,0.0010506519128382166,-0.004052257409285949,0.0010102360459998778,0.0,0.0,-5.279535436327231,23.304933189917598,0.3859378205864578,0.0,0.0,0.0,0.0,True,0.0030822122348730056,2.273020780158488,True,0.7091789232894232,False,0.020632553528740712,-0.001536128077184621,-6.929271232683676,0.13400965902420617,0.01076415037818558,-0.0002496923913841674,0.013570462850762539,0.0011724026177266367,-0.0035051843493409526,-0.00016547117847418632,-0.005214813234160344,-0.00015231977887451755,0.0,0.0,-2.267077863813749,9.456339102165746,0.3982120563126085,0.0,0.0,0.0,0.0,True,0.0010031783405569585,0.06528146170411858,True,0.5223197458510691,False,0.023486644588763535,0.001317962982838202,5.945157255025624,0.15254714975432415,0.011342731197510676,0.0003288884279409286,0.012185170886094103,-0.00021288934694179903,-0.0035518140206295176,-0.00021210084976275127,-0.0052895144307141505,-0.0002270209754283237,0.0,0.0,2.986136944406148,-1.71711818575081,0.41961624054561586,0.0,0.0,0.0,0.0,0.02086162690397233,-0.0013070547019530046,-5.895951438102887,0.13549750418421272,0.010687025397664706,-0.00032681737190504156,0.012716198916787751,0.00031813868375184934,-0.0031448136440992112,0.00019489952676755504,-0.004854582723247453,0.00020791073203837388,0.0,0.0,-2.967332825996105,2.5660359586263004,0.3953588727349684,0.0,0.0,0.0,0.0,0.022168681605925333,0.0,0.0,0.14398690200357211,0.011013842769569748,0.0,0.012398060233035902,0.0,-0.0033397131708667663,0.0,-0.005062493455285827,0.0,0.0,0.0,0.0,0.0,0.40744924802076277,0.0,0.0,0.0,0.0,0.15396318204954057,0.027031201611172208,-1.0333197945807893,-0.0002290733752316164,0.7002549621823562,6.8903031435394455,1.5218630027062696,0.0003373769635483283,-2.312202610331126,20.738897231291297
0.1,0.2,22,0.025,0.25,5,60,0,0,0.02630513120616855,-0.0010103756527183073,-3.698908674614587,0.17085338751770132,0.0101895546149021,-0.00032496639525397657,0.012824333057809827,0.00014812022652529837,-0.0007166055946910683,0.0005286294100027203,-0.0023777531385088414,0.0005336704816381668,0.0,0.0,-3.090643833799833,1.168489583574539,0.3769552963820401,0.0,0.0,0.0,0.0,True,0.001857345991792474,0.8057321193023861,True,0.5983940618517202,False,0.025552244735577757,-0.0017632621233091006,-6.45516897203553,0.16596334523247147,0.010206669961004087,-0.0003078510491519894,0.012990762974851465,0.00031455014356693636,-0.0013244180667964435,-7.918306210265486e-05,-0.002974085404413441,-6.266178426643293e-05,0.0,0.0,-2.9278656522216617,2.4814204980105448,0.3775884663886192,0.0,0.0,0.0,0.0,True,0.0010392633685755012,0.010383231419414203,True,0.8494130709857091,True,0.02892819721885667,0.0016126903599698143,5.903937160313544,0.18789035686173644,0.010835821575066398,0.0003213005649103217,0.012425183213692582,-0.00025102961759194617,-0.001360696900886494,-0.00011546189619270541,-0.0030485779337982325,-0.00013715431365122436,0.0,0.0,3.055779379773682,-1.980320312802042,0.4008634810591575,0.0,0.0,0.0,0.0,0.02570038218152642,-0.0016151246773604376,-5.912849011750887,0.16692550673093282,0.010188975091041084,-0.00032554591911499245,0.012952581726218335,0.0002763688949338067,-0.0011377702246751099,0.00010746478001867881,-0.002783336078765436,0.0001280875413815722,0.0,0.0,-3.0961554863083607,2.1802165884414304,0.3769338573106532,0.0,0.0,0.0,0.0,0.027315506858886857,0.0,0.0,0.17741583731425853,0.010514521010156076,0.0,0.012676212831284528,0.0,-0.0012452350046937887,0.0,-0.002911423620147008,0.0,0.0,0.0,0.0,0.0,0.3889771961084535,0.0,0.0,0.0,0.0,0.15396318204954057,0.027031201611172208,-0.5423199602846429,-0.000148137445948663,0.16828983408669895,0.30120390956911436,2.2139403371363,0.0006047490246421303,0.005511652508527476,-1.0117270048668914
0.1,0.2,22,0.05,0.5,5,60,0,0,0.04159548537713649,-0.0009444234235249233,-2.2200880306312287,0.27016514483152443,0.010766265957760592,-0.0001848286882992073,0.015461126135863316,-7.46934789358257e-05,0.0007887083156924691,-4.5101881230763356e-05,-0.0006818025406737571,-4.089678354953375e-05,0.0,0.0,-1.6877645045804468,-0.4807823519312415,0.3982903206682018,0.0,0.0,0.0,0.0,True,0.0012921287927699858,0.01861762224333485,False,0.16956035591326307,False,0.040305328839256555,-0.002234579961404859,-5.252902567036333,0.26178550159016295,0.010604837246933417,-0.0003462573991263821,0.01606352099783303,0.0005277013830338878,0.0008248748687122448,-8.935328210987639e-06,-0.0006391340999553585,1.7716571688648113e-06,0.0,0.0,-3.1618519455583916,3.396675528668025,0.3923183807911208,0.0,0.0,0.0,0.0,True,0.0012895047141862476,0.020610631372408345,True,0.9848058047282828,True,0.044208880053451735,0.0016689712527903217,3.9233070776220735,0.28713929827214596,0.01127922320299813,0.00032812855693833097,0.014957467044523434,-0.0005783525702757076,0.0008482821129429662,1.4471916019733757e-05,-0.000656825033552943,-1.591927642871963e-05,0.0,0.0,2.996308291942218,-3.7227039487815583,0.4172668076411497,0.0,0.0,0.0,0.0,0.040904405999365796,-0.0016355028012956171,-3.844631658613684,0.26567654328035406,0.010616765538104287,-0.0003343291079555121,0.016204365945257364,0.0006685463304582223,0.0008184978036884316,-1.5312393234800806e-05,-0.0006389960286691215,1.9097284551018202e-06,0.0,0.0,-3.0529286684213175,4.303257549549411,0.39275965940471896,0.0,0.0,0.0,0.0,0.04253990880066141,0.0,0.0,0.27629923098740183,0.0109510946460598,0.0,0.015535819614799141,0.0,0.0008338101969232324,0.0,-0.0006409057571242233,0.0,0.0,0.0,0.0,0.0,0.4051279260013963,0.0,0.0,0.0,0.0,0.15396318204954057,0.027031201611172208,-1.408270908422649,-0.0005990771601092418,-0.10892327713707406,-0.9065820208813857,1.6245436279824554,0.0006910793777706939,1.3651641638408707,-4.784039901480652
0.1,0.2,22,0.075,0.7499999999999999,5,60,0,0,1.389038310148241,0.6208268478771612,80.81457754376609,9.021886217584745,0.031626029009341215,0.002609150739037544,0.07374670635238234,0.011290608887801326,-0.00039124970878311063,0.0023742050445285713,-0.0012029404537418924,0.002533564540901338,0.0,0.0,8.991838180290369,18.077672711146022,1.1699823583229068,0.0,0.0,0.0,0.0,True,0.007147588477952589,0.9834647793388782,True,0.43041335839237027,False,0.9390383818735522,0.17082691960247232,22.236965730432235,6.099109990928862,0.04156311284665038,0.01254623457634671,0.09128869882842339,0.028832601363842372,-0.0038566708631244586,-0.0010912161098127768,-0.004559900428230566,-0.0008233954335873355,0.0,0.0,43.23771309743793,46.16459006295326,1.537597678583109,0.0,0.0,0.0,0.0,True,0.005410371394880763,0.5013848570031978,True,0.96006843952883,False,0.4004257658974355,-0.36778569637364433,-47.87558041458424,2.6007891014397906,0.023233876948208165,-0.005783001322095506,0.04905658395314156,-0.013399513511439455,-0.00255162759441667,0.00021382715889501193,-0.0029480041745826623,0.0007885008200605682,0.0,0.0,-19.92978454892551,-21.454291983322115,0.8595206858508806,0.0,0.0,0.0,0.0,1.2604013407515295,0.4921898784804497,64.06958274553445,8.186381471032286,0.04010726013343454,0.011090381863130869,0.08600065250568345,0.023544555041102436,-0.0036134531254322375,-0.0008479983721205557,-0.0045271605731471865,-0.000790655578503956,0.0,0.0,38.22045142078891,37.69776850763786,1.4837394471157321,0.0,0.0,0.0,0.0,0.7682114622710798,0.0,0.0,4.9895790152212705,0.02901687827030367,0.0,0.062456097464581015,0.0,-0.002765454753311682,0.0,-0.0037365049946432305,0.0,0.0,0.0,0.0,0.0,1.07345868998701,0.0,0.0,0.0,0.0,0.15396318204954057,0.027031201611172208,-41.832617015102215,-0.3213629588779774,5.017261676649021,8.466821555315398,16.744994798231644,0.12863696939671154,-29.228613240498543,-19.62009579649184
0.1,0.2,22,0.1,1.0,5,60,60,0,6.087330104756292,-0.0904985860847427,-1.4648930977790298,39.537570110739715,0.14376233039241226,0.008555150816471346,0.15405270157890968,0.01189743526384493,0.0015054934373352337,0.008246459415958883,0.007111113606675035,0.00933641508659577,0.0,0.0,6.327438264227858,8.36932431154267,5.318384748867182,100.0,0.0,100.0,0.0,True,0.016527231100885345,3.899928937876843,True,0.47389102221328344,False,4.655075701851371,-1.522752988989664,-24.64867618047143,30.23499280726422,0.15112525074456556,0.015918071168624648,0.15572550066228302,0.013570234347218268,-0.006947524438254242,-0.00020655845963059218,-0.0012574077932784875,0.0009678936866422475,0.0,0.0,11.773096087463353,9.546065157475049,5.590770729263634,100.0,0.0,100.0,0.0,True,0.011522131066998544,2.4160364247687913,True,0.533916923996541,False,10.847589314402503,4.669760623561468,75.58902742778608,70.45573604027024,0.12516442501679154,-0.01004275455914938,0.13674283852247107,-0.0054124277925936826,-0.00618108462566531,0.0005598813529583396,-0.002891073681329682,-0.000665772201408947,0.0,0.0,-7.427678464004006,-3.807405756321325,4.630368520689813,100.0,0.0,100.0,0.0,3.3313420301227064,-2.8464866607183286,-46.07584319938167,21.63726408987042,0.14446698787920675,0.009259808303265837,0.14629649090878213,0.00414122459371738,-0.006095415545958038,0.0006455504326656116,-0.0019958200132026665,0.0002294814667180684,0.0,0.0,6.848606954385095,2.913170015480815,5.344453049378959,100.0,0.0,100.0,0.0,6.177828690841035,0.0,0.0,40.125363795437806,0.13520717957594092,0.0,0.14215526631506475,0.0,-0.00674096597862365,0.0,-0.002225301479920735,0.0,0.0,0.0,0.0,0.0,5.001893053842591,100.0,0.0,100.0,0.0,0.15396318204954057,0.027031201611172208,21.427167018910243,1.3237336717286645,4.924489133078258,6.632895141994234,44.61095010160264,2.755988074633586,-0.5211686901572365,5.456154296061855
0.1,0.2,22,0.15,1.4999999999999998,5,60,60,0,1.6779785800162037,0.10274333292188942,6.522412008708556,10.898570409361131,0.3198740716688354,0.017382706134801307,0.1586342916310264,0.012035900208171968,0.037659231124592435,0.015406503581452402,0.012802687925009494,0.012478558003314894,0.0,0.0,5.746513162156863,8.210117513128168,11.833512851926972,100.0,0.0,100.0,0.0,True,0.02008354188421938,8.1220817883854,False,-0.33389859150351453,False,1.5832502577792544,0.00801501068494015,0.5088135692573381,10.283304337460457,0.32433789388406614,0.021846528350032035,0.1556838982088272,0.009085506785972752,0.02498893533520438,0.0027362077920643456,0.001601004403208696,0.0012768744815140967,0.0,0.0,7.222198991188744,6.1975487573844745,11.998648767060905,100.0,0.0,100.0,0.0,True,0.011711726377070717,4.319546049732166,False,-0.5266624062504618,False,1.7679272466629001,0.19269199956858585,12.232585572474107,11.482792334689705,0.3004858472680214,-0.0020055182660126958,0.14737653807358983,0.0007781466507353896,0.021787914323950237,-0.0004648132191897962,-0.001052111776461205,-0.0013762416981558043,0.0,0.0,-0.6630001694336141,0.5308016296651452,11.116259335797645,100.0,0.0,100.0,0.0,1.4154861772221192,-0.15974906987219506,-10.14128335224017,9.193666683029841,0.3038431240593068,0.001351758525272695,0.1455872783760789,-0.0010111130467755358,0.02264748113258378,0.00039475358944374844,0.0017304889441604934,0.001406359022465894,0.0,0.0,0.44687507786751457,-0.6897163311015087,11.24045939318236,100.0,0.0,100.0,0.0,1.5752352470943143,0.0,0.0,10.231246367637768,0.3024913655340341,0.0,0.14659839142285444,0.0,0.022252727543140033,0.0,0.0003241299216945994,0.0,0.0,0.0,0.0,0.0,11.190452051861877,100.0,0.0,100.0,0.0,0.15396318204954057,0.027031201611172208,10.650096921497509,0.1677640805571352,6.7753239133212295,6.887265088485983,16.663695360948726,0.2624924027940845,5.299638084289349,8.899833844229676
0.1,0.2,22,0.2,2.0,5,60,60,0,1.448191445230905,-0.0423829930162678,-2.8433999623734163,9.406089338715551,0.4080003158428945,0.025881540649675905,0.15348245537464836,0.012554575210235425,0.027229866543161854,0.013709634450532554,0.021283841854615564,0.015566386876661144,0.0,0.0,6.773166441923428,8.908510647849589,15.093680322160179,100.0,0.0,100.0,0.0,True,0.021605505899110887,8.971091335317201,False,-0.43769448368785985,False,1.3949554595313083,-0.09561897871586456,-6.41490798864811,9.060318453813554,0.40735204612123826,0.02523327092801969,0.14934934282517914,0.00842146266076621,0.015863721972916224,0.002343489880286924,0.007561744143192959,0.0018442891652385388,0.0,0.0,6.603515075976163,5.975725066566917,15.069698046751887,100.0,0.0,100.0,0.0,True,0.011311763913316628,4.220457769881093,False,-0.7600679947292964,False,1.6197616405377153,0.12918720229054248,8.666940675734324,10.52044793421148,0.3826481390903256,0.0005293638971070047,0.142045929004551,0.0011180488401380806,0.012503368171412127,-0.0010168639212171735,0.004889476869339734,-0.0008279781086146859,0.0,0.0,0.13853386210591623,0.793348228067936,14.155794647773781,100.0,0.0,100.0,0.0,1.3712503897256616,-0.11932404852151124,-8.005239152083487,8.90635261931931,0.3811515765084233,-0.0009671986847952785,0.13962728176044764,-0.0013005984039652918,0.014487473487161256,0.0009672413945319563,0.006526786177712221,0.0008093311997578014,0.0,0.0,-0.25311467208231075,-0.9228822589596564,14.100430383786207,100.0,0.0,100.0,0.0,1.4905744382471728,0.0,0.0,9.68136939237559,0.3821187751932186,0.0,0.14092788016441293,0.0,0.0135202320926293,0.0,0.00571745497795442,0.0,0.0,0.0,0.0,0.0,14.136211208431293,100.0,0.0,100.0,0.0,0.15396318204954057,0.027031201611172208,1.5903311634353763,0.023705069805646684,6.856629748058474,6.898607325526573,5.16183918971007,0.07694105550524344,7.026281114005739,9.831392906809246
0.1,0.2,33,0.0,0.0,6,60,0,0,0.02533724562246187,0.002368859859226174,10.313567020534297,0.16456691323974543,0.011277153961012115,0.0006226887159190113,0.010455965406077761,-0.0007107353981796582,0.0019260359330086265,0.0012795520585989664,0.00016726276887931102,0.0012474894163916768,0.0,0.0,5.844392014003619,-6.364775152824754,0.4171902575115706,0.0,0.0,0.0,0.0,False,0.0030735745100085926,1.1311547136173907,False,-0.5641993676182606,False,0.02084976551646353,-0.002118620246772167,-9.224071158554526,0.13542046376876468,0.01021318197847117,-0.0004412832666219335,0.029198910027382334,0.018032209223124915,0.0006575943225688428,1.1110448159182664e-05,-0.0010605185235666179,1.9708123945747988e-05,0.0,0.0,-4.141768324085204,161.48197698867287,0.37782937382443194,0.0,0.0,0.0,0.0,True,0.0014233883153633056,0.013051185934664247,True,0.9597358696519784,True,0.025320777833610326,0.002352392070374628,10.241869387878278,0.16445995397433968,0.011132240139778071,0.000477774894684967,0.010531424343493502,-0.0006352764607639172,0.000783931730753813,0.00013744785634415288,-0.00097080788496067,0.00010941876255169585,0.0,0.0,4.484269118105244,-5.6890255403074015,0.4118292741813234,0.0,0.0,0.0,0.0,0.02077634776997743,-0.002192037993258268,-9.543718116956,0.13494361115043885,0.010183662461156841,-0.00047080278393626246,0.013830886169434226,0.0026641853651768067,0.00048640602642224275,-0.00016007784798741738,-0.0012518145192895774,-0.00017158787177721157,0.0,0.0,-4.418830725953981,23.85830346740425,0.37673732036195734,0.0,0.0,0.0,0.0,0.022968385763235698,0.0,0.0,0.14918102794111637,0.010654465245093104,0.0,0.01116670080425742,0.0,0.0006464838744096601,0.0,-0.0010802266475123659,0.0,0.0,0.0,0.0,0.0,0.3941543331425389,0.0,0.0,0.0,0.0,0.15396318204954057,0.027031201611172208,0.3196469584014743,7.341774648610133e-05,0.2770624018687773,137.6236735212686,19.857285137490297,0.004560897852484442,10.2632227399576,-30.223078620229003
0.1,0.2,33,0.025,0.25,6,60,0,0,0.029751035480934225,0.002468367675823424,9.047383831580547,0.1932347401819824,0.011036738056629088,0.0005456451494155086,0.011784416042297442,-0.000502461127121958,0.0012786808384462056,0.0006738949330837915,-0.0004177595194564868,0.0006467018250473096,0.0,0.0,5.201032478135126,-4.089412795405211,0.40829624281546983,0.0,0.0,0.0,0.0,False,0.0020938237991309032,0.31543421498110735,False,-0.5918075951884315,False,0.024701869839911753,-0.0025807979651990484,-9.459478023317036,0.16044010984368626,0.009999700869807698,-0.0004913920374058807,0.012764077871425679,0.0004772007020062783,0.0005522228770946087,-5.256302826780535e-05,-0.0010936775296189194,-2.9216185115122978e-05,0.0,0.0,-4.683897490489331,3.8838241436479404,0.3699317926612165,0.0,0.0,0.0,0.0,True,0.0015817919636818287,0.00624719669682903,True,0.9748035858293445,True,0.030006063296077364,0.0027233954909665625,9.982145112863172,0.19489116096874604,0.01096961590958749,0.0004785230023739116,0.011873307227819095,-0.00041356994160030545,0.0006499590451219115,4.51731397594974e-05,-0.0010511372354669356,1.3324109036860808e-05,0.0,0.0,4.561231194939497,-3.3659483683098346,0.40581310691914124,0.0,0.0,0.0,0.0,0.024691646352804495,-0.002591021452306306,-9.496950484515798,0.16037370768850107,0.010020218091755132,-0.0004708748154584469,0.01274094340962006,0.0004540662402006592,0.0005708162906202503,-3.396961474216376e-05,-0.0010720625459038095,-7.601201400013078e-06,0.0,0.0,-4.488329477424391,3.695538206654958,0.3706908126353398,0.0,0.0,0.0,0.0,0.0272826678051108,0.0,0.0,0.17720254571207866,0.010491092907213579,0.0,0.0122868771694194,0.0,0.0006047859053624141,0.0,-0.0010644613445037964,0.0,0.0,0.0,0.0,0.0,0.3881104901706452,0.0,0.0,0.0,0.0,0.15396318204954057,0.027031201611172208,0.03747246119876202,1.0223487107257484e-05,-0.19556801306493998,0.18828593699298235,18.544334316096347,0.00505938912812973,9.689361955559516,-7.784951002060169
0.1,0.2,33,0.05,0.5,6,60,0,0,0.04479951882663158,0.002925803072187788,6.9872066986968795,0.2909755321386933,0.011448623265213785,0.0005310014499420469,0.014590561172397931,-0.0008721090613888014,0.0008448230875858587,5.755952322838379e-05,-0.0006781908344690724,6.122545379923521e-06,0.0,0.0,4.863709871313482,-5.640093516857125,0.4235336419703214,0.0,0.0,0.0,0.0,False,0.001898906161930503,0.07526676187347908,False,-0.9015328460013666,False,0.03848798501403587,-0.003385730740407919,-8.085575114142129,0.249981745646512,0.010394835557165923,-0.0005227862581058153,0.016236912921224995,0.0007742426874382622,0.0007586043250327161,-2.8659239324758793e-05,-0.0006987814947691107,-1.4468114920114777e-05,0.0,0.0,-4.78846278934606,5.007173248424457,0.3845495182452287,0.0,0.0,0.0,0.0,True,0.0020088346809233374,0.021733545030709733,True,0.9752529997241058,True,0.04544869814629641,0.003574982391852617,8.537533217298087,0.2951919903270928,0.011425241222321171,0.0005076194070494332,0.014797548348048264,-0.0006651218857384681,0.0008105851385760242,2.3321574218549313e-05,-0.0006955884455093968,-1.127506566040088e-05,0.0,0.0,4.649541957382763,-4.301468476545156,0.42266863999116594,0.0,0.0,0.0,0.0,0.03859647839003795,-0.003277237364405841,-7.826478508915347,0.2506864165591148,0.01042142625731613,-0.0004961955579556084,0.016294228330197155,0.0008315580964104227,0.0007896034206119659,2.3398562544909955e-06,-0.0006714259094263797,1.2887470422616172e-05,0.0,0.0,-4.54490516663183,5.377842790654785,0.38553322220825254,0.0,0.0,0.0,0.0,0.04187371575444379,0.0,0.0,0.2719722676358438,0.010917621815271738,0.0,0.015462670233786733,0.0,0.0007872635643574749,0.0,-0.0006843133798489959,0.0,0.0,0.0,0.0,0.0,0.40388962253011346,0.0,0.0,0.0,0.0,0.15396318204954057,0.027031201611172208,-0.259096605226782,-0.00010849337600207787,-0.24355762271422954,-0.37066954223032855,14.813685207612227,0.006203040436593629,9.408615037945312,-11.01793630751191
0.1,0.2,33,0.075,0.7499999999999999,6,60,0,0,0.2740192785279686,-0.4951535592508144,-64.37481082674717,1.7797714679591234,0.01914854952888291,-0.009811438654179112,0.04092442821307399,-0.028544280930463656,0.0006129840338582373,-0.0004008725793318617,-0.00040928838665712873,-6.192787363930487e-05,0.0,0.0,-33.8792909450066,-41.08940742152684,0.7083869153995975,0.0,0.0,0.0,0.0,False,0.006140274508085172,0.06558933156762439,False,-0.7016402098410324,False,0.8737990985116135,0.10462626073283054,13.602438306970143,5.675376975713922,0.04283320554519171,0.013873217362129688,0.10616259547200804,0.0366938863284704,0.001012208664690377,-1.6479484997219268e-06,-4.725408410498561e-05,0.00030010642891283826,0.0,0.0,47.904775631931315,52.8207401301394,1.5845838509631185,0.0,0.0,0.0,0.0,True,0.008768235716201405,0.3343268262290427,True,0.8806630481280806,False,0.27546404892541154,-0.49370878885337144,-64.1869765291119,1.789155337389531,0.01999975985246563,-0.008960228330596391,0.04259709940067438,-0.02687160974286326,0.0009156044031257638,-9.825221006433524e-05,0.00035391694819049814,0.000701277461208322,0.0,0.0,-30.940027578592055,-38.6816022266091,0.7398768334515907,0.0,0.0,0.0,0.0,0.7147255435037325,-0.05444729427505046,-7.078681357532501,4.642184800219029,0.0425256813411456,0.013565693158083578,0.0993088013911601,0.029840092247622463,-0.0009030211546227039,-0.001916877767812803,-0.0007895975746618096,-0.00044223706164398576,0.0,0.0,46.84288222886022,42.95472395487623,1.5732072126445686,0.0,0.0,0.0,0.0,0.769172837778783,0.0,0.0,4.995823206169427,0.028959988183062023,0.0,0.06946870914353764,0.0,0.001013856613190099,0.0,-0.00034736051301782387,0.0,0.0,0.0,0.0,0.0,1.0713540818360303,0.0,0.0,0.0,0.0,0.15396318204954057,0.027031201611172208,20.681119664502646,0.159073555007881,1.061893403071096,9.86601617526317,-57.29612946921466,-0.44070626497576393,-80.72217317386682,-84.04413137640307
0.1,0.2,33,0.1,1.0,6,60,58,0,15.815912108041209,14.675506279594805,1286.8670006349855,102.72528728947769,0.11356480911914824,-0.007731189605164959,0.13343732970053407,-0.00749003515469901,-0.0022778067841957832,-0.00031547241270308505,-0.002840309518387456,-0.004583899628369064,0.0,0.0,-6.373820807343156,-5.314819561405349,4.201249014110087,75.0,0.0,87.5,0.0,False,0.005319177119336006,0.19591871162653796,True,0.5739253672959698,False,0.9168565308629887,-0.2235492975834158,-19.602609177117326,5.955037552861,0.13741297563444502,0.016116976910131822,0.16112867929075958,0.020201314435526502,-0.0022481263518051636,-0.0002857919803124654,0.0017571224914233257,1.3532381441717749e-05,0.0,0.0,13.287311271300206,14.334557703734973,5.083494903817045,100.0,0.0,100.0,0.0,True,0.01771318483651919,1.6776398237935644,True,0.5526739562683911,False,1.3646147402519473,0.2242089118055428,19.660449483232355,8.863253682382693,0.11390236592952946,-0.007393632794783736,0.13435965796810023,-0.006567706887132846,0.0011226441788996777,0.003084978550392376,0.0036535413823389385,0.0019099512723573305,0.0,0.0,-6.095529013770939,-4.660348892409571,4.213736687253027,100.0,0.0,100.0,0.0,0.9636663803962485,-0.17673944805015596,-15.497943244549294,6.259070302185432,0.12831279118341687,0.0070167924591036795,0.1461894762871466,0.005262111431913519,-0.0058123056469622176,-0.0038499712754695194,-0.001306803197019425,-0.003050393307001033,0.0,0.0,5.784850722942436,3.7339174242837725,4.746840078703131,100.0,0.0,100.0,0.0,1.1404058284464045,0.0,0.0,7.407003500872419,0.1212959987243132,0.0,0.14092736485523308,0.0,-0.001962334371492698,0.0,0.001743590109981608,0.0,0.0,0.0,0.0,0.0,4.487258852532127,100.0,0.0,100.0,0.0,0.15396318204954057,0.027031201611172208,-4.104665932568032,-0.04680984953325984,7.50246054835777,10.6006402794512,1302.3649438795348,14.852245727644961,-12.158671530285591,-9.048736985689121
0.1,0.2,33,0.15,1.4999999999999998,6,60,60,0,3.6073717550490834,2.8977928794370538,408.3820670306223,23.430093526440256,0.2895389417398171,0.004963129041363978,0.1533961851779243,0.0044112674944163655,0.014245362828688036,-0.00473190106288118,-0.00853315840094777,-0.008914898568451944,0.0,0.0,1.7440445814075778,2.960881922146852,10.711286383219766,100.0,0.0,100.0,0.0,False,0.009021131301594086,0.3604413945146838,True,0.5573806826838763,False,0.6812061730260823,-0.02837270258594704,-3.998526951845194,4.424474500708172,0.31720260478581325,0.032626792087360135,0.165451863265748,0.016466945582240072,0.019963585136400622,0.000986321244831407,0.0011083001985631822,0.000726560031059008,0.0,0.0,11.465061551781508,11.05276013053964,11.734683842345762,100.0,0.0,100.0,0.0,True,0.01854326966093579,1.7964376964480666,True,0.14682605735350196,False,0.753051339345473,0.0434724637334436,6.126516054462239,4.8911131175709555,0.2807973259539145,-0.0037784867445386228,0.14809975159860556,-0.0008851660849023835,0.021633873897431936,0.0026566100058627203,0.005593465918029734,0.0052117257505255605,0.0,0.0,-1.3277610309567867,-0.5941313380343427,10.387896549810007,100.0,0.0,100.0,0.0,1.0514492821637669,0.3418704065517375,48.179338238735724,6.829225456157714,0.28590345076287466,0.0013276380644215435,0.14934752166507517,0.0003626039815672333,0.01534997441051678,-0.0036272894810524363,-0.006738694095248371,-0.007120434262752545,0.0,0.0,0.4665322930407889,0.24338301299566822,10.576793990715844,100.0,0.0,100.0,0.0,0.7095788756120294,0.0,0.0,4.60875688697905,0.2845758126984531,0.0,0.14898491768350794,0.0,0.018977263891569215,0.0,0.00038174016750417415,0.0,0.0,0.0,0.0,0.0,10.52767896861957,100.0,0.0,100.0,0.0,0.15396318204954057,0.027031201611172208,-52.17786519058092,-0.37024310913768455,10.998529258740719,10.809377117543972,360.20272879188656,2.5559224728853165,1.2775122883667889,2.7174989091511836
0.1,0.2,33,0.2,2.0,6,60,60,0,1.7176418412310586,0.723553607904689,72.78565258574375,11.15618564364547,0.3919722723994411,0.013077341799851427,0.15169864922494658,0.0057366761616859385,-0.002615548117990993,-0.006255059529811679,-0.00042400754006229676,-0.004241861025296375,0.0,0.0,3.4514427995003594,3.930253915654891,14.500734300965588,100.0,0.0,100.0,0.0,False,0.009560122517101087,0.4149563923193342,True,0.461554143396771,False,0.9817083537661326,-0.012379879560236895,-1.2453501756893304,6.376253989413192,0.4201462695653863,0.041251338965796636,0.16153807912099521,0.015576106057734573,0.003083166047935725,-0.0005563453638849614,0.004400660113484869,0.0005828066282507907,0.0,0.0,10.887276559894232,10.671345235230412,15.543011206417718,100.0,0.0,100.0,0.0,True,0.018255596624706216,1.7019395508295234,True,0.031811391012234645,False,0.9936221161572569,-0.0004661171691126009,-0.04688891322582878,6.453634582828641,0.3730135172205241,-0.005881413379065559,0.145118829244193,-0.0008431438190676377,0.008294267803504117,0.00465475639168343,0.00818007810644223,0.004362224621208152,0.0,0.0,-1.5522544389175108,-0.577646219335648,13.799368692006452,100.0,0.0,100.0,0.0,0.9861966193557742,-0.007891613970595346,-0.7938544795152436,6.405405540647028,0.3840382288501868,0.005143298250597117,0.14647668514025206,0.0005147120769914137,-0.002262951447115827,-0.005902462858936513,-0.00174861389682009,-0.005566467382054168,0.0,0.0,1.3574471008250155,0.35263436509476165,14.207220025744649,100.0,0.0,100.0,0.0,0.9940882333263695,0.0,0.0,6.456662041490561,0.3788949305995897,0.0,0.14596197306326064,0.0,0.0036395114118206863,0.0,0.003817853485234078,0.0,0.0,0.0,0.0,0.0,14.016947379911866,100.0,0.0,100.0,0.0,0.15396318204954057,0.027031201611172208,-0.4514956961740868,-0.004488265589641549,9.529829459069216,10.31871087013565,73.579507065259,0.7314452218752844,2.093995698675344,3.5776195505601294
0.1,1.0,11,0.0,0.0,4,60,0,0,0.020527593290289494,-0.0008070908238355205,-3.782998705385898,0.13332793604957016,0.012130942431333518,0.0004475633767581158,0.04349944640187652,0.016287920740613807,0.00998742068199625,0.0007816600322468909,0.00871465872128465,0.0007812389646933305,0.0,0.0,3.830769973887338,59.85669801601998,0.6247135012289041,0.0,0.0,0.0,0.0,True,0.003096246921203281,0.04961004382843143,True,0.9745721525157842,True,0.020877605144597168,-0.00045707896952784655,-2.1424220161067598,0.13560128380484746,0.011711818522803043,2.8439468227640582e-05,0.04056523420659213,0.013353708545329416,0.009380162903689414,0.00017440225394005533,0.008102407969969016,0.00016898821337769585,0.0,0.0,0.24341817632376195,49.07372233207505,0.6031296576133811,0.0,0.0,0.0,0.0,True,0.0019118944414368262,0.4131458760738435,True,0.9811024620945663,False,0.02201721143705168,0.0006825273229266668,3.1991442632834044,0.14300309427202668,0.011502109418157543,-0.0001812696364178589,0.010995922845157173,-0.01621560281610554,0.008810044065350027,-0.00039571658439933183,0.007481483550036129,-0.0004519362065551905,0.0,0.0,-1.551517207231845,-59.59093590694715,0.5923301579253534,0.0,0.0,0.0,0.0,0.021537998789587065,0.00020331467546205045,0.9529772007612847,0.13989057970143007,0.01210665167875984,0.00042327262418443735,0.0472216248518723,0.020010099190609584,0.009829175887913415,0.0006234152381640566,0.00854553362962001,0.0006121138730286902,0.0,0.0,3.6228613503614504,73.53538143984038,0.6234625876108004,0.0,0.0,0.0,0.0,0.021334684114125015,0.0,0.0,0.13857003882434799,0.011683379054575402,0.0,0.027211525661262715,0.0,0.009205760649749359,0.0,0.00793341975659132,0.0,0.0,0.0,0.0,0.0,0.601665095410556,0.0,0.0,0.0,0.0,0.15396318204954074,0.01941840925075279,-3.0953992168680444,-0.000660393644989897,-3.3794431740376885,-24.46165910776533,-4.735975906147183,-0.001010405499297571,0.20790862352588757,-13.678683423820395
0.1,1.0,11,0.025,0.25,4,60,0,0,0.024604384825708252,-0.00160284247376824,-6.116032251150272,0.1598069388939448,0.009076695094892449,-0.0001919608597949849,0.009498022949819836,0.00024966633056898793,0.004868221673073763,9.081860394467324e-05,0.003588853479297542,9.200948377110748e-05,0.0,0.0,-2.0710754691234845,2.69957507963412,0.46742732515747004,0.0,0.0,0.0,0.0,True,0.0008704257229922978,0.2419954675143912,True,0.9497958740801792,False,0.024750618047930474,-0.0014566092515460177,-5.558044103258164,0.16075673234635063,0.009128152930035478,-0.00014050302465195598,0.009446842901629298,0.00019848628237844994,0.0048633940354742755,8.59909663451855e-05,0.0035882454347951976,9.140143926876293e-05,0.0,0.0,-1.5158942713900059,2.1461789434599865,0.47007727626719004,0.0,0.0,0.0,0.0,True,0.0006780120705641124,0.03255625802762895,True,0.9604446808973961,True,0.02773497545312683,0.001527748153650338,5.829491751234794,0.18014031071534067,0.009382866715547632,0.00011421076086019777,0.009072182088864336,-0.00017617453038651192,0.0046549802443228636,-0.00012242282480622643,0.003372087868155714,-0.00012475612737072048,0.0,0.0,1.2322257015316085,-1.9049279524947949,0.4831944055965288,0.0,0.0,0.0,0.0,0.024754850816821272,-0.0014523764826552196,-5.541892952117955,0.16078422443137025,0.009154256968968003,-0.00011439898571943136,0.009444118941895844,0.00019576232264499616,0.004886622680896964,0.00010921961176787402,0.003607543529807464,0.00011069953428102927,0.0,0.0,-1.2342564691008584,2.1167254973441185,0.4714215696434104,0.0,0.0,0.0,0.0,0.026207227299476492,0.0,0.0,0.17021749583639934,0.009268655954687434,0.0,0.009248356619250848,0.0,0.00477740306912909,0.0,0.0034968439955264346,0.0,0.0,0.0,0.0,0.0,0.4773128341770898,0.0,0.0,0.0,0.0,0.15396318204954074,0.01941840925075279,-0.016151151140208597,-4.2327688907981e-06,-0.2816378022891475,0.029453446115867976,-0.5741392990323169,-0.00015046599111302045,-0.8368190000226261,0.5828495822900015
0.1,1.0,11,0.05,0.5,4,60,0,0,0.04119704046530798,-0.001772765729296459,-4.125607924010277,0.2675772214947597,0.00875095236932869,-0.00022000667525152832,0.009682399388561498,0.00014187983983470452,0.0007678610844089116,-8.66891473362075e-06,-0.00043686713005445144,-4.714077714500697e-06,0.0,0.0,-2.4524320550147305,1.4871290720602115,0.4506523812700797,0.0,0.0,0.0,0.0,True,0.0007670971694559411,0.0633860048708237,True,0.879259792177183,False,0.040912553304532404,-0.0020572528900720324,-4.787670860685322,0.26572946051068214,0.008778431984855058,-0.0001925270597251602,0.00978620493197129,0.00024568538324449586,0.0007765692532196336,3.9254077101227164e-08,-0.0004290447321720406,3.1083201679101263e-06,0.0,0.0,-2.1461145766959566,2.5751782383516275,0.4520675134352082,0.0,0.0,0.0,0.0,True,0.0007215533359490595,0.00025101091206094014,True,0.9504431302014456,True,0.04600750499015552,0.0030376987955510817,7.069379791460428,0.2988214739245366,0.009162757531733344,0.0001917984871531251,0.009408777168952658,-0.00013174237977413641,0.0007739287660137773,-2.601233128755095e-06,-0.0004347367181984829,-2.5836658585321696e-06,0.0,0.0,2.137993119799164,-1.3808721747414432,0.4718593275799938,0.0,0.0,0.0,0.0,0.04007274301897332,-0.002897063175631119,-6.742090393684141,0.26027484289119923,0.008780980720968872,-0.00018997832361134642,0.009677346506991095,0.00013682695826430086,0.0007777693872264503,1.2393880839179673e-06,-0.00043109156825747513,1.061484082475611e-06,0.0,0.0,-2.117703610809829,1.434166740767906,0.4521987670348672,0.0,0.0,0.0,0.0,0.042969806194604436,0.0,0.0,0.2790914400611572,0.008970959044580219,0.0,0.009540519548726794,0.0,0.0007765299991425324,0.0,-0.00043215305233995074,0.0,0.0,0.0,0.0,0.0,0.461982180349425,0.0,0.0,0.0,0.0,0.15396318204954074,0.01941840925075279,1.954419532998819,0.0008398102855590867,-0.02841096588612757,1.1410114975837216,2.6164824696738647,0.00112429744633466,-0.33472844420490144,0.05296233129230554
0.1,1.0,11,0.075,0.7499999999999999,4,60,0,0,3.1575136698770025,1.200302680485942,61.32719911098534,20.508238579149456,0.030652410617464064,0.007904449666999575,0.06865322346254821,0.016547948241913538,0.0024785812879679955,-0.00023657423955646475,0.0038346946139475556,0.00042415819993524154,0.0,0.0,34.747948109336704,31.758681192725447,1.5785232570621492,0.0,0.0,0.0,0.0,True,0.0044095930409079696,0.03061617798829397,True,0.9303132876438995,True,2.9607247424132117,1.0035137530221512,51.27264042873427,19.23008282240191,0.028926691116947352,0.0061787301664828626,0.06697893909008214,0.014873663869447468,0.00203384158730715,-0.0006813139402173101,0.0024402913018750673,-0.0009702451121372468,0.0,0.0,27.1616879417788,28.545408898554705,1.4896529753499739,0.0,0.0,0.0,0.0,True,0.003841113148110693,0.15558807587190412,True,0.9318022016093188,False,1.840563185230063,-0.11664780416099751,-5.959899305352345,11.95456706420776,0.02011264558299023,-0.0026353153674742585,0.04201459095774811,-0.010090684262886562,0.0031857510046356496,0.0004705954771111894,0.0025848629573128395,-0.0008256734566994745,0.0,0.0,-11.584842145688878,-19.365955213092246,1.0357514523086142,0.0,0.0,0.0,0.0,1.618085253660848,-0.33912573573021243,-17.326989147742488,10.509559702008476,0.027171067717003332,0.004423106766538842,0.06508000963789769,0.012974734417263017,0.0028505960224179585,0.00013544049489349827,0.002724107891806894,-0.0006864285222054202,0.0,0.0,19.443970280107802,24.900999682513493,1.3992427168538533,0.0,0.0,0.0,0.0,1.9572109893910605,0.0,0.0,12.71220147139651,0.02274796095046449,0.0,0.05210527522063467,0.0,0.0027151555275244602,0.0,0.003410536414012314,0.0,0.0,0.0,0.0,0.0,1.1714636691768467,0.0,0.0,0.0,0.0,0.15396318204954074,0.01941840925075279,68.59962957647676,1.3426394887523636,7.717717661670999,3.644409216041211,78.65418825872783,1.5394284162161544,15.303977829228902,6.857681510211954
0.1,1.0,11,0.1,1.0,4,60,12,0,1.3533785838577344,0.2415288748140001,21.723158521283526,8.790274180110526,0.10259352445954319,0.007936420930388224,0.10702872670098398,0.007050069189166203,-0.0013927327449959896,0.0009817675870952402,-0.003470415711157927,0.001594480304913307,0.0,0.0,8.384390219529326,7.051574170550223,5.28331250694832,75.0,0.0,87.5,0.0,True,0.007930232563655286,0.5012235346746635,True,0.8012497916456036,False,0.8964260172803862,-0.21542369176334808,-19.37525278921258,5.822340155271299,0.09830381140792133,0.0036467078787663643,0.10732774440266724,0.0073490868908494544,-0.003871807875865056,-0.0014973075437738261,-0.004463470985367887,0.000601425030703347,0.0,0.0,3.8525453904715734,7.350655703674325,5.062402905331208,0.0,0.0,25.0,0.0,True,0.006985917277261098,0.32246101784948583,True,0.736918942614445,False,1.2859983260655743,0.17414861702184004,15.662963762577187,8.352635408975756,0.09319072467088946,-0.0014663788582655046,0.09590865230150582,-0.004070005210311964,-0.0020595745134241606,0.0003149258186670692,-0.007401032038118271,-0.002336136022047037,0.0,0.0,-1.5491482451856942,-4.07087403612204,4.799091597437455,0.0,0.0,0.0,0.0,0.9162645359962013,-0.19558517304753298,-17.590972184158726,5.951192511086026,0.09495508507934224,0.00029798155018727346,0.10370036448525766,0.0037217069734398756,-0.00217539167474951,0.0001991086573417196,-0.00198030438908543,0.003084591626985804,0.0,0.0,0.3148010440605642,3.7225014478714735,4.8899517902405485,0.0,0.0,0.0,0.0,1.1118497090437343,0.0,0.0,7.221529811497234,0.09465710352915496,0.0,0.09997865751181778,0.0,-0.00237450033209123,0.0,-0.005064896016071234,0.0,0.0,0.0,0.0,0.0,4.874606478153477,0.0,0.0,0.0,0.0,0.15396318204954074,0.01941840925075279,-1.7842806050538549,-0.0198385187158151,3.537744346411009,3.6281542558028512,39.31413070544225,0.4371140478615331,8.069589175468762,3.3290727226787498
0.1,1.0,11,0.15,1.4999999999999998,4,60,60,0,1.1031679621311814,-0.07145849575610108,-6.0835081038978505,7.165141350327606,0.1983668138981272,0.012198638420617663,0.107745901737886,0.007077541235133392,-0.004878842503604451,0.002192406956643392,0.0034374375339563546,0.0020230625826831478,0.0,0.0,6.5524831993056365,7.030551803751561,10.215399795966146,100.0,0.0,100.0,0.0,True,0.009783079687200236,1.1233159936579022,True,0.5904396341949476,False,0.947671866387882,-0.22695459149940045,-19.321426822583888,6.155184984959259,0.19456571862969246,0.00839754315218294,0.1065040009167561,0.005835640414003501,-0.006952331730010428,0.00011891773023741531,0.001117288687390589,-0.0002970862638826178,0.0,0.0,4.510729683332704,5.796896249089034,10.019652800455308,100.0,0.0,100.0,0.0,True,0.0070877033972283465,0.5383125214985658,True,0.40680042694695673,False,1.4247440515436454,0.2501175936563629,21.29337305293053,9.25379712589472,0.1831700592258632,-0.00299811625164631,0.09846711815625726,-0.0022012423464953385,-0.010759002577480888,-0.0036877531172330447,-0.0011890645946918163,-0.002603439545965023,0.0,0.0,-1.610434352679413,-2.186627790004736,9.432804554717183,100.0,0.0,100.0,0.0,0.9628277797138897,-0.21179867817339282,-18.031151669641442,6.2536235410104775,0.1885856228251425,0.002417447347632967,0.10272947296052153,0.002061112457768924,-0.0028156371785023207,0.0042556122817455225,0.004462267899129725,0.0030478929478565185,0.0,0.0,1.2985287852944616,2.047428255983741,9.711692672139538,100.0,0.0,100.0,0.0,1.1746264578872825,0.0,0.0,7.629268518945802,0.18616817547750952,0.0,0.1006683605027526,0.0,-0.007071249460247843,0.0,0.0014143749512732068,0.0,0.0,0.0,0.0,0.0,9.587200118891941,100.0,0.0,100.0,0.0,0.15396318204954074,0.01941840925075279,-1.2902751529424457,-0.01515591332600763,3.212200898038242,3.749467993105293,11.947643565743592,0.14034018241729174,5.253954414011175,4.98312354776782
0.1,1.0,11,0.2,2.0,4,60,60,0,0.6654607980148454,-0.03351253090893025,-4.794536432531727,4.3222073560464604,0.26736978776689024,0.016416076547557834,0.10221472849491295,0.0067645382690806055,0.0017396297957427038,0.0024756595989097654,-0.002999220036346133,0.002337515314665026,0.0,0.0,6.541475903183702,7.086982491156801,13.768882111521322,100.0,0.0,100.0,0.0,True,0.010244011257433776,1.2412523127973476,True,0.49693824054752556,False,0.667459324793629,-0.0315140041301466,-4.5086132511907735,4.335187906020678,0.26251009028496297,0.011556379065630562,0.10018339671387277,0.004733206488040431,-0.00019791906729114787,0.0005381107358759137,-0.0059062470848361675,-0.0005695117338250085,0.0,0.0,4.604984325388339,4.958823525486755,13.518619722920212,100.0,0.0,100.0,0.0,True,0.006592793713336193,0.4424148691839797,True,0.2953582491181534,False,0.7502160688836872,0.051242739959911576,7.331143813285568,4.872697867742758,0.247262737262204,-0.0036909739571284184,0.09433097081325463,-0.0011192194125777127,-0.004304368212090383,-0.0035683384089233213,-0.008151767595445938,-0.002815032244434779,0.0,0.0,-1.4707787899189584,-1.1725690749590623,12.733418791892976,100.0,0.0,100.0,0.0,0.654791290890397,-0.04418203803337861,-6.320990545005012,4.2529082743931905,0.25416239623207726,0.0032086850127448496,0.09639106855383772,0.000940878328005379,0.0033634027654837555,0.0040994325686508175,-0.0019247943474710659,0.003411941003540093,0.0,0.0,1.2785963583301863,0.9857270328946344,13.08873414655344,100.0,0.0,100.0,0.0,0.6989733289237756,0.0,0.0,4.5398732321527815,0.2509537112193324,0.0,0.09545019022583234,0.0,-0.0007360298031670615,0.0,-0.005336735351011159,0.0,0.0,0.0,0.0,0.0,12.923494812511674,100.0,0.0,100.0,0.0,0.15396318204954074,0.01941840925075279,1.8123772938142384,0.012668033903232012,3.326387967058153,3.973096492592121,1.526454112473285,0.010669507124448363,5.262879544853516,6.101255458262167
0.1,1.0,22,0.0,0.0,4,60,0,0,0.02218268767728179,-0.00023327135387047476,-1.040648555550483,0.14407787226782612,0.009795877676774,-0.0003509484062432563,0.00850380445276661,7.903332242223567e-05,-0.0027915859528665357,0.0006481103644122715,-0.004067494871708684,0.0006648678664809143,0.0,0.0,-3.458701305924994,0.9381064624719881,0.5044634475604248,0.0,0.0,0.0,0.0,True,0.0018201322254352361,1.9022687042531776,True,0.7955457707705209,False,0.021049823840610264,-0.0013661351905419998,-6.094475764536478,0.13671985445089763,0.009990080515853659,-0.00015674556716359714,0.008693579914034601,0.0002688087836902279,-0.003557396955511126,-0.00011770063823231865,-0.004838884870288895,-0.0001065221320992963,0.0,0.0,-1.544774354868883,3.190695385445319,0.5144644129624766,0.0,0.0,0.0,0.0,True,0.0006417411061472975,0.023280123595828026,True,0.33775286866663967,True,0.02346715585733209,0.0010511968261798267,4.6895019067394905,0.15242056928766945,0.010371177279171938,0.00022435119615468214,0.008380239504268729,-4.4531626075644884e-05,-0.003608406437249085,-0.0001687101199702775,-0.004907342887357038,-0.0001749801491674396,0.0,0.0,2.2110480096843244,-0.5285796538169518,0.5340899527477968,0.0,0.0,0.0,0.0,0.021374016597301437,-0.0010419424338508274,-4.648217068932015,0.13882550563565202,0.009923793094281314,-0.00022303298873594182,0.008489720321019115,6.494919067474153e-05,-0.0032782816493356686,0.00016141466794313865,-0.004564325915761103,0.00016803682242849498,0.0,0.0,-2.1980566820715697,0.770931217832227,0.5110507748669784,0.0,0.0,0.0,0.0,0.022415959031152264,0.0,0.0,0.1455929835481023,0.010146826083017256,0.0,0.008424771130344373,0.0,-0.0034396963172788073,0.0,-0.004732362738189598,0.0,0.0,0.0,0.0,0.0,0.5225364215981747,0.0,0.0,0.0,0.0,0.15396318204954074,0.01941840925075279,-1.4462586956044632,-0.00032419275669117245,0.6532823272026866,2.419764167613092,3.6075685133815316,0.0008086710799803526,-1.2606446238534241,0.1671752446397612
0.1,1.0,22,0.025,0.25,4,60,0,0,0.02723917515723832,-0.00020698712517579557,-0.7541568946723753,0.17692005838430627,0.009194062809038431,-0.00015037890343250204,0.008307453809748552,-2.9817016428240403e-05,-0.0009907988626015152,0.0003988364448322642,-0.002271351863312654,0.0003973051523859972,0.0,0.0,-1.6092871897505523,-0.3576352148070172,0.4734714718550906,0.0,0.0,0.0,0.0,True,0.0012451006819611957,0.9981650214374833,False,0.636825819145155,False,0.025879825471985085,-0.001566336810429031,-5.706942902660916,0.1680910015464459,0.009156106231691932,-0.00018833548077900122,0.008517707635277504,0.00018043680910071087,-0.0014470465532534038,-5.741124581962447e-05,-0.002718780776672066,-5.012376097341493e-05,0.0,0.0,-2.0154813585883002,2.1642191175341052,0.47151680209525804,0.0,0.0,0.0,0.0,True,0.0006308975700478367,0.01247832793234324,True,0.6747721923371812,True,0.028661211436464558,0.0012150491540504418,4.427027507699943,0.18615626836838328,0.009542944485836003,0.0001985027733650696,0.00821654804861122,-0.00012072277756557288,-0.001508353028591287,-0.00011871772115750758,-0.002795832807071668,-0.0001271757913730168,0.0,0.0,2.124287137455738,-1.4479891571536285,0.4914380144432301,0.0,0.0,0.0,0.0,0.026233869224651478,-0.0012122930577626381,-4.416985680141538,0.170390536720722,0.009145025692005593,-0.00019941602046534036,0.008466972372890201,0.00012970154671340835,-0.0012723836823063464,0.00011725162512743297,-0.0025429931274799614,0.00012566388821868982,0.0,0.0,-2.134060295964002,1.555683501442462,0.47094618173479214,0.0,0.0,0.0,0.0,0.027446162282414116,0.0,0.0,0.17826445204011673,0.009344441712470933,0.0,0.008337270826176793,0.0,-0.0013896353074337793,0.0,-0.002668657015698651,0.0,0.0,0.0,0.0,0.0,0.48121561307132704,0.0,0.0,0.0,0.0,0.15396318204954074,0.01941840925075279,-1.2899572225193783,-0.0003540437526663928,0.1185789373757018,0.6085356160916433,3.662828785469163,0.0010053059325868426,0.5247731062134497,-1.9133187162494791
0.1,1.0,22,0.05,0.5,4,60,0,0,0.03985209892746666,-0.002702605319382531,-6.350896727434396,0.2588417464289836,0.008929800197866149,-4.952826507652504e-05,0.00945563035126835,-2.560901994500507e-05,0.0006915819659154467,2.4306021454039914e-05,-0.0005241906496936401,1.7072147696779857e-05,0.0,0.0,-0.5515809481847822,-0.27010202930598526,0.45986260164539317,0.0,0.0,0.0,0.0,True,0.0006717945423940817,0.009070777748969121,True,0.4380632880423756,True,0.04061800134217648,-0.0019367029046727102,-4.5510900356359745,0.2638163280433294,0.00877633208838308,-0.00020299637455959384,0.009741857587745864,0.00026061821653250786,0.0006646711538668994,-2.604790594507413e-06,-0.0005385512203754227,2.711577014997274e-06,0.0,0.0,-2.2607077511124785,2.74877794272117,0.45195937396585917,0.0,0.0,0.0,0.0,True,0.0007179059086781509,0.0589457026558405,True,0.9810138948051437,False,0.043980518287664826,0.001425814040815633,3.350543884748536,0.28565607505769275,0.009159315143894814,0.0001799866809521402,0.009229532338955546,-0.0002517070322578096,0.0006635374296432373,-3.7385148181695235e-06,-0.0005571461092036573,-1.5883311813237296e-05,0.0,0.0,2.0044559200049106,-2.65479039609563,0.4716820531290294,0.0,0.0,0.0,0.0,0.04121311421454601,-0.0013415900323031846,-3.1526245007389986,0.2676816214495025,0.00879835295483124,-0.00018097550811143302,0.009768731830255754,0.00028749245904239815,0.0006731097877300254,5.833843268618572e-06,-0.000528746161100577,1.251663628984304e-05,0.0,0.0,-2.0154681818168485,3.0322244570184953,0.4530933940683198,0.0,0.0,0.0,0.0,0.04255470424684919,0.0,0.0,0.2763953282880083,0.008979328462942674,0.0,0.009481239371213356,0.0,0.0006672759444614068,0.0,-0.00054126279739042,0.0,0.0,0.0,0.0,0.0,0.4624131846739492,0.0,0.0,0.0,0.0,0.15396318204954074,0.01941840925075279,-1.398465534896976,-0.0005951128723695256,-0.24523956929562996,-0.28344651429732526,-3.1982722266953973,-0.0013610152870793465,1.4638872336320663,-3.3023264863244806
0.1,1.0,22,0.075,0.7499999999999999,4,60,0,0,1.9062802885159875,0.156833776352866,8.964765442239631,12.38140354817169,0.01970696569909622,0.0008019986563927925,0.044047035128218545,0.004162661919184553,-0.0019830624521602587,0.0003601763411711263,-0.002405926263263257,-0.00010690059915724557,0.0,0.0,4.242264239769367,10.436824210244055,1.0148599426769338,0.0,0.0,0.0,0.0,True,0.002818317884704886,0.273600378872991,True,0.5571426501506288,False,2.7970031389764465,1.047556626813325,59.87931723148612,18.166701296654512,0.029304977407080886,0.01040001036437746,0.06608749744554669,0.0262031242365127,-0.0032192764257968,-0.0008760376324654148,-0.003313983899106584,-0.0010149582350005722,0.0,0.0,55.01205233992437,65.69772100762906,1.509133782724495,0.0,0.0,0.0,0.0,True,0.003327173812671463,0.5035528289380274,True,0.9201098033359855,False,0.721221285559454,-1.0282252266036676,-58.774316302606344,4.684375030176933,0.014846407905470406,-0.00405855913723302,0.027742979009809123,-0.012141394199224869,-0.0018840383835961472,0.0004592004097352378,-0.0025596773185433577,-0.0002606516544373461,0.0,0.0,-21.468215882446962,-30.44148176929301,0.7645532501533233,0.0,0.0,0.0,0.0,3.5674494610638496,1.818002948900728,103.91875008815444,23.17079585894731,0.027311405952714963,0.008406438910011537,0.05956220024500413,0.01967782703597014,-0.003264910472408347,-0.000921671679076962,-0.0031322291485218327,-0.0008332034844158211,0.0,0.0,44.46682658066887,49.33718509963452,1.4064697885413135,0.0,0.0,0.0,0.0,1.7494465121631215,0.0,0.0,11.362758867897405,0.018904967042703426,0.0,0.03988437320903399,0.0,-0.002343238793331385,0.0,-0.0022990256641060116,0.0,0.0,0.0,0.0,0.0,0.9735589974740356,0.0,0.0,0.0,0.0,0.15396318204954074,0.01941840925075279,-44.03943285666832,-0.7704463220874032,10.545225759255494,16.36053590799454,-94.9539846459148,-1.6611691725478621,-40.2245623408995,-38.90036088939046
0.1,1.0,22,0.1,1.0,4,60,60,0,5.99800116052858,-2.227993357370056,-27.084790204056763,38.95737331928229,0.13565502939540527,0.009450288478630331,0.14911439825735764,0.013184097791281463,-0.011568918840382582,-0.004408414047665333,-0.005833938656678226,-0.0027242156903499698,0.0,0.0,7.488061391340506,9.699160338847168,6.9858981569330325,100.0,0.0,100.0,0.0,True,0.013559065003682787,2.8691801759930846,True,0.5545837411205875,False,6.775102768094262,-1.4508917498043736,-17.637888606021225,44.0046943555261,0.14036632160162468,0.01416158068484974,0.14823825833013496,0.012307957864058777,-0.006943301501924286,0.0002172032907929635,-0.0024993729826994168,0.0006103499836288395,0.0,0.0,11.221116244902806,9.054609474015285,7.228518041259385,100.0,0.0,100.0,0.0,True,0.009672543824639234,1.7601324138171384,True,0.6464896374597923,False,10.239788873710985,2.0137943558123492,24.480861875492476,66.50803612526096,0.11581236268298827,-0.010392378233786678,0.12911903421994483,-0.006811266246131348,-0.005317378105062993,0.001843126687654256,-0.002919900320654272,0.0001898226456739844,0.0,0.0,-8.234538701394644,-5.010852049011117,5.964049948040857,100.0,0.0,100.0,0.0,5.98725200421483,-2.238742513683806,-27.215463234416326,38.88755691141998,0.13642530656892005,0.010220565652145103,0.14124250378555436,0.0053122033194781815,-0.007989805189361862,-0.0008293003966446128,-0.0046599071868258695,-0.0015501842204976132,0.0,0.0,8.098400724014798,3.908034706951846,7.025565524304277,100.0,0.0,100.0,0.0,8.225994517898636,0.0,0.0,53.42832233261948,0.12620474091677494,0.0,0.13593030046607618,0.0,-0.007160504792717249,0.0,-0.0031097229663282562,0.0,0.0,0.0,0.0,0.0,6.499231697461643,100.0,0.0,100.0,0.0,0.15396318204954074,0.01941840925075279,9.577574628395102,0.7878507638794323,3.1227155208880077,5.146574767063439,0.13067303035956357,0.010749156313750063,-0.6103393326742923,5.791125631895322
0.1,1.0,22,0.15,1.4999999999999998,4,60,60,0,0.89922959365646,-0.316358819037748,-26.025159152066614,5.8405495501328035,0.30174597559461447,0.014185864801536108,0.15496912243869063,0.012506388740722407,0.006957517228511575,-0.007765396130904506,-0.00489026453748886,-0.00478491737289274,0.0,0.0,4.93318240920555,8.778708940990064,15.539170675523625,100.0,0.0,100.0,0.0,True,0.01856531486458349,7.1371699862042615,False,0.11204150556900955,False,1.0719648169872318,-0.14362359570697625,-11.81515011225317,6.962475071749982,0.3065532138097156,0.01899310301663726,0.15055073755489204,0.00808800385692382,0.016823257553349985,0.002100344193933904,0.0011723347154756385,0.0012776818800717589,0.0,0.0,6.604915738923278,5.6772768898784465,15.786731541762697,100.0,0.0,100.0,0.0,True,0.010005243680322596,3.3852942529670047,False,-0.09396792696150245,False,1.4393131863674964,0.22372477367328836,18.40464842680005,9.348424520768663,0.28516727649915175,-0.0023928342939266156,0.1425036204388484,4.0886740880180517e-05,0.016832596890072694,0.0021096835306566135,0.00035852524806046816,0.0004638724126565885,0.0,0.0,-0.832116209486522,0.028699955292776913,14.68540871792043,100.0,0.0,100.0,0.0,0.9820098788326588,-0.23357853386154925,-19.215264922100573,6.378212412605746,0.28957708832256995,0.0020169775294915926,0.14234354325020648,-0.0001191904477617356,0.012028996053692419,-0.002693917305723662,-0.0007090592624493471,-0.0006037120978532268,0.0,0.0,0.7014107498876765,-0.08366429919450802,14.912503108942559,100.0,0.0,100.0,0.0,1.215588412694208,0.0,0.0,7.895318845144861,0.28756011079307836,0.0,0.14246273369796822,0.0,0.014722913359416081,0.0,-0.00010534716459612036,0.0,0.0,0.0,0.0,0.0,14.808633759839548,100.0,0.0,100.0,0.0,0.15396318204954074,0.01941840925075279,7.400114809847404,0.089954938154573,5.903504989035602,5.7609411890729545,-6.809894229966041,-0.08278028517619873,4.231771659317873,8.862373240184573
0.1,1.0,22,0.2,2.0,4,60,60,0,1.3325434538730871,-0.09774178270919687,-6.8337266028665855,8.65494877498904,0.39204797437205485,0.02404479036817886,0.1495209991675665,0.012012318792589155,0.002291496330379411,-0.007878562283495753,-0.0014105854689383966,-0.00578089205330157,0.0,0.0,6.53385389402652,8.735680365655707,20.18950004140305,100.0,0.0,100.0,0.0,True,0.018393762658592234,7.16883202201632,False,0.019646848350020896,False,1.3407594137533811,-0.08952582282890287,-6.259298532845648,8.708311921755195,0.38973396566199614,0.021730781658120146,0.1448648554600916,0.0073561750851142416,0.011965224851936159,0.0017951662380609936,0.005973247118915111,0.001602940534551938,0.0,0.0,5.905052619841267,5.349607795707456,20.070334321895466,100.0,0.0,100.0,0.0,True,0.009680060228061591,3.299000016133084,False,-0.32650435745213463,False,1.5535693988331998,0.12328416225091576,8.619550778941655,10.090525398035146,0.3672654347259924,-0.0007377492778836148,0.13785222753138146,0.0003435471564041115,0.011500791175589052,0.0013307325617138866,0.005747598289017713,0.0013772917046545397,0.0,0.0,-0.20047361271631203,0.2498367051936512,18.913260606645967,100.0,0.0,100.0,0.0,1.3092613227092849,-0.12102391387299916,-8.461522973011315,8.503729952060901,0.36834732441754336,0.0003441404136673709,0.1370369140867302,-0.0004717662882471607,0.00840609683774721,-0.001763961776127955,0.0026456356087825577,-0.0017246709755806156,0.0,0.0,0.09351560764314648,-0.34308109637928297,18.96897524720073,100.0,0.0,100.0,0.0,1.430285236582284,0.0,0.0,9.2897874514055,0.368003184003876,0.0,0.13750868037497735,0.0,0.010170058613875165,0.0,0.004370306584363173,0.0,0.0,0.0,0.0,0.0,18.951252867925298,100.0,0.0,100.0,0.0,0.15396318204954074,0.01941840925075279,2.2022244401656668,0.03149809104409629,5.81153701219812,5.692688892086739,1.627796370144729,0.02328213116380229,6.440338286383374,9.07876146203499
0.1,1.0,33,0.0,0.0,5,60,0,0,0.026103193548108496,0.0018333737254425005,7.554129939317811,0.16954179045032514,0.009740779252286174,5.822342773207506e-05,0.007202310925645615,-0.00016909496551048477,0.0002480694975506995,0.0007033818549573548,-0.0010621710212371715,0.000695272052783386,0.0,0.0,0.6013229232763706,-2.293931008647321,0.5016260151128783,0.0,0.0,0.0,0.0,False,0.0017227410474253122,1.009184255330009,False,-0.882208621294409,False,0.022442458877170994,-0.0018273609454950018,-7.529355219145051,0.14576510161987744,0.00941121694401649,-0.0002713388805376093,0.007678015600418459,0.00030660970926235914,-0.0005096499304739024,-5.433757306724709e-05,-0.0018042679808490606,-4.682490682850313e-05,0.0,0.0,-2.802347700898533,4.159446838088465,0.48465437217271784,0.0,0.0,0.0,0.0,True,0.0007124811855355994,0.16905330471087712,True,0.7773361132014893,False,0.026104975339447844,0.001835155516781848,7.561471532095854,0.16955336329076418,0.009853992449181143,0.0001714366246270433,0.007166118052060152,-0.00020528783909594742,-0.00017944260626479545,0.00027586975114185985,-0.0014894748375652743,0.00026796823645528324,0.0,0.0,1.7705720238895495,-2.784921114468042,0.507456214457893,0.0,0.0,0.0,0.0,0.022505327748719602,-0.0017644920739463936,-7.2703138582780324,0.14617343866975976,0.009511513680169528,-0.00017104214438457173,0.007602267914569184,0.00023086202341308405,-0.000718702720830341,-0.00026339036342368574,-0.00201514573039322,-0.00025770265637266266,0.0,0.0,-1.7664978904725182,3.1318587908727435,0.489819405768307,0.0,0.0,0.0,0.0,0.024269819822665996,0.0,0.0,0.15763391935389265,0.0096825558245541,0.0,0.0073714058911561,0.0,-0.0004553123574066553,0.0,-0.0017574430740205575,0.0,0.0,0.0,0.0,0.0,0.49862765273518667,0.0,0.0,0.0,0.0,0.15396318204954074,0.01941840925075279,-0.2590413608670188,-6.286887154860824e-05,-1.035849810426015,1.0275880472157217,14.824443797595844,0.003597865799388894,2.3678208137488888,-5.425789799520064
0.1,1.0,33,0.025,0.25,5,60,0,0,0.03044048674145234,0.0020972696151477926,7.39954679739363,0.1977127670150225,0.009270982745962223,6.562263521858389e-05,0.007985881857359281,-0.00011446200740214581,0.0004805523819330368,0.0004809564585721267,-0.0008218715624664697,0.0004630039504715435,0.0,0.0,0.7128741779693692,-1.4130512150241525,0.47743265816703373,0.0,0.0,0.0,0.0,False,0.0013485204308768596,0.7632777688360174,False,-0.7878186726154907,False,0.026322334195137177,-0.0020208829311673705,-7.130040750708733,0.17096512195147692,0.008935592514375366,-0.0002697675963682731,0.008340430158893157,0.00024008629413172985,-3.822305042314178e-05,-3.7818973784051885e-05,-0.001312951733048733,-2.8076220110719724e-05,0.0,0.0,-2.9305490836086356,2.9639024977219375,0.46016089160490636,0.0,0.0,0.0,0.0,True,0.0007792203106076568,0.01888100414360211,True,0.8727232620698757,True,0.03045176929127066,0.0021085521649661133,7.439353675236915,0.19778604784533613,0.009388962634529669,0.0001836025237860299,0.007922436672755802,-0.00017790719200562466,0.00015408969691584236,0.00015449377355493225,-0.001143419611358804,0.00014145590157920926,0.0,0.0,1.9945175590876163,-2.1962918485419647,0.4835083303317283,0.0,0.0,0.0,0.0,0.026312280702970953,-0.0020309364233335944,-7.165511290702209,0.1708998239235173,0.00902108773353278,-0.00018427237721085898,0.008290702282418617,0.00019035841765718993,-0.000154188604956613,-0.0001537845283175231,-0.0014271787882812568,-0.00014230327534324352,0.0,0.0,-2.001794334974394,2.350004158283925,0.46456368372105766,0.0,0.0,0.0,0.0,0.028343217126304547,0.0,0.0,0.1840908764615202,0.00920536011074364,0.0,0.008100343864761427,0.0,-4.0407663908989533e-07,0.0,-0.0012848755129380132,0.0,0.0,0.0,0.0,0.0,0.4740532549228653,0.0,0.0,0.0,0.0,0.15396318204954074,0.01941840925075279,0.03547053999347671,1.0053492166223893e-05,-0.9287547486342418,0.6138983394380126,14.565058088095839,0.004128206038481387,2.714668512943763,-3.7630553733080774
0.1,1.0,33,0.05,0.5,5,60,0,0,0.045731182286573156,0.002756750920536441,6.414863054395492,0.2970267415742176,0.009150224314393088,0.00011384668763191573,0.009144416958107398,-0.00025130055396551526,0.0007396884794232945,2.647065848222687e-05,-0.0005033528416276058,-2.50634558170669e-06,0.0,0.0,1.2598708501818212,-2.6746286661195384,0.4712138979169142,0.0,0.0,0.0,0.0,False,0.001006361155471063,0.09920619113344606,False,-0.8920321823911354,False,0.04046007277822093,-0.0025143585878157834,-5.850824566821178,0.2627905726526365,0.008762043934793434,-0.0002743336919677382,0.009735434952083228,0.00033971744001031444,0.0007022440225774623,-1.097379836360532e-05,-0.0005021993959924054,-1.3528999465062426e-06,0.0,0.0,-3.0358812269564828,3.6156625566253764,0.4512235694308357,0.0,0.0,0.0,0.0,True,0.0009137778839384444,0.0019186433365480772,True,0.9336835440922445,True,0.0457822813813779,0.0028078500153411873,6.533768862292089,0.29735863322600425,0.009244308577912329,0.00020793095115115637,0.009113651379361548,-0.0002820661327113654,0.0007315722748562673,1.8354453915199638e-05,-0.0005017885766902697,-9.420806443706086e-07,0.0,0.0,2.3010431805701614,-3.0020712345696587,0.4760590045528037,0.0,0.0,0.0,0.0,0.04038703407098423,-0.0025873972950524876,-6.0207830861430445,0.26231618191671885,0.00882802816583889,-0.00020834946092228301,0.00974260513640212,0.00034688762432920697,0.0006986077764600772,-1.4610044480990476e-05,-0.0005058774762351317,-5.030980189232566e-06,0.0,0.0,-2.3056745692572322,3.691975880325038,0.45462159396484314,0.0,0.0,0.0,0.0,0.042974431366036715,0.0,0.0,0.27912148082395977,0.009036377626761172,0.0,0.009395717512072913,0.0,0.0007132178209410677,0.0,-0.0005008464960458991,0.0,0.0,0.0,0.0,0.0,0.4653510753673533,0.0,0.0,0.0,0.0,0.15396318204954074,0.01941840925075279,0.16995851932186667,7.303870723670419e-05,-0.7302066576992505,-0.0763133236996616,12.435646140538537,0.005344148215588929,3.5655454194390535,-6.366604546444576
0.1,1.0,33,0.075,0.7499999999999999,5,60,0,0,0.19549408002116486,-0.3559557124012894,-64.54906997745302,1.2697456458016094,0.011435140292802366,-0.003742757509958578,0.01829261267554872,-0.013672249586931771,0.0003211717525809332,-0.00017896780009108706,-0.0004236160920636203,0.0003899062320576281,0.0,0.0,-24.65926150377524,-42.77274675755414,0.5888814137728126,0.0,0.0,0.0,0.0,False,0.0028717205386664412,0.06184380789331769,False,-0.847339815703478,False,1.3008921677476328,0.7494423753251785,135.90400896389247,8.449371794154299,0.025337086195499566,0.010159188392738622,0.06201011674356399,0.0300452544810835,0.0014156956920155955,0.0009155561393435752,-0.0004258825403832226,0.0003876397837380258,0.0,0.0,66.93409406729968,93.99463146240372,1.3047972090977187,0.0,0.0,0.0,0.0,True,0.0032847551078404595,0.07308956511680907,True,0.9872070972309837,False,0.23749690924079547,-0.3139528831816588,-56.93226971806455,1.5425565130524264,0.01213960103339821,-0.0030382967693627343,0.01962601125096073,-0.012338851011519762,0.00018387484508790514,-0.0003162647075841151,-0.0006010991789263452,0.0002124231451949032,0.0,0.0,-20.017902405496834,-38.60129572966369,0.6251593977981278,0.0,0.0,0.0,0.0,1.4107603410465481,0.8593105486240938,155.82752236595164,9.16297209674848,0.02668318906485469,0.011505291262093747,0.06359232191613146,0.03162745965365096,0.0011629838470961487,0.0006628442944241284,0.00047902798348891957,0.001292550307610168,0.0,0.0,75.80293010011485,98.94445780476406,1.3741181741661082,0.0,0.0,0.0,0.0,0.5514497924224543,0.0,0.0,3.5816991119670045,0.015177897802760944,0.0,0.03196486226248049,0.0,0.0005001395526720203,0.0,-0.0008135223241212484,0.0,0.0,0.0,0.0,0.0,0.7816241591557014,0.0,0.0,0.0,0.0,0.15396318204954074,0.01941840925075279,-19.92351340205917,-0.1098681732989153,-8.868836032815167,-4.949826342360339,-220.37659234340464,-1.2152662610253833,-100.46219160389009,-141.7172045623182
0.1,1.0,33,0.1,1.0,5,60,58,0,2.6017639039151845,-0.6284382175396646,-19.45507413810448,16.898610883984034,0.10424057798801145,-0.01284116202659262,0.12140729972440176,-0.0108270888251559,-0.003696921955173753,-0.002904375379487443,0.0002827713159752992,-0.0029381651731609794,0.0,0.0,-10.967689773820322,-8.187801179341648,5.368131685862495,75.0,0.0,87.5,0.0,False,0.010426391649574358,1.534447075326728,False,-0.7315526425562094,False,2.3284795361140107,-0.9017225853408384,-27.915361065229938,15.123612704787927,0.13135528261642482,0.014273542601820746,0.1484335540894048,0.016199165539847155,-0.0009236850321897093,-0.00013113845650339915,0.0030820198670980454,-0.0001389166220382332,0.0,0.0,12.19109196706536,12.250342530056901,6.764471843198617,100.0,0.0,100.0,0.0,True,0.011985798161824438,1.9135075793870193,True,0.9082015869641724,False,4.605859411597166,1.3756572901423167,42.58734402424129,29.91533008271509,0.10840167569095309,-0.008680064323650982,0.12423964432264693,-0.007994744226910724,-0.0005443463559913781,0.000248200219694932,0.0037523137801968543,0.0005313772910605758,0.0,0.0,-7.4136789584509755,-6.045888905755048,5.58241791545055,100.0,0.0,100.0,0.0,2.4814707209177818,-0.7487314005370673,-23.179088254695547,16.117299525020982,0.12444029623461897,0.007358556220014897,0.13852544532157735,0.0062910567720196875,-0.0005254531255939904,0.0002670934500923197,0.0027953385987677095,-0.000425597890368569,0.0,0.0,6.284973403279648,4.757504338337815,6.408367164771481,100.0,0.0,100.0,0.0,3.230202121454849,0.0,0.0,20.980354383786814,0.11708174001460407,0.0,0.13223438854955766,0.0,-0.0007925465756863101,0.0,0.0032209364891362786,0.0,0.0,0.0,0.0,0.0,6.029419737874006,100.0,0.0,100.0,0.0,0.15396318204954074,0.01941840925075279,-4.736272810534391,-0.15299118480377105,5.906118563785712,7.492838191719087,3.724014116591068,0.12029318299740277,-17.25266317709997,-12.945305517679461
0.1,1.0,33,0.15,1.4999999999999998,5,60,60,0,2.460623380595675,0.934818902086159,61.26727999902963,15.981894813033419,0.2552884847345137,-0.021256715585537544,0.13633096564479158,-0.009879438565759985,0.004051346292259088,-0.005413019539506952,0.0017519241655309242,-0.0020877117408996566,0.0,0.0,-7.68652486499014,-6.7570010623409615,13.14672491644067,100.0,0.0,100.0,0.0,False,0.011531242352998383,6.065272607088322,False,-0.4606817839243706,False,1.3380816700409321,-0.1877228084685838,-12.303202088642518,8.690919817507913,0.3004912969577065,0.023946096637655234,0.15846037618056674,0.012249971970015178,0.009903038667302261,0.00043867283553622113,0.0036606146266024266,-0.00017902127982815427,0.0,0.0,8.659017263702973,8.378317559654992,15.47455783207666,100.0,0.0,100.0,0.0,True,0.013173529052919538,7.0715131212269675,True,0.6578086952875375,False,2.183847816606443,0.658043338096927,43.127631840466066,14.184221107509627,0.2696052929620042,-0.006939907358047059,0.1440639392126448,-0.002146464997906772,0.00943958853115554,-2.4777300610500166e-05,0.005109930209258785,0.0012702943028282043,0.0,0.0,-2.509502009080389,-1.468065839429411,13.884005094369531,100.0,0.0,100.0,0.0,1.1422754693577308,-0.3835290091517851,-25.13618321047504,7.419146929492408,0.2827448872808024,0.006199686960751127,0.14779264388402624,0.001582239673474678,0.009938595094402945,0.0004742292626369049,0.0025778408834680605,-0.0012617950229625204,0.0,0.0,2.2418349526862613,1.0821662671803844,14.560661670566102,100.0,0.0,100.0,0.0,1.525804478509516,0.0,0.0,9.910190593609308,0.27654520032005125,0.0,0.14621040421055156,0.0,0.00946436583176604,0.0,0.003839635906430581,0.0,0.0,0.0,0.0,0.0,14.241393141373331,100.0,0.0,100.0,0.0,0.15396318204954074,0.01941840925075279,12.832981121832521,0.19580620068320131,6.417182311016711,7.296151292474607,86.40346320950468,1.3183479112379441,-9.928359817676402,-7.839167329521346
0.1,1.0,33,0.2,2.0,5,60,60,0,1.8159016176519824,0.16912491693715093,10.270057674713119,11.794388719945264,0.3383945424514333,-0.025659291416288754,0.13330151829146408,-0.009657912722718404,0.001051653431938514,-0.0029549431586158685,-0.0002894942425127618,-0.0039781107871418985,0.0,0.0,-7.048213486363664,-6.75570170796237,17.426481133531308,100.0,0.0,100.0,0.0,False,0.011205207978837211,6.02932239431513,False,-0.3258607912362882,False,1.5611854997605634,-0.08559120095426809,-5.1974989029851315,10.139992425320365,0.39505332039975605,0.030999486532033993,0.154590896364503,0.011631465350320502,0.003921548990712139,-8.5047599842244e-05,0.003788398790914407,9.978224628527047e-05,0.0,0.0,8.51508311358633,8.13620008683904,20.344267921145036,100.0,0.0,100.0,0.0,True,0.012938369608545696,7.116580380038106,True,0.563615239539697,False,1.9161120649446253,0.26933536422979376,16.35530573834818,12.445261519264248,0.3565156975367143,-0.00753813633100775,0.14115672465466703,-0.0018027063595154602,0.005089020516804642,0.0010824239262502595,0.004324890235503107,0.0006362736908739706,0.0,0.0,-2.0706103410372823,-1.260991560141711,18.359675755772493,100.0,0.0,100.0,0.0,1.447349457169409,-0.19942724354542252,-12.110156978712128,9.40062057631217,0.370831702605036,0.006777868737313952,0.14431063377664358,0.00135120276246109,0.00314772938147633,-0.0008588672090780528,0.0033519710498599044,-0.0003366454947692321,0.0,0.0,1.861776503025836,0.9451651792927507,19.096914572992638,100.0,0.0,100.0,0.0,1.6467767007148315,0.0,0.0,10.695912352506122,0.36405383386772205,0.0,0.1429594310141825,0.0,0.004006596590554383,0.0,0.0036886165446291365,0.0,0.0,0.0,0.0,0.0,18.747871113778736,100.0,0.0,100.0,0.0,0.15396318204954074,0.01941840925075279,6.912658075726997,0.11383604259115443,6.653306610560494,7.191034907546289,22.38021465342525,0.36855216048257344,-8.9099899893895,-7.7008668872551205
0.2,0.01,11,0.0,0.0,3,60,0,0,0.008512245812571649,0.00044462554994488014,5.511235475529341,0.10539953789462637,0.005373771372567058,1.930049803582686e-05,0.007037181309632332,-0.000141475823135743,0.004734333079842192,-1.1695400595461251e-05,0.0042214201665486464,-1.6089817974410808e-05,0.0,0.0,0.3604557478803505,-1.9707839574891417,0.6529182618302292,0.0,0.0,0.0,0.0,False,0.00032452789636653006,0.2462299148140674,False,-0.7169033708669127,False,0.007702774889350686,-0.0003648453732760827,-4.522341922391016,0.0953765823638285,0.005380434043635829,2.5963169104597887e-05,0.0073198459551687915,0.00014118882240071653,0.004804134507185362,5.810602674770869e-05,0.004297512920511266,6.0002935988208786e-05,0.0,0.0,0.48488767075178796,1.9667859850310832,0.6537277826140079,0.0,0.0,0.0,0.0,True,0.0003283764517937689,0.23729100390775743,True,0.9785340571679387,False,0.008502002963486924,0.00043438270086015515,5.38427301632467,0.10527270984195666,0.005323156368179036,-3.1314506352195584e-05,0.007026599176706025,-0.00015205795606204955,0.00467445751420259,-7.157096623506328e-05,0.004158273737720514,-7.923624680254357e-05,0.0,0.0,-0.5848291471925671,-2.118194994547906,0.6467684913252421,0.0,0.0,0.0,0.0,0.007617976472442819,-0.00044964379018394996,-5.57343771207135,0.09432659929789247,0.0053959523671920735,4.148149266084214e-05,0.007349506760837756,0.00017084962806968116,0.00482933346018903,8.330497975137657e-05,0.004328396908071764,9.088692354870635e-05,0.0,0.0,0.7747075973118189,2.3799664047167157,0.6556132734807364,0.0,0.0,0.0,0.0,0.008067620262626769,0.0,0.0,0.09989413678988825,0.005354470874531231,0.0,0.007178657132768075,0.0,0.004746028480437653,0.0,0.004237509984523057,0.0,0.0,0.0,0.0,0.0,0.6505732332169277,0.0,0.0,0.0,0.0,0.08076169955395632,0.008230389141672283,1.0510957896803337,8.479841690786725e-05,-0.28981992656003097,-0.41318041968563257,11.084673187600691,0.0008942693401288301,-0.4142518494314684,-4.350750362205858
0.2,0.01,11,0.025,0.125,3,60,0,0,0.010421799847964965,0.0004956320879811061,4.99318669566704,0.12904384015596693,0.00368057908256025,5.211198780575221e-05,0.00646111415347992,-0.0001536262773884755,0.002363573695327524,7.014245977269434e-06,0.0018135435533091994,6.209309215906861e-07,0.0,0.0,1.4361984398615135,-2.322483837333389,0.4471938105483571,0.0,0.0,0.0,0.0,False,0.00033268463241156845,0.09532585089019904,False,-0.8222100782248023,False,0.009495445982126056,-0.0004307217778578027,-4.339255473740888,0.1175736275309835,0.0036009097588913146,-2.7557335863183288e-05,0.006752654016278511,0.00013791358541011527,0.0023819005465606715,2.5341097210416705e-05,0.0018409754343718919,2.8052811984283178e-05,0.0,0.0,-0.7594759754889768,2.0849432695276615,0.4375139130006759,0.0,0.0,0.0,0.0,True,0.00030892909059098225,0.15992464052288125,True,0.9811638344721211,False,0.010410052785765674,0.0004838850257818158,4.874842310569649,0.12889838677566204,0.0036627710270702683,3.430393231577044e-05,0.006470793335391363,-0.0001439470954770327,0.0023318615741984875,-2.46978751517672e-05,0.0017781357462499183,-3.478687613769037e-05,0.0,0.0,0.945411145256414,-2.1761563735031575,0.4450301151041386,0.0,0.0,0.0,0.0,0.009428532583749913,-0.0004976351762339456,-5.01336657073338,0.11674509867701308,0.003595852951052362,-3.261414370213595e-05,0.006775354084775051,0.00016061365390665494,0.002386554312288322,2.9994862938067125e-05,0.001852802992241707,3.988036985409825e-05,0.0,0.0,-0.8988408286596972,2.4281172569846188,0.4368995061054601,0.0,0.0,0.0,0.0,0.009926167759983858,0.0,0.0,0.12290687064296185,0.003628467094754498,0.0,0.006614740430868396,0.0,0.0023565594493502547,0.0,0.0018129226223876087,0.0,0.0,0.0,0.0,0.0,0.44086215515409416,0.0,0.0,0.0,0.0,0.08076169955395632,0.008230389141672283,0.6741110969924922,6.691339837614288e-05,0.13936485317072034,-0.34317398745695726,10.00655326640042,0.0009932672642150517,2.3350392685212107,-4.750601094318007
0.2,0.01,11,0.05,0.25,3,60,0,0,0.012934313737649125,0.00046520414590034767,3.730852972919485,0.16015405580968245,0.0032012261149361562,4.980612484914611e-05,0.007210974193282006,-0.0001824567403363531,0.00014683826525593182,6.100273200658723e-06,-0.00045922170750145526,-1.1537115369579824e-07,0.0,0.0,1.5804343757993111,-2.467822340866288,0.38895197539659937,0.0,0.0,0.0,0.0,False,0.0003307965314465952,0.11609868209117843,False,-0.8356754818353067,False,0.011939852374391012,-0.0005292572173577655,-4.244547002040888,0.14784052886868831,0.0030874584046857445,-6.396158540126562e-05,0.007563251106077841,0.0001698201724594818,0.00013662521738356381,-4.112774671709285e-06,-0.0004600012654050568,-8.949290572973301e-07,0.0,0.0,-2.029611591043423,2.296906185831804,0.37512909189837196,0.0,0.0,0.0,0.0,True,0.00035075837579874987,0.06275985035191986,True,0.9883371045095634,False,0.012994894278822331,0.0005257846870735539,4.216697938251213,0.16090417054857217,0.003212732523113836,6.13125330268258e-05,0.00721757296464454,-0.00017585796897381933,0.00014859728823488769,7.859296179614587e-06,-0.00046073402169658444,-1.6276853488249765e-06,0.0,0.0,1.9455525832700271,-2.3785705250073175,0.39035001478205444,0.0,0.0,0.0,0.0,0.011937294964072875,-0.0005318146276759028,-4.265056969487402,0.14780886274065658,0.00308733613473163,-6.408385535538021e-05,0.007589021751007348,0.00019559081738898879,0.00013350769266745345,-7.230299387819654e-06,-0.0004583523878185701,7.539485291893676e-07,0.0,0.0,-2.033491427894729,2.645467566344961,0.37511423598426996,0.0,0.0,0.0,0.0,0.012469109591748778,0.0,0.0,0.15439384832928452,0.00315141999008701,0.0,0.007393430933618359,0.0,0.0001407379920552731,0.0,-0.00045910633634775946,0.0,0.0,0.0,0.0,0.0,0.3829004845142343,0.0,0.0,0.0,0.0,0.08076169955395632,0.008230389141672283,0.020509967446513677,2.5574103181373598e-06,0.0038798368513059955,-0.3485613805131571,7.995909942406887,0.0009970187735762505,3.6139258036940403,-5.113289907211249
0.2,0.01,11,0.075,0.37499999999999994,3,60,0,0,0.016426821932916384,0.0008906163436076184,5.732521615319608,0.2033986657492484,0.004365175803416754,8.124796534100982e-05,0.009122868581904486,-0.00026066620906827626,0.0024282104323416886,6.9775591874485406e-06,0.0016446508866116956,-1.3683550525151736e-05,0.0,0.0,1.8965764226669402,-2.7779106155075506,0.5303729542160895,0.0,0.0,0.0,0.0,False,0.0005185948897100343,0.0804172923562425,False,-0.8464440868198112,False,0.0149015134324906,-0.0006346921568181653,-4.085245610131016,0.1845121327905563,0.00423943242641078,-4.44954116649637e-05,0.009639263747477575,0.00025572895650481306,0.0024471530807410134,2.5920207586773315e-05,0.0016939415885290742,3.560715139222688e-05,0.0,0.0,-1.0386592245902548,2.7252944887126374,0.5150950159750765,0.0,0.0,0.0,0.0,True,0.0004485420169310258,0.0655277152623087,True,0.9686490723350515,False,0.01607950299184594,0.0005432974025371753,3.4969761401139277,0.19909812548091982,0.004314376487185096,3.0448649109351966e-05,0.00908902948359245,-0.00029450530738031264,0.002393829435979516,-2.7403437174724002e-05,0.0016241095396671325,-3.422489746971488e-05,0.0,0.0,0.7107647528215244,-3.138532695201768,0.5242007896492346,0.0,0.0,0.0,0.0,0.01501149248508011,-0.0005247131042286565,-3.3773568533988607,0.18587390518015334,0.004257134400769727,-2.67934373060167e-05,0.009720560607390325,0.00033702581641756324,0.002455109182230761,3.3876309076520845e-05,0.0016958772618344675,3.754282469762009e-05,0.0,0.0,-0.6254409112094628,3.5916722634394826,0.5172458224623807,0.0,0.0,0.0,0.0,0.015536205589308766,0.0,0.0,0.19237095894606746,0.004283927838075744,0.0,0.009383534790972762,0.0,0.00242123287315424,0.0,0.0016583344371368474,0.0,0.0,0.0,0.0,0.0,0.5205012502246423,0.0,0.0,0.0,0.0,0.08076169955395632,0.008230389141672283,-0.7078887567321557,-0.00010997905258950877,-0.41321831338079207,-0.8663777747268453,9.109878468718469,0.001415329447836275,2.522017333876403,-6.369582878947034
0.2,0.01,11,0.1,0.5,3,60,0,0,0.030752710269799394,0.0009396060551918189,3.151654549047045,0.38078334705244443,0.004992894835362913,7.346553853895214e-05,0.01280554009318067,-0.0003708830076088864,0.00029440009612553977,9.421189686590671e-07,-0.0008132869692826704,2.0031129633940516e-06,0.0,0.0,1.4933752292442204,-2.8147472555481445,0.6066414053355972,0.0,0.0,0.0,0.0,False,0.0005808560422992023,0.012826973455466805,False,-0.8631117777751569,False,0.02954346646233602,-0.00026963775227155373,-0.9044269604754462,0.36581036091988434,0.004870375841788208,-4.9053455035752425e-05,0.013709150020038294,0.0005327269192487369,0.00030151279597495585,8.054818818075153e-06,-0.0008404421129108712,-2.5152030664806813e-05,0.0,0.0,-0.9971371083109526,4.043031368784855,0.5917552327056345,0.0,0.0,0.0,0.0,True,0.0006361324969888915,0.08111613998220717,True,0.9710596433610755,False,0.029591577303151397,-0.00022152691145617756,-0.7430521486844532,0.366406074495516,0.004911167047477022,-8.26224934693913e-06,0.012591548837669116,-0.0005848742631204412,0.0002892365747384437,-4.2214024184370055e-06,-0.0008023955289603627,1.2894553285701708e-05,0.0,0.0,-0.16795137908117708,-4.438793886979797,0.596711402454921,0.0,0.0,0.0,0.0,0.030381683072185372,0.0005685788575777971,1.9071440983968735,0.3761892486163888,0.004953830171654991,3.440087483103007e-05,0.01390572527938912,0.0007293021785995633,0.0003037973170561296,1.033933989924888e-05,-0.0008357738941886762,-2.0483811942611737e-05,0.0,0.0,0.6992858877601815,5.534902552999088,0.6018950120563136,0.0,0.0,0.0,0.0,0.029813104214607575,0.0,0.0,0.36914904440179164,0.004919429296823961,0.0,0.013176423100789557,0.0,0.0002934579771568807,0.0,-0.0008152900822460644,0.0,0.0,0.0,0.0,0.0,0.5977152734997426,0.0,0.0,0.0,0.0,0.08076169955395632,0.008230389141672283,-2.8115710588723197,-0.0008382166098493508,-1.6964229960711341,-1.491871184214233,1.2445104506501714,0.00037102719761402184,0.7940893414840389,-8.349649808547232
0.2,0.01,11,0.15,0.7499999999999999,3,60,0,0,1.3757429942944632,-0.27461129309651033,-16.639535837522512,17.03459686822637,0.04446572887779938,-0.004824237503459124,0.07018774737803257,-0.0059345540536565045,-0.00225803366586986,-0.000293217627817395,-0.00047524035023495056,-0.000693536533197706,0.0,0.0,-9.787463570462974,-7.796078077043001,5.4026277630858965,0.0,0.0,0.0,0.0,False,0.003890886628278271,0.9256023269635937,False,-0.7442640558244789,False,2.352937487435849,0.7025832000448753,42.57165903180591,29.134323577030074,0.05539895781946681,0.006108991438208311,0.083490246471447,0.00736794503975792,-0.0026358650533007404,-0.0006710490152482752,0.00012759660999290634,-9.069957296984905e-05,0.0,0.0,12.393985808298558,9.67908865231799,6.731025333780346,0.0,0.0,0.0,0.0,True,0.0036472017682400966,0.8050025309877992,True,0.9145400984203016,False,1.575915043419285,-0.07443924397168855,-4.510500838542297,19.51314858556719,0.04447855430910541,-0.00481141207215309,0.07090608370049689,-0.005216217731192185,-0.002180811018303474,-0.000215994980251009,0.0011015349389035137,0.0008832387559407583,0.0,0.0,-9.761443201110664,-6.852417272056776,5.40418606501856,0.0,0.0,0.0,0.0,1.6991872395951257,0.04883295220415218,2.958937518885807,21.03951810053119,0.054449599057003056,0.005159632675744555,0.08159358053841624,0.005471279106727164,-0.0014082873964718426,0.0005565286415806225,-0.0009881213918307172,-0.0012064175747934726,0.0,0.0,10.467916808534072,7.187485144070438,6.615677353736858,0.0,0.0,0.0,0.0,1.6503542873909736,0.0,0.0,20.434863264465893,0.0492899663812585,0.0,0.07612230143168908,0.0,-0.001964816038052465,0.0,0.0002182961829627554,0.0,0.0,0.0,0.0,0.0,5.988777144411372,0.0,0.0,0.0,0.0,0.08076169955395632,0.008230389141672283,39.6127215129201,0.6537502478407231,1.9260689997644853,2.491603508247552,-19.59847335640832,-0.3234442453006625,-20.255380378997046,-14.983563221113439
0.2,0.01,11,0.2,1.0,3,60,59,0,1.3523724515993774,-0.17055923050237043,-11.19940129336513,16.745220309484285,0.12058385629269208,-0.008887812594890854,0.09874610107844481,-0.005190215731320114,-0.014741158633563633,-0.001249960789665017,0.00044269182672754823,-0.0013308505532328707,0.0,0.0,-6.864677555526011,-4.993649852745685,14.651051635231841,100.0,0.0,87.5,0.0,False,0.006366005406016087,2.8931160345585654,False,-0.4503442400013594,False,1.3390957444264238,-0.18383593767532402,-12.071187423300444,16.58082670154537,0.13825957071035047,0.008787901822767535,0.10953528174089724,0.005598964931132322,-0.014468403962128347,-0.0009772061182297311,0.001116643024453272,-0.000656899355507147,0.0,0.0,6.78750949784841,5.386918743118563,16.798667515040286,100.0,0.0,100.0,0.0,True,0.004797754665957043,1.9340558841285311,True,0.7299640933229912,False,1.339633154107337,-0.18329852799441082,-12.035899584244426,16.587480965681483,0.1259003657808367,-0.0035713031067462486,0.10246650977134208,-0.0014698070384228379,-0.013497597936455318,-6.400092556702042e-06,0.0026272754723497866,0.0008537330923893676,0.0,0.0,-2.758366473090823,-1.4141419318456583,15.297012524398786,100.0,0.0,100.0,0.0,1.7441199780097656,0.2211882959080178,14.523848870407829,21.595880072391633,0.13275201264778694,0.003280343760204002,0.10524643953750772,0.0013101227277427935,-0.013325778925619517,0.0001654189182790991,0.0008070021846663245,-0.0009665401952940945,0.0,0.0,2.5336382765346555,1.2605052477862255,16.12949404489687,100.0,0.0,100.0,0.0,1.5229316821017478,0.0,0.0,18.857102940042612,0.12947166888758294,0.0,0.10393631680976492,0.0,-0.013491197843898616,0.0,0.001773542379960419,0.0,0.0,0.0,0.0,0.0,15.73092920139574,100.0,0.0,100.0,0.0,0.08076169955395632,0.008230389141672283,-26.595036293708272,-0.40502423358334183,4.253871221313754,4.126413495332337,-25.72325016377296,-0.39174752641038824,-9.398315832060668,-6.254155100531911
0.2,0.01,22,0.0,0.0,6,60,0,0,0.010165594093149096,0.0009819547966096812,10.692436461215337,0.12587147310288505,0.005849492799814485,0.00048373821527017934,0.007602598667200534,0.00015366027897770283,-0.0051234138753101085,-0.0004820714939421048,-0.005620804032138691,-0.0004934976440685041,0.0,0.0,9.015287740955479,2.0628480324209386,0.7107188614201979,0.0,0.0,0.0,0.0,False,0.0013794804733755451,1.337263018794756,False,-0.5160009286434435,False,0.008088559210901907,-0.0010950800856375075,-11.924249747593596,0.10015340508650389,0.005482297708014092,0.00011654312346978668,0.007825156886519207,0.00037621849829637573,-0.004866115130882892,-0.00022477274951488834,-0.0053477325377054505,-0.0002204261496352635,0.0,0.0,2.1719801312844567,5.05063243496815,0.6661043133739576,0.0,0.0,0.0,0.0,True,0.0008464797275334568,0.43419628005477706,True,0.5898172779521715,False,0.010229183258460714,0.001045543961921299,11.384854393347975,0.12665884094757898,0.0054838483429464685,0.00011809375840216279,0.007292412713558506,-0.00015652567466432465,-0.004689209563010537,-4.786718164253353e-05,-0.005175853176696533,-4.8546788626345656e-05,0.0,0.0,2.2008788613315344,-2.101315200992937,0.6662927169725827,0.0,0.0,0.0,0.0,0.00814034897674254,-0.0010432903197968753,-11.360314643346337,0.1007946715051982,0.00525964677164828,-0.00010610781289602592,0.007649197646156748,0.0002002592579339168,-0.0046091333134872505,3.220906788075316e-05,-0.005093197852300235,3.410853576995155e-05,0.0,0.0,-1.9775002979387502,2.6884268267077793,0.6390520157810672,0.0,0.0,0.0,0.0,0.009183639296539415,0.0,0.0,0.11371280380750148,0.005365754584544306,0.0,0.007448938388222831,0.0,-0.004641342381368004,0.0,-0.005127306388070187,0.0,0.0,0.0,0.0,0.0,0.6519442145665145,0.0,0.0,0.0,0.0,0.08076169955395632,0.008230389141672283,-0.5639351042472587,-5.178976584063223e-05,4.149480429223207,2.3622056082603704,22.052751104561672,0.0020252451164065564,10.99278803889423,-0.6255787942868407
0.2,0.01,22,0.025,0.125,6,60,0,0,0.01125277795786062,0.0007098643487624644,6.733094617695401,0.13933309997200738,0.0039582927398859255,0.0002417101899103791,0.006621373876312336,-0.0002059618244868609,-0.002610240180305024,-0.00026987427445837467,-0.003122355534833378,-0.0002742963086954822,0.0,0.0,6.503560371932804,-3.016723265310528,0.4809362803812292,0.0,0.0,0.0,0.0,False,0.0010016572735866579,0.4426508167674059,False,-0.5979108581777047,False,0.009363873980550318,-0.0011790396285478368,-11.183242813735738,0.11594448893803158,0.0036734566807789734,-4.3125869196572984e-05,0.00722958793948165,0.0004022522386824528,-0.002462257309304411,-0.0001218914034577614,-0.0029664011849556116,-0.00011834195881771587,0.0,0.0,-1.1603635494886744,5.891789364266442,0.44632843205182715,0.0,0.0,0.0,0.0,True,0.0007851878557662623,0.13087772764927366,True,0.8413070736394586,False,0.01162054078543696,0.0010776271763388058,10.22134123729186,0.14388677862918622,0.003841940164274023,0.00012535761429847666,0.0065076277407793365,-0.0003197079600198603,-0.0023661475953817256,-2.5781689535076067e-05,-0.0028672716105688947,-1.9212384430998975e-05,0.0,0.0,3.372926946000465,-4.682763145547919,0.46679933331723394,0.0,0.0,0.0,0.0,0.009465842270750403,-0.0010770713383477515,-10.216069089461932,0.11720707121110473,0.003592413006149434,-0.00012416954382611254,0.007211057223649443,0.0003837215228502458,-0.0023233694302517284,1.699647559492111e-05,-0.0028352545266242105,1.2804699513685198e-05,0.0,0.0,-3.340960200841747,5.620369931499458,0.436481549573428,0.0,0.0,0.0,0.0,0.010542913609098155,0.0,0.0,0.13054348369742405,0.0037165825499755464,0.0,0.006827335700799197,0.0,-0.0023403659058466495,0.0,-0.0028480592261378957,0.0,0.0,0.0,0.0,0.0,0.4515682656069889,0.0,0.0,0.0,0.0,0.08076169955395632,0.008230389141672283,-0.9671737242738061,-0.00010196829020008534,2.180596651353073,0.2714194327669839,16.949163707157332,0.0017869356871102159,9.84452057277455,-8.637093196809985
0.2,0.01,22,0.05,0.25,6,60,0,0,0.013290119935716639,0.00029345539523025974,2.2579285193990106,0.16455968620171996,0.0032223494835044763,1.947124022933129e-05,0.006945378333402738,-0.0004584095233801308,0.00010380608783272218,-1.0215481027793494e-05,-0.000481706493361997,-2.242493271039801e-06,0.0,0.0,0.6079294543966496,-6.191554002457888,0.39151848448927007,0.0,0.0,0.0,0.0,False,0.0007297406406547232,0.13818444020211446,False,-0.7445007132071403,False,0.011704584970189844,-0.0012920795702965355,-9.941624378097414,0.14492742271192663,0.003054404514931419,-0.00014847372834372614,0.007939608431126063,0.0005358205743431939,9.567512707812708e-05,-1.834644178238859e-05,-0.0005027405544184155,-2.3276554327458256e-05,0.0,0.0,-4.635634484559814,7.2371140922455,0.3711130132919587,0.0,0.0,0.0,0.0,True,0.0008585436318498507,0.013930456209407582,True,0.95727566227024,True,0.01405452591823229,0.0010578613777459112,8.139483591736397,0.17402464281775745,0.003311102408986812,0.00010822416571166713,0.0068755397626421265,-0.0005282480941407423,0.0001203968270935807,6.3752582330650235e-06,-0.00044452772385968254,3.4936276231274676e-05,0.0,0.0,3.378965964094882,-7.1348356322337825,0.4023020481767949,0.0,0.0,0.0,0.0,0.011949187481162235,-0.0010474770593241443,-8.059583719046614,0.14795611715896428,0.0030876098839290374,-0.00011526835934610753,0.008045861074253762,0.0006420732174708937,0.00010402518106354207,-9.9963877969736e-06,-0.0005154727712165603,-3.600877112560312e-05,0.0,0.0,-3.5988991960006045,8.672226026609708,0.3751474967685045,0.0,0.0,0.0,0.0,0.01299666454048638,0.0,0.0,0.1609260901177965,0.003202878243275145,0.0,0.007403787856782869,0.0,0.00011402156886051567,0.0,-0.0004794640000909572,0.0,0.0,0.0,0.0,0.0,0.38915271053931866,0.0,0.0,0.0,0.0,0.08076169955395632,0.008230389141672283,-1.8820406590507996,-0.00024460251097239115,-1.0367352885592096,-1.4351119343642083,10.317512238445625,0.001340932454554404,4.206828650397254,-14.863780029067597
0.2,0.01,22,0.075,0.37499999999999994,6,60,0,0,0.0174914025228107,-0.0013432022200400573,-7.131565744961598,0.2165804164525391,0.004571428144192857,1.414916192027469e-05,0.008812208301147864,-0.0007032567253723119,-0.0025899713091562786,-0.0002761452090717254,-0.003235362209828404,-0.00024807356187622406,0.0,0.0,0.31047390285550147,-7.390671117095094,0.5554328070645778,0.0,0.0,0.0,0.0,False,0.0011439094329695242,0.2818556820937138,False,-0.5602316426043462,False,0.01744184533666778,-0.0013927594061829765,-7.394683483929443,0.2159667940743992,0.00451088081287261,-4.6398169399972794e-05,0.010380223428341724,0.0008647584018215485,-0.002425690870260986,-0.00011186477017643276,-0.0031722663159482194,-0.00018497766799603936,0.0,0.0,-1.018111236561503,9.087925807213981,0.54807624952179,0.0,0.0,0.0,0.0,True,0.001098993914397046,0.2315237143374424,True,0.8336003346535186,False,0.019061877043988415,0.00022727230113765706,1.206674120538298,0.23602619990993765,0.004566511397776679,9.232415504096918e-06,0.00870377474060511,-0.0008116902859150663,-0.002349854469349338,-3.6028369264784563e-05,-0.0029509585900564343,3.6330057895745706e-05,0.0,0.0,0.20258613835164585,-8.53022194556794,0.5548354177635928,0.0,0.0,0.0,0.0,0.019044900747066076,0.00021029600421531777,1.1165405756398572,0.23581599758611213,0.004586662194796724,2.9383212524141528e-05,0.010575364836019676,0.0010598998094995,-0.002285287176206335,2.8538923878218114e-05,-0.0030590491294131958,-7.176048146101573e-05,0.0,0.0,0.6447534293695822,11.138707425706418,0.5572837585009727,0.0,0.0,0.0,0.0,0.018834604742850758,0.0,0.0,0.23321208997425186,0.004557278982272582,0.0,0.009515465026520176,0.0,-0.0023138261000845532,0.0,-0.00298728864795218,0.0,0.0,0.0,0.0,0.0,0.5537136706207572,0.0,0.0,0.0,0.0,0.08076169955395632,0.008230389141672283,-8.511224059569301,-0.0016030554103982943,-1.6628646659310853,-2.0507816184924366,-8.248106320601455,-0.001553498224255375,-0.33427952651408077,-18.52937854280151
0.2,0.01,22,0.1,0.5,6,60,0,0,0.029028860602897076,-0.00662948171771504,-18.591671082485806,0.35943845613975844,0.004952834627691546,-0.0005463255736563935,0.011531998258360977,-0.0017255539848030025,0.00016539197292193158,-1.184117575323633e-05,-0.0006810068669559624,-1.206843382538052e-05,0.0,0.0,-9.934709185640378,-13.015630284940071,0.6017740525310338,0.0,0.0,0.0,0.0,False,0.0010551986491379895,0.20874467833319596,False,-0.6647695866113741,False,0.03710309481410264,0.0014447524934905268,4.051653552765955,0.45941448754820136,0.005560033955724362,6.087375437642279e-05,0.01500882368147308,0.0017512714383091012,0.0002150961549547559,3.7863006279588e-05,-0.0009422034932766103,-0.0002732650601460284,0.0,0.0,1.1069645572700626,13.20961370687499,0.6755493403796279,0.0,0.0,0.0,0.0,True,0.001533001406461305,0.1495423368634147,True,0.8922146240244312,False,0.03174244156975772,-0.0039159007508543925,-10.981724039905316,0.39303830584385885,0.005127345134428959,-0.00037181506691898094,0.01132458347625534,-0.0019329687669086392,0.00015735306538821692,-1.988008328695099e-05,-0.000527896861578955,0.00014104157155162683,0.0,0.0,-6.761306332334938,-14.580133130573481,0.6229772427731363,0.0,0.0,0.0,0.0,0.0447176537899133,0.009059311469301182,25.405868247735384,0.5536987710373499,0.006088363614000865,0.0005892034126529257,0.016059029072881946,0.002801476829717967,0.00021187206581709883,3.4638917141930926e-05,-0.0009325165567811609,-0.000263578123650579,0.0,0.0,10.714425313677921,21.131176995078405,0.7397418893809203,0.0,0.0,0.0,0.0,0.035658342320612116,0.0,0.0,0.4415254076815091,0.0054991602013479395,0.0,0.013257552243163979,0.0,0.0001772331486751679,0.0,-0.0006689384331305819,0.0,0.0,0.0,0.0,0.0,0.6681531221293625,0.0,0.0,0.0,0.0,0.08076169955395632,0.008230389141672283,-21.35421469496943,-0.007614558975810655,-9.607460756407859,-7.921563288203416,-43.99753933022119,-0.01568879318701622,-20.6491344993183,-34.14680728001848
0.2,0.01,22,0.15,0.7499999999999999,6,60,0,0,1.0623189503227999,-0.4618133001929112,-30.300080589243507,13.153746840271385,0.028761054981499095,-0.009949636888057545,0.05379952734715737,-0.012223186510177106,0.002603631804093008,-0.000874460535250172,-0.0023145073936151547,-0.001225053857839809,0.0,0.0,-25.702555050126264,-18.513608114609838,3.4944951552625265,0.0,0.0,0.0,0.0,False,0.004406346539374425,0.09826191501098447,True,-0.4518799700372357,False,2.9987805991657392,1.4746483486500281,96.75330655532422,37.1312220486677,0.05424754242142509,0.015536850551868452,0.08710639944642809,0.021083685589093612,0.00659137574244826,0.0031132834031050802,-0.0010087360404897525,8.071749528559325e-05,0.0,0.0,40.13581210127413,31.93398810393102,6.591127283005098,0.0,0.0,0.0,0.0,True,0.00780355479483472,0.596960768727947,True,0.8538064214020381,False,0.8113471196828438,-0.7127851308328673,-46.7666195365715,10.046186796016947,0.026165356187026916,-0.012545335682529725,0.04794756044332185,-0.018075153414012626,0.0018829495521535521,-0.0015951427871896276,-0.0013630946483795202,-0.0002736411126041745,0.0,0.0,-32.40793454377856,-27.377174245018786,3.17911531722673,0.0,0.0,0.0,0.0,2.552509223597713,1.0283769730820018,67.47294880310002,31.605442155070048,0.05466714711117918,0.015956455241622543,0.084266859341175,0.018244145483840526,0.004368719195104612,0.0008906268557614325,0.0015725167698645345,0.00266197030563988,0.0,0.0,41.2197624764522,27.63313474702582,6.642109646357706,0.0,0.0,0.0,0.0,1.524132250515711,0.0,0.0,18.871968506525164,0.03871069186955664,0.0,0.06602271385733448,0.0,0.0034780923393431798,0.0,-0.0010894535357753457,0.0,0.0,0.0,0.0,0.0,4.703385368931809,0.0,0.0,0.0,0.0,0.08076169955395632,0.008230389141672283,29.28035775222419,0.4462713755680263,-1.0839503751780768,4.3008533569052005,-97.77302939234353,-1.490190273274913,-66.92231752657847,-46.14674286163566
0.2,0.01,22,0.2,1.0,6,60,58,0,1.7631277148819238,0.5464193930530497,44.90964541375937,21.831235902904577,0.11145131676288471,-0.0076224740259355495,0.10358957597664126,-0.0067734407634327115,0.01473960964058128,-0.0030619511345422352,-0.0012337422654794714,0.0008871879237873283,0.0,0.0,-6.401470865619929,-6.137419004579647,13.541439516946047,100.0,0.0,100.0,0.0,False,0.009979365581536562,1.1977685676473635,False,-0.2626771224532087,False,1.0981471381788896,-0.11856118364998447,-9.744421199632402,13.59737529353534,0.14697554682351266,0.0279017560346924,0.12953797931635938,0.019174962576285412,0.023440159596568897,0.005638598821445382,-0.000506532758520915,0.0016143974307458848,0.0,0.0,23.43232364557597,17.3744458448849,17.857666787508617,100.0,0.0,100.0,0.0,True,0.012567171736325348,1.76768445856149,True,0.494785247925087,False,1.2863359558976688,0.06962763406879469,5.722623312392172,15.927549358198894,0.10446472172591192,-0.014609069062908334,0.10177874030044815,-0.008584276439625824,0.01364554439074707,-0.004156016384376446,-0.00184175919496361,0.0002791709943031897,0.0,0.0,-12.268920781079196,-7.778218368063861,12.69256166722226,100.0,0.0,75.0,0.0,1.0643553501137237,-0.1523529717151504,-12.521733350696874,13.178961760241753,0.13251193632156455,0.013438145532744292,0.11702758973948406,0.00666457299941009,0.019864231831221636,0.0020626710560981212,-0.002422426335440702,-0.00030149614617390203,0.0,0.0,11.285561200094074,6.038773854022517,16.10032454609312,100.0,0.0,100.0,0.0,1.2167083218288741,0.0,0.0,15.065412547639614,0.11907379078882026,0.0,0.11036301674007397,0.0,0.017801560775123515,0.0,-0.0021209301892667998,0.0,0.0,0.0,0.0,0.0,14.46757726022009,100.0,0.0,100.0,0.0,0.08076169955395632,0.008230389141672283,2.7773121510644714,0.03379178806516592,12.146762445481896,11.335671990862384,57.43137876445624,0.6987723647682,-17.687032065714003,-12.176192858602164
0.2,0.01,33,0.0,0.0,5,60,0,0,0.009624325219453347,0.001166788087250157,13.795837594463013,0.11916942402906472,0.0030363981672628442,-0.0002928396083834452,0.0055478435070709,-0.0006150098687001818,-0.0012946505700452897,0.0008105753990094154,-0.0017967951810079093,0.0008094862479780089,0.0,0.0,-8.79599560372637,-9.979303923050631,0.3689252251620629,0.0,0.0,0.0,0.0,False,0.001997132820833771,0.9608604712165947,False,-0.9459151922765894,False,0.007520625221363458,-0.0009369119108397321,-11.077833844468932,0.09312118569692782,0.003297537697737888,-3.1700077908401476e-05,0.006486269738984491,0.000323416363213409,-0.0022272921041478215,-0.00012206613509311648,-0.0027224828711089988,-0.00011620144212308057,0.0,0.0,-0.9521722401533039,5.2478347851808715,0.4006539230376999,0.0,0.0,0.0,0.0,True,0.0006536234399618316,0.35824780750100826,True,0.8809219693218749,False,0.009437714404256281,0.0009801772720530906,11.589393658361091,0.11685878896036618,0.0032589579312369984,-7.02798444092911e-05,0.0057844460774398995,-0.00037840729833118255,-0.001789031589493595,0.0003161943795611101,-0.0022924631537309,0.000313818275255018,0.0,0.0,-2.110989035490207,-6.140131449806507,0.39596644522385616,0.0,0.0,0.0,0.0,0.0075111373851177035,-0.0009463997470854869,-11.19001586740831,0.09300370629396632,0.003453244633000171,0.00012400685735388132,0.006587955754720213,0.0004251023789491309,-0.0024547450762403547,-0.00034951910718564964,-0.0029511713207375,-0.000344889891751582,0.0,0.0,3.7247822387756147,6.897817504800585,0.4195724617096935,0.0,0.0,0.0,0.0,0.00845753713220319,0.0,0.0,0.10472212916411906,0.0033292377756462895,0.0,0.006162853375771082,0.0,-0.002105225969054705,0.0,-0.002606281428985918,0.0,0.0,0.0,0.0,0.0,0.40450551223509246,0.0,0.0,0.0,0.0,0.08076169955395632,0.008230389141672283,0.11218202293937729,9.487836245754798e-06,-4.676954478928918,-1.6499827196197137,24.985853461871322,0.002113187834335644,-12.520777842501985,-16.877121427851215
0.2,0.01,33,0.025,0.125,5,60,0,0,0.010878212852350475,0.0011434617961640792,11.746184258480996,0.1346951947820615,0.0029402524216195045,4.953881225817393e-05,0.006023945886002334,-0.0005283564401805316,-0.0004711243329739374,0.000403992329873107,-0.000986702620487824,0.00040853101060740337,0.0,0.0,1.7137225942323253,-8.06367615348318,0.35724342689124566,0.0,0.0,0.0,0.0,False,0.0012269256650449807,0.5188920240460696,False,-0.9019423383528331,False,0.008732410161098787,-0.001002340895087609,-10.29652313965056,0.10812563640101117,0.0027782019989264235,-0.00011251161043490708,0.006926333209455175,0.0003740308832723095,-0.000946112054300955,-7.099539145391065e-05,-0.0014566209909583744,-6.138735986314708e-05,0.0,0.0,-3.8921742392794556,5.7083886648161775,0.33755414854684956,0.0,0.0,0.0,0.0,True,0.0006925722864644209,0.1426191887936479,True,0.9500941321125113,False,0.010788557444797226,0.0010538063886108302,10.82520120472048,0.13358507193857982,0.0029820809940576593,9.13673846963288e-05,0.006182205292404127,-0.00037009703377873914,-0.0007150721157750198,0.00016004454707202465,-0.0012367762536103603,0.00015845737748486702,0.0,0.0,3.1607207438482776,-5.64835099717299,0.3623256376735242,0.0,0.0,0.0,0.0,0.008723218441747522,-0.0010115326144388738,-10.39094485930433,0.10801182354910203,0.002814861294991019,-7.585231437031142e-05,0.006964664622813215,0.0004123622966303491,-0.001052164963814075,-0.00017704830096703056,-0.0015654546338585255,-0.00017022100276329818,0.0,0.0,-2.623999628488627,6.2933954525046465,0.34200828740147327,0.0,0.0,0.0,0.0,0.009734751056186396,0.0,0.0,0.1205367285477032,0.0028907136093613305,0.0,0.006552302326182866,0.0,-0.0008751166628470444,0.0,-0.0013952336310952274,0.0,0.0,0.0,0.0,0.0,0.3512244147393964,0.0,0.0,0.0,0.0,0.08076169955395632,0.008230389141672283,0.09442171965377,9.191719351264727e-06,-1.2681746107908287,-0.585006787688469,22.137129117785328,0.002154994410602953,4.337722222720952,-14.357071605987827
0.2,0.01,33,0.05,0.25,5,60,0,0,0.013518286167079228,0.0009236897219298979,7.334016027846979,0.16738486487704182,0.003254795907878731,9.465925265165608e-05,0.006804415163402563,-0.0005978388034593284,0.0003692311037961589,8.570194929337111e-06,-0.0001953999669149926,3.558582043289841e-05,0.0,0.0,2.9954164322319343,-8.076442744814061,0.3954607554822625,0.0,0.0,0.0,0.0,False,0.0008052082771545575,0.019787736763907444,False,-0.9124207820731699,False,0.01147919928999527,-0.0011153971551540603,-8.856156368421342,0.14213667311850092,0.003026759378295685,-0.00013337727693138977,0.007886007609235942,0.0004837536423740506,0.00033804622883971014,-2.2614680027111672e-05,-0.00024983339461808493,-1.8847607270193933e-05,0.0,0.0,-4.220617380921643,6.535220819762455,0.3677541032623272,0.0,0.0,0.0,0.0,True,0.0007814126787960404,0.010349135997420645,True,0.9972302606190941,True,0.0137607113147197,0.00116611486957037,9.258850608266101,0.1703865989784708,0.0032879041056428455,0.00012776745041577064,0.0069572659089746445,-0.00044498805788724654,0.00037759407264121886,1.6933163774397048e-05,-0.00020189103322551551,2.9094754122375484e-05,0.0,0.0,4.043098902208375,-6.011521083704386,0.39948343256280056,0.0,0.0,0.0,0.0,0.011482525121000807,-0.0011120713241485232,-8.829749559596456,0.14217785391365387,0.0030279638276268844,-0.00013217282760019048,0.0079009351518056,0.0004986811849437096,0.0003390554023811384,-2.1605506485683425e-05,-0.00025622029050579947,-2.5234503157908468e-05,0.0,0.0,-4.182503544002369,6.736882943711264,0.36790044498572166,0.0,0.0,0.0,0.0,0.01259459644514933,0.0,0.0,0.15594763996682573,0.003160136655227075,0.0,0.007402253966861891,0.0,0.0003606609088668218,0.0,-0.000230985787347891,0.0,0.0,0.0,0.0,0.0,0.3839595675041175,0.0,0.0,0.0,0.0,0.08076169955395632,0.008230389141672283,-0.026406808824885886,-3.3258310055371554e-06,-0.03811383691927439,-0.20166212394880922,16.163765587443436,0.002035761046078421,7.177919976234303,-14.813325688525325
0.2,0.01,33,0.075,0.37499999999999994,5,60,0,0,0.017227990850246774,0.0003632151632349742,2.1536910420617117,0.2133188249553475,0.003730283659649555,-6.90452775076989e-05,0.008217121937043274,-0.0010336110470989882,-0.00040429922023163615,0.00038195638597197517,-0.001090899287770978,0.00044933056651939624,0.0,0.0,-1.8173019143575386,-11.173288093719913,0.4532329632826597,0.0,0.0,0.0,0.0,False,0.0013609496880122357,0.3056854566044754,False,-0.8525921148377307,False,0.01567635530614807,-0.0011884203808637285,-7.046760673958897,0.1941063077266571,0.003698481654141097,-0.00010084728301615678,0.010027943548070548,0.0007772105639282864,-0.0008488090098725318,-6.255340366892047e-05,-0.0016263258803907482,-8.609602610037395e-05,0.0,0.0,-2.6543446141205407,8.401610610322363,0.44936898978626244,0.0,0.0,0.0,0.0,True,0.0009831655003422223,0.05675800763285757,True,0.9641732703328765,False,0.01804791121829047,0.0011831355312786687,7.015424060397346,0.22347116662933508,0.0038656764410571983,6.634750389994436e-05,0.008531373207600581,-0.0007193597765416809,-0.0006386925463545359,0.00014756305984907543,-0.0013463889540815505,0.00019384090020882374,0.0,0.0,1.7462953326064845,-7.776246247457552,0.4696833132086577,0.0,0.0,0.0,0.0,0.015808252469022108,-0.0010565232179896925,-6.264674002176984,0.19573947250157517,0.003744100214397173,-5.5228722760081e-05,0.010087459180143156,0.0008367261960008938,-0.0009534196693212086,-0.00016716406311759733,-0.0017450633329674672,-0.00020483347867709294,0.0,0.0,-1.4536441480480056,9.04497186801545,0.4549116876430501,0.0,0.0,0.0,0.0,0.0168647756870118,0.0,0.0,0.20882145596434065,0.003799328937157254,0.0,0.009250732984142262,0.0,-0.0007862556062036113,0.0,-0.0015402298542903743,0.0,0.0,0.0,0.0,0.0,0.46162202925745155,0.0,0.0,0.0,0.0,0.08076169955395632,0.008230389141672283,-0.7820866717819124,-0.00013189716287403605,-1.200700466072535,-0.6433612576930869,8.418365044238696,0.0014197383812246667,-0.36365776630953306,-20.218259961735363
0.2,0.01,33,0.1,0.5,5,60,0,0,0.027392075073010114,-0.0025380838271562046,-8.480021224150935,0.3391716026816605,0.004746552052753128,-0.00028409405347425924,0.01044172493665261,-0.0016440767453824272,0.0004466607229698338,-9.615880509416229e-06,-0.00037479848524230453,0.00011727364034406541,0.0,0.0,-5.647267716220028,-13.603373517424732,0.5767105262034675,0.0,0.0,0.0,0.0,False,0.0011477672938823354,0.08180740695100049,False,-0.8564927125321401,False,0.02980213334596124,-0.00012802555420507802,-0.42774765958347727,0.3690132019330604,0.005003413697250978,-2.7232408976408592e-05,0.013317970432564765,0.0012321687505297274,0.00046042528754600164,4.148684066751637e-06,-0.0006387178190828605,-0.00014664569349649053,0.0,0.0,-0.5413302466794057,10.195175983743688,0.6079194569206439,0.0,0.0,0.0,0.0,True,0.0012783341324126335,0.022643647435494862,True,0.9967517230711217,True,0.03038098696382536,0.0004508280636590402,1.506266856660532,0.3761806293282379,0.005009444705153921,-2.1201401073465444e-05,0.010948807187929569,-0.001136994494105469,0.00044923390666770814,-7.042696811541862e-06,-0.0003562048927553076,0.00013586723283106234,0.0,0.0,-0.42144489248051586,-9.407687830883049,0.6086522300373373,0.0,0.0,0.0,0.0,0.030121468344788023,0.00019130944462170466,0.6391861976404067,0.37296724203611,0.005030807994439627,1.6188821224012717e-07,0.013353273605337996,0.0012674719233029576,0.0004593460906301207,3.069487150870716e-06,-0.0006632456249310687,-0.00017117349934469878,0.0,0.0,0.0032180401646542123,10.487280501938013,0.6112478897221921,0.0,0.0,0.0,0.0,0.02993015890016632,0.0,0.0,0.3705984280354352,0.005030646106227387,0.0,0.012085801682035038,0.0,0.00045627660347925,0.0,-0.0004920721255863699,0.0,0.0,0.0,0.0,0.0,0.61122822015257,0.0,0.0,0.0,0.0,0.08076169955395632,0.008230389141672283,-1.066933857223884,-0.0003193349988267827,-0.5445482868440599,-0.2921045181943249,-9.11920742179134,-0.0027293932717779093,-5.650485756384683,-24.090654019362745
0.2,0.01,33,0.15,0.7499999999999999,5,60,0,0,0.32808186396034994,-0.2610824444531364,-44.31402933354611,4.062344722465391,0.016343278040541406,-0.006583822690751879,0.03239072779280981,-0.01203200091513136,0.001123167345698016,-0.0009377070013010761,0.0003741233139983292,-4.271535882866841e-05,0.0,0.0,-28.71633342529697,-27.085236015635562,1.9857236102958693,0.0,0.0,0.0,0.0,False,0.003148069545980486,0.22599605530078082,False,-0.776568839530503,False,0.9271380225600754,0.33797371414658905,57.364933571195365,11.479922137357462,0.030264951999260194,0.0073378512679669085,0.060000291233830785,0.015577562525889613,0.0030206682666518224,0.0009597939196527303,0.0006730260372666315,0.00025618736443963386,0.0,0.0,32.005142534011945,35.06664939091171,3.6772200534263977,0.0,0.0,0.0,0.0,True,0.00484327174086293,0.1907968924843439,True,0.9958980348770989,False,0.4204382507098189,-0.16872605770366744,-28.638200803103032,5.205911379179522,0.01806219880201457,-0.004864901929278714,0.03393057945352173,-0.010492149254419443,0.0014514899327883353,-0.0006093844142107568,0.00038618284489666836,-3.065582793032926e-05,0.0,0.0,-21.219001854162013,-23.618876101467013,2.194574094991652,0.0,0.0,0.0,0.0,0.8634567399864624,0.2742924315729761,46.5561860513235,10.69141368687509,0.029346364645169053,0.006419263913875768,0.057702142735160056,0.013279414027218883,0.0028639887248646987,0.0008031143778656066,0.0006190251747315383,0.0002021865019045407,0.0,0.0,27.99858555649861,29.893287543241364,3.5656108283607044,0.0,0.0,0.0,0.0,0.5891643084134863,0.0,0.0,7.295095468116911,0.022927100731293285,0.0,0.04442272870794117,0.0,0.002060874346999092,0.0,0.0004168386728269976,0.0,0.0,0.0,0.0,0.0,2.7856642421933975,0.0,0.0,0.0,0.0,0.08076169955395632,0.008230389141672283,10.808747519871865,0.06368128257361294,4.006556977513334,5.173361847670343,-90.87021538486961,-0.5353748760261126,-56.71491898179558,-56.97852355887693
0.2,0.01,33,0.2,1.0,5,60,7,0,5.021286961575483,0.2254112798469059,4.700106816898586,62.17411210150174,0.0633637040631692,-0.013974988082331843,0.07767510934431258,-0.011057883097040061,0.00031215859499638017,-0.0027735184404195485,0.006069145530142657,-0.0010138250513016343,0.0,0.0,-18.069853128677195,-12.461974732057723,7.698749472530373,0.0,0.0,0.0,0.0,False,0.007156091390910856,0.5491857837276091,False,-0.5531103875632657,False,5.320822391762186,0.5249467100336087,10.945794780159979,65.88299182841469,0.09709953157255972,0.019760839427058682,0.10818795376850837,0.019454961327155726,0.004084256012601455,0.0009985789771855265,0.009187807348362791,0.0021048367669184997,0.0,0.0,25.551039045089684,21.925284825725132,11.797684155773789,50.0,0.0,37.5,0.0,True,0.009574282313254856,1.0726876221743153,True,0.9123461024771865,False,4.369400522638955,-0.4264751590896223,-8.892539911207786,54.10238450615802,0.06402544058941799,-0.013313251556083053,0.07575396322939291,-0.01297902921195973,0.0023838628508669434,-0.0007018141845489853,0.005572782258760984,-0.0015101883226833071,0.0,0.0,-17.21421863591407,-14.627061316046696,7.779151081112679,0.0,0.0,0.0,0.0,4.822511879082324,0.02663619735374656,0.5553979944731502,59.71285777437655,0.09012851233172771,0.012789820186226666,0.10009832989561583,0.011365337454263186,0.004242816459035026,0.0011571394236190974,0.008249389488880049,0.0011664189074357574,0.0,0.0,16.5374146257407,12.808468576978305,10.950698779889652,0.0,0.0,25.0,0.0,4.795875681728577,0.0,0.0,59.38304553044338,0.07733869214550104,0.0,0.08873299244135265,0.0,0.0030856770354159286,0.0,0.007082970581444291,0.0,0.0,0.0,0.0,0.0,9.396723631683235,0.0,0.0,0.0,0.0,0.08076169955395632,0.008230389141672283,10.390396785686828,0.49831051267986215,9.013624419348986,9.116816248746828,4.144708822425436,0.19877508249315934,-34.60726775441789,-25.270443309036025
0.2,0.05,11,0.0,0.0,4,60,0,0,0.008511050117460273,0.0005519366339778575,6.934649633068979,0.10538473266989774,0.00729929110726312,0.0002125438841648437,0.011553087514102542,-2.8854906325351606e-05,0.005025377590477456,0.00015483586359428796,0.003896607397002673,0.00015343680096436977,0.0,0.0,2.999174056499232,-0.24913702104457647,0.41108763987482144,0.0,0.0,0.0,0.0,False,0.0008638894527825012,0.0013987298100823884,False,-0.33379647024801257,False,0.007442304867873349,-0.0005168086156090669,-6.493293715205873,0.09215141470495193,0.007019211287328656,-6.753593576962029e-05,0.011818895098613703,0.00023695267818580994,0.004951882663747577,8.134093686440903e-05,0.0038265677768271424,8.3397180788839e-05,0.0,0.0,-0.9529892014420449,2.045880298695657,0.39531386808500246,0.0,0.0,0.0,0.0,True,0.0007634894335705887,0.1174547672917091,True,0.9657757025474651,False,0.008551286372588982,0.0005921728891065663,7.440186527500892,0.10588294228350088,0.007184512836822834,9.776561372455781e-05,0.01129685681429139,-0.000285085606136503,0.004805159918394461,-6.538180848870718e-05,0.0036809172783522997,-6.225331768600377e-05,0.0,0.0,1.3795555372132506,-2.4614662704045,0.40462346032493873,0.0,0.0,0.0,0.0,0.0073807813943471915,-0.0005783320891352244,-7.266287763523405,0.09138962447683702,0.006992925828229318,-9.382139486895785e-05,0.011881111653338477,0.00029916923291058335,0.004938131132543287,6.758940566011905e-05,0.003808825800952407,6.565520491410345e-05,0.0,0.0,-1.3238992716314235,2.5830661390866316,0.3938335014048161,0.0,0.0,0.0,0.0,0.007959113483482416,0.0,0.0,0.09855059424752448,0.007086747223098276,0.0,0.011581942420427893,0.0,0.004870541726883168,0.0,0.0037431705960383034,0.0,0.0,0.0,0.0,0.0,0.3991174139409343,0.0,0.0,0.0,0.0,0.08076169955395619,0.017756046154746456,0.7729940483175319,6.152347352615748e-05,0.3709100701893786,-0.5371858403909746,14.200937396592384,0.0011302687231130818,4.323073328130656,-2.832203160131208
0.2,0.05,11,0.025,0.125,4,60,0,0,0.010625576954901059,0.0008130496429686399,8.285833171439316,0.1315670300846282,0.006528148003384802,0.0002323775545407412,0.012360183474958004,-4.4981459588505635e-05,0.002663598090134385,0.00010931020508561954,0.0014405520886209586,0.00010767600083370714,0.0,0.0,3.6910105987648656,-0.36260267256293943,0.36765775142118173,0.0,0.0,0.0,0.0,False,0.0009430637442739612,0.051231637317718556,False,-0.5073989786886944,False,0.009198041599740699,-0.0006144857121917202,-6.2622573436761915,0.11389113466582716,0.0061432425797911475,-0.00015252786905291336,0.012678405596022214,0.00027324066147570505,0.002592161127761762,3.7873242712996736e-05,0.0013685386449098591,3.56625571226077e-05,0.0,0.0,-2.4227037864907874,2.2026362641480945,0.34598032277298213,0.0,0.0,0.0,0.0,True,0.0008206592677460154,0.08521243558485538,True,0.968077421788397,False,0.010437663708190194,0.000625136396257775,6.370799044784148,0.1292402681696524,0.006448773692745963,0.0001530032439019018,0.012049855422372998,-0.00035530951217351177,0.0025242219991557365,-3.0065885893028766e-05,0.0013154048138463703,-1.747127394088107e-05,0.0,0.0,2.430254488233352,-2.864206272534342,0.36318748197340706,0.0,0.0,0.0,0.0,0.009201279470147017,-0.0006112478417854023,-6.2292600301056105,0.11393122632343468,0.0061420293104277515,-0.00015374113841630944,0.012779232942024456,0.00037406800747794705,0.002585604105931431,3.131622088266587e-05,0.0013525929949056038,1.9716907118352356e-05,0.0,0.0,-2.441974968203253,3.0154214752616815,0.3459119928445272,0.0,0.0,0.0,0.0,0.009812527311932419,0.0,0.0,0.12149976246322991,0.006295770448844061,0.0,0.01240516493454651,0.0,0.0025542878850487653,0.0,0.0013328760877872514,0.0,0.0,0.0,0.0,0.0,0.35457051609212603,0.0,0.0,0.0,0.0,0.08076169955395619,0.017756046154746456,-0.032997313570581,-3.237870406317886e-06,0.01927118171246578,-0.8127852111135869,14.515093201544927,0.0014242974847540422,6.132985566968118,-3.378024147824621
0.2,0.05,11,0.05,0.25,4,60,0,0,0.013270530351731973,0.0008765806813507519,7.072649999907488,0.16431712587804131,0.00677166922454215,0.00020982778980375288,0.014478096477614645,-9.456304026453713e-05,0.00041688202037296464,1.1932305572470736e-05,-0.000941822304822309,2.7949604084289955e-05,0.0,0.0,3.1976967424559355,-0.6489072234791338,0.3813725851761194,0.0,0.0,0.0,0.0,False,0.0008751126710910988,0.089847612284576,False,-0.5634329695317223,False,0.011641621490807073,-0.0007523281795741472,-6.070124533199007,0.14414780217731063,0.006357556017250096,-0.0002042854174883011,0.014954575629640572,0.0003819161117613896,0.00040527285283521535,3.231380347214468e-07,-0.0009842535253614191,-1.4481616454820132e-05,0.0,0.0,-3.1132330691018173,2.6207715296773237,0.35805020790344283,0.0,0.0,0.0,0.0,True,0.0009658297738925264,0.004501824592392569,True,0.9555788695713069,True,0.013017461215732079,0.0006235115453508584,5.030773578505898,0.16118359677454813,0.006715675407655101,0.00015383397291670372,0.014063902180573934,-0.0005087573373052483,0.00039503651605892777,-9.91319874156613e-06,-0.0009458246804297765,2.3947228476822497e-05,0.0,0.0,2.344371994457317,-3.491176999511003,0.3782190781172249,0.0,0.0,0.0,0.0,0.01179395814467081,-0.0005999915257104103,-4.841003406236643,0.14603405091532737,0.006406218538195814,-0.0001556228965425826,0.0151128471227907,0.0005401876049115177,0.00041651944357990096,1.1569728779407058e-05,-0.000993415532187033,-2.364362328043405e-05,0.0,0.0,-2.3716345189128574,3.706856694543381,0.3607908248471936,0.0,0.0,0.0,0.0,0.01239394967038122,0.0,0.0,0.15346321014580594,0.006561841434738397,0.0,0.014572659517879182,0.0,0.0004049497148004939,0.0,-0.000969771908906599,0.0,0.0,0.0,0.0,0.0,0.3695553265378463,0.0,0.0,0.0,0.0,0.08076169955395619,0.017756046154746456,-1.2291211269623634,-0.0001523366538637369,-0.7415985501889599,-1.0860851648660574,11.913653406144132,0.0014765722070611623,5.569331261368793,-4.3557639180225145
0.2,0.05,11,0.075,0.37499999999999994,4,60,0,0,0.018195937103370287,0.0024573581557056565,15.613596144080667,0.22530403896730453,0.008441762960699834,0.0006067515442763106,0.01834755327365365,8.231654208151751e-05,0.0027209551851832495,7.682204258985508e-05,0.001090457823316451,0.00011799824474026496,0.0,0.0,7.7441054266297105,0.4506732833045035,0.4754303343846189,0.0,0.0,0.0,0.0,False,0.0020463982094522104,0.7764958277335986,False,-0.4457448914064184,False,0.014846647923815678,-0.0008919310238489526,-5.667163641742268,0.18383278219518845,0.007628287908065001,-0.00020672350835852261,0.018859629045824482,0.000594392314252349,0.0026931433157955063,4.901017320211188e-05,0.0009907168027712015,1.8257224195015456e-05,0.0,0.0,-2.638458291524559,3.2542272678290463,0.42961635949711957,0.0,0.0,0.0,0.0,True,0.0012133142479916965,0.0532884994382193,True,0.8974920042998914,False,0.016193126818679713,0.00045454787101508257,2.88811253243757,0.20050502785495772,0.007906290555836571,7.127913941304756e-05,0.01740251760643934,-0.0008627191251327944,0.002585704161927542,-5.842898066585247e-05,0.0009847388097871533,1.2279231210967278e-05,0.0,0.0,0.9097515705418724,-4.72328466261569,0.4452731473511687,0.0,0.0,0.0,0.0,0.015364226299905507,-0.0003743526477591238,-2.378567016780586,0.1902414929943469,0.007773865272552523,-6.114614387100082e-05,0.019220144436197618,0.0009549077046254843,0.0027078072894270483,6.367414683365385e-05,0.0009609512840207325,-1.1508294555453514e-05,0.0,0.0,-0.780421886084659,5.2280061773023245,0.43781510843135835,0.0,0.0,0.0,0.0,0.01573857894766463,0.0,0.0,0.19487676750970084,0.007835011416423524,0.0,0.018265236731572133,0.0,0.0026441331425933945,0.0,0.000972459578576186,0.0,0.0,0.0,0.0,0.0,0.4412587885918008,0.0,0.0,0.0,0.0,0.08076169955395619,0.017756046154746456,-3.2885966249616816,-0.0005175783760898289,-1.8580364054399001,-1.9737789094732783,17.992163160861253,0.0028317108034647803,8.524527312714369,-4.777332893997821
0.2,0.05,11,0.1,0.5,4,60,0,0,0.035024868539266604,0.005032607391552372,16.77968648901258,0.43368166758138604,0.011361372313147999,0.0009773004613399666,0.026923659623012065,0.0004009277668814426,0.00047655490371807175,-0.00015396014389630782,-0.0011337955384177986,0.0002824760326521573,0.0,0.0,9.411534081110995,1.5116382771436454,0.6398593591237616,0.0,0.0,0.0,0.0,False,0.0024084956486178626,0.6967660148262872,False,-0.5043324235831173,False,0.029488959863563396,-0.0005033012841508359,-1.6781038337591037,0.3651354543853065,0.010252944129819844,-0.00013112772198818796,0.02803065669831655,0.0015079248421859294,0.0007052605127428619,7.474546512848236e-05,-0.00157974719335325,-0.00016347562228329407,0.0,0.0,-1.2627774909449996,5.685405449052117,0.5774339647725617,0.0,0.0,0.0,0.0,True,0.0017641716439732356,0.2428448818380838,True,0.8689150304629742,False,0.028716502302350913,-0.0012757588453633194,-4.253626757516238,0.35557080226086213,0.010158222773025027,-0.00022584907878300461,0.024650178506001045,-0.0018725533501295771,0.0005394080797184284,-9.110696789595119e-05,-0.0013480079275390304,6.826364353092543e-05,0.0,0.0,-2.1749568185401302,-7.060182790698255,0.5720993674208029,0.0,0.0,0.0,0.0,0.032089643092898634,0.002097381945184402,6.993077096970546,0.3973373922308287,0.010686343039258311,0.00030227118745027905,0.028637722367784845,0.002114990511654223,0.000742952876119337,0.00011243782850495741,-0.0014858948413162508,-6.962327024629495e-05,0.0,0.0,2.910911940556815,7.974255906694427,0.6018424905029711,0.0,0.0,0.0,0.0,0.029992261147714232,0.0,0.0,0.37136738470537833,0.010384071851808032,0.0,0.026522731856130622,0.0,0.0006305150476143796,0.0,-0.0014162715710699558,0.0,0.0,0.0,0.0,0.0,0.584818926539691,0.0,0.0,0.0,0.0,0.08076169955395619,0.017756046154746456,-8.67118093072965,-0.0026006832293352378,-4.173689431501815,-2.2888504576423108,9.786609392042035,0.00293522544636797,6.50062214055418,-6.462617629550782
0.2,0.05,11,0.15,0.7499999999999999,4,60,0,0,0.781001076493802,-0.028084149531433455,-3.4710990422358146,9.670438844244751,0.057373827863571314,-0.00915778966738634,0.08093414906861922,-0.013637641408021317,-0.0022613809706207195,-0.002408402636269152,-0.0037040046535405536,-0.0020571502044770132,0.0,0.0,-13.764567896046042,-14.420411561722357,3.2312276823089037,0.0,0.0,0.0,0.0,False,0.01492957793232626,5.797558672671958,False,-0.5354234762633007,False,0.771752909779539,-0.03733231624569644,-4.614138912052268,9.55592705505086,0.07357784107858724,0.007046223547629585,0.10349298670033116,0.008921196223690628,-1.3898077958695416e-05,-0.0001609197436071278,-0.0020087411352898944,-0.000361886686226354,0.0,0.0,10.590789475922357,9.433252959183624,4.143818980720479,0.0,0.0,0.0,0.0,True,0.006352857999722516,1.892508092861972,True,0.6330245507677142,False,0.8270776651137319,0.01799243908849646,2.2238002264467482,10.240964091662887,0.059610843080716534,-0.00692077445024112,0.08900493135169082,-0.005566859124949711,-0.00010619263362714822,-0.0002532142992755806,-0.0012649136200071178,0.00038194082905642257,0.0,0.0,-10.402233865756882,-5.88638440373479,3.357213794174649,0.0,0.0,0.0,0.0,0.7673270757728001,-0.041758150252435344,-5.161155946151574,9.501125905109953,0.07330535477876325,0.006773737247805597,0.09938770500051505,0.004815914523874518,0.00037438582008505263,0.00022736415443662026,-0.0019232908548046212,-0.00027643640574108084,0.0,0.0,10.181230367131434,5.09233725998246,4.128472867207975,0.0,0.0,0.0,0.0,0.8090852260252355,0.0,0.0,10.018179786876484,0.06653161753095765,0.0,0.09457179047664054,0.0,0.00014702166564843237,0.0,-0.0016468544490635404,0.0,0.0,0.0,0.0,0.0,3.7469838133515303,0.0,0.0,0.0,0.0,0.08076169955395619,0.017756046154746456,0.5470170340993059,0.004425834006738905,0.4095591087909227,4.340915699201164,1.6900569039157594,0.013674000721001889,-23.945798263177476,-19.512748821704818
0.2,0.05,11,0.2,1.0,4,60,59,0,3.798819030896496,-0.14730298582101797,-3.7328543110673573,47.037383461185556,0.11112637887192306,-0.020765873478924834,0.09068972561157908,-0.014364490133333865,-0.006740964581776398,-0.00264057500240602,-0.006958824451513391,-0.00512248725580404,0.0,0.0,-15.74457415715771,-13.67340666100726,6.258509236991216,100.0,0.0,87.5,0.0,False,0.01870898140126954,8.459490704676847,False,0.1001868167280105,False,3.4378596179726597,-0.5082623987448542,-12.880047717521926,42.567945411746265,0.1430019008823338,0.01110964853148591,0.11244087075765369,0.007386655012740745,-0.005270922337227889,-0.0011705327578575104,-0.0019160788372159046,-7.97416415065531e-05,0.0,0.0,8.42327607078317,7.031279002335933,8.053701800279859,100.0,0.0,100.0,0.0,True,0.007155972146977012,2.618147378278012,True,0.11246992660529122,False,4.198245021555051,0.25212300483753713,6.389133528295199,51.983118789497986,0.12662118445502585,-0.005271067895822046,0.10328369841426266,-0.0017705173306502842,-0.003577868618357216,0.0005225209610131626,-0.0017228039734831298,0.00011353322222622166,0.0,0.0,-3.996495474048334,-1.685336774060886,7.131158781155686,100.0,0.0,100.0,0.0,3.5974109812153383,-0.34871103550217564,-8.836803170932928,44.54352745278644,0.1364955571449245,0.0046033047940766125,0.1066026748040296,0.001548459059116658,-0.004759092580436275,-0.0006587030010658966,-0.0020937092203526762,-0.0002573720246433248,0.0,0.0,3.4902010633887093,1.4739618473536886,7.687272039920734,100.0,0.0,100.0,0.0,3.946122016717514,0.0,0.0,48.861304783230125,0.1318922523508479,0.0,0.10505421574491294,0.0,-0.004100389579370378,0.0,-0.0018363371957093515,0.0,0.0,0.0,0.0,0.0,7.42801923363953,100.0,0.0,100.0,0.0,0.08076169955395619,0.017756046154746456,-4.043244546588998,-0.1595513632426786,4.933075007394462,5.557317154982244,5.103948859865571,0.20140804968115766,-19.234775220546418,-15.147368508360948
0.2,0.05,22,0.0,0.0,6,60,0,0,0.009996929057192948,0.0009992107603810033,11.105157190073855,0.1237830445917509,0.007229798604231461,0.00012081889831015366,0.011288658300290104,-0.0005519590663611885,-0.004169440090709143,0.00018733966314450363,-0.005296276732087625,0.00016517211491813913,0.0,0.0,1.6995251542147427,-4.661573372987826,0.40717390241176116,0.0,0.0,0.0,0.0,False,0.0013207935157797488,0.09922166953117563,False,-0.8076398665299435,False,0.007830514423113978,-0.0011672038736979667,-12.972220680786684,0.09695826693050806,0.006976102077039881,-0.0001328776288814261,0.012408391606194972,0.0005677742395436801,-0.004611999112178499,-0.00025521935832485167,-0.0057147406044105705,-0.0002532917574048065,0.0,0.0,-1.869151894901988,4.795140506294859,0.3928860071798735,0.0,0.0,0.0,0.0,True,0.0014473326401422185,0.2045330190199037,True,0.9147614481751121,False,0.010049817935655934,0.001052099638843989,11.69296041660659,0.12443792034046705,0.007353476412247456,0.0002444967063261489,0.011417135343606563,-0.00042348202304472865,-0.004333949492971708,2.283026088193904e-05,-0.005438014641953012,2.3434205052751816e-05,0.0,0.0,3.4392657799050985,-3.5765197871983623,0.41413929363332735,0.0,0.0,0.0,0.0,0.007907808025967092,-0.001089910270844853,-12.113185086390487,0.09791532458630287,0.006864300480086396,-0.0002446792258349109,0.012359179705386837,0.000518562338735545,-0.0044090010741447494,-5.222132029110253e-05,-0.005513516917519668,-5.2068070513904344e-05,0.0,0.0,-3.44183323003594,4.379521123586505,0.3865894704408316,0.0,0.0,0.0,0.0,0.008997718296811945,0.0,0.0,0.11141071010771197,0.007108979705921307,0.0,0.011840617366651292,0.0,-0.004356779753853647,0.0,-0.005461448847005764,0.0,0.0,0.0,0.0,0.0,0.4003695216809836,0.0,0.0,0.0,0.0,0.08076169955395619,0.017756046154746456,-0.8590355943961967,-7.729360285311376e-05,1.572681335133952,0.4156193827083543,23.21834227646434,0.0020891210312258563,5.141358384250683,-9.041094496574331
0.2,0.05,22,0.025,0.125,6,60,0,0,0.011254109472014402,0.0009478696558881602,9.197046379660435,0.13934958692264307,0.006506015071296399,0.00020279293547719682,0.01175223412214314,-0.0007714374451447247,-0.0019390715942107844,0.00010148812193312836,-0.0031352142449969974,8.818400832464983e-05,0.0,0.0,3.217290000375983,-6.1598345261603455,0.3664112502634627,0.0,0.0,0.0,0.0,False,0.001467040414236163,0.0022545100737010075,False,-0.8395875466963278,False,0.009049709198443227,-0.0012565306176830146,-12.191940417657587,0.11205446701127425,0.005998889587183836,-0.00030433254863536634,0.01320889542695446,0.0006852238596665953,-0.002180256244962814,-0.00013969652881890135,-0.003373803850015005,-0.00015040559669335764,0.0,0.0,-4.828205988583867,5.47142949242152,0.33785052904811486,0.0,0.0,0.0,0.0,True,0.0015311252381189854,0.046036060425386195,True,0.9627912772898517,True,0.011451103508153652,0.0011448636920274105,11.108451893735616,0.14178878814336082,0.006599746878540129,0.0002965247427209267,0.011874326677565081,-0.0006493448897227829,-0.002024358118574321,1.6201597569591875e-05,-0.0031896974012156337,3.3700852106013576e-05,0.0,0.0,4.704335914735913,-5.184940264793337,0.3716901173280583,0.0,0.0,0.0,0.0,0.009126955547236238,-0.0011792842688900032,-11.442429925264975,0.11301093956224384,0.005983277864789402,-0.0003199442710298001,0.013322594838004475,0.0007989232707166106,-0.002073627484690202,-3.3067768546289015e-05,-0.003276838626097042,-5.344037277539484e-05,0.0,0.0,-5.075884430784361,6.37930551295689,0.33697129488424893,0.0,0.0,0.0,0.0,0.010306239816126241,0.0,0.0,0.12761296348451326,0.006303222135819202,0.0,0.012523671567287864,0.0,-0.002040559716143913,0.0,-0.0032233982533216472,0.0,0.0,0.0,0.0,0.0,0.35499018649116637,0.0,0.0,0.0,0.0,0.08076169955395619,0.017756046154746456,-0.7495104923926128,-7.72463487930114e-05,0.2476784422004945,-0.9078760205353698,20.63947630492541,0.0021271539247781635,8.293174431160345,-12.539140039117235
0.2,0.05,22,0.05,0.25,6,60,0,0,0.01317184582943453,0.0004884794871606417,3.851339415566124,0.16309520357028312,0.00668151517507312,7.922895355300802e-05,0.0134416458755722,-0.0009909465168035803,0.00040938975255485325,-2.0820570996856575e-05,-0.0009439488876491718,-2.1912940207116822e-05,0.0,0.0,1.2000230055879912,-6.866032725534888,0.3762952132948275,0.0,0.0,0.0,0.0,False,0.001459925370119602,0.16651243220826573,False,-0.7545347131640049,False,0.011317346010119043,-0.0013660203321548443,-10.770171698044184,0.1401325884995526,0.00624230888352058,-0.00035997733799953205,0.015396445597193411,0.0009638532048176305,0.00041074540455870697,-1.946491899300286e-05,-0.0009914948133130871,-6.94588658710321e-05,0.0,0.0,-5.452313424798039,6.6783096107307705,0.3515596225149436,0.0,0.0,0.0,0.0,True,0.0017667515255958466,0.00865801917024059,True,0.975801434546207,True,0.013816280181952596,0.0011329138396787078,8.932280351334532,0.17107465863471655,0.006862146858797307,0.0002598606372771952,0.013453840708817926,-0.0009787516835578543,0.00043381680999253014,3.606486440820315e-06,-0.0008588136179273346,6.322232951472045e-05,0.0,0.0,3.935918991669607,-6.7815376264273475,0.38646818097862135,0.0,0.0,0.0,0.0,0.011540832317213316,-0.0011425340250605723,-9.008129184540593,0.14289981985214398,0.006316675789921013,-0.00028561043159909885,0.015673920974224202,0.0012413285818484217,0.0004261880455038297,-4.02227804788014e-06,-0.0010055476846227045,-8.351173718064951e-05,0.0,0.0,-4.325932290971468,8.6008705026837,0.3557478807427222,0.0,0.0,0.0,0.0,0.012683366342273888,0.0,0.0,0.15704679832548893,0.006602286221520112,0.0,0.01443259239237578,0.0,0.00043021032355170983,0.0,-0.000922035947442055,0.0,0.0,0.0,0.0,0.0,0.3718331301901478,0.0,0.0,0.0,0.0,0.08076169955395619,0.017756046154746456,-1.7620425135035909,-0.00022348630709427206,-1.1263811338265706,-1.9225608919529291,12.859468600106716,0.001631013512221214,5.525955296559459,-15.466903228218587
0.2,0.05,22,0.075,0.37499999999999994,6,60,0,0,0.01734792127601492,-0.0006654153822562778,-3.6940151337855442,0.21480381631177692,0.007988115003431091,-0.0002441160524697828,0.01646902650131657,-0.0015986412865501703,-0.0019475264351242313,9.16807361256843e-05,-0.0034464896970619703,8.536138225297835e-05,0.0,0.0,-2.965369300401255,-8.848077711633206,0.4498814056808333,0.0,0.0,0.0,0.0,False,0.0015862786020317255,0.1346252702623906,False,-0.7205920803753421,False,0.01654361773585982,-0.0014697189224113782,-8.159059869324803,0.20484484387066634,0.007951619792811282,-0.00028061126308959183,0.019708587336539955,0.0016409195486732156,-0.002164002573619507,-0.00012479540236959123,-0.0038513845038910723,-0.0003195334245761237,0.0,0.0,-3.4086903195999274,9.082077266082834,0.4478260375937182,0.0,0.0,0.0,0.0,True,0.002201199649806627,0.20083732429483603,True,0.9129104940520993,False,0.018520219936270482,0.000506883277999283,2.8139332962865415,0.22931934368093979,0.008276249357625946,4.4018301725071846e-05,0.016497873826133817,-0.0015697939617329223,-0.002029631993548601,9.575177701314549e-06,-0.0034038642970124896,0.000127986782302459,0.0,0.0,0.5347068300946223,-8.688415019381257,0.46610879953212897,0.0,0.0,0.0,0.0,0.017838807403240675,-0.00017452925503052413,-0.968889097791803,0.22088202083120753,0.0082559000687286,2.366901282772546e-05,0.020167663046200532,0.002099995258333792,-0.0020588697231049584,-1.9662551855042718e-05,-0.0037358600211693845,-0.0002040089418544359,0.0,0.0,0.287516381245867,11.622945932977768,0.46496275109769714,0.0,0.0,0.0,0.0,0.0180133366582712,0.0,0.0,0.22304306073000166,0.008232231055900874,0.0,0.01806766778786674,0.0,-0.0020392071712499156,0.0,-0.0035318510793149486,0.0,0.0,0.0,0.0,0.0,0.4636297396478819,0.0,0.0,0.0,0.0,0.08076169955395619,0.017756046154746456,-7.190170771533,-0.0012951896673808541,-3.6962067008457944,-2.5408686668949336,-2.7251260359937413,-0.0004908861272257536,-3.252885681647122,-20.471023644610973
0.2,0.05,22,0.1,0.5,6,60,0,0,0.02839528384159455,-0.0047535438201263824,-14.340005832591185,0.35159344093079553,0.009948460721958496,-0.0009422200752356273,0.022516460639267138,-0.002913547557018264,0.0003802011996354765,2.166517117131977e-05,-0.0013814556074519882,-0.00018757441427607615,0.0,0.0,-8.651617771024755,-11.457123940069547,0.5602858111122404,0.0,0.0,0.0,0.0,False,0.0016113084501346798,0.38317222625937536,False,-0.5697488987564845,False,0.034350683498382786,0.0012018558366618526,3.6256360222648665,0.42533383631226573,0.010940217700391261,4.953690319713794e-05,0.02884058537449186,0.003410577178206458,0.0004090490659838623,5.051303751970557e-05,-0.0017030514411628245,-0.0005091702479869125,0.0,0.0,0.45485589119369507,13.411624376529474,0.6161404180325797,0.0,0.0,0.0,0.0,True,0.0030977119523887134,0.18584046842300442,True,0.9202703827065845,False,0.03039145404741605,-0.002757373614304885,-8.318163292058145,0.3763102338765392,0.010323091388421468,-0.0005675894087726549,0.022023300508024125,-0.0034067076882612762,0.0003807501307804895,2.2214102316332762e-05,-0.001014525777588289,0.0001793554155876231,0.0,0.0,-5.211698142129817,-13.396408140988726,0.5813845773126667,0.0,0.0,0.0,0.0,0.040279536853547446,0.007130709191826512,21.51119570379496,0.4987455325483466,0.011895029164455827,0.001004348367261704,0.030477475179194836,0.005047466982909435,0.0003670525886516231,8.516560187466372e-06,-0.0014947231253662696,-0.0003008419321903575,0.0,0.0,9.222089839603642,19.84846777849929,0.6699142962790795,0.0,0.0,0.0,0.0,0.033148827661720934,0.0,0.0,0.41045232882419086,0.010890680797194123,0.0,0.0254300081962854,0.0,0.0003585360284641567,0.0,-0.001193881193175912,0.0,0.0,0.0,0.0,0.0,0.6133505568908921,0.0,0.0,0.0,0.0,0.08076169955395619,0.017756046154746456,-17.885559681530093,-0.005928853355164659,-8.767233948409947,-6.436843401969817,-35.85120153638614,-0.011884253011952894,-17.873707610628397,-31.305591718568838
0.2,0.05,22,0.15,0.7499999999999999,6,60,0,0,1.2193209841493404,-0.08772515127474745,-6.711710390106762,15.09776281187251,0.0529959048552213,-0.0047010209808623984,0.08551306655087519,-0.005275999378764759,0.0013404306991541758,-4.772143211253838e-05,0.001401844350260501,-0.0030005135328700105,0.0,0.0,-8.147784154424354,-5.811271792193096,2.9846681177416685,0.0,0.0,0.0,0.0,False,0.004448368386959555,0.13258244214931464,False,-0.29538963994206396,False,2.4296171632046586,1.1225710277805707,85.88610588074906,30.083779522017764,0.07587347531628572,0.018176549480202017,0.1127174635223066,0.021928397592666654,0.003129985020326098,0.0017418328890593839,0.008390646798412008,0.003988288915281497,0.0,0.0,31.503497312562857,24.15312611505531,4.273106448081833,0.0,0.0,0.0,0.0,True,0.011497675354703774,1.2420097909098458,True,0.8166057575303347,False,0.7932603183013867,-0.5137858171227012,-39.308927450827646,9.822234087228642,0.04373362732240518,-0.013963298513678515,0.07395468110281275,-0.016834384826827198,0.0008557924194704957,-0.0005323597117962185,0.0006486787765696631,-0.003753679106560848,0.0,0.0,-24.201113510532757,-18.542304246057085,2.463027350867441,0.0,0.0,0.0,0.0,1.7261030387087475,0.4190569032846596,32.06137043882473,21.37279240335393,0.07130522759497013,0.013608301758886429,0.10448530599234652,0.013696240062706574,0.00033255047319989467,-0.0010556016580668195,0.009913434198431275,0.005511076315300764,0.0,0.0,23.58583505392897,15.085781445665436,4.015828015625493,0.0,0.0,0.0,0.0,1.3070461354240879,0.0,0.0,16.1839850157049,0.0576969258360837,0.0,0.09078906592963995,0.0,0.0013881521312667142,0.0,0.004402357883130511,0.0,0.0,0.0,0.0,0.0,3.2494241867388056,0.0,0.0,0.0,0.0,0.08076169955395619,0.017756046154746456,53.824735441924325,0.7035141244959111,7.917662258633886,9.067344669389875,-38.77308082893149,-0.5067820545594071,-31.733619208353325,-20.897053237858533
0.2,0.05,22,0.2,1.0,6,60,60,0,2.0767148998410576,0.8630088923102766,71.10526659302126,25.71410596001168,0.12952839568531513,-0.007595161592922395,0.11229368026942607,-0.008116142906588089,0.014076200639923608,-0.005119017338720888,-0.003882415568195776,-0.002331955737484491,0.0,0.0,-5.538918143372729,-6.740432543218644,7.2948895579824935,100.0,0.0,100.0,0.0,False,0.010413004851645041,2.3409631866846308,False,0.15727965616720427,False,1.0050691962409535,-0.20863681128982758,-17.190061678469228,12.444874263319278,0.1661281760438639,0.029004618765626378,0.13963081023882884,0.01922098706281468,0.024031819895081852,0.004836601916437356,0.0004080279543995823,0.001958487785110867,0.0,0.0,21.15217789075665,15.96297258465167,9.356146891939417,100.0,0.0,100.0,0.0,True,0.01472538851926287,3.7245710199312585,True,0.3518894825340408,False,1.4974653328735175,0.2837593253427364,23.379576568136894,18.54177588069545,0.1250143589355174,-0.012109198342720118,0.11453196033162692,-0.005877862844387238,0.016258619604015694,-0.0029365983746288023,-0.0027572457249487457,-0.001206785894237461,0.0,0.0,-8.830866543338967,-4.881547609114101,7.040664224794167,100.0,0.0,100.0,0.0,0.891321303365409,-0.322384704165372,-26.56200942938778,11.036435690285654,0.14829326336048873,0.011169706082251207,0.12497995621455196,0.004570133038537802,0.020636933244773496,0.0014417152661290004,6.754082161396739e-05,0.0016180006523252523,0.0,0.0,8.145723684506478,3.7954818950753033,8.351705220187645,100.0,0.0,100.0,0.0,1.213706007530781,0.0,0.0,15.028237570952982,0.13712355727823752,0.0,0.12040982317601416,0.0,0.019195217978644496,0.0,-0.0015504598307112848,0.0,0.0,0.0,0.0,0.0,7.722640281692574,100.0,0.0,100.0,0.0,0.08076169955395619,0.017756046154746456,9.371947750918551,0.11374789287554443,13.006454206250172,12.167490689576367,97.66727602240903,1.1853935964756486,-13.684641827879208,-10.535914438293947
0.2,0.05,33,0.0,0.0,5,60,0,0,0.009314118085094122,0.0008346534171196421,9.843232442160987,0.1153284061199262,0.005650965014557156,0.00016926102102796364,0.010312954118521544,-0.0005898541641061426,-0.00029339594650338983,0.000657010273453245,-0.0013950078050631778,0.0006715136590853582,0.0,0.0,3.087744636116163,-5.410112228112862,0.31825581919016177,0.0,0.0,0.0,0.0,False,0.001902671673246445,0.47826604618871277,False,-0.8972961316528218,False,0.007624130599944868,-0.0008553340680296125,-10.087123439054668,0.09440280036270475,0.005220127045005386,-0.00026157694852380585,0.011300832209888936,0.0003980239272612495,-0.0010316452565987384,-8.123903664210351e-05,-0.0021447210844198713,-7.819962027133531e-05,0.0,0.0,-4.7718181943530835,3.650655105945977,0.2939915226346699,0.0,0.0,0.0,0.0,True,0.001003176790050051,0.22058954894447974,True,0.8859659711447174,False,0.0093688234701024,0.0008893588021279195,10.488383842047,0.11600577404693137,0.005707676418396563,0.00022597242486737095,0.01048419008237219,-0.000418618200255497,-0.000655060478327412,0.0002953457416292229,-0.0017664124119779556,0.00030010905217058037,0.0,0.0,4.1223025747854525,-3.8395447246606595,0.3214497399169474,0.0,0.0,0.0,0.0,0.007620819460307972,-0.000858645207666508,-10.126172362147667,0.0943618014776493,0.005279456735087161,-0.00020224725844203081,0.011361387818309244,0.00045857953568155703,-0.0012805491409751803,-0.00033014292101854535,-0.002397712838696793,-0.0003311913745482572,0.0,0.0,-3.6894961617914945,4.206068049570755,0.29733290221685327,0.0,0.0,0.0,0.0,0.00847946466797448,0.0,0.0,0.10499363825682523,0.005481703993529192,0.0,0.010902808282627687,0.0,-0.0009504062199566349,0.0,-0.002066521464148536,0.0,0.0,0.0,0.0,0.0,0.3087232340891303,0.0,0.0,0.0,0.0,0.08076169955395619,0.017756046154746456,0.03904892309299868,3.3111396368955617e-06,-1.082322032561589,-0.5554129436247779,19.969404804308653,0.00169329862478615,6.777240797907657,-9.616180277683616
0.2,0.05,33,0.025,0.125,5,60,0,0,0.010619159518548048,0.0007774872512801134,7.89995064015625,0.13148756870146694,0.00600767158379651,0.00021697924672263533,0.011690719039590992,-0.0007404867745174643,0.00011514518281814196,0.00032153866022394925,-0.001053829801481006,0.00035581286463162547,0.0,0.0,3.7470346219823147,-5.9566769755920905,0.3383451209485942,0.0,0.0,0.0,0.0,False,0.001471504983525013,0.1861398059552952,False,-0.8625420301095766,False,0.008923554326340602,-0.0009181179409273321,-9.328881474552531,0.11049240389473049,0.005511415747135761,-0.00027927658993811416,0.012952609156504431,0.0005214033423959746,-0.0002577694576553174,-5.137598024951008e-05,-0.0014646335708695302,-5.499090475689873e-05,0.0,0.0,-4.822853187175835,4.194310272010959,0.31039656571643215,0.0,0.0,0.0,0.0,True,0.0011415134159211077,0.07985734549636787,True,0.9702001351796793,False,0.010809515714709117,0.0009678434474411825,9.834136121968818,0.1338445794777681,0.0060639228903449655,0.0002732305532710906,0.01191875192468526,-0.0005124538894231961,-5.5702336845089016e-05,0.00015069114056071828,-0.0012422065901206334,0.00016743607599199804,0.0,0.0,4.718443622393487,-4.122318438663452,0.34151312952765606,0.0,0.0,0.0,0.0,0.008913285782979133,-0.0009283864842888016,-9.433218858308145,0.11036525769277854,0.005516763049965588,-0.0002739292871082868,0.012989470056181467,0.0005582642420730102,-0.0003745930185904355,-0.0001681995411846282,-0.0015880715920517019,-0.00017842892593907043,0.0,0.0,-4.73051012146688,4.490829372637561,0.31069771963229975,0.0,0.0,0.0,0.0,0.009841672267267934,0.0,0.0,0.12186063841676337,0.005790692337073875,0.0,0.012431205814108457,0.0,-0.0002063934774058073,0.0,-0.0014096426661126314,0.0,0.0,0.0,0.0,0.0,0.3261251005210941,0.0,0.0,0.0,0.0,0.08076169955395619,0.017756046154746456,0.10433738375561319,1.0268543361469443e-05,-0.09234306570895523,-0.29651910062660214,17.333169498464393,0.001705873735568915,8.477544743449194,-10.447506348229652
0.2,0.05,33,0.05,0.25,5,60,0,0,0.013154841427818316,0.000535579318560804,4.244141328738249,0.16288465325113274,0.006704376317782979,0.0001213078217239304,0.013433073048032753,-0.0009748939963825799,0.0005703987942765856,-1.8701212390538082e-05,-0.0007116224982491139,5.447904860808215e-05,0.0,0.0,1.8427245865138886,-6.766353597126374,0.37758272643320423,0.0,0.0,0.0,0.0,False,0.001334744609029052,0.023915485118763496,False,-0.8115363170143836,False,0.01159164277693299,-0.0010276193323245225,-8.14326006883286,0.14352896039772806,0.006310279179324398,-0.00027278931673465137,0.015122751725513594,0.0007147846810982607,0.0005683378772275276,-2.07621294395961e-05,-0.0008180379839517024,-5.1936437094506353e-05,0.0,0.0,-4.143801889619658,4.961037729297968,0.35538763102604154,0.0,0.0,0.0,0.0,True,0.0013240215564323215,0.03175713926077902,True,0.9964731330290666,True,0.013732187867043246,0.0011129257577857342,8.819261761504183,0.17003341859923204,0.006852530912110194,0.00026946241605114475,0.013727245273765717,-0.0006807217706496158,0.00060209211717935,1.2992110512226296e-05,-0.0007005633364960391,6.553821036115696e-05,0.0,0.0,4.093264656329465,-4.724620541892966,0.3859266219736881,0.0,0.0,0.0,0.0,0.011557203264612743,-0.0010620588446447685,-8.416172320136218,0.1431025266734447,0.00630466562363219,-0.0002784028724268587,0.01515352391438644,0.000745556869971107,0.0005719039156667239,-1.7196091000399845e-05,-0.0008276722411164201,-6.157069425922405e-05,0.0,0.0,-4.229074520393105,5.174615319932263,0.3550714820566548,0.0,0.0,0.0,0.0,0.012619262109257512,0.0,0.0,0.15625305285739674,0.006583068496059049,0.0,0.014407967044415333,0.0,0.0005891000066671237,0.0,-0.0007661015468571961,0.0,0.0,0.0,0.0,0.0,0.37075081010077776,0.0,0.0,0.0,0.0,0.08076169955395619,0.017756046154746456,0.2729122513033584,3.4439512320245946e-05,0.08527263077344749,-0.21357759063429516,12.660313648874467,0.0015976381632055725,6.071799106906994,-11.940968917058637
0.2,0.05,33,0.075,0.37499999999999994,5,60,0,0,0.016941938473652232,-0.0002815211219774072,-1.6345213365196454,0.20977689383980175,0.007662434070584681,-0.00011775166560576075,0.016330166280659114,-0.0016215176574077492,0.00024501228896270014,0.00024813487735553225,-0.0012249502369849397,0.0003606748438336829,0.0,0.0,-1.5134814206044567,-9.032677173918447,0.431539431909868,0.0,0.0,0.0,0.0,False,0.0017218690100682839,0.03510192857026734,False,-0.7221009395118431,False,0.016119846178490976,-0.0011036134171386637,-6.407617534741394,0.19959765913199295,0.007528062296082279,-0.0002521234401081634,0.019140719620324396,0.0011890356822575332,-2.320846961996985e-05,-2.0085881227137738e-05,-0.0017188067256686446,-0.00013318164485002192,0.0,0.0,-3.2405838196815973,6.62353284716739,0.42397176885406523,0.0,0.0,0.0,0.0,True,0.0016462931968039914,0.010330487952539635,True,0.9833222654515301,True,0.018373441570150507,0.001149981974520868,6.67683497694429,0.22750191825613292,0.007996755434122335,0.00021656969793189262,0.0168463977608508,-0.0011052861772160617,0.00010553855287909951,0.00010866114127193162,-0.0013530246212676016,0.00023260045955102106,0.0,0.0,2.783605755380525,-6.1570055546281255,0.4503680247522156,0.0,0.0,0.0,0.0,0.01619906428863408,-0.0010243953069955583,-5.94767445708464,0.20057854624284654,0.007560264119081521,-0.00021992161710892091,0.01919251683104442,0.0012408328929775572,-0.0001262624056355194,-0.0001231398172426873,-0.0018342667812990781,-0.0002486417004804555,0.0,0.0,-2.8266885208913406,6.912069626773842,0.4257853383119614,0.0,0.0,0.0,0.0,0.01722345959562964,0.0,0.0,0.213262718476136,0.007780185736190442,0.0,0.017951683938066863,0.0,-3.1225883928321123e-06,0.0,-0.0015856250808186226,0.0,0.0,0.0,0.0,0.0,0.43817106963932295,0.0,0.0,0.0,0.0,0.08076169955395619,0.017756046154746456,-0.4599430776567548,-7.92181101431054e-05,-0.41389529879025666,-0.28853677960645197,4.313153120564994,0.0007428741850181511,1.313207100286884,-15.94474680069229
0.2,0.05,33,0.1,0.5,5,60,0,0,0.026594620813001825,-0.003508972861959475,-11.656325486741025,0.32929743875974515,0.009713107374357393,-0.0006659840039234238,0.02113106237008723,-0.0028656893904472278,0.0007053677436274856,-9.772325445340168e-05,-0.0008348607878226531,9.382307860591132e-06,0.0,0.0,-6.416592547947452,-11.941988728491992,0.5470309825569435,0.0,0.0,0.0,0.0,False,0.001918197203202912,0.12051505633027726,False,-0.6615097031256701,False,0.02982462994785152,-0.00027896372710977876,-0.9266791537310914,0.36929175726330454,0.010245073264891394,-0.0001340181133894225,0.02595602226861172,0.00195927050807726,0.0008467620463623521,4.367104828146488e-05,-0.0010959157782878415,-0.0002516726826045973,0.0,0.0,-1.291231655112579,8.164732158872923,0.5769906867556059,0.0,0.0,0.0,0.0,True,0.0021927953680350373,0.005386989155941726,True,0.9966363019069152,True,0.0307401098906531,0.0006365162156918014,2.1144193698748426,0.3806273278104543,0.01042657838535245,4.748700707163378e-05,0.02210571331337351,-0.0018910384471609483,0.0007482327438053372,-5.485825427555002e-05,-0.0006515402620100555,0.00019270283367318875,0.0,0.0,0.45752566714081233,-7.880393421708797,0.5872128453870498,0.0,0.0,0.0,0.0,0.030018810782547582,-8.478289241371784e-05,-0.2816371139244933,0.37169612512292755,0.010287356365542157,-9.173501273865986e-05,0.026018867291056087,0.002022115530521628,0.0008689580898539357,6.586709177304841e-05,-0.001099133960064978,-0.00025489086438173375,0.0,0.0,-0.8838443501000826,8.42662186407761,0.5793720221205999,0.0,0.0,0.0,0.0,0.0301035936749613,0.0,0.0,0.3727459159629169,0.010379091378280816,0.0,0.02399675176053446,0.0,0.0008030909980808873,0.0,-0.0008442430956832443,0.0,0.0,0.0,0.0,0.0,0.5845384320262274,0.0,0.0,0.0,0.0,0.08076169955395619,0.017756046154746456,-0.6450420398065981,-0.00019418083469606093,-0.40738730501249654,-0.2618897052046876,-11.374688372816532,-0.0034241899695457573,-5.53274819784737,-20.368610592569603
0.2,0.05,33,0.15,0.7499999999999999,5,60,0,0,0.40197376106409566,-0.19302949686817572,-32.44175461139207,4.9772820939155755,0.03318061417760077,-0.008206963102638264,0.06243618735665593,-0.012064667923217198,0.0023141425888878035,-0.0017790551176750879,0.0012223075113931923,-0.0014041405236141493,0.0,0.0,-19.829532535978544,-16.193999220404308,1.86869384593997,0.0,0.0,0.0,0.0,False,0.00474557665735148,0.07112605920837384,False,-0.5375925069819449,False,0.7944825550448062,0.19947929711253487,33.52574871703331,9.83736795328359,0.04933329386701074,0.007945716586771706,0.09012684995713273,0.0156259946772596,0.005915148816402692,0.001821951109839801,0.0031319187974208026,0.000505470762413461,0.0,0.0,19.198312897057335,20.974248709707165,2.7783940995120253,0.0,0.0,0.0,0.0,True,0.006997103378027918,0.36957580883385005,True,0.9836934161214093,False,0.4631895870279316,-0.13181367090433976,-22.153436833675954,5.735262997016038,0.03552953568257561,-0.005858041597663427,0.06283269219398326,-0.011668163085889874,0.00283355337942857,-0.0012596443271343212,0.00204271899520098,-0.0005837290398063616,0.0,0.0,-14.154106093232022,-15.661784072218698,2.000982390613917,0.0,0.0,0.0,0.0,0.7274273378611258,0.1324240799288544,22.256026023966434,9.00708308367307,0.04788280503253601,0.006495227752296974,0.08640971128515898,0.01190885600528585,0.005626465958910252,0.0015332682523473608,0.003370631475528847,0.0007441834405215054,0.0,0.0,15.693665053929596,15.98485810739827,2.696704244584103,0.0,0.0,0.0,0.0,0.5950032579322714,0.0,0.0,7.367393965437229,0.041387577280239035,0.0,0.07450085527987313,0.0,0.004093197706562891,0.0,0.0026264480350073416,0.0,0.0,0.0,0.0,0.0,2.330900523660529,0.0,0.0,0.0,0.0,0.08076169955395619,0.017756046154746456,11.269722693066875,0.06705521718368046,3.5046478431277386,4.9893906023088945,-54.697780635358505,-0.32545357679703013,-35.523197589908136,-32.178857327802575
0.2,0.05,33,0.2,1.0,5,60,40,0,2.350423427537445,0.03293523939926546,1.4211610470267422,29.10319421853112,0.0970304216031313,-0.007959278841433104,0.10150487088259039,-0.00532717432241997,0.00604314621548282,-0.004595136371538926,0.0036141628344207033,-0.0019614665964023245,0.0,0.0,-7.581009192073729,-4.986494747149262,5.464641213336429,25.0,0.0,37.5,0.0,False,0.007860945180250458,0.8423452347060206,False,-0.5371969940914596,False,2.380571439807556,0.06308325166937623,2.7220527807762407,29.476490130289008,0.12122828851137853,0.016238588066814122,0.12225624466319707,0.01542419945818671,0.012646021848332608,0.0020077392613108615,0.0070673664489178945,0.0014917370180948667,0.0,0.0,15.466839126175302,14.437802279819433,6.827437113806577,100.0,0.0,100.0,0.0,True,0.010159103856527548,1.3809575247999317,True,0.8715962090798061,False,2.2765745219423588,-0.04091366619582093,-1.7654314876439647,28.18878917253839,0.09503772512681166,-0.009951975317752743,0.09813626064619474,-0.008695784558815617,0.009091834837867553,-0.001546447749154193,0.00429287274157928,-0.0012827566892437475,0.0,0.0,-9.479001535972076,-8.1396780733051,5.352414850611698,0.0,0.0,25.0,0.0,2.1964387668119114,-0.12104942132626828,-5.223302623324988,27.19653968332464,0.1138032738788854,0.008813573434321001,0.11428924962045654,0.007457204415446186,0.012131236371844142,0.0014929537848223963,0.006697578051848796,0.0011219486210257684,0.0,0.0,8.394702906095674,6.980306705853878,6.409268870280791,100.0,0.0,100.0,0.0,2.3174881881381797,0.0,0.0,28.69538656241237,0.1049897004445644,0.0,0.10683204520501036,0.0,0.010638282587021746,0.0,0.005575629430823028,0.0,0.0,0.0,0.0,0.0,5.9128985996974945,75.0,0.0,87.5,0.0,0.08076169955395619,0.017756046154746456,7.945355404101229,0.1841326729956445,7.072136220079628,7.457495573965555,6.644463670351731,0.15398466072553374,-15.975712098169403,-11.96680145300314
0.2,0.2,11,0.0,0.0,3,60,0,0,0.008654515404658808,0.0004792795641971846,5.862577833230098,0.10716113519722026,0.009077347749462786,0.0001330477168958906,0.013835280673640378,-0.000189591790746289,0.005330353228332935,-6.639893573833107e-05,0.003529833965628592,-7.072319835002517e-05,0.0,0.0,1.4875140191122016,-1.351825417505359,0.3456711597827935,0.0,0.0,0.0,0.0,False,0.0007463533269537854,0.2531416093888169,False,-0.8848957668038955,False,0.007706591988907359,-0.0004686438515542641,-5.732481125924338,0.09542384609871452,0.008829630571819498,-0.0001146694607473981,0.014205774713593512,0.00018090224920684454,0.005492926509702295,9.617434563102822e-05,0.0036919262397258233,9.136907574720625e-05,0.0,0.0,-1.2820395148852026,1.2898673386600112,0.3362379325387294,0.0,0.0,0.0,0.0,True,0.000804124513817452,0.19533132827062516,True,0.9803164408275487,False,0.008719164124161023,0.0005439282836993999,6.653365044312731,0.1079616225552039,0.009082388203519195,0.00013808817095229894,0.01375874306579188,-0.00026612939859478775,0.005278723294873315,-0.00011802886919795152,0.0034896450654562927,-0.00011091209852232432,0.0,0.0,1.5438678314626086,-1.8975530741585644,0.34586310347026694,0.0,0.0,0.0,0.0,0.007636572154994988,-0.0005386636854666357,-6.588968146957086,0.09455685302775281,0.008813484077181698,-0.00013081595538519744,0.014304218874185096,0.0002793464097984293,0.00552142226114785,0.00012467009707658322,0.0037169922640583634,0.00011643510007974638,0.0,0.0,-1.4625622453281584,1.9917928701866927,0.33562306378169576,0.0,0.0,0.0,0.0,0.008175235840461623,0.0,0.0,0.10122664438233862,0.008944300032566896,0.0,0.014024872464386667,0.0,0.0053967521640712664,0.0,0.003600557163978617,0.0,0.0,0.0,0.0,0.0,0.3406046183353121,0.0,0.0,0.0,0.0,0.08076169955395643,0.02626006680790681,0.8564870210327484,7.00198339123716e-05,0.18052273044295575,-0.7019255315266815,12.451545980187184,0.0010179432496638203,2.95007626444036,-3.3436182876920517
0.2,0.2,11,0.025,0.125,3,60,0,0,0.010714560137970494,0.0005245341156131095,5.147524790047231,0.13266882937266763,0.00851497123635483,0.00019014389550651295,0.01470548909197217,-0.00020668307249512886,0.0029228930879033714,-3.5046391107572926e-05,0.0010686514765687266,-3.855369456932196e-05,0.0,0.0,2.284058127830635,-1.3860024563531637,0.32425550546546983,0.0,0.0,0.0,0.0,False,0.0007529290893281836,0.2297966734802781,False,-0.873127685203739,False,0.009630657657650095,-0.0005593683647072897,-5.489371307590485,0.11924783295596582,0.00812429596358836,-0.00020053137725995623,0.01511788893201104,0.000205716767543742,0.0030144063535660973,5.646687455515293e-05,0.0011496409841114659,4.2435812973417274e-05,0.0,0.0,-2.4088352712853034,1.3795224818683671,0.30937834328518027,0.0,0.0,0.0,0.0,True,0.0008429209269837928,0.13774017877927233,True,0.972605811256311,False,0.010754972295856209,0.0005649462734988245,5.5441102138434895,0.1331692170330179,0.008531999683552689,0.00020717234270437208,0.014593434434672575,-0.00031873772979472415,0.002894754916905046,-6.318456210589827e-05,0.0010610033503692955,-4.620182076875315e-05,0.0,0.0,2.4886082824543188,-2.137433274504519,0.32490395953538603,0.0,0.0,0.0,0.0,0.009632388594022438,-0.0005576374283349471,-5.472384732987578,0.11926926559522306,0.008118150029400134,-0.00020667731144818208,0.015249185654120843,0.000337013489653544,0.003025286751805454,6.734727279450979e-05,0.0011543285956021865,4.7123424464137927e-05,0.0,0.0,-2.4826618377303378,2.259989262037765,0.30914430221311506,0.0,0.0,0.0,0.0,0.010190026022357385,0.0,0.0,0.1261739918629311,0.008324827340848317,0.0,0.014912172164467299,0.0,0.0029579394790109443,0.0,0.0011072051711380486,0.0,0.0,0.0,0.0,0.0,0.31701470532214115,0.0,0.0,0.0,0.0,0.08076169955395643,0.02626006680790681,-0.016986574602906757,-1.7309363723426452e-06,0.07382656644503438,-0.8804667801693977,10.61990952303481,0.0010821715439480566,4.766719965560973,-3.6459917183909285
0.2,0.2,11,0.05,0.25,3,60,0,0,0.012939035131026531,0.0005167261629333442,4.1596627829863175,0.1602125166073559,0.008691021511470115,0.0002053102809001523,0.01665773296227574,-0.00026032504841224866,0.000652568860932538,-2.1332793595297108e-05,-0.0012939868364440924,-2.2200311219446045e-05,0.0,0.0,2.419482295844788,-1.5387407245428975,0.3309596116051495,0.0,0.0,0.0,0.0,False,0.0007692982340478351,0.22143374437036217,False,-0.8327330463350335,False,0.011730022550530126,-0.0006922864175630608,-5.572928666813914,0.1452423935518267,0.008220878214432155,-0.00026483301613780715,0.01718208117849898,0.0002640231678109929,0.00069544858064781,2.154692611997487e-05,-0.0012834582780332617,-1.1671752808615349e-05,0.0,0.0,-3.1209289232438264,1.560599731034129,0.31305625665647124,0.0,0.0,0.0,0.0,True,0.0009420686099610684,0.046581939562856306,True,0.9461166345530015,True,0.012949888246280267,0.0005275792781870795,4.247030721439726,0.16034690104098814,0.008701672890403038,0.00021596165983307596,0.016466757713190096,-0.0004513002974978926,0.0006495241627618468,-2.4377491765988296e-05,-0.0012619002774708857,9.886247753760615e-06,0.0,0.0,2.5450036415930466,-2.6675656107384427,0.33136522287075815,0.0,0.0,0.0,0.0,0.01191967382788603,-0.0005026351402071579,-4.046229581780492,0.1475906759481029,0.008269585305379773,-0.0002161259251901894,0.017403082707750914,0.0004850246970629253,0.0007017933108078956,2.789165628006051e-05,-0.0012854964021556856,-1.3709876931039273e-05,0.0,0.0,-2.546939429326689,2.866905272203879,0.31491105357317034,0.0,0.0,0.0,0.0,0.012422308968093187,0.0,0.0,0.1538143580026311,0.008485711230569962,0.0,0.01691805801068799,0.0,0.0006739016545278351,0.0,-0.0012717865252246463,0.0,0.0,0.0,0.0,0.0,0.3231412658864579,0.0,0.0,0.0,0.0,0.08076169955395643,0.02626006680790681,-1.5266990850334228,-0.00018965127735590288,-0.5739894939171375,-1.30630554116975,8.20589236476681,0.0010193613031405022,4.966421725171477,-4.4056459967467765
0.2,0.2,11,0.075,0.37499999999999994,3,60,0,0,0.01881739984342108,0.0013112186306552184,7.490032318979156,0.23299905706973495,0.01031085317443333,0.00033449760150270486,0.020482891620623864,-0.000252948253229187,0.0029281532851865334,-6.647888935187385e-05,0.00091562417243098,-1.1174521404755063e-05,0.0,0.0,3.352903763878623,-1.2198601781649665,0.3926438287403279,0.0,0.0,0.0,0.0,False,0.0011809723668664014,0.01952403335320548,False,-0.7040709307224163,False,0.01665664599913662,-0.0008495352136292447,-4.852772876643973,0.20624437191305525,0.009722326696921607,-0.0002540288760090187,0.02117271981470124,0.0004368799408481887,0.0030707548905601094,7.612271602170208e-05,0.0009255107723331694,-1.2879215025656497e-06,0.0,0.0,-2.5463093626924116,2.106883268321691,0.3702323671923885,0.0,0.0,0.0,0.0,True,0.0011556240951298014,0.040568870583152276,True,0.8855453161270651,True,0.017684225041072657,0.00017804382830679394,1.0170340758095309,0.21896796549282532,0.010069469404868069,9.311383193744312e-05,0.019852510338332255,-0.0008833295355207965,0.0029021549759177152,-9.247719862069204e-05,0.0008922779802502797,-3.452071358545528e-05,0.0,0.0,0.9333451605323173,-4.2599168439501405,0.3834517816929616,0.0,0.0,0.0,0.0,0.017469806047462434,-3.637516530342888e-05,-0.20778469536750777,0.2163130065853921,0.009909078178760456,-6.727739417016973e-05,0.021736256281661023,0.001000416407807972,0.003098292286773347,0.00010366011223493987,0.0009582322215697876,3.143352773405262e-05,0.0,0.0,-0.6743684472586109,4.824576259722435,0.3773439820715486,0.0,0.0,0.0,0.0,0.017506181212765863,0.0,0.0,0.21676340777189915,0.009976355572930626,0.0,0.02073583987385305,0.0,0.0029946321745384073,0.0,0.000926798693835735,0.0,0.0,0.0,0.0,0.0,0.3799059479135362,0.0,0.0,0.0,0.0,0.08076169955395643,0.02626006680790681,-4.6449881812764655,-0.0008131600483258158,-1.8719409154338007,-2.717692991400744,7.697817014346664,0.0013475937959586473,4.027272211137234,-6.044436437887402
0.2,0.2,11,0.1,0.5,3,60,0,0,0.040700002826981954,0.0019418751336408718,5.010239785072224,0.5039517871932663,0.01310148869573016,0.0003795044570449827,0.029763081232282173,-0.0005721347977420167,0.0006438556285732881,-0.00010539170997378173,-0.000937904435516151,3.8917971779156135e-05,0.0,0.0,2.9830602673675655,-1.8860416130735524,0.498912999405826,0.0,0.0,0.0,0.0,False,0.001474110773605532,0.0366757650367341,False,-0.6605875179795835,False,0.03905814829621662,0.0003000206028755392,0.7740843552850096,0.4836221688242469,0.012536325263193631,-0.00018565897549154692,0.03174816220607051,0.0014129461760463216,0.0008642682342933263,0.00011502089574625654,-0.0011067309633983934,-0.0001299085561030863,0.0,0.0,-1.4593554905294792,4.657775222856042,0.47739121742900475,0.0,0.0,0.0,0.0,True,0.001718147585301719,0.2082958718781544,True,0.8016296059519511,False,0.0343996197458112,-0.0043585079475298855,-11.2454037563809,0.4259397701608422,0.012405402021418951,-0.00031658221726622686,0.028206715827727873,-0.002128500202296317,0.0006649580711634135,-8.428926738365632e-05,-0.0010738523977849275,-9.702999048962044e-05,0.0,0.0,-2.488465724580602,-7.016598135281582,0.47240557734162847,0.0,0.0,0.0,0.0,0.04660959727230055,0.00785146957895947,20.257608006974003,0.5771250175482123,0.013188014023114425,0.000466029784429247,0.03279443480041123,0.002459218770387038,0.000855952109108568,0.00010670477056149818,-0.0008592897978885259,0.00011753260940678117,0.0,0.0,3.663184733495717,8.106811462799657,0.50220793875298,0.0,0.0,0.0,0.0,0.03875812769334108,0.0,0.0,0.47990728163721963,0.012721984238685178,0.0,0.03033521603002419,0.0,0.0007492473385470698,0.0,-0.000976822407295307,0.0,0.0,0.0,0.0,0.0,0.48446122897351634,0.0,0.0,0.0,0.0,0.08076169955395643,0.02626006680790681,-19.483523651688994,-0.007551448976083931,-5.122540224025196,-3.4490362399436147,-15.24736822190178,-0.005909594445318599,-0.6801244661281514,-9.99285307587321
0.2,0.2,11,0.15,0.7499999999999999,3,60,3,0,2.4654697858437733,-0.35888867536416713,-12.706909561708935,30.527710529377938,0.07316075459244487,-0.00955386031903313,0.09304828169791632,-0.008165938540527606,-0.0010062495055091253,-0.0007258615991382576,-0.004134441585586222,-0.002054920695717879,0.0,0.0,-11.550389649105863,-8.067975548583995,2.7860079385028995,0.0,0.0,0.0,0.0,False,0.008144807870274492,2.994936776832224,False,-0.2721114935454382,False,2.82222219893532,-0.002136262272620648,-0.07563708013560433,34.945057057025025,0.08878845308537449,0.0060738381738964925,0.10795724817035603,0.006743027931912102,-0.0004078275553676654,-0.00012743964899679773,-0.0023878900470832975,-0.0003083691572149548,0.0,0.0,7.3431257346682655,6.662134941144293,3.3811206092834696,0.0,0.0,12.5,0.0,True,0.005751899727856841,1.8212422104306984,True,0.2968962649047579,False,2.80868936126779,-0.01566909994015031,-0.5547843928227492,34.77749201391336,0.0766187426134064,-0.006095872298071597,0.09812499415288961,-0.003089226085554314,0.0003107100872312592,0.0005910979936021269,-0.0021888445152941777,-0.00010932362542583497,0.0,0.0,-7.369764466165329,-3.0521660674523887,2.9176903156368503,0.0,0.0,0.0,0.0,2.6999039744935347,-0.12445448671440573,-4.406469236244826,33.43049972208354,0.08865646367659182,0.005941848765113819,0.10389567740561045,0.002681457167166529,-0.0011370595831141422,-0.0008566716767432745,-0.0022396166854811977,-0.00016009579561285497,0.0,0.0,7.183553682106658,2.6492889643860984,3.376094368880192,25.0,0.0,12.5,0.0,2.8243584612079404,0.0,0.0,34.971508484922396,0.082714614911478,0.0,0.10121422023844392,0.0,-0.0002803879063708677,0.0,-0.0020795208898683427,0.0,0.0,0.0,0.0,0.0,3.1498249991722385,0.0,0.0,0.0,0.0,0.08076169955395643,0.02626006680790681,4.330832156109222,0.12231822444178508,0.15957205256160734,4.012845976758195,-8.300440325464109,-0.2344341886497614,-18.733943331212522,-10.717264512970093
0.2,0.2,11,0.2,1.0,3,60,60,0,3.2951141962578383,0.13471069079650766,4.26245226483648,40.800456335820314,0.1313747895259973,-0.01331535725392946,0.09911726868890329,-0.007017225658598039,-0.008117914778396306,-0.0027116905060151813,-0.006305868628120178,-0.0018888805645165393,0.0,0.0,-9.20267036163981,-6.611635266874238,5.002835312149352,100.0,0.0,100.0,0.0,False,0.009501968732406505,3.592693389895678,True,0.15876912105702418,False,2.82994553033509,-0.33045797512624064,-10.45619569005012,35.04068817229904,0.15408097370839402,0.009390826928467266,0.11172055516093768,0.00558606081343635,-0.006068043911353065,-0.0006618196389719397,-0.0048848560599299784,-0.0004678679963263394,0.0,0.0,6.4903016117266565,5.263190678750207,5.867501207651186,100.0,0.0,100.0,0.0,True,0.005940664011312245,1.8713679348674235,False,-0.08827138177958456,False,3.6892982962511986,0.528894790789868,16.735039999668146,45.68128601338311,0.14057972587753748,-0.004110420902389278,0.10499698121381373,-0.0011375131336875954,-0.005505821709582845,-9.959743720172002e-05,-0.0032148735774411184,0.0012021144861625206,0.0,0.0,-2.84084368829981,-1.0717657258187852,5.353365126824789,100.0,0.0,100.0,0.0,2.66691378861331,-0.4934897168480208,-15.614769316489063,33.02201171276194,0.1486167373842007,0.003926590604273944,0.10702479933763169,0.0008903049901303611,-0.005344187517003317,6.203675537780774e-05,-0.0056948175389283226,-0.0012778294753246836,0.0,0.0,2.713792674663784,0.8388460279608712,5.659419622628406,100.0,0.0,100.0,0.0,3.1604035054613306,0.0,0.0,39.13245415730613,0.14469014677992675,0.0,0.10613449434750133,0.0,-0.005406224272381125,0.0,-0.004416988063603639,0.0,0.0,0.0,0.0,0.0,5.509892561901673,100.0,0.0,100.0,0.0,0.08076169955395643,0.02626006680790681,5.158573626438944,0.16303174172178014,3.7765089370628724,4.424344650789336,19.877221581325543,0.6282004076445284,-11.916463036303593,-7.450481294835109
0.2,0.2,22,0.0,0.0,7,60,0,0,0.011052246804112254,0.001976215849218848,21.7740095757756,0.13685010178281737,0.010290607323337368,0.0009623266721545537,0.01428849928548211,-0.00036965095182269793,-0.005321242722877428,-0.0003926455947225304,-0.007008746185364543,-0.00030744035234025937,0.0,0.0,10.316227696607005,-2.521811728207979,0.3918728538892713,0.0,0.0,0.0,0.0,False,0.0023806813437839873,0.4781132784048699,False,-0.7993910529955767,False,0.00773514894620515,-0.0013408820086882565,-14.77388095470642,0.09577744139766822,0.008949716633154196,-0.00037856401802861817,0.015267019359089855,0.0006088691217850471,-0.005208323368976307,-0.00027972624082140893,-0.006993279331829397,-0.0002919734988051136,0.0,0.0,-4.058240014258329,4.15379234028781,0.3408108859212601,0.0,0.0,0.0,0.0,True,0.001891209411339201,0.1742107991242254,True,0.9320384402035006,False,0.010294488585593137,0.0012184576306997312,13.425005233623533,0.12746745849145297,0.009810626921109239,0.0004823462699264248,0.014202590429798831,-0.0004555598075059765,-0.004941897770991005,-1.3300642836107206e-05,-0.006702965456451637,-1.659623427353353e-06,0.0,0.0,5.1707950045999596,-3.1078942440266655,0.3735948957355773,0.0,0.0,0.0,0.0,0.007832241216702797,-0.0012437897381906097,-13.704115205997747,0.09697964827337643,0.008826470028519934,-0.0005018106226628797,0.015193015708465638,0.0005348654711608298,-0.004939827961386415,-1.1230833231516864e-05,-0.006730171396401528,-2.8865563377244476e-05,0.0,0.0,-5.37945460077095,3.6489288382350216,0.33611757704524636,0.0,0.0,0.0,0.0,0.009076030954893406,0.0,0.0,0.11238038581431489,0.009328280651182814,0.0,0.014658150237304808,0.0,-0.004928597128154898,0.0,-0.0067013058330242835,0.0,0.0,0.0,0.0,0.0,0.3552268438393349,0.0,0.0,0.0,0.0,0.08076169955395643,0.02626006680790681,-1.069765748708674,-9.709227049764686e-05,1.321214586512621,0.5048635020527881,35.478124781773346,0.0032200055874094576,15.695682297377955,-6.170740566443
0.2,0.2,22,0.025,0.125,7,60,0,0,0.012489467586808193,0.002003027471359324,19.101119629800944,0.15464592320105958,0.009348148778766451,0.0008924727721055098,0.014723064120894759,-0.0005187388273402444,-0.0026294816020773805,-0.00032205530487339467,-0.004303667957919061,-0.00017519662438553359,0.0,0.0,10.554718172768984,-3.4033954454208093,0.3559834347394637,0.0,0.0,0.0,0.0,False,0.0023404184010863242,0.2389589570357162,False,-0.8099434830429494,False,0.00904823670920869,-0.0014382034062401794,-13.714886943581405,0.11203623449211361,0.007886320934324275,-0.0005693550723366667,0.015962068249003515,0.000720265300768512,-0.00243775806347998,-0.00013033176627599407,-0.004301627924386412,-0.00017315659085288468,0.0,0.0,-6.733406907835149,4.72559121263223,0.30031610323054214,0.0,0.0,0.0,0.0,True,0.0019917234101718695,0.054368551291843085,True,0.9772588875161372,False,0.011794017485906846,0.0013075773704579775,12.469220784769686,0.1460347856848571,0.009001328667431653,0.0005456526607707114,0.014547210429674814,-0.0006945925185601887,-0.0023306204121562512,-2.3194114952265407e-05,-0.004115052023361784,1.3419310171743082e-05,0.0,0.0,6.453093287170342,-4.557154563139276,0.3427763049224759,0.0,0.0,0.0,0.0,0.009151972411576458,-0.0013344677038724106,-12.725650355895723,0.11332070105164241,0.007862177928320505,-0.0005934980783404362,0.01605477807869908,0.0008129751304640775,-0.002293819518065446,1.3606779138539919e-05,-0.004168697348179422,-4.022601464589472e-05,0.0,0.0,-7.018931163787601,5.333851469049589,0.2993967222487504,0.0,0.0,0.0,0.0,0.010486440115448869,0.0,0.0,0.12984422286015587,0.008455676006660941,0.0,0.015241802948235003,0.0,-0.002307426297203986,0.0,-0.004128471333533527,0.0,0.0,0.0,0.0,0.0,0.3219975055095811,0.0,0.0,0.0,0.0,0.08076169955395643,0.02626006680790681,-0.9892365876856815,-0.00010373570236776875,0.2855242559524518,-0.6082602564173589,31.826769985696668,0.0033374951752317347,17.573649336556585,-8.737246914470397
0.2,0.2,22,0.05,0.25,7,60,0,0,0.014846182760310979,0.002195999310552194,17.35942659862428,0.18382702249093122,0.009292157568396315,0.0007984590643732511,0.016464317403881455,-0.000646912793905878,0.0004588916265190752,-4.952489716298958e-05,-0.0012087693590295493,0.00021229883218832984,0.0,0.0,9.40060521332442,-3.7806328734302896,0.3538512539350616,0.0,0.0,0.0,0.0,False,0.0024001286418127423,0.0759553101427605,False,-0.8258590145185224,False,0.01109679570857829,-0.0015533877411804953,-12.279566911815143,0.13740171108168153,0.007853258755944323,-0.0006404397480787409,0.01811863056023381,0.0010074003624464777,0.0005380395864589725,2.9623062776907693e-05,-0.0014993806726299227,-7.831248141204356e-05,0.0,0.0,-7.540175199006594,5.887363741835139,0.29905707450750796,0.0,0.0,0.0,0.0,True,0.0022512028010389365,0.009193243140789616,True,0.9891212702949193,True,0.013946828428121463,0.0012966449783626786,10.25000928652464,0.17269112097874645,0.009016462368883357,0.0005227638648602935,0.016037821287391434,-0.001073408910395899,0.0004691603114004831,-3.925621228158168e-05,-0.0013748634812292073,4.62047099886718e-05,0.0,0.0,6.154725937266137,-6.273125298347648,0.34335260587259947,0.0,0.0,0.0,0.0,0.011353662644176926,-0.0012965208055818588,-10.249027697749169,0.14058226494591794,0.007909909065783541,-0.0005837894382395223,0.01840512804479674,0.0012938978470094058,0.0005601578475086319,5.174132382656713e-05,-0.0015007664458870898,-7.969825466921064e-05,0.0,0.0,-6.873206506717999,7.5616880379338225,0.3012143542377393,0.0,0.0,0.0,0.0,0.012650183449758785,0.0,0.0,0.15663592420200703,0.008493698504023064,0.0,0.017111230197787333,0.0,0.0005084165236820648,0.0,-0.0014210681912178791,0.0,0.0,0.0,0.0,0.0,0.32344542632563456,0.0,0.0,0.0,0.0,0.08076169955395643,0.02626006680790681,-2.030539214065975,-0.00025686693559863645,-0.6669686922885951,-1.6743242960986837,27.608454296373452,0.0034925201161340527,16.273811720042417,-11.342320911364112
0.2,0.2,22,0.075,0.37499999999999994,7,60,0,0,0.023616104797462165,0.0030641186671136814,14.909112178647256,0.2924171349524954,0.011585034971361059,0.000899010787707006,0.019387160564653012,-0.0017578318476216513,-0.0025868630412806464,-0.0002364844390174499,-0.003895195576386867,0.00016767641868470438,0.0,0.0,8.412958573331553,-8.31322997591255,0.44116547974176695,0.0,0.0,0.0,0.0,False,0.0033669402639966797,0.41934576787670536,False,-0.8582675171587295,False,0.019282993625535268,-0.0012689925048132156,-6.174549246796801,0.2387640890673977,0.010178318306469926,-0.0005077058771841263,0.023092437826243786,0.001947445413969122,-0.002454901454554623,-0.00010452285229142636,-0.004399594627662252,-0.0003367226325906806,0.0,0.0,-4.751120421014409,9.209960334810186,0.3875968169054799,0.0,0.0,0.0,0.0,True,0.0027663084198840068,0.16614725553323123,True,0.954496736587822,False,0.020764924064428893,0.0002129379340804101,1.0360941892908926,0.25711351022963513,0.01090907026813045,0.0002230460844763974,0.019255074704926326,-0.0018899177073483375,-0.002372248678693724,-2.1870076430527494e-05,-0.00402315504422353,3.971695084804133e-05,0.0,0.0,2.0872691343669425,-8.937897306840558,0.4154243150990678,0.0,0.0,0.0,0.0,0.021000147312089622,0.0004481611817411385,2.1806222469143988,0.26002606963539127,0.01052332198286944,-0.00016270220078461184,0.02364932301794393,0.0025043306056692673,-0.0023240299817415804,2.6348620521616118e-05,-0.0041777962300350285,-0.0001149242349634573,0.0,0.0,-1.5225700221930039,11.843610803168247,0.4007347757280232,0.0,0.0,0.0,0.0,0.020551986130348483,0.0,0.0,0.25447688995967477,0.010686024183654053,0.0,0.021144992412274664,0.0,-0.0023503786022631965,0.0,-0.004062871995071571,0.0,0.0,0.0,0.0,0.0,0.40693057873091665,0.0,0.0,0.0,0.0,0.08076169955395643,0.02626006680790681,-8.3551714937112,-0.001717153686554354,-3.2285503988214055,-2.633650468358061,12.728489931732856,0.002615957485372543,9.935528595524556,-20.156840779080795
0.2,0.2,22,0.1,0.5,7,60,0,0,0.0450639109182696,-0.0014136111857695616,-3.0414943004173467,0.5579861638271079,0.014329910315502199,0.0003239542194311898,0.02678016302018233,-0.00419453005036215,0.0006826455550228061,0.0003856358953918938,-6.210557156524892e-05,0.0008279794457433439,0.0,0.0,2.312974688833025,-13.54179697861464,0.5456920738368995,0.0,0.0,0.0,0.0,False,0.005179638400825174,0.4615853853280469,False,-0.824805875797499,False,0.06108553621518485,0.014608014111145692,31.430277368156357,0.7563676415003371,0.014219358883257916,0.00021340278718690736,0.03600906194175341,0.005034368871208932,0.00037182595878876095,7.481629915784868e-05,-0.0011781257845771814,-0.00028804076726858855,0.0,0.0,1.5236574049148466,16.253167899818145,0.5414822051776548,0.0,0.0,0.0,0.0,True,0.004125615509539838,0.16416221898144762,True,0.9556219502238917,False,0.03748038567903091,-0.008997136425008247,-19.358038074552052,0.4640861433827365,0.013180917036145965,-0.0008250390599250437,0.025988543490228576,-0.004986149580315905,0.0003383948308771171,4.1385171246204836e-05,-0.0009683212067491421,-7.823618944054927e-05,0.0,0.0,-5.890630059567914,-16.09749471596058,0.5019376809878199,0.0,0.0,0.0,0.0,0.07856286856734299,0.03208534646330383,69.03411587106841,0.9727738395952847,0.015661598795382217,0.0016556426993112085,0.03871838354608433,0.0077436904755398515,0.0002561766738098805,-4.083298582103177e-05,-0.0006661574396659947,0.0002239275776425981,0.0,0.0,11.820990212697113,25.000055554719115,0.596403615799887,0.0,0.0,0.0,0.0,0.04647752210403916,0.0,0.0,0.5754896486915533,0.014005956096071009,0.0,0.03097469307054448,0.0,0.00029700965963091227,0.0,-0.0008900850173085928,0.0,0.0,0.0,0.0,0.0,0.533355691686735,0.0,0.0,0.0,0.0,0.08076169955395643,0.02626006680790681,-37.603838502912055,-0.017477332352158134,-10.297332807782267,-8.74688765490097,-72.07561017148575,-0.03349895764907339,-9.508015523864088,-38.54185253333375
0.2,0.2,22,0.15,0.7499999999999999,7,60,7,0,0.610914450042219,-1.0490401270183638,-63.19691764554094,7.564408047580407,0.050881058718999256,-0.023416623631401928,0.07576683887659336,-0.028302333681042346,0.0032570431543948405,0.004963268875787595,0.009668035193942773,0.0009419059694188679,0.0,0.0,-31.517300258391558,-27.195693965345903,1.937582988314377,0.0,0.0,0.0,0.0,False,0.017156560859157944,2.0905128035245113,False,-0.5724251630756269,False,2.055154358608397,0.3951997815478143,23.807867215717838,25.44714103292688,0.09520156340711206,0.02090388105671087,0.12899147470362202,0.024922302145986314,-0.0022750471415889355,-0.000568821420196181,0.014497462996312733,0.005771333771788827,0.0,0.0,28.13530704514364,23.947823868959684,3.6253359179744056,50.0,0.0,37.5,0.0,True,0.014131187826493384,1.5455344614404845,True,0.7923201654758583,False,1.1667137819982112,-0.4932407950623716,-29.714113981106237,14.44637480937033,0.05792145631448017,-0.016376226035921017,0.08724960109086909,-0.016819571466766617,-0.0010527918592919492,0.0006534338621008054,0.004907145262305276,-0.003818983962218629,0.0,0.0,-22.04136861051439,-16.161915246757232,2.2056857942585366,0.0,0.0,0.0,0.0,1.5765406026764885,-0.08341397438409426,-5.025075718144178,19.520894327183033,0.08999735494305047,0.01569967259264929,0.11718973682897507,0.013120564271339369,-0.0019480549057241784,-0.00024182918433142387,0.010318035125417513,0.0015919059008936073,0.0,0.0,21.13077029591155,12.607541646468778,3.4271563587931393,25.0,0.0,12.5,0.0,1.6599545770605828,0.0,0.0,20.55373507774656,0.07429768235040118,0.0,0.1040691725576357,0.0,-0.0017062257213927546,0.0,0.008726129224523906,0.0,0.0,0.0,0.0,0.0,2.8293028686442803,0.0,0.0,0.0,0.0,0.08076169955395643,0.02626006680790681,28.832942933862014,0.4786137559319086,7.004536749232091,11.340282222490906,-58.17184192739676,-0.9656261526342695,-52.648070554303104,-39.803235611814685
0.2,0.2,22,0.2,1.0,7,60,60,0,0.8835576346943035,-0.2783089668800689,-23.953607626120753,10.940305114604525,0.12497805912691132,-0.025811045818165124,0.11022698068882864,-0.012854997769560256,0.027963898127774875,0.010398686180431445,0.012363306902014,0.008191972738417765,0.0,0.0,-17.117314826934326,-10.444256690191434,4.759243761302271,100.0,0.0,100.0,0.0,False,0.02130259634943446,4.479910723488973,False,-0.6052457125858659,False,1.0794914524951715,-0.08237514907920085,-7.089897322771776,13.366378598483672,0.1811705049211117,0.030381399976035256,0.14226849057799307,0.019186512119604177,0.020019016653869202,0.0024538047065257723,0.007589501896097015,0.003418167732500781,0.0,0.0,20.14827264018937,15.588400804014292,6.899087738290214,100.0,0.0,100.0,0.0,True,0.01636853938044582,3.2106667660319204,True,0.3691957965093069,False,1.217265376928634,0.05539877535426152,4.76808398478743,15.072310063452614,0.13779387292702255,-0.012995232018053887,0.11760560842036447,-0.005476370038024425,0.01822123921076639,0.0006560272634229605,0.0020576053496890647,-0.0021137288139071696,0.0,0.0,-8.61815051079936,-4.44936789822229,5.247278079488104,100.0,0.0,100.0,0.0,1.0491913804532296,-0.11267522112114281,-9.697776058668328,12.991199866370703,0.16163979058057862,0.010850685635502177,0.12699497492720702,0.003912996468818125,0.015127149317718882,-0.002438062629624548,0.005875842678977049,0.0017045085153808148,0.0,0.0,7.195934772246604,3.1791790462167624,6.155345748469668,100.0,0.0,100.0,0.0,1.1618666015743724,0.0,0.0,14.386356503036888,0.15078910494507644,0.0,0.12308197845838889,0.0,0.01756521194734343,0.0,0.004171334163596234,0.0,0.0,0.0,0.0,0.0,5.7421447572126665,100.0,0.0,100.0,0.0,0.08076169955395643,0.02626006680790681,2.607878735896552,0.03030007204194196,12.952337867942765,12.409221757797528,-14.255831567452425,-0.1656337457589261,-24.313249599180928,-13.623435736408197
0.2,0.2,33,0.0,0.0,5,60,0,0,0.008073458942198363,-0.0005167319114640599,-6.0153717218488945,0.09996643194469343,0.007414761933034956,-0.00019441770414134387,0.013874418366281584,0.0005470448323649808,-0.001156849964516481,-0.0005616442948120745,-0.0029677944911037984,-0.0005823200430115165,0.0,0.0,-2.5550415867628296,4.1046709689108285,0.2823588373660344,0.0,0.0,0.0,0.0,True,0.001687210934743112,0.20991948243890043,True,0.8596000693447371,False,0.007735010675611697,-0.0008551801780507257,-9.955310570150145,0.09577572931639435,0.007204858670287102,-0.0004043209668891986,0.013673114083646451,0.00034574054972984734,-0.0006368760241911278,-4.167035448672139e-05,-0.0024329889063956214,-4.7514458303339526e-05,0.0,0.0,-5.313594712809788,2.594213697469927,0.2743655879853948,0.0,0.0,0.0,0.0,True,0.001154527450322996,0.1720743231379148,True,0.8667684546514965,False,0.009486340166881945,0.0008961493132195221,10.432239847586722,0.117460878352915,0.007970935376184717,0.000361755739008417,0.012966080390849745,-0.0003612931430668591,-0.0003023000084351054,0.000292905661269301,-0.0020773631202166847,0.00030811132787559713,0.0,0.0,4.754201586212803,-2.710910309127379,0.3035382748449329,0.0,0.0,0.0,0.0,0.007723934132921821,-0.0008662567207406019,-10.084254651586399,0.09563857838035596,0.007258735169527965,-0.0003504444676483351,0.013717810029789241,0.0003904364958726373,-0.0009255401295135753,-0.0003303344598091689,-0.002729306066428144,-0.0003438316183358623,0.0,0.0,-4.6055486183577905,2.9295831986626775,0.2764172392486978,0.0,0.0,0.0,0.0,0.008590190853662423,0.0,0.0,0.10636466172834025,0.0076091796371763,0.0,0.013327373533916604,0.0,-0.0005952056697044064,0.0,-0.002385474448092282,0.0,0.0,0.0,0.0,0.0,0.28976238685292316,0.0,0.0,0.0,0.0,0.08076169955395643,0.02626006680790681,0.1289440814362539,1.1076542689876165e-05,-0.7080460944519977,-0.33536950119275044,4.068882929737504,0.000349524809276542,2.050507031594961,1.175087770248151
0.2,0.2,33,0.025,0.125,5,60,0,0,0.009608091707084588,-0.00039167959305673114,-3.9168855096835653,0.11896841894300994,0.00762849002333021,-0.00024044727528122357,0.015471261226652128,0.0006848635595418928,-0.00022506031596501437,-0.0002456322502481339,-0.002110245465038604,-0.00028196720923447257,0.0,0.0,-3.055651178255714,4.631713382531655,0.2904977386056497,0.0,0.0,0.0,0.0,True,0.0013704810867776122,0.014921229273023926,True,0.8039691281270285,True,0.009083520876525728,-0.0009162504236155909,-9.162713787290732,0.11247312682488907,0.007454120576263313,-0.0004148167223481207,0.015226179487640115,0.00043978182052988035,4.456673166539017e-06,-1.6115261116580537e-05,-0.001865627731815524,-3.734947601139252e-05,0.0,0.0,-5.271572343336883,2.9742323345469,0.2838576394641504,0.0,0.0,0.0,0.0,True,0.001277363182697046,0.05403801327952326,True,0.9646765756852018,False,0.010982790863082119,0.0009830195629407998,9.83042045098479,0.1359900908938225,0.008270774936909529,0.0004018376382980953,0.014354008239329662,-0.00043238942778057315,0.00015813311531549855,0.000137561181032379,-0.0016574567909307103,0.00017082146487342126,0.0,0.0,5.106631595209232,-2.9242377860724478,0.31495635549637024,0.0,0.0,0.0,0.0,0.00905570590991438,-0.0009440653902269384,-9.440869814828634,0.11212871893395848,0.00746067923929168,-0.00040825805931975385,0.015246817115324487,0.0004604194482142523,-0.00013337832441492014,-0.0001539502586980397,-0.0020140522022459853,-0.00018577394644185368,0.0,0.0,-5.188223565992778,3.1138040419295354,0.28410739751222935,0.0,0.0,0.0,0.0,0.009999771300141319,0.0,0.0,0.12381823754786796,0.007868937298611434,0.0,0.014786397667110235,0.0,2.0571934283119555e-05,0.0,-0.0018282782558041316,0.0,0.0,0.0,0.0,0.0,0.2996541233566902,0.0,0.0,0.0,0.0,0.08076169955395643,0.02626006680790681,0.2781560275379018,2.7814966611347525e-05,-0.0833487773441055,-0.13957170738263525,5.523984305145069,0.0005523857971702073,2.132572387737064,1.5179093406021194
0.2,0.2,33,0.05,0.25,5,60,0,0,0.012558091687042885,-4.665131056413169e-05,-0.3701091769422682,0.1554956341483737,0.00835278697183735,-0.00014828597768759555,0.0176808094869083,0.0009252649191467573,0.0007966366666697942,7.144723718525601e-05,-0.0011901470201260212,1.4047113820030111e-05,0.0,0.0,-1.7443207294895902,5.522141732874575,0.31807942580413984,0.0,0.0,0.0,0.0,True,0.0013172876184175,0.11102197456215973,True,0.7178808752977235,False,0.011584998322718303,-0.0010197446748887139,-8.090166337245508,0.1434466880551273,0.008081523053752095,-0.00041954989577284996,0.017352445216198525,0.0005969006484369821,0.0007379728736099684,1.278344412543016e-05,-0.0012449615395938361,-4.0767405647784824e-05,0.0,0.0,-4.935258152281763,3.5624067366061496,0.3077495237490705,0.0,0.0,0.0,0.0,True,0.0014432524218054384,0.026014007718138003,True,0.9948109435661542,True,0.013747254822188684,0.0011425118245816674,9.064142162982392,0.17021997924900306,0.008918521434883047,0.00041744848535810175,0.016186916220693997,-0.0005686283470675464,0.0007105719265346899,-1.4617502949848299e-05,-0.0011479835266357237,5.6210607310327575e-05,0.0,0.0,4.910538797122421,-3.3936727318407467,0.3396229529849373,0.0,0.0,0.0,0.0,0.011518595907704703,-0.0010861470899023139,-8.61697132665471,0.14262448625179308,0.008071122215797704,-0.00042995073372724055,0.01735914279701375,0.0006035982292522078,0.0007410667340873032,1.5877304602764965e-05,-0.0012601036445121163,-5.590951056606494e-05,0.0,0.0,-5.0576055079172955,3.602379062113914,0.3073534532428348,0.0,0.0,0.0,0.0,0.012604742997607016,0.0,0.0,0.1560732756643619,0.008501072949524945,0.0,0.016755544567761543,0.0,0.0007251894294845382,0.0,-0.0012041941339460513,0.0,0.0,0.0,0.0,0.0,0.3237262498877308,0.0,0.0,0.0,0.0,0.08076169955395643,0.02626006680790681,0.526804989409202,6.64024150136e-05,0.12234735563553212,-0.03997232550776442,8.246862149712442,0.0010394957793381822,3.3132847784277053,1.9197626707606608
0.2,0.2,33,0.075,0.37499999999999994,5,60,0,0,0.02028945918962568,0.0018538702438979926,10.055931759791225,0.2512262533067473,0.01013265812588045,0.00023952278640965337,0.02196772616451511,0.0017149874761736815,6.884480659018633e-06,-0.00017858224810000814,-0.0018785475354811917,-0.00016714280212137768,0.0,0.0,2.4211008764231323,8.467928720973038,0.38585804826778064,0.0,0.0,0.0,0.0,True,0.001651305991295341,0.060404463890132515,True,0.5542282405624597,False,0.01746160493425333,-0.0009739840114743568,-5.2831727499547565,0.21621145952466406,0.009505219941073274,-0.0003879153983975224,0.021307386681498234,0.0010546479931568056,0.00020092560498638804,1.545887622736127e-05,-0.0018254638849951638,-0.0001140591516353498,0.0,0.0,-3.921056218141994,5.207433964295993,0.36196480422552796,0.0,0.0,0.0,0.0,True,0.0017386101515028617,0.010728268413811632,True,0.981292480009872,True,0.01956065687454437,0.0011250679288166837,6.1026958896119865,0.24220214510810298,0.01025606393534553,0.00036292859587473345,0.019276483640988832,-0.0009762550473525963,0.000284048703745921,9.858197498689421e-05,-0.0014946160259611241,0.00021678870739868985,0.0,0.0,3.6684891434442646,-4.820360655295386,0.39055741976473063,0.0,0.0,0.0,0.0,0.01747616299656743,-0.0009594259491602572,-5.204205582933641,0.2163917190089803,0.00952687476351,-0.0003662605759607966,0.02132970760060064,0.0010769689122592102,7.706052220386186e-05,-0.00010840620655516492,-0.0019584154165543806,-0.00024701068319456666,0.0,0.0,-3.7021688614682247,5.317645819817796,0.36278943359890814,0.0,0.0,0.0,0.0,0.018435588945727686,0.0,0.0,0.22827143370615888,0.009893135339470796,0.0,0.02025273868834143,0.0,0.00018546672875902677,0.0,-0.001711404733359814,0.0,0.0,0.0,0.0,0.0,0.3767368686393444,0.0,0.0,0.0,0.0,0.08076169955395643,0.02626006680790681,-0.07896716702111561,-1.4558062314099646e-05,-0.21888735667376924,-0.11021185552180235,15.260137342724866,0.00281329619305825,6.123269737891357,3.1502829011552427
0.2,0.2,33,0.1,0.5,5,60,0,0,0.04527283021960794,0.010618398814431801,30.640810955120124,0.5605730249567299,0.013742435548795602,0.0011390071333780127,0.03093156438469335,0.0037125469848493797,0.0009978374524327188,0.0001243022647525393,-0.0003934043693681682,0.0002759293003768851,0.0,0.0,9.03728014184364,13.639533456746534,0.5233206621034873,0.0,0.0,0.0,0.0,True,0.0019204943708065268,0.19675324677080913,True,0.4374299421723237,False,0.03577737197417717,0.0011229405690010297,3.240395307231325,0.44299924558019627,0.012343494134903337,-0.0002599342805142523,0.029144479391614162,0.0019254619917701936,0.000931360860667864,5.7825672987684524e-05,-0.0008020001271273947,-0.00013266645738234145,0.0,0.0,-2.0624093059970816,7.0739584882341555,0.4700480857568404,0.0,0.0,0.0,0.0,True,0.002357284691068471,0.014065699269692155,True,0.996222456817619,True,0.03460049809488715,-5.393331028899495e-05,-0.155631785321797,0.428427067359705,0.012820227808316001,0.00021679939289841188,0.025378476449301916,-0.001840540950542053,0.0008147420339402212,-5.879315373995828e-05,-0.0005975035313937154,7.183013835133792e-05,0.0,0.0,1.720162052360319,-6.761966912709361,0.48820240641794094,0.0,0.0,0.0,0.0,0.035936879262100825,0.001282447856924683,3.7006749351343515,0.44497428187592314,0.012350538893827746,-0.00025288952158984343,0.029139336523376955,0.0019203191235329861,0.0009504759002409255,7.694071256074604e-05,-0.0008125341379588036,-0.00014320046821375033,0.0,0.0,-2.0065137298712066,7.05506409479717,0.47031635464495636,0.0,0.0,0.0,0.0,0.03465443140517614,0.0,0.0,0.4290948753749754,0.012603428415417589,0.0,0.02721901739984397,0.0,0.0008735351876801795,0.0,-0.0006693336697450533,0.0,0.0,0.0,0.0,0.0,0.4799465480271643,0.0,0.0,0.0,0.0,0.08076169955395643,0.02626006680790681,-0.46027962790302634,-0.00015950728792365337,-0.055895576125875035,0.018894393436985624,26.940136019985772,0.009335950957507118,11.043793871714847,6.584469361949364
0.2,0.2,33,0.15,0.7499999999999999,5,60,0,0,1.0819893493249444,0.11152732031219992,11.492187945329224,13.397307824138514,0.06166171777521928,0.008184375961843966,0.0964199820753921,0.007582889871589393,0.004380932413265112,0.0012285946493596211,0.0064224207663893616,0.0024243824376709664,0.0,0.0,15.304380667247287,8.535724980949787,2.3481173230166026,0.0,0.0,0.0,0.0,True,0.004718576343777566,0.06568975052291506,True,0.31240879181659836,False,1.2231451760659178,0.2526831470531733,26.037406874149326,15.14511436511736,0.0616030355916986,0.008125693778323284,0.10446115338465015,0.015624061180847443,0.004262957877824994,0.0011106201139195028,0.005036627596477047,0.0010385892677586515,0.0,0.0,15.194647869148481,17.58731718166102,2.345882668247826,0.0,0.0,0.0,0.0,True,0.0077362625116341975,0.5318326610942503,True,0.9672211540777823,False,0.7476975032383846,-0.2227645257743599,-22.95448138254098,9.258070438931911,0.04754341680369512,-0.005933925009680194,0.07724296205399651,-0.01159413014980619,0.0022735446186906145,-0.0008787931452148763,0.003208571292945687,-0.000789467035772708,0.0,0.0,-11.096148029175323,-13.051001402891371,1.810483467215703,0.0,0.0,0.0,0.0,1.1438967413538543,0.17343471234110985,17.87135479350448,14.163851772208229,0.05941929992698634,0.0059419581136110206,0.09949287577288433,0.010655783569081631,0.004145946570710404,0.0009936088068049128,0.0049651608244942955,0.0009671224957759003,0.0,0.0,11.1111695385818,11.994746006134482,2.262724629059032,0.0,0.0,0.0,0.0,0.9704620290127445,0.0,0.0,12.016364618037592,0.053477341813375316,0.0,0.0888370922038027,0.0,0.003152337763905491,0.0,0.003998038328718395,0.0,0.0,0.0,0.0,0.0,2.036451095290949,0.0,0.0,0.0,0.0,0.08076169955395643,0.02626006680790681,8.166052080644846,0.07924843471206344,4.083478330566681,5.592571175526539,-6.379166848175256,-0.061907392028909936,4.193211128665487,-3.459021025184695
0.2,0.2,33,0.2,1.0,5,60,59,0,1.4397557867109727,-0.12530981265784003,-8.006681170960317,17.827210109032936,0.125490554033092,0.004777111409294821,0.1160638024212832,0.0026821686681879064,0.016758124342744683,0.0031680501885083256,0.004992212615005414,0.0031489428205245373,0.0,0.0,3.957398037418791,2.365611236497722,4.778759892389431,100.0,0.0,100.0,0.0,True,0.006570069336847775,0.6758684307099802,True,0.4106370768491301,False,1.5987017708997069,0.033636171530894154,2.149186049738727,19.79529628189193,0.13641604184270212,0.015702599218904933,0.12736019735090406,0.013978563597808774,0.01554295383119014,0.0019528796769537823,0.0025629692264444517,0.0007196994319635752,0.0,0.0,13.00816121021584,12.328772425566825,5.194809397881187,100.0,0.0,100.0,0.0,True,0.010155875221135912,1.5905222299369708,True,0.8162157985142585,False,1.5673727585593336,0.0023071591905208244,0.14741613332063253,19.4073771009757,0.11195672673725778,-0.00875671588653941,0.10642732158828294,-0.0069543121648123485,0.01245660741298759,-0.0011334667412487669,0.0008145001833527691,-0.0010287696111281074,0.0,0.0,-7.254134830558733,-6.133543797716268,4.263383164872529,100.0,0.0,87.5,0.0,1.4699550052491444,-0.09511059411966838,-6.0770995259257,18.201140062277613,0.12839536077372102,0.007681918149923833,0.11932365683354657,0.005942023080451275,0.01451072570646934,0.0009206515522329831,0.002891959439478055,0.0010486896449971785,0.0,0.0,6.363763623132246,5.240728047181675,4.8893767755024005,100.0,0.0,100.0,0.0,1.5650655993688127,0.0,0.0,19.378809609166304,0.12071344262379718,0.0,0.11338163375309529,0.0,0.013590074154236357,0.0,0.0018432697944808765,0.0,0.0,0.0,0.0,0.0,4.596844459948244,100.0,0.0,100.0,0.0,0.08076169955395643,0.02626006680790681,8.226285575664427,0.12874676565056253,6.644397587083595,7.08804437838515,-1.9295816450346166,-0.030199218538171646,-2.4063655857134547,-2.875116810683953
0.2,1.0,11,0.0,0.0,2,60,0,0,0.00909347540512874,0.00015202858644231508,1.7002683069656577,0.11259638486252335,0.008203131091431181,0.00012710321175216088,0.011520568103208392,-1.7927506443388141e-06,0.00565654974264773,0.00011258815058146597,0.004383543723751141,9.597471932970732e-05,0.0,0.0,1.5738332463162807,-0.015558883002175783,0.39280631776975017,0.0,0.0,0.0,0.0,False,0.00044907498699079475,0.10469130100896165,False,0.057790696006926004,False,0.00862767656843021,-0.00031377025025621473,-3.509166431549726,0.10682881385707003,0.008029666696608213,-4.636118307080675e-05,0.011631122268044542,0.00010876141419181168,0.005609358301989761,6.539670992349728e-05,0.00434954249660174,6.197349218030682e-05,0.0,0.0,-0.574059225172574,0.9439160565384075,0.38449998821886155,0.0,0.0,0.0,0.0,True,0.00036669911313980027,0.09794726469247327,True,0.9899467409450589,False,0.009291196965058096,0.0003497501463716711,3.9115609974969656,0.11504459436060678,0.008121352788136672,4.532490845765222e-05,0.01140209897457915,-0.00012026187927358101,0.005463490427251073,-8.047116481519137e-05,0.004211311345923587,-7.625765849784624e-05,0.0,0.0,0.5612277363689966,-1.0437260280159455,0.3888903698429727,0.0,0.0,0.0,0.0,0.008597241295954176,-0.0003442055227322483,-3.8495506343884434,0.1064519610587247,0.008032186487561759,-4.3841392117261596e-05,0.011644817006237852,0.00012245615238512184,0.005623309914967637,7.934832290137309e-05,0.0043626676063180285,7.509860189659507e-05,0.0,0.0,-0.5428583552512967,1.0627696349587712,0.3846206482199001,0.0,0.0,0.0,0.0,0.008941446818686425,0.0,0.0,0.11071395064826135,0.00807602787967902,0.0,0.01152236085385273,0.0,0.005543961592066264,0.0,0.0042875690044214335,0.0,0.0,0.0,0.0,0.0,0.38671998999702595,0.0,0.0,0.0,0.0,0.08076169955395626,0.02088339907058109,0.3403842028387172,3.0435272476033587e-05,-0.031200869921277352,-0.1188535784203637,5.549818941354101,0.0004962341091745634,2.1166916015675774,-1.078328517960947
0.2,1.0,11,0.025,0.125,2,60,0,0,0.011449353464352267,0.00024401288413121794,2.177648081147421,0.1417671189138738,0.007463615257151191,0.00010256546484860556,0.011317254300325538,-6.82061729926145e-06,0.003023456936966498,6.384952364143527e-05,0.0017240711598262536,4.064576873335818e-05,0.0,0.0,1.393353770760486,-0.06023112129579511,0.3573946574466104,0.0,0.0,0.0,0.0,False,0.0003953691623963879,0.019899736343153833,False,-0.14697986739683486,False,0.010835935174462945,-0.00036940540575810393,-3.2966905656589773,0.13417170805356246,0.00725424360638948,-0.00010680618591310531,0.011431517227650479,0.00010744231002567974,0.002996214074224088,3.660666089902497e-05,0.0017137469379697005,3.0321546876805163e-05,0.0,0.0,-1.4509640462531892,0.9487954716588476,0.3473689116351128,0.0,0.0,0.0,0.0,True,0.0003550017762675515,0.0842325288545698,True,0.9885642759345963,False,0.011608063942007855,0.00040272336178680604,3.5940305330626643,0.1437322890196559,0.0074698722900461145,0.00010882249774352929,0.011203548146953105,-0.00012052677067169414,0.0029154485341875737,-4.415887913748924e-05,0.001645930655614681,-3.749473547821447e-05,0.0,0.0,1.478355680426513,-1.0643409863361653,0.35769427499803375,0.0,0.0,0.0,0.0,0.010811352463125383,-0.0003939881170956661,-3.5160744492774176,0.13386732229306794,0.007251187088749934,-0.00010986270355265153,0.01144794039997777,0.00012386548235297085,0.0030030849883547987,4.347757502973573e-05,0.0017199481431832218,3.652275209032642e-05,0.0,0.0,-1.4924868959252824,1.09382429252729,0.34722255051692436,0.0,0.0,0.0,0.0,0.01120534058022105,0.0,0.0,0.13874572528943435,0.007361049792302585,0.0,0.011324074917624799,0.0,0.002959607413325063,0.0,0.0016834253910928954,0.0,0.0,0.0,0.0,0.0,0.3524833178461001,0.0,0.0,0.0,0.0,0.08076169955395626,0.02088339907058109,0.2193838836184403,2.4582711337562194e-05,0.04152284967209319,-0.1450288208684425,5.6937225304248384,0.0006380010012268841,2.8858406666857683,-1.1540554138230852
0.2,1.0,11,0.05,0.25,2,60,0,0,0.0135266392089501,0.0005189923812461868,3.989902156174985,0.16748829313470623,0.007556203525032756,0.00012569760887327572,0.011900142601936763,5.061395724374751e-05,0.0004480148958916285,1.0972018726802379e-05,-0.0008899829193412937,-1.0325213095513288e-05,0.0,0.0,1.6916426726734102,0.4271389922873903,0.36182823971780287,0.0,0.0,0.0,0.0,False,0.0004115120572831697,0.030683512824682988,False,-0.2916782459633046,False,0.012558042948289078,-0.0004496038794148359,-3.456458230840509,0.15549503065991258,0.007297253685736617,-0.00013325223042286345,0.011965849127081728,0.00011632048238871193,0.0004460638357443099,9.020958579483793e-06,-0.000885169685864821,-5.511979619040545e-06,0.0,0.0,-1.7933130250670226,0.9816464930932689,0.3494284460625196,0.0,0.0,0.0,0.0,True,0.0003677581724745375,0.07890357434845373,True,0.9855830621585435,False,0.013470490917120923,0.00046284408941700897,3.558246126664777,0.16679305898114977,0.007563053668607133,0.00013254775244765302,0.011705933660778208,-0.00014359498391480763,0.00042871933589548735,-8.323541269338779e-06,-0.0008737408531172622,5.916853128518258e-06,0.0,0.0,1.7838321366435483,-1.2118202185123939,0.3621562583296785,0.0,0.0,0.0,0.0,0.012560430281756584,-0.0004472165459473293,-3.4381049229814553,0.15552459087819293,0.007295882455641417,-0.0001346234605180633,0.011998500281491405,0.00014897163679838954,0.00044536135344559985,8.318476280773715e-06,-0.0008868285301635343,-7.170823917753821e-06,0.0,0.0,-1.8117670860780977,1.2571946215355068,0.34936278481213767,0.0,0.0,0.0,0.0,0.013007646827703914,0.0,0.0,0.1610620739724974,0.00743050591615948,0.0,0.011849528644693016,0.0,0.00043704287716482613,0.0,-0.0008796577062457804,0.0,0.0,0.0,0.0,0.0,0.3558092191336323,0.0,0.0,0.0,0.0,0.08076169955395626,0.02088339907058109,-0.018353307859053647,-2.3873334675066082e-06,0.01845406101107505,-0.27554812844223786,7.4280070791564405,0.0009662089271935161,3.503409758751508,-0.8300556292481165
0.2,1.0,11,0.075,0.37499999999999994,2,60,0,0,0.025834918016610725,0.0031459735668756435,13.865667368727586,0.3198907174972292,0.008571437948195804,0.0002828580237417399,0.014657522378337055,0.000390842750402097,0.0030176725486047596,4.683322695406755e-05,0.001748651891814205,1.8818249793382683e-05,0.0,0.0,3.412623468915532,2.739549499918703,0.4104426640139526,0.0,0.0,0.0,0.0,False,0.0006388559881302188,0.3183507726563375,False,-0.2422764666139662,False,0.022270181785237434,-0.0004187626644976475,-1.8456683404790897,0.27575177229100906,0.008177157070245366,-0.00011142285420869848,0.014457703041835763,0.0001910234139008045,0.0030104270259033515,3.958770425265944e-05,0.0017530923470544316,2.3258705033609144e-05,0.0,0.0,-1.3442936573485165,1.3389479464217535,0.3915625537111298,0.0,0.0,0.0,0.0,True,0.0004409000963176698,0.09015334685072339,True,0.9827140169400335,False,0.022867185112779118,0.000178240663044036,0.7855837605795557,0.28314393133222426,0.008382596353893622,9.401642943955742e-05,0.014000681425219246,-0.0002659982027157122,0.002924686896249429,-4.6152425401263086e-05,0.0016932452339715202,-3.658840804930219e-05,0.0,0.0,1.1342887478490438,-1.8644716896486058,0.4013999984179957,0.0,0.0,0.0,0.0,0.022609892747741625,-7.905170199345654e-05,-0.3484150713515488,0.2799581097551833,0.008197349213317008,-9.123071113705666e-05,0.014551959241214517,0.0002852796132795585,0.0030166328779780366,4.579355632734457e-05,0.001765328515116404,3.5494873095581574e-05,0.0,0.0,-1.100679633526802,1.9996216409105205,0.3925294529694065,0.0,0.0,0.0,0.0,0.02268894444973508,0.0,0.0,0.28093693638253336,0.008288579924454064,0.0,0.014266679627934958,0.0,0.002970839321650692,0.0,0.0017298336420208224,0.0,0.0,0.0,0.0,0.0,0.3968980287375905,0.0,0.0,0.0,0.0,0.08076169955395626,0.02088339907058109,-1.4972532691275409,-0.00033971096250419094,-0.24361402382171438,-0.660673694488767,14.214082440079135,0.0032250252688691,4.513303102442334,0.7399278590081826
0.2,1.0,11,0.1,0.5,2,60,0,0,0.09398056855613507,0.02398874865872716,34.2736461116302,1.1636774495235502,0.01105411022054124,0.001161996720455265,0.023165223281790378,0.002421806632144932,0.00023622044142552513,-8.094664120518978e-05,-0.00043212722969151194,-0.00013073337867455445,0.0,0.0,11.746698220205065,11.67506140887513,0.5293252397840451,0.0,0.0,0.0,0.0,False,0.001101089591445589,0.5954124096817959,False,-0.41131740086774243,False,0.07739784277303957,0.007406022875631663,10.581269191867282,0.9583483656300555,0.009826836115443306,-6.527738464266915e-05,0.02151916308327127,0.0007757464336258235,0.0003400642023757396,2.289711974502468e-05,-0.0002910454765272653,1.0348374489692162e-05,0.0,0.0,-0.6598932032280236,3.7397235312201182,0.47055731120354777,0.0,0.0,0.0,0.0,True,0.000658127736331963,0.046412602700832827,True,0.9726061309887936,True,0.06094791788442547,-0.009043902012982441,-12.921369991862974,0.7546636366128803,0.009884166061582574,-7.94743850340146e-06,0.01980646220578844,-0.000936954443857007,0.0003199958392951518,2.8287566644369117e-06,-0.0003799570978893388,-7.856324687238129e-05,0.0,0.0,-0.08034115766395455,-4.51687617176133,0.4733025513795127,0.0,0.0,0.0,0.0,0.08480642042382336,0.01481460052641545,21.166188489069548,1.0500821663264386,0.009990866723402884,9.87532233169084e-05,0.022061454809731193,0.0013180381600857473,0.00032049339486060454,3.3263122298896226e-06,-0.00022292204221682765,7.847180880012983e-05,0.0,0.0,0.9983025701843173,6.354007068108891,0.4784119045772218,0.0,0.0,0.0,0.0,0.06999181989740791,0.0,0.0,0.866646198432797,0.009892113500085975,0.0,0.020743416649645446,0.0,0.0003171670826307149,0.0,-0.0003013938510169575,0.0,0.0,0.0,0.0,0.0,0.47368311387686,0.0,0.0,0.0,0.0,0.08076169955395626,0.02088339907058109,-10.584919297202266,-0.0074085776507837875,-1.658195773412341,-2.614283536888773,13.107457622560652,0.00917414813231171,10.748395650020747,5.321054340766239
0.2,1.0,11,0.15,0.7499999999999999,2,60,5,0,3.1847807679086877,-0.5982562985109738,-15.814180194569838,39.43429602767288,0.06860517226002838,-0.008110045200425395,0.0833441992226724,-0.009202782331934806,-0.001962148396137345,-0.0007051824530105739,-0.004952051369295483,-0.0008883844500491662,0.0,0.0,-10.571625120669282,-9.943903277390753,3.2851535340659184,0.0,0.0,0.0,0.0,False,0.007841015118841253,4.477577122043965,False,-0.6381781733889349,False,3.9266495724910504,0.14361250607138887,3.7962225468572086,48.6201948965634,0.08109823412865139,0.004383016668197612,0.09683062555886164,0.004283644004254433,-0.001604484063068064,-0.0003475181199412928,-0.004505849784395347,-0.0004421828651490307,0.0,0.0,5.71336015629107,4.628615576972517,3.883382865718267,25.0,0.0,12.5,0.0,True,0.00285482880281715,0.9943265891794764,True,0.5141671075461841,False,3.75737728652768,-0.025659779891981316,-0.6782851830808623,46.52424735090432,0.07215218583641225,-0.004563031624041522,0.08933834880266577,-0.0032086327519414426,-0.000988809942025852,0.00026815600110091913,-0.0042126633450352705,-0.00014899642578895377,0.0,0.0,-5.948013673289443,-3.467031228942019,3.4550020134440014,0.0,0.0,0.0,0.0,3.7302140979651988,-0.05282296845446277,-1.3963111523106364,46.18790984547164,0.0812934705202095,0.004578253059755719,0.09531823763906178,0.002771256084454568,-0.001438550507286872,-0.00018158456416010084,-0.003943509912943809,0.00012015700630250807,0.0,0.0,5.96785515483389,2.9944316258649684,3.892731745701753,25.0,0.0,12.5,0.0,3.7830370664196615,0.0,0.0,46.841969489414275,0.07671521746045377,0.0,0.09254698155460721,0.0,-0.0012569659431267712,0.0,-0.004063666919246317,0.0,0.0,0.0,0.0,0.0,3.6735024409184525,0.0,0.0,12.5,0.0,0.08076169955395626,0.02088339907058109,5.192533699167845,0.19643547452585164,-0.2544949985428202,1.6341839511075484,-14.417869042259202,-0.5454333300565111,-16.539480275503173,-12.938334903255722
0.2,1.0,11,0.2,1.0,2,60,47,0,3.1758292077717205,-2.571664446500581,-44.74410240695052,39.32345685283621,0.12237075685120419,-0.007599482933936363,0.09116457465998559,-0.005743991964280132,-0.01239153601221973,-0.0021295852535615223,-0.007530890200109249,-0.0027381161101867396,0.0,0.0,-5.847094647589635,-5.927228277506947,5.859714524327154,75.0,0.0,75.0,0.0,False,0.009203049874929868,5.411268323659564,True,-0.3970577925966542,False,4.789395022385732,-0.9580986318865694,-16.669851060633768,59.3028013134614,0.13663170567273944,0.006661465887598889,0.10064993718278033,0.0037413705585146034,-0.011088715106905282,-0.0008267643482470742,-0.005502491461330404,-0.0007097173714078952,0.0,0.0,5.125377854662139,3.8607222135692787,6.54259899027719,75.0,0.0,87.5,0.0,True,0.0029821603880904202,1.0775102484579464,False,0.22493015319061954,False,6.945624430398668,1.1981307761263666,20.846143522677174,86.00146441641375,0.12448733063676282,-0.005482909148377735,0.09492306585763018,-0.001985500766635548,-0.010237639066211645,2.4311692446562713e-05,-0.004374931262802436,0.0004178428271200728,0.0,0.0,-4.218588160983449,-2.048839267568303,5.961066501483989,75.0,0.0,75.0,0.0,4.59047206239836,-1.1570215918739413,-20.130889418449183,56.83971595138983,0.13523977570305956,0.0052695359179190104,0.09848000890816341,0.0015714422838976894,-0.010041278514132746,0.00022067224452546226,-0.005275558320389161,-0.00048278423046665183,0.0,0.0,4.054417324019943,1.6215721051684673,6.475946527956498,75.0,0.0,87.5,0.0,5.747493654272302,0.0,0.0,71.16608102622266,0.12997023978514055,0.0,0.09690856662426572,0.0,-0.010261950758658208,0.0,-0.004792774089922509,0.0,0.0,0.0,0.0,0.0,6.223615195297998,75.0,0.0,75.0,0.0,0.08076169955395626,0.02088339907058109,3.461038357815415,0.19892295998737186,1.0709605306421954,2.2391501084008114,-24.613212988501335,-1.4146428546266399,-9.901511971609578,-7.548800382675414
0.2,1.0,22,0.0,0.0,6,60,0,0,0.01016956779753316,0.0003821134419368429,3.9041146763392653,0.12592067593549033,0.00983561464465513,0.0005640048668755088,0.010838441371053434,-0.00021053602202211232,-0.005528048617245356,-0.000253930966865829,-0.006739732377433168,-0.00024297397231398503,0.0,0.0,6.083138531425303,-1.9054797066926477,0.4709776704172062,0.0,0.0,0.0,0.0,False,0.0014333144093684384,0.23441708513027668,False,-0.8319900757895474,False,0.0083808010440387,-0.0014066533115576173,-14.372003796404066,0.1037719747148158,0.008957562698994434,-0.00031404707878518803,0.011526245794356746,0.0004772684012812004,-0.005536994853660988,-0.000262877203281461,-0.0067698731447259596,-0.0002731147396067765,0.0,0.0,-3.3871904266056907,4.3195708010074,0.4289322187791332,0.0,0.0,0.0,0.0,True,0.0014099195081932515,0.2142686337320171,True,0.8534730332431852,False,0.010905585779559714,0.001118131423963397,11.424129128367966,0.13503412929384648,0.009723270541322212,0.0004516607635425898,0.010749554223747718,-0.00029942316932782785,-0.005342703153713807,-6.858550333427998e-05,-0.006553087166641448,-5.632876152226497e-05,0.0,0.0,4.871438448855359,-2.7099627293606154,0.46559808144544823,0.0,0.0,0.0,0.0,0.008662187358995016,-0.0011252669966013013,-11.497034425073881,0.10725613015619954,0.008800112832314785,-0.0004714969454648367,0.011401719911231366,0.00035274251815582,-0.005222054515140532,5.206313523899511e-05,-0.006461083526619506,3.5674878499676946e-05,0.0,0.0,-5.085383841270241,3.1925354320743393,0.42139274370864754,0.0,0.0,0.0,0.0,0.009787454355596317,0.0,0.0,0.1211893064367398,0.009271609777779622,0.0,0.011048977393075546,0.0,-0.005274117650379527,0.0,-0.006496758405119183,0.0,0.0,0.0,0.0,0.0,0.4439703396197004,0.0,0.0,0.0,0.0,0.08076169955395626,0.02088339907058109,-2.8749693713301845,-0.000281386314956316,1.6981934146645505,1.1270353689330603,15.401149101413147,0.0015073804385381442,11.168522372695545,-5.098015138766987
0.2,1.0,22,0.025,0.125,6,60,0,0,0.011472697834721648,0.00016549843416191132,1.4636553959923804,0.14205617140408033,0.008597219665182256,0.0005000313810719879,0.010500824753474898,-0.0004403706629489308,-0.002742657311396116,-0.00016561296211820226,-0.003966155338924019,-0.0001537144055747861,0.0,0.0,6.175370554902848,-4.024886186457199,0.4116772196003931,0.0,0.0,0.0,0.0,False,0.0013980904829696324,0.10254302589370487,False,-0.8380675375533128,False,0.009809038845434614,-0.001498160555125123,-13.249616479311044,0.12145656789802041,0.007618597673402958,-0.00047859061070731033,0.01145136167665747,0.0005101662602336413,-0.0026900081325888997,-0.00011296378331098617,-0.003948928277691205,-0.00013648734434197228,0.0,0.0,-5.910577769896808,4.662801831213348,0.3648159788382077,0.0,0.0,0.0,0.0,True,0.0013837676637976025,0.09124795981492288,True,0.9451973968926124,False,0.012441536842854824,0.0011343374422950869,10.031992910984954,0.15405243960403198,0.008583389629923286,0.00048620134581301745,0.010473109005675479,-0.00046808641074834977,-0.002639439158863886,-6.239480958597238e-05,-0.0038526832068406496,-4.024227349141681e-05,0.0,0.0,6.004570089683203,-4.278201722324648,0.4110149693981043,0.0,0.0,0.0,0.0,0.010173208226941042,-0.001133991173618695,-10.028930537499491,0.1259657521217022,0.007572232714781504,-0.0005249555693287644,0.011466550863644828,0.0005253554472209997,-0.0025178812620995413,5.916308717837226e-05,-0.0037840602663862053,2.83806669630275e-05,0.0,0.0,-6.483183432438211,4.801627493394256,0.3625957962680834,0.0,0.0,0.0,0.0,0.011307199400559737,0.0,0.0,0.1400069520949777,0.008097188284110268,0.0,0.010941195416423828,0.0,-0.0025770443492779136,0.0,-0.003812440933349233,0.0,0.0,0.0,0.0,0.0,0.38773325437796946,0.0,0.0,0.0,0.0,0.08076169955395626,0.02088339907058109,-3.2206859418115528,-0.00036416938150642814,0.5726056625414033,-0.13882566218090808,11.49258593349187,0.0012994896077806063,12.658553987341058,-8.826513679851455
0.2,1.0,22,0.05,0.25,6,60,0,0,0.01326895963418398,-4.7546232582395057e-05,-0.3570473595558954,0.16429767708539977,0.007918300344063992,0.00043552945165962857,0.011282325869936702,-0.000577724739201188,0.00025763496786350166,-5.376400382749841e-05,-0.0010104915278190258,-3.4893122082837796e-05,0.0,0.0,5.820430131059173,-4.8711827482090575,0.37916721877037146,0.0,0.0,0.0,0.0,False,0.0013701025134899116,0.027303701692777314,False,-0.8289601240278077,False,0.011756060244605411,-0.001560445622160964,-11.71813115071968,0.14556479506416625,0.0069303556584305445,-0.0005524152339738192,0.012492582927900949,0.0006325323187630592,0.00035733311291681526,4.593414122581519e-05,-0.000986835249016682,-1.1236843280494017e-05,0.0,0.0,-7.38249562785046,5.333302020445907,0.33185956151139645,0.0,0.0,0.0,0.0,True,0.0014739296355074014,0.046407758767986425,True,0.9827279179755809,True,0.014403486114496806,0.0010869802477304312,8.162653616540494,0.17834550528340418,0.007972766054970907,0.0004899951625665436,0.011217067423055567,-0.0006429831860823229,0.00026257193162905457,-4.88270400619455e-05,-0.000979671863659515,-4.073457923327133e-06,0.0,0.0,6.548311709823018,-5.42142025588761,0.3817753052568114,0.0,0.0,0.0,0.0,0.01229097729740223,-0.0010255285693641456,-7.701183625980512,0.15218819521239424,0.006945198425173148,-0.0005375724672312156,0.012592996983978177,0.0007329463748402872,0.00037096878414231613,5.956981245131606e-05,-0.0009811273830838347,-5.5289773476466936e-06,0.0,0.0,-7.184136397613039,6.1799599259346305,0.3325703062849095,0.0,0.0,0.0,0.0,0.013316505866766375,0.0,0.0,0.16488639962151516,0.007482770892404364,0.0,0.01186005060913789,0.0,0.00031139897169100007,0.0,-0.000975598405736188,0.0,0.0,0.0,0.0,0.0,0.35831192360565045,0.0,0.0,0.0,0.0,0.08076169955395626,0.02088339907058109,-4.016947524739168,-0.0005349170527968183,-0.19835923023742108,-0.8466579054887236,7.344136266424616,0.0009779823367817506,13.004566528672212,-11.051142674143687
0.2,1.0,22,0.075,0.37499999999999994,6,60,0,0,0.021449086114592925,-0.0027685645062603265,-11.432011096387606,0.26558487789453905,0.00927723192454498,0.0002636572974496869,0.013042653272396777,-0.0008419056671258446,-0.0027162896453287117,-0.00015582941247481528,-0.0037802034581237926,-0.00020700684085825025,0.0,0.0,2.925113602067686,-6.063611172619576,0.44423955569637236,0.0,0.0,0.0,0.0,False,0.001525108061527584,0.05078123670815624,True,-0.7462573459691848,False,0.023702751054521617,-0.0005148995663316336,-2.126133432151611,0.2934899981727848,0.00854966690061363,-0.00046390772648166254,0.015065268679380253,0.001180709739857632,-0.0026716308200476543,-0.00011117058719375787,-0.003704260584960381,-0.0001310639676948386,0.0,0.0,-5.146767466562386,8.503761228574014,0.40940015903147375,0.0,0.0,0.0,0.0,True,0.001720044309144203,0.18508998276820288,True,0.9158894895037704,False,0.023352926975360247,-0.0008647236454930041,-3.570633910906329,0.28915843901673144,0.009353562404173404,0.00033998777707811186,0.012829054420428757,-0.0010555045190938639,-0.002615553908708929,-5.509367585503251e-05,-0.003648739033820029,-7.554241655448671e-05,0.0,0.0,3.771952761738828,-7.602002510064276,0.447894634995027,0.0,0.0,0.0,0.0,0.02645181374386144,0.002234163123008188,9.22535037764729,0.3275291863588035,0.008688380468956805,-0.00032519415813848755,0.015233128556980472,0.0013485696174578513,-0.0025149409309496397,4.5519301904256744e-05,-0.0034989949820769185,7.420163518862379e-05,0.0,0.0,-3.6078267678722797,9.712729250758745,0.4160424478597605,0.0,0.0,0.0,0.0,0.02421765062085325,0.0,0.0,0.299865539663063,0.009013574627095292,0.0,0.013884558939522621,0.0,-0.0025604602328538964,0.0,-0.0035731966172655423,0.0,0.0,0.0,0.0,0.0,0.4316143457600691,0.0,0.0,0.0,0.0,0.08076169955395626,0.02088339907058109,-11.351483809798902,-0.0027490626893398214,-1.538940698690106,-1.208968022184731,-20.657361474034897,-0.005002727629268514,6.532940369939966,-15.776340423378322
0.2,1.0,22,0.1,0.5,6,60,0,0,0.045472101552716526,-0.01819655123638253,-28.58007895448673,0.5630404239120422,0.009789644487020688,-0.0003807392557146523,0.017280304538960824,-0.0023223773332224293,0.0003047648831096888,-4.8918200445859355e-05,-0.00047480024510710263,-0.00019182135774780144,0.0,0.0,-3.7436075702316773,-11.847242884239972,0.4687763928627681,0.0,0.0,0.0,0.0,False,0.0016374405341875377,0.17801159493346239,False,-0.6742841041185139,False,0.10333331029193832,0.03966465750283926,62.298565723115786,1.279484097816715,0.01018838942839483,1.8005685659490747e-05,0.022934198990454686,0.0033315171182714334,0.00034600396243396553,-7.679121121582618e-06,7.782603551944071e-05,0.0003608049228787419,0.0,0.0,0.1770403764002726,16.995210859382205,0.48787026450820653,0.0,0.0,0.0,0.0,True,0.0024526812042720255,0.2312358642303732,True,0.9264446310464575,False,0.04539102980326231,-0.018277622985836746,-28.707412808593503,0.5620365848410225,0.009898922547280838,-0.00027146119545450216,0.016647330679473417,-0.002955351192709836,0.00032479516533563116,-2.8887918219916995e-05,-0.0004748779415530923,-0.0001918990541937911,0.0,0.0,-2.6691342462707546,-15.076259523976464,0.4740091645916814,0.0,0.0,0.0,0.0,0.12561760343209477,0.061948950642995715,97.29898141272156,1.5554105984133064,0.010946809444619725,0.0007764257018843847,0.024245690975908583,0.00464300910372533,0.00026823514485207036,-8.544793870347779e-05,9.960683600780066e-05,0.00038258572336710185,0.0,0.0,7.634182952427748,23.685581054671335,0.5241871501675577,0.0,0.0,0.0,0.0,0.06366865278909906,0.0,0.0,0.7883520671399755,0.01017038374273534,0.0,0.019602681872183253,0.0,0.00035368308355554815,0.0,-0.0002829788873593012,0.0,0.0,0.0,0.0,0.0,0.48700806359931065,0.0,0.0,0.0,0.0,0.08076169955395626,0.02088339907058109,-35.000415689605774,-0.022284293140156453,-7.457142576027476,-6.69037019528913,-125.8790603672083,-0.08014550187937824,-11.377790522659426,-35.53282393891131
0.2,1.0,22,0.15,0.7499999999999999,6,60,0,0,1.7069879940211536,0.048807267408199406,2.943422669487572,21.136107875995457,0.05448873267538004,-0.008653578056461261,0.08181831778081425,-0.00811519185917875,-0.001133135653680241,0.0009141041609385266,0.005744361148324228,0.0010412402858799834,0.0,0.0,-13.704880223994476,-9.02354627509162,2.609188882098199,0.0,0.0,0.0,0.0,False,0.004653799488843941,0.04825659847418658,False,-0.5445647747720592,False,2.044887653347276,0.3867069267343217,23.321156767044315,25.320017590530057,0.08457055059605295,0.02142823986421165,0.11581761370480889,0.025884104064815894,-0.002751445007469792,-0.0007042051928510245,0.0084492562721173,0.0037461354096730553,0.0,0.0,33.936420152906834,28.781378785761703,4.049654479628719,0.0,0.0,0.0,0.0,True,0.011367186952622389,1.3246908686124241,True,0.7837266278913116,False,1.1849383450447843,-0.4732423815681699,-28.539855395305903,14.672033297827472,0.047532619600336674,-0.015609691131504629,0.07223974286804774,-0.017693766771945257,-0.0012499611655829878,0.0007972786490357798,0.003922950721214916,-0.0007801701412293287,0.0,0.0,-24.72144422746474,-19.674275854210542,2.276095928621933,0.0,0.0,0.0,0.0,1.788053232323674,0.12987250571071973,7.8322286362597415,22.139866325238607,0.07919566504720893,0.016053354315367627,0.10460676331101414,0.014673253671021139,-0.0022664122738361232,-0.00021917245921735566,0.0038753789732647623,-0.0008277418891794821,0.0,0.0,25.42408430940153,16.315668908906922,3.792278487785718,0.0,0.0,0.0,0.0,1.6581807266129542,0.0,0.0,20.53177107182021,0.0631423107318413,0.0,0.089933509639993,0.0,-0.0020472398146187676,0.0,0.004703120862444244,0.0,0.0,0.0,0.0,0.0,3.023564819042858,0.0,0.0,0.0,0.0,0.08076169955395626,0.02088339907058109,15.488928130784572,0.256834421023602,8.512335843505305,12.465709876854781,-4.8888059667721695,-0.08106523830252033,-39.128964533396,-25.33921518399854
0.2,1.0,22,0.2,1.0,6,60,60,0,1.575843988577562,-0.14370732610262538,-8.357257202839152,19.51226877691885,0.1311626199329869,-0.005444622052369008,0.11039649832734647,-0.00437044617138288,0.014531224723792575,0.0018191737548227862,0.004385103291940306,-0.0005024626722717153,0.0,0.0,-3.9856027932638205,-3.8081053655926733,6.280712229349608,100.0,0.0,100.0,0.0,False,0.007427086819321951,0.7178586919036481,False,-0.35076445606549866,False,1.6562699595914299,-0.06328135508875743,-3.6801085578842874,20.508111750234885,0.1654112831474064,0.028804041162050514,0.13351568776000913,0.018748743261279788,0.014542113267147497,0.0018300622981777086,0.007664519582192105,0.002776953617980084,0.0,0.0,21.085295877021125,16.336361783586018,7.92070690160899,100.0,0.0,100.0,0.0,True,0.01420633513253811,2.28587464792215,True,0.43175562765963366,False,1.6686202150323952,-0.05093109964779208,-2.9618830920009276,20.66103393375969,0.12390864996624842,-0.012698592019107474,0.10880796737886375,-0.005958977119865594,0.014870259325362838,0.0021582083563930488,0.0034862031100250336,-0.0014013628541869874,0.0,0.0,-9.295694601951443,-5.192241673674225,5.933356420928684,100.0,0.0,100.0,0.0,1.6807679593031901,-0.038783355376997175,-2.2554346035442596,20.81144860232024,0.14761322355956985,0.011005981574213952,0.11927339233843029,0.004506447839700944,0.009001414689662106,-0.0037106362793076827,0.005217294585063323,0.0003297286208513023,0.0,0.0,8.056660404134197,3.9266078393773274,7.068448151599799,100.0,0.0,100.0,0.0,1.7195513146801873,0.0,0.0,21.29166825583417,0.1366072419853559,0.0,0.11476694449872935,0.0,0.012712050968969789,0.0,0.004887565964212021,0.0,0.0,0.0,0.0,0.0,6.541427548439543,100.0,0.0,100.0,0.0,0.08076169955395626,0.02088339907058109,-1.4246739543400277,-0.024497999711760254,13.028635472886927,12.40975394420869,-6.101822599294893,-0.1049239707256282,-12.042263197398018,-7.734713204970001
0.2,1.0,33,0.0,0.0,5,60,0,0,0.009859307901153531,-0.0005069013147395163,-4.889939072060745,0.12207900472137297,0.007839222901751772,-5.04683204931803e-05,0.01068914460579698,0.0005939360788416222,-0.0026087177932107367,-0.0010070700539454235,-0.0038971360133833064,-0.0010311482201901083,0.0,0.0,-0.6396742162847247,5.883346314796234,0.37538060136939394,0.0,0.0,0.0,0.0,True,0.0019518351319884495,0.48214861663002245,True,0.9262533344581207,False,0.009090329128630625,-0.001275880087262423,-12.308068076672573,0.11255742733048166,0.007447207731070475,-0.0004424834911744774,0.010507609636647028,0.0004124011096916704,-0.0016870569966100483,-8.54092573447352e-05,-0.002966052835041774,-0.0001000650418485757,0.0,0.0,-5.608375267296861,4.085117296889029,0.3566089842894169,0.0,0.0,0.0,0.0,True,0.0009170256356733061,0.303645961151036,True,0.7959913212794154,False,0.011737217776813703,0.0013710085609206554,13.225746580714205,0.14533148561308024,0.008195013288244016,0.0003053220659990641,0.00970049678948112,-0.0003947117374742369,-0.0011426028629651461,0.000459044876300167,-0.0023843673853217616,0.0004816204078714366,0.0,0.0,3.8698861260654915,-3.909891870190807,0.3924175973722838,0.0,0.0,0.0,0.0,0.00907805679176784,-0.001288152424125208,-12.426455971487293,0.11240546994312398,0.007602777190751899,-0.00028691403149305305,0.0105467844119583,0.0004515758850029434,-0.0021290916585608105,-0.0005274439192954974,-0.0034160117552137887,-0.0005500239620205905,0.0,0.0,-3.636568572976595,4.473170453063791,0.36405841621166457,0.0,0.0,0.0,0.0,0.010366209215893048,0.0,0.0,0.12835551100515738,0.007889691222244952,0.0,0.010095208526955357,0.0,-0.0016016477392653131,0.0,-0.002865987793193198,0.0,0.0,0.0,0.0,0.0,0.37779727311533956,0.0,0.0,0.0,0.0,0.08076169955395626,0.02088339907058109,0.11838789481472034,1.2272336862784866e-05,-1.9718066943202657,-0.3880531561747613,7.536516899426548,0.0007812511093856916,2.9968943566918704,1.4101758617324434
0.2,1.0,33,0.025,0.125,5,60,0,0,0.011714339948255681,-0.0003017356268994482,-2.511099609953582,0.14504820989347086,0.007285108910757827,-0.00030008951882793365,0.011562248102724534,0.0006696283435868797,-0.0009572349653476885,-0.0005066302678615362,-0.0022799924441213844,-0.0005418712928375344,0.0,0.0,-3.956251396897492,6.1475417153448175,0.3488468944224948,0.0,0.0,0.0,0.0,True,0.00133674777055267,0.2098558435439628,True,0.8854280466168626,False,0.01071344129341846,-0.0013026342817366691,-10.840763056035051,0.1326549757197828,0.007113759181491414,-0.00047143924809434686,0.011390799328767954,0.0004981795696302992,-0.0004813907559956239,-3.078605850947167e-05,-0.001798207019891803,-6.008586860795301e-05,0.0,0.0,-6.2152526723034285,4.5735514563646,0.3406418254733601,0.0,0.0,0.0,0.0,True,0.000971148873741165,0.12103826486195603,True,0.9230784259473565,False,0.013497910947474913,0.0014818353723197834,12.33210762575161,0.16713257672910986,0.007994499794244377,0.0004093013646586166,0.010435415427560168,-0.00045720433157748694,-0.00022707945674773646,0.00022352524073841577,-0.0014761292343468705,0.0002619919169369795,0.0,0.0,5.396053490995745,-4.197377138717662,0.3828160237337229,0.0,0.0,0.0,0.0,0.010655739473848052,-0.0013603361013070775,-11.320968254558561,0.13194050561961038,0.007155133784848415,-0.00043006464473734594,0.011410302245526568,0.0005176824863889137,-0.0007066973410041635,-0.0002560926435180113,-0.002036310208335392,-0.0002981890570515418,0.0,0.0,-5.669787662507231,4.752598528509533,0.3426230452555021,0.0,0.0,0.0,0.0,0.01201607557515513,0.0,0.0,0.14878433269135555,0.007585198429585761,0.0,0.010892619759137655,0.0,-0.00045060469748615223,0.0,-0.00173812115128385,0.0,0.0,0.0,0.0,0.0,0.36321665855014945,0.0,0.0,0.0,0.0,0.08076169955395626,0.02088339907058109,0.4802051985235103,5.770181957040835e-05,-0.5454650097961977,-0.17904707214493332,8.809868644604979,0.0010586004744076293,1.7135362656097386,1.3949431868352846
0.2,1.0,33,0.05,0.25,5,60,0,0,0.015183688555474383,0.0005105706731998033,3.479633144749572,0.1880060553372862,0.007134853414643974,-0.00036852811913285453,0.013187616493624127,0.0009881680504492917,0.0009451254085647726,3.890730913500191e-05,-0.0004222439572242518,-2.7981933388991805e-06,0.0,0.0,-4.911493804145605,8.10010432071737,0.34165192124758087,0.0,0.0,0.0,0.0,True,0.0010935892862216153,0.01959985806984842,True,0.8737899224965072,True,0.01351825030270071,-0.0011548675795738685,-7.870635190418329,0.16738442080047206,0.007028715226631075,-0.0004746663071457536,0.012902916976915643,0.0007034685337408073,0.000940292263434649,3.4074164004878294e-05,-0.0004523275836972379,-3.2881819811885274e-05,0.0,0.0,-6.326031869884541,5.76639621879278,0.33656950206600145,0.0,0.0,0.0,0.0,True,0.0010703151596259044,0.040465056097319985,True,0.9956915417931821,True,0.01615625810168706,0.001483140219412482,10.107873672875932,0.20004851545865737,0.007962457298203636,0.00045907576442680807,0.011562544449504872,-0.0006369039936699634,0.0008824598102850196,-2.3758289144751137e-05,-0.0003729892455986692,4.645651828668338e-05,0.0,0.0,6.118251649076578,-5.22076056664913,0.3812816712112985,0.0,0.0,0.0,0.0,0.013486684656410036,-0.001186433225864543,-8.085760881794446,0.1669935715926791,0.007014055822566128,-0.0004893257112107002,0.012955892366648146,0.0007564439234733107,0.0009332925457378463,2.7074446308075545e-05,-0.0004749277668061624,-5.548200292080979e-05,0.0,0.0,-6.521402503764162,6.200640356790177,0.3358675376005712,0.0,0.0,0.0,0.0,0.01467311788227458,0.0,0.0,0.18168411466466952,0.007503381533776828,0.0,0.012199448443174835,0.0,0.0009062180994297707,0.0,-0.0004194457638853526,0.0,0.0,0.0,0.0,0.0,0.35929886262371,0.0,0.0,0.0,0.0,0.08076169955395626,0.02088339907058109,0.2151256913761168,3.1565646290674515e-05,0.19537063387962128,-0.43424413799739714,11.565394026544018,0.0016970038990643463,1.6099086996185568,1.899463963927194
0.2,1.0,33,0.075,0.37499999999999994,5,60,0,0,0.04098778614658555,0.009335996093887133,29.495949765694874,0.507515151030247,0.00956058050760471,0.00043852143567158115,0.01607517622696674,0.0019684596834156215,-0.0007225156929179122,-0.0004093369959308336,-0.0016972122078788877,-0.0003745301747217571,0.0,0.0,4.8072637133082186,13.954059949659236,0.4578076813689259,0.0,0.0,0.0,0.0,True,0.0014685524835785855,0.0820546035600087,True,0.7063239400792798,False,0.03345238201343038,0.0018005919607319634,5.688752382516382,0.41421097126715495,0.00884620855783267,-0.0002758505141004595,0.015461949275595962,0.0013552327320448428,-0.0003347395145280338,-2.1560817540955185e-05,-0.0012838724891790954,3.880954397803525e-05,0.0,0.0,-3.0239939461606857,9.60700335801663,0.4236000340717772,0.0,0.0,0.0,0.0,True,0.001242167648416237,0.08474961746903473,True,0.9510138430689502,False,0.031731472585046355,7.968253234794109e-05,0.2517473173405893,0.3929024867022122,0.009393763308668089,0.0002717042367349591,0.013005194242533486,-0.0011015223010176333,-0.00011328718090658756,0.00019989151608049106,-0.0011311149282705337,0.00019156710488659693,0.0,0.0,2.9785406407961457,-7.808495319353348,0.4498196522950755,0.0,0.0,0.0,0.0,0.03328601261467387,0.001634222561975457,5.163128402073225,0.41215096758130687,0.008883985853736684,-0.0002380732181964454,0.015540841341630486,0.0014341247980793666,-0.0005451032092980803,-0.00023192451231100167,-0.0015143781145013511,-0.00019169608134422052,0.0,0.0,-2.609862711029265,10.166255156909475,0.4254089970560278,0.0,0.0,0.0,0.0,0.031651790052698414,0.0,0.0,0.39191584906595606,0.00912205907193313,0.0,0.014106716543551119,0.0,-0.0003131786969870786,0.0,-0.0013226820331571306,0.0,0.0,0.0,0.0,0.0,0.4368091152739392,0.0,0.0,0.0,0.0,0.08076169955395626,0.02088339907058109,0.5256239804431573,0.00016636939875650653,-0.4141312351314208,-0.5592517988928449,24.332821363621647,0.0077017735319116765,7.417126424337484,3.7878047927497605
0.2,1.0,33,0.1,0.5,5,60,0,0,0.1614823562284985,0.07200394228015038,80.47074048687881,1.999491802678241,0.01574954400414588,0.003549912227288529,0.029907865477680616,0.007956460817464293,0.0019431466127467027,0.0006312419515794021,0.0009251629468724652,0.00039965964161982467,0.0,0.0,29.09851946533908,36.24579356365383,0.7541657347501736,0.0,0.0,0.0,0.0,True,0.0017162307985645537,0.17616966709568083,True,0.5738829085845466,False,0.13452266574957608,0.045044251801227966,50.3409144324239,1.6656740322769277,0.01346465788319674,0.0012650261063393894,0.027359168878746256,0.005407764218529933,0.0014968837736817524,0.0001849791125144518,0.0007505269414007977,0.00022502363614815713,0.0,0.0,10.369379416345481,24.635162543063615,0.6447541340224017,0.0,0.0,0.0,0.0,True,0.0019562915443301996,0.06093497706052679,True,0.9948654073849746,False,0.07164534621851774,-0.01783306772983037,-19.93002216168539,0.8871203381579662,0.011568501489042378,-0.0006311302878149721,0.018328743937033518,-0.003622660723182805,0.0011219909413033094,-0.00018991371986399122,0.0003968101615848341,-0.00012869314366780642,0.0,0.0,-5.1733552238209635,-16.503092987704527,0.5539568271402323,0.0,0.0,0.0,0.0,0.134553847739093,0.0450754337907449,50.375763049136005,1.6660601310055225,0.013647018426852073,0.0014473866499947231,0.027917290423351365,0.005965885763135042,0.0015809174414479418,0.0002690127802806412,0.0006543175706031157,0.0001288142653504752,0.0,0.0,11.864183087397851,27.17769480122303,0.6534864549936669,0.0,0.0,0.0,0.0,0.08947841394834812,0.0,0.0,1.1079312897392444,0.01219963177685735,0.0,0.021951404660216323,0.0,0.0013119046611673006,0.0,0.0005255033052526405,0.0,0.0,0.0,0.0,0.0,0.5841784536906754,0.0,0.0,0.0,0.0,0.08076169955395626,0.02088339907058109,-0.03484861671210382,-3.118198951693185e-05,-1.4948036710523702,-2.542532258159415,30.094977437742806,0.026928508489405478,17.23433637794123,9.068098762430797
0.2,1.0,33,0.15,0.7499999999999999,5,60,0,0,1.0305514912974556,0.10401930663441294,11.226734306293128,12.76039876561726,0.05974830663297748,0.008864949079792864,0.07589039749127643,0.007496086444012076,0.007098015491306298,0.0025805295635813637,0.004059651925800107,0.0008877643277996395,0.0,0.0,17.422099299416296,10.960102279313633,2.8610431870330078,0.0,0.0,0.0,0.0,True,0.004378871783582768,0.0013178872164557225,True,0.23857870064929834,True,1.0599232073848435,0.1333910227218008,14.39680401067902,13.124082495028686,0.06313202327481154,0.01224866572162693,0.08660717920602658,0.01821286815876222,0.004618273343708207,0.00010078741598327275,0.004702950196100092,0.0015310625980996246,0.0,0.0,24.072046953317304,26.629215032484343,3.0230722049336802,0.0,0.0,0.0,0.0,True,0.006073834433808991,0.3889054905343793,True,0.9553750339538638,False,0.7715086675162619,-0.15502351714678075,-16.731584688896596,9.552902821229301,0.04258300667240658,-0.008300350880778032,0.055233012148105234,-0.013161298899159124,0.004086728973274039,-0.0004307569544508951,0.0019083749291550684,-0.0012635126688453988,0.0,0.0,-16.31250624942013,-19.243265554738787,2.0390840843717926,0.0,0.0,0.0,0.0,1.0451031749339226,0.11857099027087992,12.797287804308844,12.940579268464964,0.05956031102624711,0.0086769534730625,0.08109946891785644,0.01270515787059208,0.005220302828620158,0.0007028169008952241,0.004416059001489826,0.0012441714034893583,0.0,0.0,17.05263545942919,18.576337236312092,2.85204103148855,0.0,0.0,0.0,0.0,0.9265321846630427,0.0,0.0,11.472420587732106,0.05088335755318461,0.0,0.06839431104726436,0.0,0.004517485927724934,0.0,0.0031718875980004673,0.0,0.0,0.0,0.0,0.0,2.4365457644711266,0.0,0.0,0.0,0.0,0.08076169955395626,0.02088339907058109,1.5995162063701756,0.014820032450920895,7.019411493888114,8.05287779617225,-1.570553498015716,-0.014551683636466972,0.3694638399871053,-7.6162349569984595
0.2,1.0,33,0.2,1.0,5,60,27,0,2.1046270680171326,0.00667956910739953,0.31838590388324484,26.059717411110793,0.09778979234284496,0.005644084780822151,0.08916536338902953,0.0029939634919826236,0.009625563375641065,0.0010237327812631127,0.011044615500208039,0.003925853573667868,0.0,0.0,6.125173847108556,3.4744282854400232,4.682656880344906,25.0,0.0,50.0,0.0,True,0.006128721865367787,0.5877219922435868,True,0.1998566148500177,False,2.1019386659822423,0.0039911670725092385,0.19024151341171525,26.026429329634816,0.11201261238415616,0.019866904822133352,0.10280791708958803,0.016636517192541125,0.010422598972074506,0.0018207683776965532,0.00789496607077696,0.00077620414423679,0.0,0.0,21.560315013871968,19.306309532417455,5.363715552510358,100.0,0.0,87.5,0.0,True,0.007685628971815923,0.9910582354424271,True,0.8284423526441598,False,2.038428565827932,-0.059518933081800895,-2.8370077474642152,25.24004047817337,0.07912485274146155,-0.013020854820561256,0.07513800456973915,-0.011033395327307752,0.00714716132709776,-0.0014546692672801924,0.0063898261865587,-0.0007289357399814702,0.0,0.0,-14.130723139541779,-12.804010774444741,3.7888876458299596,0.0,0.0,12.5,0.0,2.0209012629589367,-0.0770462359507964,-3.6724577707895945,25.023015539795423,0.10444134295119449,0.01229563538917168,0.09567096901431567,0.009499569117268764,0.009835398286351799,0.001233567691973846,0.008032197963587291,0.0009134360370471207,0.0,0.0,13.343687638293456,11.024039447680266,5.001165882920053,75.0,0.0,50.0,0.0,2.097947498909733,0.0,0.0,25.97701027215395,0.09214570756202281,0.0,0.0861713998970469,0.0,0.008601830594377953,0.0,0.0071187619265401705,0.0,0.0,0.0,0.0,0.0,4.412390303445885,25.0,0.0,25.0,0.0,0.08076169955395626,0.02088339907058109,3.8626992842013097,0.08103740302330564,8.216627375578511,8.282270084737188,3.9908436746728393,0.08372580505819593,-7.2185137911849,-7.549611162240243
0.5,0.01,11,0.0,0.0,4,60,0,0,0.0033941135245429835,0.00016940407063915225,5.25331268012601,0.12041168722054173,0.0028338943708667245,3.6093620367543856e-05,0.0039658625583667475,-3.1833371649891626e-05,0.002487496304225827,2.6458211694625842e-05,0.0019025787513646704,5.369137705050109e-05,0.0,0.0,1.2900711518182284,-0.7962929699297794,0.7813074279921561,0.0,0.0,0.0,0.0,False,0.00015612822377784712,0.344888272797848,False,-0.3144752405963427,False,0.003008899405778118,-0.00021581004812571336,-6.692387367316266,0.10674559100830698,0.0028249469574822368,2.7146206983056156e-05,0.004110395371492704,0.00011269944147606487,0.0025130925855064742,5.205449297527318e-05,0.001905990057314436,5.710268300026665e-05,0.0,0.0,0.9702694867821826,2.8191098935229864,0.7788406174396941,0.0,0.0,0.0,0.0,True,0.0002283190782946167,0.04197651061721297,True,0.9404433992715161,True,0.0034380702926482868,0.0002133608387444555,6.61643604778599,0.12197112492763326,0.002770389672107969,-2.741107839121168e-05,0.003874480226681818,-0.00012321570333482124,0.002410836159746024,-5.020193278517694e-05,0.0018213917953062593,-2.749557900790997e-05,0.0,0.0,-0.9797366158516119,-3.0821679660440915,0.7637991209209067,0.0,0.0,0.0,0.0,0.003021836226426688,-0.00020287322747714314,-6.2912094989378,0.10720454572219612,0.002830905462017981,3.310471151880042e-05,0.004134782043363767,0.0001370861133471275,0.002515831199823012,5.479310729181088e-05,0.0018795064988845307,3.061912457036136e-05,0.0,0.0,1.1832404974833954,3.429128071442822,0.780483382922191,0.0,0.0,0.0,0.0,0.0032247094539038313,0.0,0.0,0.11440180280736943,0.0027978007504991806,0.0,0.003997695930016639,0.0,0.002461038092531201,0.0,0.0018488873743141693,0.0,0.0,0.0,0.0,0.0,0.7713563818324272,0.0,0.0,0.0,0.0,0.02818757549943177,0.003627118173123493,-0.4011778683784666,-1.2936820648570217e-05,-0.21297101070121283,-0.6100181779198355,11.54452217906381,0.0003722772981162954,0.10683065433483296,-4.225421041372601
0.5,0.01,11,0.025,0.05,4,60,0,0,0.003731206874089246,0.0001691855345924368,4.749705812159366,0.13237062102643282,0.0018900032738753455,2.1731327823076504e-05,0.0036782569812080805,-5.688913375590486e-05,0.001272947991428437,7.220338873537577e-06,0.0006960171139432206,4.275619250468539e-05,0.0,0.0,1.1631779767927064,-1.5230765277961078,0.521075736621994,0.0,0.0,0.0,0.0,False,0.0001330865610340441,0.40899572771444237,False,-0.6057079163767003,False,0.0033297504724292925,-0.00023227086706751644,-6.5207601226871965,0.1181283034610911,0.001862500589061772,-5.7713569904969605e-06,0.0038545656914784443,0.00011941957651445895,0.0012969525940372177,3.1224941482318374e-05,0.0006863281688808153,3.306724744228011e-05,0.0,0.0,-0.30891418150832406,3.1971862100931503,0.5134932197309358,0.0,0.0,0.0,0.0,True,0.00021179520635061157,0.05947023628634289,True,0.9267581209135807,False,0.003778580390159756,0.0002165590506629472,6.07966741416377,0.13405127341427175,0.001864988818612252,-3.2831274400170647e-06,0.0035950261054173184,-0.00014012000954666693,0.0012306615346484341,-3.506611790646524e-05,0.0006491902394631046,-4.0706819754305614e-06,0.0,0.0,-0.17573070381720068,-3.7513929906331955,0.5141792270325223,0.0,0.0,0.0,0.0,0.0033589297462164568,-0.00020309159328035222,-5.701582722944664,0.11916348556775197,0.0018757461343043213,7.474188252052337e-06,0.003891606825858522,0.00015646071089453657,0.0013030861023009355,3.7358449746036125e-05,0.0006574321643748595,4.171242936324348e-06,0.0,0.0,0.40005890297960534,4.188877920135803,0.517145029407471,0.0,0.0,0.0,0.0,0.003562021339496809,0.0,0.0,0.1263684895342849,0.001868271946052269,0.0,0.0037351461149639853,0.0,0.0012657276525548994,0.0,0.0006532609214385352,0.0,0.0,0.0,0.0,0.0,0.5150843884536044,0.0,0.0,0.0,0.0,0.02818757549943177,0.003627118173123493,-0.8191773997425322,-2.9179273787164218e-05,-0.7089730844879294,-0.9916917100426526,10.45128853510403,0.00037227712787278903,0.7631190738131011,-5.711954447931911
0.5,0.01,11,0.05,0.1,4,60,0,0,0.003882997441006359,0.00015897181395906328,4.2688163261945355,0.13775563780164904,0.001445187435003087,1.9942597936735938e-05,0.003830574065013831,-8.090799632693314e-05,6.12898484168728e-05,-1.5072583723530267e-05,-0.0004923107362098285,2.8767583078961705e-05,0.0,0.0,1.3992401458394088,-2.0684741757245773,0.39843957820612275,0.0,0.0,0.0,0.0,False,0.00011957477107384825,0.4555433674754575,False,-0.8184417120698912,False,0.003472335731325012,-0.0002516898957222839,-6.758543601157863,0.12318674699053171,0.0013830241248573606,-4.22207122089905e-05,0.004049831472910043,0.00013834941156927894,8.683968893636224e-05,1.0477256795959173e-05,-0.0005133843939596167,7.693925329173442e-06,0.0,0.0,-2.962348019859895,3.5370074411604557,0.38130109327713724,0.0,0.0,0.0,0.0,True,0.0002147807868630582,0.02204434182682353,True,0.9058778416496926,True,0.003941809490328702,0.00021778386328140647,5.848076385394885,0.13984209072568746,0.0014539433199592645,2.8698482892913334e-05,0.003750174795653871,-0.00016130726568689292,5.366193752862532e-05,-2.2700494611777746e-05,-0.0005047470934899116,1.633122579887858e-05,0.0,0.0,2.0135826593825623,-4.1239423614178765,0.40085358418504496,0.0,0.0,0.0,0.0,0.0035214304092258644,-0.00020259521782143132,-5.440220828503395,0.12492846038840243,0.0013995934978556625,-2.5651339210688634e-05,0.004090949675182019,0.00017946761384125473,9.930601579279589e-05,2.2943583652392828e-05,-0.0005395721336837892,-1.849381439499899e-05,0.0,0.0,-1.7997847488076535,4.588225409877955,0.3858692854912975,0.0,0.0,0.0,0.0,0.0037240256270472958,0.0,0.0,0.13211585462972394,0.0014252448370663511,0.0,0.003911482061340764,0.0,7.636243214040306e-05,0.0,-0.0005210783192887902,0.0,0.0,0.0,0.0,0.0,0.3929413846031384,0.0,0.0,0.0,0.0,0.02818757549943177,0.003627118173123493,-1.3183227726544677,-4.90946779008526e-05,-1.1625632710522416,-1.0512179687174994,9.709037154697931,0.0003615670317804946,3.1990248946470623,-6.656699585602532
0.5,0.01,11,0.075,0.15,4,60,0,0,0.004657754325411156,0.00021917020595350802,4.93784053776789,0.165241396001052,0.0020500469411730386,2.030958889638222e-05,0.004184427707662718,-9.637820579765088e-05,0.0012977587906557076,3.386103963331187e-06,0.0006705109065342161,4.849342516990648e-05,0.0,0.0,1.0006018204080425,-2.2514033045647697,0.5651999309985648,0.0,0.0,0.0,0.0,False,0.00016440889915918865,0.3595018027771561,False,-0.6300926024404931,False,0.00417464036537306,-0.00026394375408458817,-5.946575461474857,0.1481021439909657,0.002023499874026417,-6.237478250239407e-06,0.004456645842964207,0.00017583992950383816,0.0013229546778769233,2.8581991184546945e-05,0.0006609177504821371,3.890026911782744e-05,0.0,0.0,-0.3073046984745642,4.1076361100823355,0.5578808788255939,0.0,0.0,0.0,0.0,True,0.00024236216627142123,0.05581430588155211,True,0.8766241632748928,False,0.00462124701054855,0.0001826628910909017,4.115341428140407,0.16394623974104156,0.0020151014730150504,-1.4635879261606054e-05,0.004079308327320146,-0.00020149758614022243,0.001257833093173134,-3.653959351924236e-05,0.000624097958372388,2.0804770080783347e-06,0.0,0.0,-0.7210725685857677,-4.707001209904016,0.5555654315171501,0.0,0.0,0.0,0.0,0.004285522554314648,-0.00015306156514300045,-3.4484322257635425,0.15203586964764101,0.0020515782420459754,2.1840889769318955e-05,0.00451546157674313,0.00023465566328276146,0.0013332906005851727,3.8917913892796367e-05,0.0006178609713279916,-4.156510036318036e-06,0.0,0.0,1.0760451220361622,5.481576787794107,0.5656221121351717,0.0,0.0,0.0,0.0,0.004438584119457648,0.0,0.0,0.15746597714823418,0.0020297373522766564,0.0,0.0042808059134603685,0.0,0.0012943726866923764,0.0,0.0006220174813643096,0.0,0.0,0.0,0.0,0.0,0.5596005576318865,0.0,0.0,0.0,0.0,0.02818757549943177,0.003627118173123493,-2.4981432357113142,-0.00011088218894158772,-1.3833498205107264,-1.3739406777117713,8.386272763531434,0.00037223177109650847,-0.07544330162811974,-7.7329800923588765
0.5,0.01,11,0.1,0.2,4,60,0,0,0.00496530939106597,0.00020340734809503637,4.271556748952587,0.17615241123402275,0.0016678683747074737,1.8324576596691084e-05,0.004509986752029084,-0.00012923896209359256,8.236815640609407e-05,-2.0296494780549482e-05,-0.0004914783697631741,3.9364928808630984e-05,0.0,0.0,1.1108875446458777,-2.7857873286950663,0.4598329293669494,0.0,0.0,0.0,0.0,False,0.000157952128532129,0.3961589538670469,False,-0.770960000067075,False,0.004473727368940984,-0.00028817467402994946,-6.0516716099888175,0.15871274097451799,0.0016155382128239422,-3.400558528684041e-05,0.004860703499863197,0.0002214777857405207,0.00011046283677695356,7.798185590310002e-06,-0.0005154189631187667,1.5424335453038387e-05,0.0,0.0,-2.061514542735199,4.774024791816034,0.445405452955706,0.0,0.0,0.0,0.0,True,0.0002574531366674581,0.01577286219434637,True,0.8509321883408378,True,0.004929313905966784,0.00016741186299585025,3.51565113026564,0.17487541296576406,0.0016568748304716856,7.331032360902981e-06,0.004391100860783803,-0.00024812485333887326,7.772552442794963e-05,-2.4939126758693927e-05,-0.0005062723235747676,2.457097499703755e-05,0.0,0.0,0.44442786965093184,-5.348410890712529,0.4568019985532668,0.0,0.0,0.0,0.0,0.004632101960591269,-0.00012980008237966408,-2.7258032863414883,0.1643313367155202,0.0016511077490945867,1.5639509838040726e-06,0.004931452714713885,0.00029222700059120844,0.00012789441614255616,2.5229764955912604e-05,-0.0005609610214219773,-3.0117722850172158e-05,0.0,0.0,0.09481112205660391,6.299046836665312,0.455212008621361,0.0,0.0,0.0,0.0,0.004761902042970933,0.0,0.0,0.16893620535284873,0.0016495437981107826,0.0,0.004639225714122676,0.0,0.00010266465118664355,0.0,-0.0005308432985718051,0.0,0.0,0.0,0.0,0.0,0.4547808258175051,0.0,0.0,0.0,0.0,0.02818757549943177,0.003627118173123493,-3.325868323647329,-0.00015837459165028538,-2.1563256647918028,-1.525022044849278,6.997360035294076,0.00033320743047470045,1.0160764225892738,-9.084834165360379
0.5,0.01,11,0.15,0.3,4,60,0,0,0.007285010990377042,0.00022112626618179046,3.130377615370583,0.2584475912276989,0.002007327949246589,4.419055161827227e-06,0.005417231094915718,-0.00024627246874067265,9.646419532643405e-05,-2.6351269277664652e-05,-0.000440606805066942,5.1799690158984375e-05,0.0,0.0,0.22063186073406627,-4.348412002793511,0.5534222634709414,0.0,0.0,0.0,0.0,False,0.00022730752283282803,0.2971675820627779,False,-0.7372997100059493,False,0.00681091962601305,-0.0002529650981822019,-3.5811045629856375,0.24162843044625637,0.00200755698522601,4.648091141248086e-06,0.006091627274339359,0.0004281237106829681,0.00012636454387860184,3.5490792745031296e-06,-0.000461955879194041,3.0450616031885396e-05,0.0,0.0,0.23206702786009448,7.559343891479231,0.5534854089127188,0.0,0.0,0.0,0.0,True,0.00032421582308996835,0.0024718409492073554,True,0.7966471340369998,True,0.0069621607808425055,-0.00010172394335274636,-1.4400566731266329,0.24699395593575812,0.0019620174769853036,-4.08914170994582e-05,0.00524500352085128,-0.0004185000428051106,9.334663567293772e-05,-2.9468828931160986e-05,-0.0004479812596203351,4.442523560559125e-05,0.0,0.0,-2.0416014537767424,-7.389419607514547,0.5409301223002922,0.0,0.0,0.0,0.0,0.007325727364683555,0.000261842640488303,3.7067796363017935,0.2598920707043865,0.002067763803898364,6.48549098136021e-05,0.006183314141784438,0.0005198105781280471,0.0001525691119826356,2.9753647378536884e-05,-0.0005447701507569636,-5.236365553103726e-05,0.0,0.0,3.238035938885675,9.178251099968481,0.5700844872439623,0.0,0.0,0.0,0.0,0.007063884724195252,0.0,0.0,0.2506027779628529,0.002002908894084762,0.0,0.005663503563656391,0.0,0.0001228154646040987,0.0,-0.0004924064952259264,0.0,0.0,0.0,0.0,0.0,0.5522039256746788,0.0,0.0,0.0,0.0,0.02818757549943177,0.003627118173123493,-7.287884199287431,-0.0005148077386705049,-3.0059689110255805,-1.61890720848925,-0.5764020209312104,-4.071637430651254e-05,-3.0174040781516087,-13.526663102761992
0.5,0.01,11,0.2,0.4,4,60,0,0,0.013160602768756927,-0.00027125325955274816,-2.0194771220078622,0.466893747886271,0.0026037729578253397,-5.118857736027393e-05,0.00694022731318006,-0.0005241545747777625,0.00011497968562969413,-4.984014326681266e-05,-0.00048097997395264957,0.00010053718350263593,0.0,0.0,-1.9280346130022274,-7.02207607602946,0.7178627311122595,0.0,0.0,0.0,0.0,False,0.00033496012955437795,0.19729035013093882,False,-0.7071278575056822,False,0.013993662232505737,0.0005618062041960626,4.182640157934769,0.4964478847351676,0.002804850154114885,0.00014988861892927148,0.008469861434905815,0.0010054795469479922,0.0001889867686605434,2.4166939764036608e-05,-0.000639655227850502,-5.813807039521646e-05,0.0,0.0,5.645604161974882,13.470365825871223,0.7732999092498517,0.0,0.0,0.0,0.0,True,0.00043040037919303363,0.03142585401187091,True,0.7430818182857537,True,0.012104930855451137,-0.0013269251728585379,-9.878941302392175,0.42944207300465265,0.002505623478527808,-0.00014933805665780578,0.0067067473516626026,-0.0007576345362952201,0.00011998146548085215,-4.4838363415654645e-05,-0.0004882115713841188,9.330558607116671e-05,0.0,0.0,-5.624867052824001,-10.149996981230302,0.6908028244279921,0.0,0.0,0.0,0.0,0.015506241137125436,0.0020743851088157617,15.443771169402654,0.5501090768675023,0.0028625015567014752,0.00020754002151586156,0.008423048044228526,0.0009586661562707034,0.0002145652531688764,4.9745424272369616e-05,-0.0006905531405172038,-0.00010903598306191828,0.0,0.0,7.81706321411364,12.843208863915523,0.7891944568865348,0.0,0.0,0.0,0.0,0.013431856028309675,0.0,0.0,0.4765168976161304,0.0026549615351856137,0.0,0.007464381887957823,0.0,0.0001648198288965068,0.0,-0.0005815171574552855,0.0,0.0,0.0,0.0,0.0,0.7319754715626741,0.0,0.0,0.0,0.0,0.02818757549943177,0.003627118173123493,-11.261131011467885,-0.0015125789046196991,-2.171459052138758,0.6271569619557003,-17.463248291410515,-0.00234563836836851,-9.745097827115867,-19.865284939944985
0.5,0.01,22,0.0,0.0,6,60,0,0,0.0038875316749850766,0.0003325306602193481,9.35388369337109,0.1379164971128306,0.0029458025505296106,6.403403665761415e-05,0.0042793374827377415,-0.00020031765174757885,-0.002500518148088519,-6.098322142174522e-05,-0.002872306956763164,3.835344608615248e-05,0.0,0.0,2.2220395687361005,-4.471720383238697,0.8121606217182697,0.0,0.0,0.0,0.0,False,0.00032849578830450706,0.10927117029182858,False,-0.7699668595225646,False,0.0030058404978322508,-0.0005491605169334777,-15.447548809480915,0.10663707128315612,0.0028898098048796743,8.041291007677889e-06,0.004733865276405009,0.00025421014191968905,-0.0025193705887932606,-7.983566212648677e-05,-0.0030262463794865956,-0.00011558597663727894,0.0,0.0,0.27904014388975273,5.674770362627379,0.7967233674085437,0.0,0.0,0.0,0.0,True,0.00046274590413543024,0.2547531271868858,True,0.8513797982028024,False,0.0040651846266997835,0.0005101836119340551,14.35115235734119,0.14421902397323008,0.0029708546557382894,8.908614186629296e-05,0.004333071382384032,-0.00014658375210128798,-0.0024812070801554747,-4.167215348870089e-05,-0.0029075356992194885,3.124703629828196e-06,0.0,0.0,3.0913705052108886,-3.2722106434679654,0.8190675114342739,0.0,0.0,0.0,0.0,0.0030247717977152314,-0.000530229217050497,-14.915022945090172,0.10730868987920608,0.002799280965411186,-8.248754846081063e-05,0.00467558009913314,0.00019592496464782005,-0.002412436149980138,2.709877668663572e-05,-0.0029242738917897157,-1.3613488940399012e-05,0.0,0.0,-2.8623932860581847,4.373661783460703,0.7717644785200326,0.0,0.0,0.0,0.0,0.0035550010147657285,0.0,0.0,0.12611943211779222,0.0028817685138719964,0.0,0.00447965513448532,0.0,-0.002439534926666774,0.0,-0.0029106604028493166,0.0,0.0,0.0,0.0,0.0,0.7945063756746479,0.0,0.0,0.0,0.0,0.02818757549943177,0.003627118173123493,-0.5325258643907436,-1.893129988298067e-05,3.1414334299479374,1.3011085791666765,24.26890663846126,0.0008627598772698451,5.084432854794285,-8.8453821666994
0.5,0.01,22,0.025,0.05,6,60,0,0,0.0040655249752380215,0.00032094694002161254,8.570977477387887,0.14423109839013923,0.00194615187915766,5.683594950596678e-05,0.0036944013659601198,-0.00026191787035759456,-0.001151673781360043,-6.424950742026005e-05,-0.0016211423021829084,3.955985340963267e-05,0.0,0.0,3.0082819190777155,-6.6202410552028805,0.5365559615836093,0.0,0.0,0.0,0.0,False,0.0003511455070479899,0.12266784592139511,False,-0.7891983988215492,False,0.003167889039849013,-0.0005766889953673958,-15.400640337678729,0.11238600637762812,0.0018167012175788044,-7.261471207288886e-05,0.004240612272950965,0.0002842930366332508,-0.0011138878050346997,-2.646353109491675e-05,-0.0017118593914977587,-5.1157235905217695e-05,0.0,0.0,-3.843439359889156,7.185796182055637,0.5008662885704527,0.0,0.0,0.0,0.0,True,0.000435869299570704,0.08901336857155583,True,0.9526971579748083,False,0.004281374634351076,0.0005367965991346672,14.335302778745396,0.1518887154532813,0.0019899917113098955,0.0001006757816582023,0.0037457196048677776,-0.00021059963144993673,-0.0011261097745560757,-3.868550061629267e-05,-0.0016641929264724087,-3.4907708798676256e-06,0.0,0.0,5.328689610782167,-5.323120275955007,0.5486426458491188,0.0,0.0,0.0,0.0,0.003184960384813588,-0.0005596176504028211,-14.94474531281812,0.11299164005353327,0.0017841518270040652,-0.00010516410264762807,0.00423522627156254,0.0002789070352448254,-0.0010574555304641955,2.9968743475587527e-05,-0.0016567603956093397,3.941759983201298e-06,0.0,0.0,-5.566252895936552,7.049659508882655,0.4918923900038368,0.0,0.0,0.0,0.0,0.003744578035216409,0.0,0.0,0.13284498467389988,0.0018893159296516932,0.0,0.003956319236317714,0.0,-0.001087424273939783,0.0,-0.001660702155592541,0.0,0.0,0.0,0.0,0.0,0.5208862351525505,0.0,0.0,0.0,0.0,0.02818757549943177,0.003627118173123493,-0.4558950248606095,-1.7071344964574714e-05,1.7228135360473962,0.13613667317298184,23.515722790206006,0.0008805645904244336,8.574534815014268,-13.669900564085536
0.5,0.01,22,0.05,0.1,6,60,0,0,0.00420147094892109,0.00032209977504745824,8.302886231064988,0.14905400249857553,0.0014909854438557488,1.3021403973031238e-05,0.00364326473723236,-0.00033882540716942194,0.00024689154027167875,-6.23904664912779e-05,-0.0003260488536607184,3.796744702746883e-05,0.0,0.0,0.8810365896361416,-8.50873272283299,0.4110661336881083,0.0,0.0,0.0,0.0,False,0.00037495464993112133,0.16470698245656254,False,-0.8302404993138299,False,0.0032741466874078758,-0.0006052244864657558,-15.601097686701292,0.11615566892136144,0.0013852965905860578,-9.266744929665983e-05,0.004371669541449097,0.0003895793970473153,0.0003340144595694693,2.473245280651263e-05,-0.00033675350927903015,2.7262791409157078e-05,0.0,0.0,-6.269939375792488,9.78328925062144,0.38192761428368616,0.0,0.0,0.0,0.0,True,0.0004619501905547811,0.02909450167947428,True,0.99478234351589,True,0.004446472819507756,0.0005671016456341243,14.618390976696926,0.15774584158887278,0.0015616452204893641,8.368118060664656e-05,0.003667072010588422,-0.00031501813381335994,0.0002775699613206743,-3.1712045442282353e-05,-0.0003826625474651484,-1.8646246776961154e-05,0.0,0.0,5.661922641452555,-7.9108739980742975,0.4305471026725753,0.0,0.0,0.0,0.0,0.003291228725029185,-0.0005881424488444467,-15.160767621448667,0.11676168193662248,0.001391384164577504,-8.657987530521355e-05,0.00440909970953852,0.00042700956513673765,0.0003374873574185195,2.820535065556286e-05,-0.00032690949344933116,3.7106807238856075e-05,0.0,0.0,-5.858050193973863,10.723252102593616,0.383605964340366,0.0,0.0,0.0,0.0,0.0038793711738736316,0.0,0.0,0.13762699008830453,0.0014779640398827176,0.0,0.003982090144401782,0.0,0.00030928200676295665,0.0,-0.00036401630068818723,0.0,0.0,0.0,0.0,0.0,0.40747611997708055,0.0,0.0,0.0,0.0,0.02818757549943177,0.003627118173123493,-0.44033006525262586,-1.708203762130914e-05,-0.41188918181862455,-0.9399628519721759,23.463653852513655,0.0009102422238919049,6.739086783610005,-19.231984825426608
0.5,0.01,22,0.075,0.15,6,60,0,0,0.004915387992288509,5.220630654756593e-05,1.073501051803949,0.17438136857097192,0.002082729403439865,1.0183316470637437e-05,0.004199744501507343,-0.0004074524495329447,-0.0011047865092714674,-7.902134436474514e-05,-0.0016715769508630987,7.210267939657448e-05,0.0,0.0,0.491343306412495,-8.843825299045305,0.5742105175598188,0.0,0.0,0.0,0.0,False,0.00045076781850900393,0.042009289875325366,False,-0.7172510520485799,False,0.004217480005848007,-0.0006457016798929365,-13.277350541645639,0.1496219497818472,0.0020015691127342186,-7.097697423500901e-05,0.005054168958411256,0.00044697200737096876,-0.0010548780521171383,-2.9112887210416003e-05,-0.0017963692463779202,-5.2689616118246994e-05,0.0,0.0,-3.424627065292507,9.701604079895997,0.5518345466562418,0.0,0.0,0.0,0.0,True,0.0005192096251652961,0.10344611370195413,True,0.9504423107451782,False,0.005372921215775551,0.0005097395300346077,10.481605725921895,0.19061310242464322,0.0021600422807892413,8.74961938200137e-05,0.0042744255117988855,-0.00033277143924140187,-0.00106859788665669,-4.283272174996776e-05,-0.0017336660794526173,1.0013550807055904e-05,0.0,0.0,4.221676630986915,-7.222861162170702,0.5955257528676329,0.0,0.0,0.0,0.0,0.0043519324125166365,-0.000511249273224307,-10.512650076868645,0.15439186717581888,0.001991158331684407,-8.13877552848204e-05,0.00508952068376791,0.0004823237327276223,-0.0009944747037803033,3.129046112641896e-05,-0.0017497443834126,-6.064753152926813e-06,0.0,0.0,-3.9269454993802855,10.468919341916028,0.5489642842184326,0.0,0.0,0.0,0.0,0.0048631816857409435,0.0,0.0,0.1725292650955021,0.0020725460869692276,0.0,0.004607196951040287,0.0,-0.0010257651649067223,0.0,-0.0017436796302596732,0.0,0.0,0.0,0.0,0.0,0.5714029673272141,0.0,0.0,0.0,0.0,0.02818757549943177,0.003627118173123493,-2.7647004647769933,-0.0001344524066686295,0.5023184340877784,-0.7673152620200305,11.586151128672594,0.0005634555797718729,4.4182888057927805,-19.312744640961334
0.5,0.01,22,0.1,0.2,6,60,0,0,0.005290870649403345,-7.633445043380999e-05,-1.4222383719997178,0.18770222538330772,0.0017133792680166435,-7.554523407106504e-05,0.00427599112118894,-0.0005643543562959749,0.00030704209278964467,-7.97588377114758e-05,-0.0004105428955605581,9.866463252395833e-05,0.0,0.0,-4.222941436762828,-11.659381730520991,0.47238032681498404,0.0,0.0,0.0,0.0,False,0.0004922333168913579,0.09197285478942913,False,-0.7536697228528245,False,0.004732997265440678,-0.0006342078343964767,-11.816351762218268,0.16791076144651357,0.0017418373589605774,-4.708714312713115e-05,0.005571416969178708,0.0007310714916937931,0.0004042170585542822,1.741612805316174e-05,-0.00048245914005674406,2.6748388027772398e-05,0.0,0.0,-2.6321481466758168,15.103704789139648,0.4802262501032863,0.0,0.0,0.0,0.0,True,0.0005668597650067529,0.04569121286729761,True,0.9775066750267256,True,0.005841104965118845,0.0004738998652816899,8.829546411335553,0.20722268097291996,0.0018315755969570192,4.2651094869310645e-05,0.004318441337572838,-0.0005219041399120768,0.0003533921358262528,-3.340879467486765e-05,-0.0005066865046431451,2.5210234413713603e-06,0.0,0.0,2.3841752303988217,-10.782373744596075,0.5049671693987731,0.0,0.0,0.0,0.0,0.00494887523843723,-0.00041832986139992475,-7.794184377500635,0.17556938299063693,0.0017860547942121889,-2.8697078755196646e-06,0.005697304966628663,0.0008569594891437481,0.00041355178818727994,2.675085768615948e-05,-0.0004989433808058506,1.0264147278665888e-05,0.0,0.0,-0.16041525912192656,17.704510827376563,0.492417039909711,0.0,0.0,0.0,0.0,0.005367205099837155,0.0,0.0,0.19041031393229801,0.0017889245020877085,0.0,0.004840345477484915,0.0,0.00038680093050112046,0.0,-0.0005092075280845165,0.0,0.0,0.0,0.0,0.0,0.4932082211556885,0.0,0.0,0.0,0.0,0.02818757549943177,0.003627118173123493,-4.022167384717633,-0.000215877972996552,-2.47173288755389,-2.6008060382369145,6.3719460055009165,0.00034199541096611476,-4.062526177640901,-29.363892557897554
0.5,0.01,22,0.15,0.3,6,60,0,0,0.0076168947268236906,-0.0016828375781226014,-18.095548591517442,0.2702217055516974,0.0021027135270083297,-0.0002987804092815945,0.005240723693155488,-0.001047913700661646,0.0004205744282388532,-0.00010657009922974557,-0.0006762501605253375,0.00016417293730865352,0.0,0.0,-12.441439254399345,-16.663605087040544,0.5797201598197662,0.0,0.0,0.0,0.0,False,0.0007070431453645023,0.023576702256498414,False,-0.6741299955640313,False,0.009473242692291488,0.00017351038734519583,1.8657567944499798,0.3360786631855747,0.0024753400192654897,7.384608297556546e-05,0.007674703213230048,0.001386065819412914,0.000526805309757611,-3.3921771098771765e-07,-0.0008243980686645958,1.602502916939522e-05,0.0,0.0,3.0750060143666547,22.040797276301326,0.682453645323017,0.0,0.0,0.0,0.0,True,0.0007362401746555657,0.0658448426852218,True,0.95224993644574,False,0.008904249554344226,-0.0003954827506020657,-4.252625103969054,0.31589270792458635,0.0023435158737873923,-5.797806250253199e-05,0.005388229213965607,-0.000900408179851527,0.0004907395379538389,-3.6404989514759816e-05,-0.0007913719381749458,4.905115965904514e-05,0.0,0.0,-2.4142497978613453,-14.3180171389241,0.6461096004956667,0.0,0.0,0.0,0.0,0.010682235567521204,0.0013825032625749117,14.86605438996984,0.37896964808968925,0.002597397916324582,0.0001959039800346579,0.007888728193613815,0.0016000907997966813,0.0005371783724803969,1.0033845011798168e-05,-0.000828919062185288,1.1504035648703028e-05,0.0,0.0,8.157587952826994,25.44415744768269,0.7161051259843109,0.0,0.0,0.0,0.0,0.009299732304946292,0.0,0.0,0.3299231005211415,0.0024014939362899243,0.0,0.006288637393817134,0.0,0.0005271445274685988,0.0,-0.000840423097833991,0.0,0.0,0.0,0.0,0.0,0.6620942085881579,0.0,0.0,0.0,0.0,0.02818757549943177,0.003627118173123493,-13.00029759551986,-0.0012089928752297158,-5.082581938460339,-3.4033601713813653,-32.96160298148728,-0.003065340840697513,-20.59902720722634,-42.107762534723236
0.5,0.01,22,0.2,0.4,6,60,0,0,0.01322050974821926,-0.00605660733303966,-31.418636446047486,0.4690190452345137,0.003015430902003588,-0.000991925415977053,0.007293344739570976,-0.002624778466196331,0.0006097322547952549,-0.00022710747832530563,-0.0010383752182524363,0.00046812552259356197,0.0,0.0,-24.752613375715416,-26.46446723579764,0.8313572257853539,0.0,0.0,0.0,0.0,False,0.0012405835065825803,0.16929821463923125,False,-0.6279299227425942,False,0.02453952288755113,0.005262405806292211,27.29871787420064,0.8705794114164171,0.0045541532150011705,0.0005467968970205295,0.013007725623644332,0.003089602417877025,0.0007451604093187453,-9.167932380181522e-05,-0.0014737665842908128,3.273415655518546e-05,0.0,0.0,13.644828501201701,31.151079229187694,1.2555844606185966,0.0,0.0,0.0,0.0,True,0.0011521412860027067,0.08593798126997411,True,0.9252561583664733,False,0.01578071022436278,-0.003496406856896138,-18.137602433796086,0.5598463133049845,0.0035884518022488735,-0.0004189045157317675,0.007955233938058363,-0.001962889267708944,0.0007560799174464686,-8.075981567409187e-05,-0.0012538454278295075,0.00025265531301649083,0.0,0.0,-10.453388281251186,-19.790934504297553,0.9893396440289339,0.0,0.0,0.0,0.0,0.02728346228861571,0.00800634520735679,41.532897131908285,0.9679251161266322,0.004876800960225018,0.0008694446422443771,0.013465262883528478,0.0035471396777611713,0.0008569410793542326,2.0101346233672066e-05,-0.0017913000370492552,-0.0002847992962032569,0.0,0.0,21.696214991995056,35.764222768462275,1.344538757066567,0.0,0.0,0.0,0.0,0.01927711708125892,0.0,0.0,0.6838870225517454,0.004007356317980641,0.0,0.009918123205767307,0.0,0.0008368397331205605,0.0,-0.0015065007408459983,0.0,0.0,0.0,0.0,0.0,1.1048320255112356,0.0,0.0,0.0,0.0,0.02818757549943177,0.003627118173123493,-14.234179257707645,-0.002743939401064578,-8.051386490793355,-4.613143539274581,-72.95153357795577,-0.01406295254039645,-46.448828367710476,-62.22869000425992
0.5,0.01,33,0.0,0.0,4,60,0,0,0.0030048932499016643,-0.00048686178463487346,-13.943182720992187,0.10660346612507485,0.001804906203368872,4.2190170611343955e-05,0.004072891180542024,0.0004107602813939121,-0.0011627162659712535,-0.00015735676381385742,-0.0017400273973745767,-0.00028724523087369017,0.0,0.0,2.393475172818582,11.216428159066183,0.497614391707171,0.0,0.0,0.0,0.0,True,0.0004305177130255932,0.07094759259775174,True,0.9935173757061596,False,0.00301066321431709,-0.0004810918202194478,-13.777937325528999,0.10680816497955922,0.0016962179069086884,-6.649812584883972e-05,0.003913258930827484,0.00025112803167937157,-0.0010133526419838868,-7.99313982649064e-06,-0.0014861821336041125,-3.339996710322599e-05,0.0,0.0,-3.7724809108823143,6.857429146997163,0.46764892290454113,0.0,0.0,0.0,0.0,True,0.00028506629295750434,0.29087456581500537,True,0.8257986097819338,False,0.003968122270365705,0.00047636723582916707,13.642630457104655,0.14077557931315157,0.0017650738949858834,2.3578622283552605e-06,0.0034047143076040877,-0.0002574165915440246,-0.0008997635162629559,0.00010559598589444019,-0.0012960316171895766,0.00015675054931130997,0.0,0.0,0.13376302164034293,-7.02914774575385,0.4866325856336492,0.0,0.0,0.0,0.0,0.002993004953145546,-0.0004987500813909917,-14.283650383773017,0.10618170949842358,0.0017851383358786195,2.2422303121091402e-05,0.003994217783551195,0.00033208688440308255,-0.0011524435495644954,-0.0001470840474070993,-0.0016492057554785885,-0.00019642358897770194,0.0,0.0,1.2720314959644874,9.068132558569463,0.49216437145783637,0.0,0.0,0.0,0.0,0.0034917550345365377,0.0,0.0,0.12387567829687685,0.0017627160327575281,0.0,0.0036621308991481123,0.0,-0.0010053595021573961,0.0,-0.0014527821665008865,0.0,0.0,0.0,0.0,0.0,0.48598252072927783,0.0,0.0,0.0,0.0,0.02818757549943177,0.003627118173123493,0.5057130582440177,1.765826117154385e-05,-5.044512406846802,-2.2107034115723003,0.3404676627808296,1.1888296756118206e-05,1.1214436768540947,2.14829560049672
0.5,0.01,33,0.025,0.05,4,60,0,0,0.003245526158223746,-0.0005009073714451486,-13.370245794522829,0.11514030918654825,0.0015112005330144129,-4.375883076979765e-05,0.004153672229878989,0.0004205082496062393,-0.0005116354693335319,-4.33975808794115e-05,-0.0011969556825432155,-0.00019462291772969452,0.0,0.0,-2.8141462593147426,11.26412479677672,0.41663945338539726,0.0,0.0,0.0,0.0,True,0.0003442798196130776,0.018089883348059884,True,0.9898760156178461,True,0.0032435231674462885,-0.0005029103622226062,-13.42370972926491,0.11506924983710197,0.0014699379469490718,-8.502141683513868e-05,0.0040301295945627215,0.0002969656142899719,-0.000456441550503154,1.1796337950966372e-05,-0.0010127354981110937,-1.0402733297572688e-05,0.0,0.0,-5.467758117371457,7.954796945948117,0.4052633183669433,0.0,0.0,0.0,0.0,True,0.0003010409012092915,0.10977443772449218,True,0.9343214710164319,False,0.004251916770172592,0.0005054832405036974,13.492385131102846,0.1508436499002302,0.0016131174524062102,5.815808862199971e-05,0.003470241482803944,-0.00026292249746880537,-0.0004346126056088293,3.362528284529104e-05,-0.0009102625900401166,9.207017477340439e-05,0.0,0.0,3.7401677482081563,-7.042886378904678,0.44473804695948854,0.0,0.0,0.0,0.0,0.003219487911223383,-0.0005269456184455118,-14.065260047255734,0.11421656010423047,0.001494755691951367,-6.020367183284347e-05,0.004075678742276021,0.0003425147620032716,-0.0005222397473085671,-5.4001858854446736e-05,-0.0011095637440034602,-0.00010723097918993924,0.0,0.0,-3.871719945550822,9.174918750240568,0.41210559474663,0.0,0.0,0.0,0.0,0.0037464335296688946,0.0,0.0,0.13291081135177513,0.0015549593637842105,0.0,0.0037331639802727495,0.0,-0.00046823788845412037,0.0,-0.001002332764813521,0.0,0.0,0.0,0.0,0.0,0.4287038054911669,0.0,0.0,0.0,0.0,0.02818757549943177,0.003627118173123493,0.6415503179908235,2.403525622290568e-05,-1.5960381718206351,-1.220121804292451,0.6950142527329053,2.6038247000363234e-05,1.0575736862360796,2.0892060465361517
0.5,0.01,33,0.05,0.1,4,60,0,0,0.003538737963110908,-0.0005194397524414069,-12.799827628315475,0.12554247395921814,0.001445386591857496,-5.553464129492785e-05,0.0044389377622635305,0.0004840284118421065,0.00017210773820115055,7.012080889799759e-05,-0.0006383315729988904,-0.00010056111729575112,0.0,0.0,-3.7000370218153944,12.2386727218041,0.39849448594414044,0.0,0.0,0.0,0.0,True,0.0003344758008341748,0.011170489536189855,True,0.9906828665965048,True,0.0035338819359912177,-0.0005242957795610972,-12.919487915766181,0.12537019851396786,0.0014204042374841314,-8.051699566829248e-05,0.00432702933328409,0.000372119982862666,0.00013351822200551557,3.15312927023626e-05,-0.0005206398583929211,1.713059731021818e-05,0.0,0.0,-5.364505071274161,9.40906478230692,0.39160682660111684,0.0,0.0,0.0,0.0,True,0.00032708890432824625,0.033008784676188584,True,0.9937384309454159,True,0.004597023652295909,0.0005388459367435938,13.278027097693457,0.16308687678330402,0.0015758885454329886,7.496731228056469e-05,0.0036542943853059805,-0.00030061496511544356,6.178479488272526e-05,-4.02021344204277e-05,-0.0005138124089947024,2.3958046708436953e-05,0.0,0.0,4.99475326384109,-7.601058291852148,0.43447400118091883,0.0,0.0,0.0,0.0,0.0035022168644073546,-0.0005559608511449604,-13.699766006164039,0.12424682869507367,0.001417805053492982,-8.311617965944189e-05,0.00435859380759059,0.0004036844571691659,0.00014264259952946807,4.0655670226315103e-05,-0.0005497292755145681,-1.1958819811428768e-05,0.0,0.0,-5.537677649137573,10.207173449529261,0.3908902290525702,0.0,0.0,0.0,0.0,0.004058177715552315,0.0,0.0,0.1439704424253914,0.001500921233152424,0.0,0.003954909350421424,0.0,0.00010198692930315297,0.0,-0.0005377704557031393,0.0,0.0,0.0,0.0,0.0,0.41380544043865697,0.0,0.0,0.0,0.0,0.02818757549943177,0.003627118173123493,0.7802780903978572,3.1665071583863134e-05,0.17317257786341234,-0.7981086672223405,0.8999383778485637,3.652109870355344e-05,1.837640627322179,2.0314992722748393
0.5,0.01,33,0.075,0.15,4,60,0,0,0.005017866129483094,-0.0002939414070430354,-5.533736021528934,0.1780169468489494,0.0018529589802837084,1.7060712179418035e-05,0.0049352772471062695,0.0006404437977640919,-0.0004250005552542697,-1.9929190803922106e-05,-0.001315935171159094,-0.00026901457808783035,0.0,0.0,0.9292841807097885,14.91195887612793,0.5108625889318718,0.0,0.0,0.0,0.0,True,0.0003744784617585102,0.0024244845928110114,True,0.9802414010758462,True,0.004840665217170751,-0.000471142319355378,-8.869717438284685,0.1717304568201807,0.0017818118757864983,-5.408639231779203e-05,0.004747455911499765,0.0004526224621575871,-0.00039147204516985155,1.359931928049602e-05,-0.001061091371144964,-1.4170778073700502e-05,0.0,0.0,-2.946045173496481,10.538766345570716,0.4912472631825202,0.0,0.0,0.0,0.0,True,0.0003562915487697162,0.04625924155131834,True,0.9504805956856197,True,0.005798424385535749,0.00048661684900962003,9.161040675202292,0.20570851812539317,0.0018700632399686313,3.4164971864340896e-05,0.003932134337910714,-0.00036269911143146406,-0.0003804594033389777,2.4611961111369865e-05,-0.0009350752309534131,0.00011184536211785042,0.0,0.0,1.8609403613425224,-8.44500993366849,0.5155782499245748,0.0,0.0,0.0,0.0,0.004849991203024349,-0.0004618163335017803,-8.694146584305717,0.17206131130795976,0.0018096813358837414,-2.621693222054893e-05,0.00479742192332221,0.0005025884739800323,-0.0004498434245949959,-4.477206014464832e-05,-0.001178141931108085,-0.00013122133803682135,0.0,0.0,-1.4280166105075098,11.702164470592269,0.4989309003751963,0.0,0.0,0.0,0.0,0.005311807536526129,0.0,0.0,0.18844499544252075,0.0018358982681042904,0.0,0.004294833449342178,0.0,-0.00040507136445034757,0.0,-0.0010469205930712636,0.0,0.0,0.0,0.0,0.0,0.5061589340286938,0.0,0.0,0.0,0.0,0.02818757549943177,0.003627118173123493,-0.175570853978968,-9.325985853597674e-06,-1.5180285629889712,-1.163398125021553,3.1604105627767822,0.00016787492645874494,2.3573007912172983,3.2097944055356606
0.5,0.01,33,0.1,0.2,4,60,0,0,0.006063039964815274,-0.00012260676014160497,-1.9821170783473674,0.21509618537207992,0.001947542130840493,7.941914994921652e-05,0.0054543916299333705,0.0008287972524802225,0.00027695082935456645,9.688772039937566e-05,-0.0008299896852581614,-0.00020309155943519508,0.0,0.0,4.251280604199081,17.917637926059538,0.5369392553216338,0.0,0.0,0.0,0.0,True,0.00036968561330720463,0.033889737498704504,True,0.9797493100276451,True,0.005801203116026813,-0.00038444360893006603,-6.215091582566023,0.2058070981005003,0.0018439123799877232,-2.421060090355325e-05,0.005225670437136766,0.000600076059683618,0.0002131164399846422,3.305333102945142e-05,-0.0006250890186347533,1.8091071882130267e-06,0.0,0.0,-1.2959853902125062,12.97295030036809,0.5083684324516612,0.0,0.0,0.0,0.0,True,0.000392252223219876,0.02508424645337913,True,0.9977351298021803,True,0.006640821937574547,0.00045517521261766863,7.3585711059313885,0.2355939388156466,0.0018957411441621022,2.7618163270825766e-05,0.004184251663790047,-0.0004413427136631008,0.00012843825370121672,-5.1624855253974065e-05,-0.0005679762168425499,5.892190898041641e-05,0.0,0.0,1.4783910670404188,-9.541318966798473,0.5226576730279467,0.0,0.0,0.0,0.0,0.00581427555164882,-0.00037137117330805856,-6.003756596860088,0.2062708639757268,0.0018601954968641959,-7.92748402708059e-06,0.005273164950404566,0.0006475705729514182,0.00023166122167587032,5.159811272067953e-05,-0.0006837359039707829,-5.6837778147816593e-05,0.0,0.0,-0.42435557552524816,13.999726740155083,0.512857703575257,0.0,0.0,0.0,0.0,0.006185646724956879,0.0,0.0,0.21944585922551496,0.0018681229808912765,0.0,0.004625594377453148,0.0,0.0001800631089551908,0.0,-0.0006268981258229663,0.0,0.0,0.0,0.0,0.0,0.5150433186141664,0.0,0.0,0.0,0.0,0.02818757549943177,0.003627118173123493,-0.21133498570593545,-1.3072435622007474e-05,-0.8716298146872581,-1.0267764397869925,4.02163951851272,0.0002487644131664536,4.6756361797243295,3.9179111859044546
0.5,0.01,33,0.15,0.3,4,60,0,0,0.012932875518031338,0.0016893893774677354,15.025494373785486,0.4588147539788248,0.0029048588542869725,0.0004570027454634993,0.007097415115151795,0.0015977899104447245,0.00047455080157310923,0.00016091609169002535,-0.0011386599389838841,-0.0003383254153190967,0.0,0.0,18.66951018142775,29.052705429402593,0.8008724049333781,0.0,0.0,0.0,0.0,True,0.00041014305921967546,0.05538644910092728,True,0.9646646232255467,False,0.012065085127329823,0.0008215989867662206,7.307333121549409,0.42802848111477493,0.0025417160609075835,9.385995208411029e-05,0.006422054603640451,0.00092242939893338,0.00036221169814137943,4.8576988258295555e-05,-0.0008690163283754375,-6.868180471065013e-05,0.0,0.0,3.834373750392661,16.77258657815233,0.7007535844134862,0.0,0.0,0.0,0.0,True,0.00047688832133056526,0.09833669123018277,True,0.9980657275831795,False,0.01102933489220978,-0.00021415124835382285,-1.904669474187548,0.39128356010725784,0.0023588983517400116,-8.895775708346165e-05,0.004818149670497232,-0.0006814755342098387,0.00023283244495134675,-8.080226493173713e-05,-0.000671485823015191,0.00012884870064959638,0.0,0.0,-3.634108915258827,-12.391308659116829,0.6503505645939973,0.0,0.0,0.0,0.0,0.012177582656501816,0.0009340965159382129,8.307890491083846,0.43201951358843554,0.002624540746792133,0.00017668463796865997,0.006551636999669264,0.0010520117949621927,0.00039729571397958675,8.366100409650288e-05,-0.0009467309375733239,-0.00014639641390853649,0.0,0.0,7.217933984427738,19.12879070489726,0.7235884306829766,0.0,0.0,0.0,0.0,0.011243486140563603,0.0,0.0,0.39888092329154945,0.0024478561088234732,0.0,0.005499625204707071,0.0,0.0003136347098830839,0.0,-0.0008003345236647874,0.0,0.0,0.0,0.0,0.0,0.6748763045444152,0.0,0.0,0.0,0.0,0.02818757549943177,0.003627118173123493,-1.0005573695344374,-0.00011249752917199228,-3.3835602340350768,-2.356204126744931,6.71760388270164,0.0007552928615295225,11.451576197000012,9.923914724505334
0.5,0.01,33,0.2,0.4,4,60,0,0,0.02523324613119999,0.004412234468163481,21.19125880898722,0.8951903696615788,0.0044726395236728556,0.001117016888174783,0.009540054719019971,0.0028120195849668413,0.0008653295779418467,0.0003525637823388936,-0.0014935732093564712,-0.0005759293421174253,0.0,0.0,33.28791731102938,41.79555440687499,1.2331110568204184,0.0,0.0,0.0,0.0,True,0.00047954143892827653,0.06337525869540472,True,0.9448473717813455,False,0.024039378849678855,0.003218367186642347,15.457304566789642,0.8528359897488687,0.0036347770057433395,0.00027915437024526694,0.00804131393633032,0.0013132788022771902,0.0006236368318890948,0.00011087103628614175,-0.001139109248707731,-0.0002214653814686851,0.0,0.0,8.31900367139562,19.519499766435366,1.002111547585242,0.0,0.0,0.0,0.0,True,0.0006018364270296182,0.17548733438781727,True,0.9937170245837709,False,0.01924958291276154,-0.0015714287502749669,-7.547321790634798,0.6829102032258714,0.003056653687759618,-0.0002989689477384547,0.005666356027326797,-0.001061679106726333,0.00036787650282205304,-0.00014488929278090004,-0.0007030063263166751,0.00021463754092237075,0.0,0.0,-8.909492520873963,-15.77992810044605,0.8427223878199095,0.0,0.0,0.0,0.0,0.024078815964832814,0.0032578043017963063,15.646714744317048,0.8542350854303953,0.003868744829400344,0.0005131221939022714,0.008422708619324374,0.001694673485271244,0.0007091717317778594,0.00019640593617490634,-0.001258011237172296,-0.0003403673699332501,0.0,0.0,15.291415324062774,25.18823774706318,1.0666167036043313,0.0,0.0,0.0,0.0,0.020821011663036508,0.0,0.0,0.7386591891685128,0.0033556226354980725,0.0,0.00672803513405313,0.0,0.0005127657956029531,0.0,-0.0009176438672390459,0.0,0.0,0.0,0.0,0.0,0.9251484168238109,0.0,0.0,0.0,0.0,0.02818757549943177,0.003627118173123493,-0.18941017752740663,-3.943711515395909e-05,-6.972411652667153,-5.668737980627814,5.544544064670173,0.001154430166367175,17.996501986966607,16.60731665981181
0.5,0.05,11,0.0,0.0,4,60,0,0,0.003125831675176688,0.00010392486007840349,3.4390491314677973,0.11089395309077577,0.0037754787979052875,2.5414836791177228e-05,0.0075512251313860825,-0.00010445862917329678,0.0025255616639524186,5.2322662654064045e-06,0.0013307452602197881,6.830241498948625e-05,0.0,0.0,0.6777174217483584,-1.3644585178850699,0.4629608968190938,0.0,0.0,0.0,0.0,False,0.000218657001813363,0.5836493982724502,False,-0.7052263023963969,False,0.002802587706636885,-0.00021931910846139952,-7.2576396917873325,0.09942634855890252,0.0037349159173689335,-1.5148043745176736e-05,0.007879806058263538,0.0002241222977041584,0.0025945138053727838,7.418440768577157e-05,0.0013287765649457777,6.633371971547582e-05,0.0,0.0,-0.40394094346797305,2.927528157037962,0.45798695084935476,0.0,0.0,0.0,0.0,True,0.00046723827195618465,0.11031920283465044,True,0.9656076341997042,False,0.003262331794755936,0.00024042497965765137,7.9560686139103165,0.11573651642446862,0.003772470437673473,2.2406476559362707e-05,0.0073846154574633,-0.00027106830309607966,0.0024477280475781824,-7.260135010882978e-05,0.0012334743347015293,-2.896851052877256e-05,0.0,0.0,0.597495850516272,-3.540745824593383,0.46259200237538817,0.0,0.0,0.0,0.0,0.002794754301863441,-0.0002271525132348435,-7.5168602850335,0.0991484458079688,0.0037363970333060053,-1.3666927808104936e-05,0.007954314800369271,0.0002986310398098921,0.002597395402692944,7.706600500593163e-05,0.0012958439287772386,3.340108354693669e-05,0.0,0.0,-0.36444519213065796,3.9007755433731806,0.4581685698702059,0.0,0.0,0.0,0.0,0.0030219068150982844,0.0,0.0,0.10720704996991322,0.0037500639611141103,0.0,0.007655683760559379,0.0,0.002520329397687012,0.0,0.0012624428452303019,0.0,0.0,0.0,0.0,0.0,0.45984445086265446,0.0,0.0,0.0,0.0,0.02818757549943178,0.00815507059850152,0.25922059324616775,7.833404773443988e-06,-0.03949575133731509,-0.9732473863352187,10.955909416501298,0.000331077373313247,1.0421626138790163,-5.26523406125825
0.5,0.05,11,0.025,0.05,4,60,0,0,0.003434199578324252,9.823642997020682e-05,2.944769639277234,0.1218338050533463,0.003221891382024618,1.4045677768264979e-05,0.007788774097132099,-0.0001235422144088387,0.0013621861001291732,-1.1597445447287906e-05,0.0001354194925983901,6.276271739454585e-05,0.0,0.0,0.43785390767481225,-1.5613912480804126,0.3950782943088972,0.0,0.0,0.0,0.0,False,0.00020260654939225725,0.618326431406424,False,-0.8037348803465633,False,0.0030996887416653587,-0.0002362744066886865,-7.082644387281789,0.10996649008453543,0.0031494328631552606,-5.8412841101092294e-05,0.00816447780997831,0.000252161498437372,0.0014267532475868705,5.296970201040937e-05,0.0001131056069551655,4.044883175132125e-05,0.0,0.0,-1.8209367434221302,3.186949162656294,0.38619320643698213,0.0,0.0,0.0,0.0,True,0.000476162564148348,0.1029970865487095,True,0.9642414643205394,False,0.0035830506007642733,0.0002470874524102282,7.40678003389037,0.12711453671623876,0.003264601106850696,5.675540259434319e-05,0.00760685441647691,-0.00030546189506402803,0.0013148471629838743,-5.8936382592586836e-05,6.759546728147143e-05,-5.061307922372819e-06,0.0,0.0,1.7692684694602612,-3.860587507333091,0.40031549297078567,0.0,0.0,0.0,0.0,0.003105014417207781,-0.0002309487311462641,-6.923000071514984,0.11015542707000017,0.0031594562516789144,-4.8389452577438444e-05,0.008250565506527517,0.0003382491949865795,0.0014345153512070712,6.073180563061003e-05,7.95532502587245e-05,6.89647505488025e-06,0.0,0.0,-1.5084719478007491,4.274970585961135,0.387422305364157,0.0,0.0,0.0,0.0,0.003335963148354045,0.0,0.0,0.118348708225058,0.003207845704256353,0.0,0.007912316311540938,0.0,0.0013737835455764611,0.0,7.265677520384425e-05,0.0,0.0,0.0,0.0,0.0,0.3933559698239509,0.0,0.0,0.0,0.0,0.02818757549943178,0.00815507059850152,-0.15964431576680482,-5.325675542422383e-06,-0.3124647956213811,-1.0880214233048413,9.867769710792217,0.0003291851611164709,1.9463258554755614,-5.836361834041548
0.5,0.05,11,0.05,0.1,4,60,0,0,0.0035603149008795482,9.20063902795391e-05,2.6527741115977665,0.1263079508541385,0.0030582648826313116,1.4351550334391894e-05,0.008275867789500062,-0.00014472708986341606,0.00019118796313730634,-2.8260079222542213e-05,-0.0010381371282776042,5.709466026575954e-05,0.0,0.0,0.47148354002453097,-1.718727618853888,0.3750139064636991,0.0,0.0,0.0,0.0,False,0.000196586307765376,0.6283655793609713,False,-0.8496724866061837,False,0.0032114723516832692,-0.0002568361589167399,-7.4052281719398705,0.11393219511724262,0.0029391203450391625,-0.00010479298725775714,0.008708996913311706,0.000288402033948228,0.00025068825453277474,3.124021217292618e-05,-0.001081428672435383,1.3803116107980818e-05,0.0,0.0,-3.4427060109060603,3.4249603273875717,0.36040403446405733,0.0,0.0,0.0,0.0,True,0.0004952453301225217,0.06376891948176688,True,0.94748285270251,False,0.0037174018687190485,0.00024909335811903934,7.181983879396792,0.13188086605014984,0.003137949341061033,9.403600876411317e-05,0.00808173193794507,-0.0003388629414184073,0.0001715533368598142,-4.7894705500034355e-05,-0.0010809801096721182,1.4251678871245524e-05,0.0,0.0,3.0893129500882965,-4.02421617799077,0.38478506141168484,0.0,0.0,0.0,0.0,0.0032369190162724183,-0.00023138949432759083,-6.671537252825321,0.11483495685315928,0.002956560214604528,-8.73531176923915e-05,0.008795552712684106,0.0003749578333206282,0.000266828093790555,4.738005143070645e-05,-0.001109628557502667,-1.4396768959303204e-05,0.0,0.0,-2.8697636284695127,4.452866319926452,0.36254256525354805,0.0,0.0,0.0,0.0,0.003468308510600009,0.0,0.0,0.12304387479760098,0.0030439133322969197,0.0,0.008420594879363478,0.0,0.00021944804235984856,0.0,-0.0010952317885433637,0.0,0.0,0.0,0.0,0.0,0.37325407493789614,0.0,0.0,0.0,0.0,0.02818757549943178,0.00815507059850152,-0.7336909191145491,-2.5446664589149053e-05,-0.5729423824365476,-1.02790599253888,9.324311364423089,0.00032339588460712993,3.3412471684940437,-6.17159393878034
0.5,0.05,11,0.075,0.15,4,60,0,0,0.0042591735736605425,0.00010950585332369402,2.6389065511685184,0.15110109678451775,0.003613467744509404,5.8085020929197e-06,0.008888777665315392,-0.00018800107567560655,0.0014285197959904346,-2.1647077780464e-05,4.6839471584573925e-05,7.693266308656904e-05,0.0,0.0,0.16100473194993192,-2.071231226851311,0.44309459996255246,0.0,0.0,0.0,0.0,False,0.0002491459445527176,0.5847299426216598,False,-0.8671929990837678,False,0.003878651845717386,-0.00027101587461946224,-6.531025925070033,0.13760147075421844,0.0035505303348169646,-5.7128907599519885e-05,0.009435724106176853,0.0003589453651858549,0.0014997623528740594,4.9595479103160724e-05,1.3391307756925705e-05,4.348449925892082e-05,0.0,0.0,-1.583545001363651,3.9545457196708655,0.43537701996955963,0.0,0.0,0.0,0.0,True,0.0005463674231994799,0.08932882054720533,True,0.9229384475270391,False,0.004377284687634821,0.00022761696729797255,5.485185384421465,0.15529128029202302,0.0036375355954409863,2.9876353024501853e-05,0.008644511169444084,-0.00043226757154691403,0.0013879566766575571,-6.221019711334153e-05,-2.453365642614096e-05,5.559535075854154e-06,0.0,0.0,0.8281367783640858,-4.762345584064764,0.4460458743434272,0.0,0.0,0.0,0.0,0.003950410571652119,-0.00019925714868472902,-4.801761541248284,0.14014722804846247,0.0035928598398934624,-1.4799402523022094e-05,0.009575666373177145,0.0004988876321861471,0.0015140936303227135,6.392675655181486e-05,-3.524810351624065e-05,-5.1549120142455355e-06,0.0,0.0,-0.4102217401527386,5.496307075693663,0.440567594908822,0.0,0.0,0.0,0.0,0.0041496677203368484,0.0,0.0,0.14721619886820347,0.0036076592424164845,0.0,0.009076778740990998,0.0,0.0014501668737708986,0.0,-3.0093191501995113e-05,0.0,0.0,0.0,0.0,0.0,0.44238234345627686,0.0,0.0,0.0,0.0,0.02818757549943178,0.00815507059850152,-1.7292643838217483,-7.175872593473322e-05,-1.1733232612109123,-1.5417613560227972,7.440668092416803,0.00030876300200842303,0.5712264721026705,-7.567538302544974
0.5,0.05,11,0.1,0.2,4,60,0,0,0.0045007447686749,9.663139808270202e-05,2.1941169527547544,0.15967122708959586,0.0035077653265490425,4.392677375874773e-06,0.00970555536197743,-0.00022293775701413138,0.00025874650621589897,-3.9726146489802295e-05,-0.001095666935368363,7.395186118882516e-05,0.0,0.0,0.12538424586123753,-2.2454339680982205,0.4301330422809078,0.0,0.0,0.0,0.0,False,0.00024648977229084967,0.5999332813544813,False,-0.902367734351564,False,0.004104784941448265,-0.0002993284291439328,-6.796565028108792,0.1456239094253073,0.003406933852150933,-9.643879702223458e-05,0.010376871684003744,0.00044837856501218215,0.0003256914817774721,2.721882907177084e-05,-0.0011472373944784828,2.238140207870532e-05,0.0,0.0,-2.752741620135535,4.5160787204909125,0.417768774776389,0.0,0.0,0.0,0.0,True,0.0005875372130685682,0.046394165851558845,True,0.8962707122122239,True,0.004623230638989074,0.00021911726839687635,4.975286736712969,0.16401661218015262,0.0035597529209965284,5.638027182336067e-05,0.009419191089483211,-0.0005093020295083503,0.00024665831599506537,-5.18143367106359e-05,-0.0011472385482245381,2.238024833265003e-05,0.0,0.0,1.6093141515124643,-5.129701188331792,0.436507922034498,0.0,0.0,0.0,0.0,0.004219305758628531,-0.00018480761196366675,-4.196250105587462,0.14968672132562752,0.003464518179529797,-3.885446964337069e-05,0.010520919702396629,0.0005924265834050674,0.00034968303478699576,5.121038208129449e-05,-0.0011947064719120062,-2.5087675354818102e-05,0.0,0.0,-1.109058999262913,5.966933514531569,0.42482994324615614,0.0,0.0,0.0,0.0,0.004404113370592198,0.0,0.0,0.1562430713730941,0.0035033726491731677,0.0,0.009928493118991561,0.0,0.00029847265270570127,0.0,-0.0011696187965571881,0.0,0.0,0.0,0.0,0.0,0.4295943985839812,0.0,0.0,0.0,0.0,0.02818757549943178,0.00815507059850152,-2.6003149225213296,-0.00011452081718026606,-1.6436826208726218,-1.4508547940406569,6.390367058342217,0.00028143901004636877,1.2344432451241505,-8.21236748262979
0.5,0.05,11,0.15,0.3,4,60,0,0,0.006413250081148885,4.715790655354657e-05,0.7407669455641308,0.22752045777325428,0.004192933445463681,-2.9751997867116797e-05,0.01155225693235502,-0.0004338334894066487,0.00034026675884612633,-5.586627975298934e-05,-0.0011434938451389317,9.444426247330129e-05,0.0,0.0,-0.7045752819241247,-3.61947452539646,0.5141504778921381,0.0,0.0,0.0,0.0,False,0.0003562866800169501,0.520828616946717,False,-0.9043666573044393,False,0.006065621914801795,-0.0003004702597935432,-4.719854057291317,0.21518778423933868,0.004173345980926396,-4.93394624044019e-05,0.012766188481484793,0.0007800980597231239,0.0004161032193189829,1.9970180719867253e-05,-0.0011990057633879288,3.893234422430421e-05,0.0,0.0,-1.1684380251985704,6.508361210981661,0.5117486023595236,0.0,0.0,0.0,0.0,True,0.0007247431059634127,0.02529009384718232,True,0.8407241332816812,True,0.006385575392295917,1.9483217700578745e-05,0.30604674211800464,0.2265386532596477,0.004185847090543224,-3.6838352787573435e-05,0.011139896307448221,-0.0008461941143134474,0.0003356407202115626,-6.0492318387553074e-05,-0.001177873337952166,6.006476966006688e-05,0.0,0.0,-0.8723915925529124,-7.059800856975995,0.5132815271166833,0.0,0.0,0.0,0.0,0.006478001721010743,0.00011190954641540456,1.7579001897269686,0.22981762731389685,0.004310797067749761,8.811162441896368e-05,0.013048763479072061,0.0010626730573103926,0.0004567010282319617,6.0567989632846026e-05,-0.001306790959054668,-6.885285144243511e-05,0.0,0.0,2.086625338340675,8.865885538298857,0.5286032800920035,0.0,0.0,0.0,0.0,0.0063660921745953385,0.0,0.0,0.22584745448304588,0.004222685443330798,0.0,0.011986090421761669,0.0,0.00039613303859911567,0.0,-0.001237938107612233,0.0,0.0,0.0,0.0,0.0,0.5177987599649608,0.0,0.0,0.0,0.0,0.02818757549943178,0.00815507059850152,-6.477754247018286,-0.00041237980620894774,-3.2550633635392456,-2.3575243273171953,-1.0171332441628378,-6.475163986185799e-05,-2.7912006202648,-12.485360063695317
0.5,0.05,11,0.2,0.4,4,60,0,0,0.011294189087076027,-0.000469939750631667,-3.994683814796074,0.40067969262924724,0.0052960980216340825,-0.000144559386666597,0.014309660686396702,-0.0009606173299402283,0.0004807838525235799,-9.205851889930542e-05,-0.001403950023165826,0.00011634649211020873,0.0,0.0,-2.6570205733969954,-6.290765164278678,0.6494239329586223,0.0,0.0,0.0,0.0,False,0.0005752319917617989,0.37942885585491326,False,-0.8688451939013233,False,0.01216061564944692,0.0003964868117392259,3.370303209094083,0.4314175814692562,0.005585283369165022,0.00014462596086434274,0.016899284242065257,0.0016290062257283272,0.0006067360994238824,3.389372800099706e-05,-0.0015617319309851156,-4.1435415709080914e-05,0.0,0.0,2.658244215923067,10.667822969467444,0.6848847354174111,0.0,0.0,0.0,0.0,True,0.0009425929746563947,0.016887115325573215,True,0.7857535049848835,True,0.010680180995873437,-0.0010839478418342569,-9.214008591608302,0.3788967588251332,0.005174937396982833,-0.0002657200113178465,0.013711887042308087,-0.0015583909740288435,0.00048152438525641953,-9.131798616646581e-05,-0.0013641791787623071,0.00015611733651372758,0.0,0.0,-4.883968818041073,-10.205387042472946,0.6345668421231963,0.0,0.0,0.0,0.0,0.013639996783693598,0.001875867945985904,15.945659656269351,0.48390102880499813,0.005852504957739406,0.0004118475494387262,0.017333474830285505,0.002063196813948575,0.0006736791380031306,0.00010083676658024523,-0.0016959450731942449,-0.00017564855791821015,0.0,0.0,7.569812221780037,13.511193520781095,0.7176522737663109,0.0,0.0,0.0,0.0,0.011764128837707694,0.0,0.0,0.41735156817388713,0.0054406574083006795,0.0,0.01527027801633693,0.0,0.0005728423714228853,0.0,-0.0015202965152760347,0.0,0.0,0.0,0.0,0.0,0.6671502524209161,0.0,0.0,0.0,0.0,0.02818757549943178,0.00815507059850152,-12.575356447175267,-0.0014793811342466781,-4.91156800585697,-2.843370551313651,-19.940343471065425,-0.002345807696617571,-10.226832795177032,-19.801958685059773
0.5,0.05,22,0.0,0.0,6,60,0,0,0.003552142092964404,0.0003040905743190098,9.362246028838594,0.12601800722577255,0.004095893261734619,0.00018350997893056345,0.007571739965703973,-0.0003805496103748522,-0.0025589737620648418,-0.00019243164474989395,-0.003450766979017113,-4.515241233831076e-05,0.0,0.0,4.690490825301752,-4.785409368385906,0.5022511101850219,0.0,0.0,0.0,0.0,False,0.0007794320412634148,0.06757028583517767,False,-0.7209490851932794,False,0.002727590014157121,-0.000520461504488273,-16.023806934729055,0.0967656836683987,0.0037410147870436472,-0.0001713684957604083,0.008435985385127843,0.000483695809049018,-0.0023946920847465834,-2.814996743163555e-05,-0.0034998465171549465,-9.423195047614415e-05,0.0,0.0,-4.380156118998302,6.0824722794805774,0.458734813127314,0.0,0.0,0.0,0.0,True,0.0009192315170730387,0.09967095954429706,True,0.9436670116727768,False,0.003733481584738173,0.00048543006609277906,14.945269904315705,0.13245132007942417,0.004139757012006041,0.00022737372920198558,0.007583872118430169,-0.0003684174576486562,-0.002469119744162875,-0.00010257762684792726,-0.003420074607179792,-1.4460040500989708e-05,0.0,0.0,5.811642489153668,-4.632847611043845,0.5076298190191897,0.0,0.0,0.0,0.0,0.0027478085947269136,-0.0005002429239184805,-15.401323564199732,0.09748297063655954,0.003672780282045534,-0.0002396030007585214,0.008426600705226215,0.00047431112914739053,-0.0022760367724383424,9.050534487660541e-05,-0.0033961170603672586,9.49750631154371e-06,0.0,0.0,-6.124221055018797,5.964459978597358,0.45036768691130663,0.0,0.0,0.0,0.0,0.003248051518645394,0.0,0.0,0.11522990044712679,0.0039123832828040555,0.0,0.007952289576078825,0.0,-0.002366542117314948,0.0,-0.0034056145666788024,0.0,0.0,0.0,0.0,0.0,0.47974854853162757,0.0,0.0,0.0,0.0,0.02818757549943178,0.00815507059850152,-0.6224833705293236,-2.021858056979256e-05,1.7440649360204947,0.11801230088321901,24.763569593038326,0.0008043334982374903,10.814711880320548,-10.749869346983264
0.5,0.05,22,0.025,0.05,6,60,0,0,0.0037027801794509672,0.000291703581953069,8.55165733208807,0.13136213788680087,0.0034193942206941436,0.00012888173638055372,0.007501451809118184,-0.0005068223968888686,-0.0011805709587820305,-0.00016097320887520903,-0.0022117511278472884,-5.466252176219554e-06,0.0,0.0,3.916767889347139,-6.328734304685746,0.41929670373699174,0.0,0.0,0.0,0.0,False,0.0008008787453746124,0.12241905633316737,False,-0.7525383586420548,False,0.0028666002945832167,-0.0005444763029146815,-15.962007517335353,0.10169729903307942,0.0030586614444542953,-0.00023185103985929462,0.008583602949248792,0.0005753287432417389,-0.000996809493486039,2.2788256420782542e-05,-0.002238266227929853,-3.1981352258784145e-05,0.0,0.0,-7.046046503836911,7.184178868528024,0.3750625341019511,0.0,0.0,0.0,0.0,True,0.0009633402676756529,0.05560181995292825,True,0.9808123575559872,False,0.003920730465131273,0.0005096538676333745,14.941144036672082,0.1390942780875322,0.003518279177229601,0.00022776669291601093,0.007528685843050083,-0.0004795883629569696,-0.0011157342331423656,-9.613648323554417e-05,-0.002220090668272208,-1.3805792601139216e-05,0.0,0.0,6.92192155482807,-5.988660610512408,0.4314222831959393,0.0,0.0,0.0,0.0,0.0028848450383414602,-0.000526231559156438,-15.427139910679244,0.10234456093606258,0.003042858866073378,-0.0002476536182402121,0.008627490709767581,0.0006192165037605286,-0.0009305177020595414,8.908004784728002e-05,-0.0021854623099009114,2.0822565770157488e-05,0.0,0.0,-7.526293226991765,7.7322090606744,0.3731247730255699,0.0,0.0,0.0,0.0,0.0034110765974978982,0.0,0.0,0.12101347977113748,0.00329051248431359,0.0,0.008008274206007053,0.0,-0.0010195977499068214,0.0,-0.002206284875671069,0.0,0.0,0.0,0.0,0.0,0.4034928262813833,0.0,0.0,0.0,0.0,0.02818757549943178,0.00815507059850152,-0.5348676066561087,-1.824474375824352e-05,0.4802467231548535,-0.5480301921463759,23.978797242767314,0.000817935141109507,11.443061116338903,-14.060943365360146
0.5,0.05,22,0.05,0.1,6,60,0,0,0.003797678628889594,0.00029102444067953233,8.299205597689197,0.1347288144369192,0.003122515027566682,6.789877102765171e-05,0.007874609165495185,-0.0006388896238119814,0.00024195433953113138,-0.00012295135301636757,-0.0009409643618844503,3.152423980757018e-05,0.0,0.0,2.2228249090961993,-7.504430782493532,0.38289245811562184,0.0,0.0,0.0,0.0,False,0.0008229317777783387,0.18871061751751264,False,-0.7950261847811995,False,0.002935729607689502,-0.00057092458052056,-16.28117715285701,0.10414977363869701,0.0028261331386280632,-0.00022848311791096726,0.00925860320278629,0.0007451044134791241,0.0004351267700723297,7.022107752483077e-05,-0.0009301048524988195,4.238374919320097e-05,0.0,0.0,-7.479928695522798,8.752035231566179,0.34654919347324353,0.0,0.0,0.0,0.0,True,0.0010485357893138467,0.033701670045788085,True,0.9931680668273563,True,0.004043950302288209,0.0005372961140781476,15.322187054675185,0.14346570184334334,0.0032574397953277624,0.00020282353878873192,0.007877493727935232,-0.0006360050613719338,0.000279933730880408,-8.497196166709094e-05,-0.0009936566653313548,-2.1168063639334265e-05,0.0,0.0,6.639902421606858,-7.470548561899692,0.39943735078471443,0.0,0.0,0.0,0.0,0.002953801430661241,-0.0005528527575488209,-15.765819150562411,0.1047909008960627,0.002840233225338249,-0.0002143830312007814,0.009355661571966415,0.0008421627826592486,0.0004470478600469112,8.214216749941224e-05,-0.0009258874756435468,4.66011260484737e-05,0.0,0.0,-7.018329413452529,9.89208788890641,0.34827818975106567,0.0,0.0,0.0,0.0,0.003506654188210062,0.0,0.0,0.12440424996043915,0.0030546162565390305,0.0,0.008513498789307166,0.0,0.00036490569254749895,0.0,-0.0009724886016920205,0.0,0.0,0.0,0.0,0.0,0.3745665006383036,0.0,0.0,0.0,0.0,0.02818757549943178,0.00815507059850152,-0.5153580022945974,-1.807182297173908e-05,-0.461599282070269,-1.140052657340231,24.06502474825161,0.0008438771982283533,9.241154322548727,-17.396518671399942
0.5,0.05,22,0.075,0.15,6,60,0,0,0.0043827352274589575,8.105959196524643e-05,1.8843724825835961,0.1554846470405838,0.003724411509478308,2.6917359539142816e-05,0.008561459836173839,-0.0007436619189232063,-0.0011005812796208876,-0.0001836819244371888,-0.002309595206984138,3.0802550183480285e-05,0.0,0.0,0.7279892394038256,-7.991963334771546,0.4566988678384541,0.0,0.0,0.0,0.0,False,0.000992933835559144,0.049416335641846866,False,-0.6903952423401348,False,0.0036797097875049824,-0.0006219658479887286,-14.458687746161146,0.1305436782804949,0.0034744215660618867,-0.0002230725838772785,0.010175549153422971,0.0008704273983259261,-0.0008985355201538087,1.836383502989015e-05,-0.002374031342209007,-3.363358504138896e-05,0.0,0.0,-6.033074694139784,9.354282740568486,0.42604432715767115,0.0,0.0,0.0,0.0,True,0.0011358264922963267,0.08738172721660425,True,0.9656931451383082,False,0.004797244165453093,0.000495568529959382,11.520360249163808,0.1701900245216123,0.0038891987347570763,0.00019170458481791112,0.008596350767559427,-0.0007087709875376186,-0.0010213203152820355,-0.0001044209600983367,-0.0023338444750718584,6.5532820957598e-06,0.0,0.0,5.184716379363707,-7.616998532548768,0.4769055874846393,0.0,0.0,0.0,0.0,0.0038045363382779476,-0.0004971392972157635,-11.556875490885442,0.13497210281014205,0.0035084027757825856,-0.0001890913741565796,0.010288638603845398,0.000983516848748353,-0.000823129792763579,9.376956242011986e-05,-0.0023313258606160597,9.071896551558507e-06,0.0,0.0,-5.114041198947961,10.569629013286308,0.4302112082790857,0.0,0.0,0.0,0.0,0.004301675635493711,0.0,0.0,0.15260892642506363,0.003697494149939165,0.0,0.009305121755097045,0.0,-0.0009168993551836988,0.0,-0.0023403977571676182,0.0,0.0,0.0,0.0,0.0,0.45339817789174913,0.0,0.0,0.0,0.0,0.02818757549943178,0.00815507059850152,-2.901812255275704,-0.00012482655077296519,-0.9190334951918233,-1.215346272717822,13.44124797346904,0.0005781988891810099,5.842030438351786,-18.561592348057854
0.5,0.05,22,0.1,0.2,6,60,0,0,0.004638255293372711,4.6229758691946135e-06,0.09977001955314702,0.1645496361851416,0.0035274308418331924,-7.769147054654613e-05,0.009165193123773554,-0.000984767161010638,0.00033859770607934804,-0.00014824238689009188,-0.0010630501405480052,8.579288275713292e-05,0.0,0.0,-2.155030088154264,-9.702177480308993,0.4325444886377013,0.0,0.0,0.0,0.0,False,0.001054612635817851,0.11338346798329782,False,-0.7252545639977961,False,0.003989696166167152,-0.0006439361513363639,-13.897005787530858,0.1415409482893475,0.0034281922844908628,-0.00017693002788887573,0.011394357284698899,0.0012443969999147066,0.000546234033264479,5.9393940295039075e-05,-0.001087703165660302,6.1139857644836e-05,0.0,0.0,-4.907739947721335,12.260116936419774,0.4203755495532788,0.0,0.0,0.0,0.0,True,0.0012631098567902213,0.06190087502126572,True,0.972699095631922,False,0.00512487153543147,0.0004912392179279535,10.601601168748331,0.18181313733544693,0.003738357314429786,0.0001332350020500474,0.009164879604947154,-0.0009850806798370384,0.00039593791858185946,-9.090217438758046e-05,-0.001149090805025132,-2.4778171999395235e-07,0.0,0.0,3.6957137790450956,-9.705266347827713,0.45840894560945955,0.0,0.0,0.0,0.0,0.004166306418815678,-0.0004673258986878379,-10.085519667206167,0.147806483707677,0.0035181332748237455,-8.698903755599303e-05,0.011635981178449656,0.001486020893665464,0.0005695756810329725,8.273558806353262e-05,-0.0011144004717931065,3.444255151203155e-05,0.0,0.0,-2.4129288833635076,14.640657223981046,0.4314043921913069,0.0,0.0,0.0,0.0,0.004633632317503516,0.0,0.0,0.1643856286113335,0.0036051223123797385,0.0,0.010149960284784192,0.0,0.0004868400929694399,0.0,-0.001148843023305138,0.0,0.0,0.0,0.0,0.0,0.4420712572423559,0.0,0.0,0.0,0.0,0.02818757549943178,0.00815507059850152,-3.811486120324691,-0.00017661025264852602,-2.494811064357827,-2.3805402875612725,10.185289686759315,0.0004719488745570325,0.25789879520924375,-24.34283470429004
0.5,0.05,22,0.15,0.3,6,60,0,0,0.00632664502531372,-0.0010306805279146174,-14.008902018238988,0.2244480028245514,0.004191475212256451,-0.00039966102192764887,0.011023077396887657,-0.0016593965676905739,0.0005020827481283896,-0.0001966692942947829,-0.0013758263335707337,0.0001970743571884884,0.0,0.0,-8.70505690839456,-13.084170898558266,0.5139716648224514,0.0,0.0,0.0,0.0,False,0.0014371462755526417,0.006802388898556237,False,-0.6539088996943371,False,0.006999239302508761,-0.0003580862507195767,-4.867070895924286,0.24830937668441386,0.004620845814336199,2.9709580152099263e-05,0.01512280564134132,0.0024403316767630887,0.0007510645734236012,5.231253100042874e-05,-0.0015596864551150552,1.321423564416683e-05,0.0,0.0,0.6471073528790505,19.2417637408826,0.5666224171235589,0.0,0.0,0.0,0.0,True,0.001592004830719091,0.10021883062956317,True,0.9413194691439017,False,0.007353299356325357,-4.026196902980755e-06,-0.054723647524523855,0.26087023186771024,0.004541318835869391,-4.9817398314709084e-05,0.01102468304619664,-0.0016577909183815905,0.0005896623315548672,-0.00010908971086830523,-0.0014855049863420245,8.739570441719763e-05,0.0,0.0,-1.0850777623148011,-13.071510519254769,0.5568705728560891,0.0,0.0,0.0,0.0,0.007880041747272663,0.0005227161940443252,7.104703879998375,0.27955727328984054,0.004862371324822579,0.00027123509063847924,0.015514806622059132,0.0028323326574809012,0.0007914347087707523,9.268266634757983e-05,-0.0016165053986474788,-4.360470788825673e-05,0.0,0.0,5.9077987845133295,22.332651069432675,0.596239022837648,0.0,0.0,0.0,0.0,0.007357325553228338,0.0,0.0,0.26101306773889266,0.0045911362341841,0.0,0.012682473964578231,0.0,0.0006987520424231725,0.0,-0.001572900690759222,0.0,0.0,0.0,0.0,0.0,0.5629793364422515,0.0,0.0,0.0,0.0,0.02818757549943178,0.00815507059850152,-11.971774775922661,-0.0008808024447639019,-5.260691431634279,-3.0908873285500746,-21.113605898237363,-0.0015533967219589426,-14.612855692907889,-35.41682196799094
0.5,0.05,22,0.2,0.4,6,60,0,0,0.010476176952699794,-0.0044369576848204886,-29.752012522286552,0.37165938421738254,0.005480675142454499,-0.0012187539772851568,0.014230303523490648,-0.003367421215513587,0.0007657966494458205,-0.0003179368478595508,-0.0018630489554089858,0.0004419163363841624,0.0,0.0,-18.191907929798624,-19.13554885905172,0.6720573508537822,0.0,0.0,0.0,0.0,False,0.0021624463102035926,0.12424445691095243,False,-0.6118399727935395,False,0.018043508462953668,0.0031303738254333854,20.990716583203174,0.6401227542013112,0.007337656647036533,0.0006382275272968779,0.022475373547272366,0.004877648808268131,0.0010557813677261397,-2.79521295792316e-05,-0.0021618466266741356,0.00014311866511901262,0.0,0.0,9.526595712705731,27.717496895818215,0.8997661710475953,0.0,0.0,0.0,0.0,True,0.002196538827129406,0.14196897705054368,True,0.9072562556646565,False,0.012547192364910146,-0.002365942272610137,-15.864822051948835,0.44513201801137803,0.006135625553635662,-0.0005638035661039934,0.01444616108386211,-0.003151563655142124,0.000923548218030357,-0.00016018527927501433,-0.0020426257546953676,0.00026233953709778064,0.0,0.0,-8.415695666407819,-17.908926874829923,0.7523693976068181,0.0,0.0,0.0,0.0,0.020591458748287036,0.005678324110766754,38.075993067752044,0.7305154268660718,0.007930201424765495,0.0012307723050258394,0.02323756263056929,0.005639837891565056,0.0011853888697228984,0.00010165537241752713,-0.002515277498013269,-0.00021031220622012067,0.0,0.0,18.37130124116706,32.04867660570186,0.972425845856277,0.0,0.0,0.0,0.0,0.014913134637520283,0.0,0.0,0.5290676609565412,0.0066994291197396555,0.0,0.017597724739004235,0.0,0.0010837334973053713,0.0,-0.002304965291793148,0.0,0.0,0.0,0.0,0.0,0.8215047360804779,0.0,0.0,0.0,0.0,0.02818757549943178,0.00815507059850152,-17.08527648454887,-0.0025479502853333683,-8.84470552846133,-4.331179709883642,-67.8280055900386,-0.010115281795587242,-36.563209170965685,-51.18422546475358
0.5,0.05,33,0.0,0.0,4,60,0,0,0.002635898576017874,-0.00044446123365537906,-14.428873934130603,0.09351278105032515,0.0027933610090198385,-0.00016230603292536,0.008142868313826556,0.0006210600167035254,-0.000684619450214748,-5.140005534032797e-05,-0.0018896039097002623,-0.0001991636665902006,0.0,0.0,-5.491350365991909,8.256791348179803,0.3425305734978081,0.0,0.0,0.0,0.0,True,0.000731646172600782,0.006164815778226237,True,0.9936267721541615,True,0.0026360272915030786,-0.0004443325181701743,-14.424695348083594,0.09351734744111699,0.0027549136360579315,-0.00020075340588726707,0.00803031217589286,0.0005085038787698299,-0.000590698480948641,4.2520913925779016e-05,-0.001701375815422701,-1.0935572312639232e-05,0.0,0.0,-6.792152263373552,6.760394026052552,0.33781603761519147,0.0,0.0,0.0,0.0,True,0.0006708200631186479,0.07748366559637897,True,0.944927618379047,False,0.0035218554104563165,0.00044149560078306357,14.332598399597195,0.12494353799699133,0.0031159106491143104,0.00016024360716911188,0.007080084247900416,-0.0004417240492226148,-0.0005856098281274841,4.7609566746935946e-05,-0.0015651783314898887,0.000125261911620173,0.0,0.0,5.4215716755312116,-5.8725778665692285,0.38208260878659395,0.0,0.0,0.0,0.0,0.0026292170337971175,-0.00045114277587613534,-14.645781783654355,0.09327574249335913,0.0027898765280866145,-0.00016579051385858402,0.008077523679707727,0.0005557153825846966,-0.0007133049626311782,-8.00855677567582e-05,-0.0018431606664718989,-0.0001527204233618372,0.0,0.0,-5.609241890435435,7.3880556461037195,0.3421032956599112,0.0,0.0,0.0,0.0,0.003080359809673253,0.0,0.0,0.10928076484390609,0.0029556670419451985,0.0,0.007521808297123031,0.0,-0.00063321939487442,0.0,-0.0016904402431100617,0.0,0.0,0.0,0.0,0.0,0.3624330416573337,0.0,0.0,0.0,0.0,0.02818757549943178,0.00815507059850152,0.22108643557076135,6.8102577059610606e-06,-1.1829103729381174,-0.6276616200511675,0.21690784952375175,6.6815422207562765e-06,0.11789152444352524,0.8687357020760835
0.5,0.05,33,0.025,0.05,4,60,0,0,0.002855257062323177,-0.0004607998792691436,-13.896018294784607,0.10129487945427355,0.0027935462454414476,-0.00017955929718377426,0.008660698930125754,0.0007059140759454255,-7.315740468283468e-05,3.191170666203653e-05,-0.0014272743675911403,-0.00013427224940923735,0.0,0.0,-6.039452505450759,8.874081309370174,0.34255328776120675,0.0,0.0,0.0,0.0,True,0.0007422761651036761,0.00391919178129434,True,0.9924168400722744,True,0.002851101220356253,-0.00046495572123606737,-14.021343101931249,0.10114744421398453,0.002773901148960127,-0.00019920439366509501,0.008550426824829099,0.0005956419706487706,-4.42026151048307e-05,6.086649624004051e-05,-0.0012854391862376366,7.562931944266353e-06,0.0,0.0,-6.700212650009041,7.48784513431251,0.3401443452212206,0.0,0.0,0.0,0.0,True,0.0007176659322137935,0.02936583914639215,True,0.9825550764802953,True,0.0037834229083121658,0.0004673659667198452,14.09402718203696,0.13422306960697752,0.0031544626768589385,0.00018135713423371664,0.007460118379315381,-0.0004946664748649472,-0.00012181094133596914,-1.6741829991097926e-05,-0.0012229720225418578,7.003009564004515e-05,0.0,0.0,6.099922509766675,-6.218477104443554,0.3868099777626163,0.0,0.0,0.0,0.0,0.0028407486420777726,-0.00047530829951454795,-14.333538533458112,0.10078016969338274,0.002776366803921739,-0.00019673873870348305,0.008584994569142473,0.0006302097149621447,-0.00010266467793045771,2.4044334144135025e-06,-0.001368087716405366,-7.508559822346308e-05,0.0,0.0,-6.617280681188486,7.922397984540863,0.34044669146480366,0.0,0.0,0.0,0.0,0.0033160569415923206,0.0,0.0,0.11764250322483988,0.002973105542625222,0.0,0.007954784854180328,0.0,-0.00010506911134487121,0.0,-0.001293002118181903,0.0,0.0,0.0,0.0,0.0,0.3645714045898665,0.0,0.0,0.0,0.0,0.02818757549943178,0.00815507059850152,0.31219543152686313,1.0352578278480587e-05,-0.08293196882055476,-0.43455285022835355,0.4375202386735051,1.450842024540433e-05,0.5778281757377268,0.9516833248293111
0.5,0.05,33,0.05,0.1,4,60,0,0,0.0030807158880983027,-0.0004943781259909626,-13.828395114719871,0.10929339730408547,0.002930979804933124,-0.00016051273242383276,0.009350636643574724,0.0008344791881888663,0.0005528396427381134,0.00011051233966501053,-0.0009534752461026335,-6.088181388479695e-05,0.0,0.0,-5.192078922534349,9.798775945143179,0.35940581623802087,0.0,0.0,0.0,0.0,True,0.0007965962268336283,0.007618504335023827,True,0.9937766044003746,True,0.0030836044967453564,-0.0004914895173439089,-13.74759699764464,0.10939587538515036,0.002910538842513839,-0.0001809536948431177,0.009232210494100314,0.0007160530387144565,0.0005209259260504918,7.85986229773889e-05,-0.0008634754447858237,2.9117987432012837e-05,0.0,0.0,-5.85327936770057,8.40817049785294,0.3568992821531975,0.0,0.0,0.0,0.0,True,0.0007734949637536841,0.021602397508043547,True,0.993932725726279,True,0.004077182027895615,0.0005020880138063497,14.044050641120087,0.14464465125699813,0.0032703911150493486,0.000178898577692392,0.007941039301775865,-0.0005751181536099922,0.00036120579593296653,-8.112150714013639e-05,-0.0008817240185236836,1.0869413694152875e-05,0.0,0.0,5.786802831661997,-6.753258809773078,0.4010254816985003,0.0,0.0,0.0,0.0,0.0030679741170277566,-0.0005071198970615087,-14.184798918936814,0.10884136229061639,0.0029036911411302064,-0.00018780139622675022,0.00926304537127668,0.0007468879158908232,0.0005266597879190252,8.433248484592231e-05,-0.0008831532706049513,9.440161612885175e-06,0.0,0.0,-6.074780836679916,8.770245498672292,0.3560595958131564,0.0,0.0,0.0,0.0,0.0035750940140892654,0.0,0.0,0.12683226388737598,0.0030914925373569566,0.0,0.008516157455385857,0.0,0.0004423273030731029,0.0,-0.0008925934322178365,0.0,0.0,0.0,0.0,0.0,0.37908838433906544,0.0,0.0,0.0,0.0,0.02818757549943178,0.00815507059850152,0.43720192129217317,1.5630379717599795e-05,0.22150146897934597,-0.3620750008193525,0.3564038042169422,1.2741771070546096e-05,0.8827019141455672,1.0285304464708869
0.5,0.05,33,0.075,0.15,4,60,0,0,0.0040981472592897415,-0.00039430279421743836,-8.777010084054526,0.14538842687525055,0.0034337645123872365,-8.893834593443452e-05,0.0101286752251302,0.0010187774437748522,7.036163974070452e-05,4.729600976047325e-05,-0.0015862338767751037,-0.00019766472424916624,0.0,0.0,-2.52471893064542,11.183192920780293,0.42105883338621064,0.0,0.0,0.0,0.0,True,0.0008326958107948805,0.005056520274260193,True,0.9846711741766789,True,0.0040078654648669386,-0.0004845845886402413,-10.78664387736341,0.14218553365640585,0.0033699124353571575,-0.00015279042296451354,0.009965664605107538,0.0008557668237521906,8.832665513214976e-05,6.52610251519185e-05,-0.0013896243452089648,-1.0551926830273256e-06,0.0,0.0,-4.337306582744471,9.393813677071483,0.4132290940530145,0.0,0.0,0.0,0.0,True,0.0008358025177177513,0.008806288207440855,True,0.987970756762494,True,0.004983208736710492,0.0004907586832033125,10.924076558629414,0.17678741957820907,0.003668297910292228,0.00014559505197055686,0.008447818375188662,-0.0006620794061666848,-4.527598923937374e-06,-2.7593228904168642e-05,-0.0012965046574416538,9.206449508428367e-05,0.0,0.0,4.133049474400541,-7.267693030779343,0.4498180446121793,0.0,0.0,0.0,0.0,0.004015732769225526,-0.00047671728428165354,-10.61152107655573,0.14246463905015447,0.0033812030389882997,-0.00014149981933337134,0.009992398936309186,0.0008825011549538388,3.547316876680593e-05,1.240753878657466e-05,-0.0014825543441158657,-9.398519158992816e-05,0.0,0.0,-4.016796903522724,9.687278344220275,0.41461358281920824,0.0,0.0,0.0,0.0,0.00449245005350718,0.0,0.0,0.15937695860354292,0.003522702858321671,0.0,0.009109897781355347,0.0,2.3065629980231268e-05,0.0,-0.0013885691525259375,0.0,0.0,0.0,0.0,0.0,0.4319647286645148,0.0,0.0,0.0,0.0,0.02818757549943178,0.00815507059850152,-0.17512280080767972,-7.867304358587755e-06,-0.32050967922174767,-0.2934646671487915,1.8345109925012046,8.241449006421517e-05,1.4920779728773037,1.4959145765600184
0.5,0.05,33,0.1,0.2,4,60,0,0,0.004740153152587517,-0.000357602494476676,-7.014900658932522,0.16816462815977457,0.0037492647873024207,-1.9401266025060974e-05,0.01113958054398334,0.0012777173592091722,0.0007143982994972809,0.0001254524294056179,-0.0011829669182708091,-0.0001579928761867406,0.0,0.0,-0.5148045953270675,12.956145662027163,0.4597464536961019,0.0,0.0,0.0,0.0,True,0.0009012425604646258,0.0038440792128620234,True,0.9849231114438525,True,0.00461694903433234,-0.0004808066127318525,-9.431731256258825,0.1637937620575211,0.0036609890191665693,-0.00010767703416091241,0.010934258771020274,0.0010723955862461058,0.0006701750400435946,8.122916995193159e-05,-0.0010104532254985926,1.4520816585475958e-05,0.0,0.0,-2.8571657089606184,10.874168158221753,0.44892180575840385,0.0,0.0,0.0,0.0,True,0.0009128244507561564,0.016744504143140545,True,0.9959370204829948,True,0.005606654664309058,0.0005088990172448654,9.982805227981872,0.19890517594966903,0.0038909197633109653,0.00012225370998348358,0.009068583595823528,-0.0007932795889506409,0.0004955218286668428,-9.342404142482022e-05,-0.0009800770770890914,4.4896964994977154e-05,0.0,0.0,3.24395179232031,-8.043911927062563,0.47711662533319027,0.0,0.0,0.0,0.0,0.004621483626569705,-0.00047627202049448786,-9.34277853762515,0.16395463407850977,0.003670070185932269,-9.859586739521288e-05,0.010958985241836198,0.0010971220570620294,0.0006833279793035136,9.438210921185056e-05,-0.0010496328618851728,-2.4658819801104273e-05,0.0,0.0,-2.6162006927665904,11.124896345711699,0.45003536653706444,0.0,0.0,0.0,0.0,0.005097755647064193,0.0,0.0,0.18085115717621603,0.0037686660533274817,0.0,0.009861863184774168,0.0,0.000588945870091663,0.0,-0.0010249740420840685,0.0,0.0,0.0,0.0,0.0,0.4621254969907885,0.0,0.0,0.0,0.0,0.02818757549943178,0.00815507059850152,-0.08895271863367427,-4.534592237364667e-06,-0.240965016194028,-0.25072818748994585,2.327877878692629,0.00011866952601781184,2.101396097439523,1.8312493163154642
0.5,0.05,33,0.15,0.3,4,60,0,0,0.00920363793818156,0.0006421428737727296,7.500359095483167,0.3265139968624507,0.0051629088684562695,0.0003244237273294379,0.013754548261413837,0.002103997966629082,0.0009984306033015452,0.00016576031273886566,-0.0016077403222574764,-0.0003060058780766622,0.0,0.0,6.705068174579187,18.059215345140522,0.6330918667221527,0.0,0.0,0.0,0.0,True,0.0010207745613441618,0.005999028488324079,True,0.9731794158452535,True,0.008606486274439018,4.499121003018712e-05,0.525506464603609,0.3053290721868758,0.004905514620815207,6.702947968837553e-05,0.013333788209429187,0.001683237914644432,0.0009344591962217798,0.00010178890565910024,-0.001369842856776085,-6.810841259527077e-05,0.0,0.0,1.3853401991178904,14.447711670734687,0.6015293873380553,0.0,0.0,0.0,0.0,True,0.0010994713755348615,0.07063367056466038,True,0.9963173224318057,False,0.008767217807609827,0.00020572274320099573,2.4028833942357775,0.31103128425453125,0.004826201444569745,-1.2283696557086402e-05,0.010499797359607337,-0.0011507529351774178,0.0007047334916479079,-0.00012793679891477173,-0.0011634312338017821,0.00013830321037903211,0.0,0.0,-0.25387484303043273,-9.87724104064458,0.5918037601607706,0.0,0.0,0.0,0.0,0.008664894845929885,0.00010339978152105328,1.2077304342660744,0.3074012110798446,0.004948569322967143,0.00011008418184031178,0.013336346212738513,0.0016857959179537585,0.000960783482395044,0.00012811319183236446,-0.0014259428945223415,-0.0001242084503415273,0.0,0.0,2.275178669137645,14.46966774357763,0.6068088881874836,0.0,0.0,0.0,0.0,0.008561495064408831,0.0,0.0,0.3037329359732063,0.004838485141126832,0.0,0.011650550294784755,0.0,0.0008326702905626796,0.0,-0.0013017344441808142,0.0,0.0,0.0,0.0,0.0,0.5933100250555642,0.0,0.0,0.0,0.0,0.02818757549943178,0.00815507059850152,-0.6822239696624655,-5.840857149086616e-05,-0.8898384700197548,-0.02195607284294354,6.292628661217092,0.0005387430922516763,4.429889505441542,3.5895476015628915
0.5,0.05,33,0.2,0.4,4,60,0,0,0.01937728153484636,0.0034148213928587266,21.392826434544297,0.6874405191477706,0.007636294177596106,0.001058319174835014,0.01806042294836987,0.003673923037973788,0.0015689370007352715,0.0003367260675787866,-0.0023236399152602605,-0.0006888767747960586,0.0,0.0,16.08882937972227,25.53729580409554,0.9363860294476497,0.0,0.0,0.0,0.0,True,0.0011992328416441263,0.011660791372846466,True,0.9594463725518055,True,0.018180755706703737,0.0022182955647161023,13.896952881849955,0.6449918229778305,0.007044200003623255,0.00046622500086216257,0.01714637139767887,0.0027598714872827893,0.0014188222058040358,0.00018661127264755096,-0.00193377900425985,-0.000299015863795648,0.0,0.0,7.087667567396738,19.183759110778787,0.8637816090663415,0.0,0.0,0.0,0.0,True,0.0013836776670097702,0.14034809831644204,True,0.9943899402083661,False,0.015069868107259016,-0.0008925920347286186,-5.59181997504724,0.5346280352335661,0.006270650419661471,-0.000307324583099621,0.012570349651831294,-0.0018161502585647867,0.001011602319891531,-0.00022060861326495397,-0.001319235442087579,0.00031552769837662293,0.0,0.0,-4.672024186328194,-12.623989642208855,0.768926564634976,0.0,0.0,0.0,0.0,0.018140158323796316,0.0021776981818086814,13.642622518320135,0.6435515649141941,0.007158367215118817,0.000580392212357725,0.017171609013029228,0.0027851091026331477,0.0014793956929495104,0.0002471847597930255,-0.0020146952089318943,-0.0003799320684676924,0.0,0.0,8.823265702805294,19.359184791156547,0.8777811459332008,0.0,0.0,0.0,0.0,0.015962460141987635,0.0,0.0,0.5662941866819803,0.006577975002761092,0.0,0.01438649991039608,0.0,0.0012322109331564849,0.0,-0.001634763140464202,0.0,0.0,0.0,0.0,0.0,0.8066116563074003,0.0,0.0,0.0,0.0,0.02818757549943178,0.00815507059850152,0.25433036352982086,4.0597382907420904e-05,-1.735598135408556,-0.17542568037776007,7.750203916224162,0.0012371232110500452,7.265563676916976,6.178111012938992
0.5,0.2,11,0.0,0.0,4,60,0,0,0.0031082849623783383,0.00011072920849726107,3.693983284677671,0.1102714549692644,0.005339541532259047,8.986770090053074e-05,0.011709347191986911,-0.00011840305081750602,0.002399939364820091,1.7934528319866853e-06,0.0009800628353825933,0.00010288664124128506,0.0,0.0,1.7118720855324954,-1.0010614731194356,0.34191302637058807,0.0,0.0,0.0,0.0,False,0.0003953762716045943,0.4963277859777733,False,-0.6569517474582954,False,0.002791810243489062,-0.00020574551039201534,-6.863775932295068,0.09904400055781083,0.00514612690763193,-0.00010354692372658691,0.012091483293569094,0.00026373305076467755,0.002507404827253063,0.00010925891526495854,0.000936839265904079,5.96630717627708e-05,0.0,0.0,-1.9724448994917987,2.229782040968642,0.3295278844532425,0.0,0.0,0.0,0.0,True,0.0006644611598733407,0.15353892592755844,True,0.9718179764557936,False,0.003240119417942478,0.0002425636640614008,8.092048454723223,0.11494849629787376,0.005386697422926006,0.00013702359156748944,0.011490806897927686,-0.0003369433448767306,0.00228938590325674,-0.00010876000873136444,0.0008718529742955752,-5.323219845732984e-06,0.0,0.0,2.6101353335323374,-2.8487526195585255,0.34493261394973346,0.0,0.0,0.0,0.0,0.002769910336061489,-0.00022764541781958823,-7.594368095567361,0.09826706578993714,0.005126821805860656,-0.00012285202549786045,0.01219864317441729,0.00037089293161287305,0.002509711510877013,0.00011156559888890862,0.000885791372230778,8.615178089469832e-06,0.0,0.0,-2.3401839703642846,3.135785960973525,0.32829169858763396,0.0,0.0,0.0,0.0,0.002997555753881077,0.0,0.0,0.10634315654219702,0.005249673831358517,0.0,0.011827750242804417,0.0,0.0023981459119881044,0.0,0.0008771761941413082,0.0,0.0,0.0,0.0,0.0,0.33615842414449254,0.0,0.0,0.0,0.0,0.02818757549943184,0.015616665995263068,0.7305921632722931,2.189990742757289e-05,0.3677390708724859,-0.9060039200048831,11.288351380245032,0.0003383746263168493,4.05205605589678,-4.13684743409296
0.5,0.2,11,0.025,0.05,4,60,0,0,0.0034211743973595206,0.00010580430618067254,3.1913271601919924,0.12137171561379868,0.005207239622007934,8.207490475899311e-05,0.012241943691262877,-0.00012831506299332794,0.0012665067698418473,-2.450833688600923e-05,-0.00018467514791372188,9.273500166055736e-05,0.0,0.0,1.6014100870312964,-1.037286814628502,0.33344118543531776,0.0,0.0,0.0,0.0,False,0.0003770709382832017,0.5274956844256239,False,-0.7074116234088852,False,0.003093004600216399,-0.00022236549096244906,-6.707109156654734,0.10972935931572912,0.004962449331007275,-0.0001627153862416653,0.012664537260239812,0.0002942785059836077,0.0013827725161686124,9.175740944075586e-05,-0.0002445949174774187,3.281523209686056e-05,0.0,0.0,-3.174832326735577,2.3789195669197793,0.317766246170118,0.0,0.0,0.0,0.0,True,0.0006870074196486246,0.13911697333781783,True,0.970523186095791,False,0.0035656260039658503,0.00025025591278700224,7.548355263650786,0.12649637085806548,0.005309274492778619,0.00018410977552967868,0.011995875680771508,-0.00037438307348469646,0.0011926315385050483,-9.838356822280828e-05,-0.0002561017719904994,2.1308377583779828e-05,0.0,0.0,3.5922704085987744,-3.026477302715136,0.3399749020942791,0.0,0.0,0.0,0.0,0.0030831900017122505,-0.00023218008946659756,-7.003142426975362,0.10938117050096759,0.004953518870043669,-0.00017164584720527187,0.012785776838839684,0.00041551808458347925,0.0013894123259369931,9.839721920913659e-05,-0.00029802066550043283,-2.0610515926153586e-05,0.0,0.0,-3.3490796232868547,3.359008835934918,0.31719439165479985,0.0,0.0,0.0,0.0,0.003315370091178848,0.0,0.0,0.11761813609140219,0.0051251647172489406,0.0,0.012370258754256205,0.0,0.0012910151067278565,0.0,-0.00027741014957427925,0.0,0.0,0.0,0.0,0.0,0.3281855883197818,0.0,0.0,0.0,0.0,0.02818757549943184,0.015616665995263068,0.29603327032062854,9.814598504148501e-06,0.17424729655127758,-0.9800892690151386,10.194469587167355,0.0003379843956472701,4.950489710318151,-4.39629565056342
0.5,0.2,11,0.05,0.1,4,60,0,0,0.0035118650275314054,0.00010156104690367193,2.978064345014131,0.12458911294453799,0.005246133225442377,8.006921179487363e-05,0.012784845588976985,-0.0001488229319968632,0.00012660289733764857,-4.32791970287961e-05,-0.0013289642149287738,8.452232290523474e-05,0.0,0.0,1.549907465013023,-1.1506629519345224,0.3359317044389412,0.0,0.0,0.0,0.0,False,0.0003569113232282081,0.5471700661599128,False,-0.7477667155796633,False,0.003168169740185132,-0.00024213424044260135,-7.1000779349303595,0.11239596467773509,0.004958744970406005,-0.00020731904324149814,0.013250767732546711,0.0003170992115728629,0.00024162448567253983,7.174239130609516e-05,-0.0014048988931657119,8.587644668296614e-06,0.0,0.0,-4.013094740866762,2.451734487076429,0.3175290405717916,0.0,0.0,0.0,0.0,True,0.0007074215769814502,0.10246146576656882,True,0.9581118983626886,False,0.003661773682968843,0.0002514697023411096,7.373820743534476,0.12990736585495447,0.005377248081052971,0.00021118406740546804,0.012526406988495645,-0.00040726153247820293,8.187497326296795e-05,-8.800712110347672e-05,-0.0013749247545252656,3.8561783308742846e-05,0.0,0.0,4.087910386854876,-3.1488477674974313,0.3443275333341974,0.0,0.0,0.0,0.0,0.0031785724441664117,-0.00023173153646132176,-6.795040494268989,0.11276501748901677,0.0049647929667053494,-0.00020127104694215355,0.013386504859868831,0.0004528363388949831,0.00025534745313196474,8.546535876552007e-05,-0.0014526640403060816,-3.917750247207311e-05,0.0,0.0,-3.8960230924441452,3.5012211590288,0.31791631890003264,0.0,0.0,0.0,0.0,0.0034103039806277335,0.0,0.0,0.12098606993341705,0.005166064013647503,0.0,0.012933668520973848,0.0,0.00016988209436644467,0.0,-0.0014134865378340085,0.0,0.0,0.0,0.0,0.0,0.3308045401761491,0.0,0.0,0.0,0.0,0.02818757549943184,0.015616665995263068,-0.30503744066137095,-1.0402703981279588e-05,-0.11707164842261708,-1.049486671952371,9.77310483928312,0.0003332925833649937,5.445930557457168,-4.651884110963323
0.5,0.2,11,0.075,0.15,4,60,0,0,0.004291900909705878,0.00011966378006355444,2.868096331663028,0.15226215215964164,0.005824068859010288,8.058535768440747e-05,0.014044004208180517,-0.00021381777296682926,0.0013646003616867297,-5.149674172675667e-05,-0.0002704559951104993,0.00011706208484090657,0.0,0.0,1.4030745916794984,-1.4996524241188691,0.37293932397458435,0.0,0.0,0.0,0.0,False,0.00045873418793336546,0.4909179932408844,False,-0.7996708585744084,False,0.003916053660238527,-0.0002561834694037963,-6.140194371592644,0.13892836084172833,0.005579356862695487,-0.0001641266386303939,0.014688520426729513,0.00043069844558216684,0.0015088843982331225,9.278729481963614e-05,-0.00036024256337744494,2.7275516573960906e-05,0.0,0.0,-2.857614870705305,3.0207870890214927,0.3572693982433797,0.0,0.0,0.0,0.0,True,0.0007918915956230694,0.12119529514109599,True,0.9414300589845422,False,0.004404170645081037,0.00023193351543871355,5.558972518385996,0.1562451032785636,0.005891106103657822,0.0001476226023319413,0.01368774689764378,-0.0005700750835035667,0.0013058983390631163,-0.00011019876435037004,-0.00033858526074642095,4.893281920498489e-05,0.0,0.0,2.5702624948406694,-3.998332173436858,0.3772319972422247,0.0,0.0,0.0,0.0,0.003971789174518959,-0.00020044795512336438,-4.804327963510269,0.14090566869076826,0.0056208076645233255,-0.00012267583680255524,0.014919715484357828,0.0006618935032104822,0.0015269969920345071,0.00011089988862102076,-0.0004407448488884873,-5.3226768937081456e-05,0.0,0.0,-2.1359134534683633,4.642318469719164,0.35992366528350284,0.0,0.0,0.0,0.0,0.004172237129642323,0.0,0.0,0.14801688530205165,0.005743483501325881,0.0,0.014257821981147346,0.0,0.0014160971034134864,0.0,-0.00038751807995140585,0.0,0.0,0.0,0.0,0.0,0.36777910874626024,0.0,0.0,0.0,0.0,0.02818757549943184,0.015616665995263068,-1.3358664080823752,-5.573551428043194e-05,-0.7217014172369418,-1.6215313806976717,7.672424295173297,0.0003201117351869188,3.5389880451478617,-6.1419708938380335
0.5,0.2,11,0.1,0.2,4,60,0,0,0.004498937548035773,0.00011133021991821448,2.537378839823834,0.1596071130036159,0.0059354414063346895,8.117089697022573e-05,0.01513151761296895,-0.00025685688696018213,0.00023769973321102717,-7.339926101022459e-05,-0.0013949669604205366,0.00011470974562532987,0.0,0.0,1.3865245352155275,-1.6691619180529083,0.38007097085479447,0.0,0.0,0.0,0.0,False,0.00044283301534511776,0.5167113179643003,False,-0.8312054961334084,False,0.004103252829262698,-0.0002843544988548599,-6.480855682608643,0.14556955525832313,0.005641507911625399,-0.00021276259773906486,0.01591472452945044,0.0005263500295213074,0.00038307754243624713,7.197854821499537e-05,-0.0015002271820170182,9.449524028848225e-06,0.0,0.0,-3.6343144273694006,3.420439433182043,0.36124918810049544,0.0,0.0,0.0,0.0,True,0.0008446411816454701,0.0781953708840246,True,0.9143256073390398,False,0.004608421548743075,0.00022081422062551672,5.032679638636983,0.1634912356628886,0.006022586222185834,0.00016831571282137012,0.014710755094538865,-0.0006776194053902673,0.00020946083815955605,-0.00010163815606169572,-0.00143662057393545,7.305613211041652e-05,0.0,0.0,2.875092849777494,-4.403450185030189,0.38565121543949504,0.0,0.0,0.0,0.0,0.00420507358205553,-0.00018253374606202848,-4.160211532428592,0.14918181175746345,0.00571156997060966,-0.00014270053875480374,0.01618524966021457,0.0007968751602854367,0.0004112791644123062,0.00010018017019105445,-0.001593069845156243,-8.339313911037661e-05,0.0,0.0,-2.437546036291638,5.178423233000373,0.36573555279610415,0.0,0.0,0.0,0.0,0.004387607328117558,0.0,0.0,0.15565749272072005,0.005854270509364464,0.0,0.015388374499929133,0.0,0.00031109899422125176,0.0,-0.0015096767060458665,0.0,0.0,0.0,0.0,0.0,0.3748732611134933,0.0,0.0,0.0,0.0,0.02818757549943184,0.015616665995263068,-2.320644150180051,-0.0001018207527928314,-1.1967683910777627,-1.75798379981833,6.697590372252426,0.00029386396598024295,3.8240705715071655,-6.8475851510532815
0.5,0.2,11,0.15,0.3,4,60,0,0,0.006692072011317199,4.4255081764157066e-05,0.6657084909697186,0.23741211838003193,0.007209019922869394,3.691829520800077e-05,0.018814898950558635,-0.000714768797932086,0.0003894700372017994,-0.00013555270484308596,-0.0016007384628383588,0.00013056528117971885,0.0,0.0,0.5147486347044206,-3.659912739618032,0.4616234940963758,0.0,0.0,0.0,0.0,False,0.0007206494850539384,0.3651258715695519,False,-0.845743319570934,False,0.006399966216464697,-0.0002478507130883453,-3.728302324128674,0.22704919110881663,0.007020251084820066,-0.0001518505428413277,0.020610143838168782,0.0010804760896780605,0.0006012780685670063,7.625532652212087e-05,-0.0017473405863468847,-1.6036842328807054e-05,0.0,0.0,-2.117239140277516,5.532485772890627,0.44953584119359963,0.0,0.0,0.0,0.0,True,0.001080058151390004,0.048495847510933485,True,0.8537155743054097,True,0.006607344455079517,-4.0472474473525304e-05,-0.6088084991270448,0.2344062707774458,0.007174843473418713,2.741845757319762e-06,0.018168692990162445,-0.001360974758328276,0.0003922335127930126,-0.00013278922925187277,-0.001572385377983294,0.00015891836603478373,0.0,0.0,0.03822932105068677,-6.968755310409492,0.4594350340588078,0.0,0.0,0.0,0.0,0.006866103603220715,0.0002182866736676727,3.283584310170662,0.24358617162228483,0.0072660902446407254,9.398861697933192e-05,0.021270514983858478,0.0017408472353677568,0.0006614531662665045,0.0001364304242216191,-0.0019092099039170847,-0.00017790615989900704,0.0,0.0,1.3104752534018216,8.913859968264394,0.4652779438866603,0.0,0.0,0.0,0.0,0.006647816929553042,0.0,0.0,0.235842097511616,0.0071721016276613935,0.0,0.01952966774849072,0.0,0.0005250227420448854,0.0,-0.0017313037440180776,0.0,0.0,0.0,0.0,0.0,0.4592594622845154,0.0,0.0,0.0,0.0,0.02818757549943184,0.015616665995263068,-7.011886634299335,-0.000466137386756018,-3.4277143936793375,-3.381374195373766,-2.6178758192009433,-0.00017403159190351562,-0.795726618697401,-12.573772707882426
0.5,0.2,11,0.2,0.4,4,60,0,0,0.013144880780633429,-0.0011820440412648858,-8.250507739512692,0.46633598483482136,0.009733421846246926,-0.000280913502463221,0.025400526790943345,-0.0022570802909932172,0.000673047307291469,-0.00032197252337712345,-0.0020748536880143753,0.00014956177196619137,0.0,0.0,-2.8051137961882078,-8.160793825389678,0.6232714363744041,0.0,0.0,0.0,0.0,False,0.0014917954385362054,0.00746641562660674,False,-0.7708301247581579,False,0.015835176106340484,0.0015082512844421699,10.527390233365708,0.5617785788869875,0.01030120063768983,0.00028686528897968293,0.03058678358074437,0.002929176498807806,0.0011519595128871127,0.0001569396822185202,-0.002433230405983826,-0.00020881494600325954,0.0,0.0,2.864546462553119,10.590852961827203,0.6596286711142088,0.0,0.0,0.0,0.0,True,0.0015378620942383444,0.02318302981545976,True,0.7922643424601632,True,0.012394848297212133,-0.0019320765246861812,-13.485633160670007,0.4397273648974162,0.0094528354235988,-0.0005614999251113469,0.02456528469832913,-0.003092322383607432,0.0007561752258413983,-0.00023884460482719418,-0.0019177363475660894,0.00030667911241447727,0.0,0.0,-5.60696147631673,-11.1807300409118,0.6053043220919295,0.0,0.0,0.0,0.0,0.017540331030605434,0.0032134062087071195,22.429141275282703,0.6222717179403736,0.010922528679930642,0.0009081933312204953,0.03172541349994898,0.0040678064180124165,0.0012673427392303552,0.0002723229085617627,-0.0025427828244530865,-0.00031836736447251983,0.0,0.0,9.068932680963915,14.707730882000769,0.6994148868422826,0.0,0.0,0.0,0.0,0.014326924821898315,0.0,0.0,0.5082709161058245,0.010014335348710147,0.0,0.027657607081936562,0.0,0.0009950198306685925,0.0,-0.0022244154599805666,0.0,0.0,0.0,0.0,0.0,0.641259494936227,0.0,0.0,0.0,0.0,0.02818757549943184,0.015616665995263068,-11.901751041916995,-0.0017051549242649497,-6.204386218410796,-4.116877920173566,-30.679649014795395,-0.004395450249972005,-11.874046477152122,-22.86852470739045
0.5,0.2,22,0.0,0.0,6,60,0,0,0.003555710016853145,0.0003152353267867735,9.728060143568552,0.12614458511782312,0.006283463605722005,0.00035282697838926423,0.011242792304906126,-0.0006153764089027805,-0.002913355541312828,-0.0002880117894578896,-0.003919756498617279,-6.348242901995423e-05,0.0,0.0,5.949226036934685,-5.1894725379153295,0.4023562780703602,0.0,0.0,0.0,0.0,False,0.0013568177888843135,0.0008936760225065939,False,-0.7160128430621407,False,0.002688926209155634,-0.0005515484809107372,-17.020607585718885,0.09539402241990742,0.005452369624341756,-0.00047826700299098517,0.012453159271421651,0.0005949905576127443,-0.0025341249721664385,9.121877968850008e-05,-0.0039521329179871825,-9.585884838985738e-05,0.0,0.0,-8.064345078684788,5.017558545274148,0.3491378778284429,0.0,0.0,0.0,0.0,True,0.0014222354149956867,0.047277246029754944,True,0.9778854327648758,True,0.0037632608472512753,0.0005227861571849039,16.133011585848745,0.13350778776014735,0.0064150251027799325,0.0004843884754471917,0.01135063609702425,-0.0005075326167846561,-0.0028349954307195085,-0.00020965167886456996,-0.003860575358049489,-4.301288452164022e-06,0.0,0.0,8.167562875371125,-4.280025263881015,0.4107807072729719,0.0,0.0,0.0,0.0,0.002701452566656607,-0.0005390221234097643,-16.63404824799678,0.09583841528729772,0.005404592765770157,-0.0005260438615625838,0.01250000860789564,0.0006418398940867334,-0.002421956331196109,0.00020338742065882957,-0.0038574449542869834,-1.1708846896583275e-06,0.0,0.0,-8.86993917547041,5.412639249594298,0.3460785270946761,0.0,0.0,0.0,0.0,0.0032404746900663714,0.0,0.0,0.11496110015321069,0.005930636627332741,0.0,0.011858168713808907,0.0,-0.0026253437518549386,0.0,-0.003856274069597325,0.0,0.0,0.0,0.0,0.0,0.3797633008948039,0.0,0.0,0.0,0.0,0.02818757549943184,0.015616665995263068,-0.3865593377221046,-1.2526357500972952e-05,0.8055940967856223,-0.39508070432014986,26.362108391565332,0.0008542574501965378,14.819165212405096,-10.602111787509628
0.5,0.2,22,0.025,0.05,6,60,0,0,0.0037049157401796177,0.00030210043630896945,8.877955731694719,0.1314379003704769,0.00577870058498317,0.0003038326177754961,0.011490358553483158,-0.000774284733581862,-0.001505778396547876,-0.0002605252557095338,-0.002666713512311228,-1.4322203703073712e-05,0.0,0.0,5.549588037471143,-6.313145156031286,0.37003420491518463,0.0,0.0,0.0,0.0,False,0.0013957606429015582,0.051575935191748,False,-0.7304704542934438,False,0.002823277739321479,-0.0005795375645491693,-17.03112019891161,0.10016036105618187,0.004948901115956393,-0.0005259668512512805,0.01297446671076755,0.0007098234237025297,-0.0010977242407712773,0.000147528900067065,-0.002688607479360265,-3.621617075211074e-05,0.0,0.0,-9.606932156202063,5.787558652041258,0.31689869767705353,0.0,0.0,0.0,0.0,True,0.001517260643859846,0.03098372528378608,True,0.9910870275090441,True,0.003953564831645757,0.0005507495277751089,16.18511375415057,0.14025913054230035,0.0059653239996568744,0.0004904560324492007,0.011630746160863969,-0.0006338971262010509,-0.0014580995048612854,-0.00021284636402294312,-0.0026525009345649865,-1.0962595683224746e-07,0.0,0.0,8.958317084299416,-5.16849215557369,0.3819844774464863,0.0,0.0,0.0,0.0,0.0028339655992430496,-0.0005688497046275986,-16.717031452766218,0.10053953023736192,0.004936236917612805,-0.0005386310495948685,0.013077838412491397,0.0008131951254263768,-0.001033673398788548,0.00021157974204979437,-0.0026420391532862896,1.0352155321864676e-05,0.0,0.0,-9.838247293287417,6.630401768667982,0.3160877564462281,0.0,0.0,0.0,0.0,0.0034028153038706483,0.0,0.0,0.12072039696848837,0.005474867967207674,0.0,0.01226464328706502,0.0,-0.0012452531408383423,0.0,-0.0026523913086081543,0.0,0.0,0.0,0.0,0.0,0.35057854018702456,0.0,0.0,0.0,0.0,0.02818757549943184,0.015616665995263068,-0.31408874614539073,-1.0687859921570692e-05,0.23131513708535323,-0.8428431166267236,25.594987184460937,0.0008709501409365681,15.38783533075856,-12.943546924699268
0.5,0.2,22,0.05,0.1,6,60,0,0,0.0037905343052656425,0.0003092873910674472,8.884385356465941,0.13447535795840426,0.005474962145505663,0.0002639686772660729,0.012170921418513794,-0.0009402324799084628,-5.313818398221005e-05,-0.0002241531517408524,-0.0014012008183274143,3.1440729156288066e-05,0.0,0.0,5.065611363263689,-7.171241274359586,0.3505845708146898,0.0,0.0,0.0,0.0,False,0.0014110080933880285,0.12904502025479722,False,-0.7661901887721779,False,0.002871431633607287,-0.0006098152805909082,-17.51715105595609,0.1018686986280592,0.00468115965521421,-0.00052983381302538,0.014035257456577521,0.0009241035581552641,0.0003684582801712822,0.00019744331241263987,-0.0013879923602410902,4.464918724261216e-05,0.0,0.0,-10.167616141809743,7.048224476004861,0.2997540996672481,0.0,0.0,0.0,0.0,True,0.0016499086537706425,0.018418083397250564,True,0.9949643139860603,True,0.004063924593629224,0.0005826776794310286,16.73761424547593,0.14417432225453863,0.005693219146270622,0.0004822256780310317,0.012279640550349778,-0.0008315133480724796,-3.8570071070947174e-05,-0.00020958503882958953,-0.0014388209239655915,-6.179376481889104e-06,0.0,0.0,9.254006572261941,-6.3420302630460395,0.36456047327883684,0.0,0.0,0.0,0.0,0.0028821204445566902,-0.0005991264696415051,-17.210111331028543,0.10224790154849549,0.004687749067932983,-0.0005232444003066073,0.014214691960547194,0.0011035380621249365,0.00038223992217916017,0.0002112249544205178,-0.0013890020141338016,4.363953334990075e-05,0.0,0.0,-10.041164002521253,8.4167882603966,0.30017604713803164,0.0,0.0,0.0,0.0,0.0034812469141981954,0.0,0.0,0.12350288566919723,0.00521099346823959,0.0,0.013111153898422257,0.0,0.00017101496775864236,0.0,-0.0014326415474837024,0.0,0.0,0.0,0.0,0.0,0.33368155980413594,0.0,0.0,0.0,0.0,0.02818757549943184,0.015616665995263068,-0.3070397249275487,-1.0688810949403132e-05,-0.12645213928849053,-1.36856378439174,26.094496687494484,0.0009084138607089523,15.10677536578494,-15.588029534756187
0.5,0.2,22,0.075,0.15,6,60,0,0,0.00442955237001001,5.1920307654697295e-05,1.1860363528761741,0.15714556117461376,0.006267009126305021,0.000114944770621646,0.013194745570748873,-0.0012509440647327959,-0.0014028889807298733,-0.0003022352832286188,-0.0027638975848703062,4.979928726221369e-05,0.0,0.0,1.8683935013693143,-8.659635478116689,0.4013026293964386,0.0,0.0,0.0,0.0,False,0.0017102079831490373,0.006659605221676833,False,-0.6764162013373998,False,0.003716445034153432,-0.0006611870282018811,-15.103759721783018,0.13184692079062785,0.005618481104031939,-0.0005335832516514356,0.015613597936204628,0.0011679083007229592,-0.0009418752348162179,0.0001587784626850366,-0.0028949548325268555,-8.125796039433562e-05,0.0,0.0,-8.6732391080809,8.084822048608387,0.359774685950008,0.0,0.0,0.0,0.0,True,0.0018022869500812285,0.0608589642554849,True,0.9762808494812526,False,0.004908821749668184,0.0005311896873128712,12.134178472438206,0.17414842045450588,0.006591588576276128,0.00043952422059275343,0.01341845268904281,-0.0010272369464388587,-0.0013417232782614258,-0.0002410695807601713,-0.00275315767927857,6.05391928539499e-05,0.0,0.0,7.144337171744852,-7.111027388514202,0.422086799978659,0.0,0.0,0.0,0.0,0.003847700907820009,-0.0005299311545353038,-12.105429304859916,0.1365034359871627,0.005696675383414182,-0.0004553889722691924,0.015894836666105645,0.001449147030623977,-0.0008637153395408124,0.00023693835796044212,-0.0028665526719102966,-5.285579977777665e-05,0.0,0.0,-7.402214052726819,10.031691578535407,0.3647817905013867,0.0,0.0,0.0,0.0,0.004377632062355313,0.0,0.0,0.15530360397415344,0.006152064355683375,0.0,0.014445689635481668,0.0,-0.0011006536975012545,0.0,-0.00281369687213252,0.0,0.0,0.0,0.0,0.0,0.39394223821841695,0.0,0.0,0.0,0.0,0.02818757549943184,0.015616665995263068,-2.9983304169231015,-0.00013125587366657728,-1.2710250553540803,-1.9468695299270191,13.29146565773609,0.0005818514621900011,9.270607554096134,-18.691327056652096
0.5,0.2,22,0.1,0.2,6,60,0,0,0.00470489343870532,-3.39829889429797e-05,-0.7171106793313009,0.16691373256987477,0.006093003378746447,6.97873865833018e-06,0.014296099637706883,-0.00164460699954359,7.626026869174076e-05,-0.00027133190397606336,-0.0015570867876160614,0.00013695006805673586,0.0,0.0,0.11466826164918675,-10.317026948481999,0.3901603185080996,0.0,0.0,0.0,0.0,False,0.0017834902481958525,0.07438562819731852,False,-0.7091846211816029,False,0.004059872860087485,-0.0006790035675608153,-14.328366184002306,0.14403058042964062,0.005603282554910965,-0.0004827420851771522,0.01770572132784311,0.0017650146905926374,0.0005505905500954433,0.00020299837742763913,-0.0016962733032492299,-2.2364475764325917e-06,0.0,0.0,-7.931977172707649,11.07237420998719,0.3588014597104518,0.0,0.0,0.0,0.0,True,0.002016214051706839,0.046395798787359374,True,0.9776555387591672,True,0.005260669547318204,0.0005217931196699038,11.01090369492599,0.18663079225895962,0.006471830860583159,0.0003858062204950422,0.014488714242025314,-0.001451992395225159,0.00010956532061046707,-0.00023802685205733705,-0.0016164004057411536,7.763644993164366e-05,0.0,0.0,6.3392155521975635,-9.10870784004093,0.41441821593330036,0.0,0.0,0.0,0.0,0.004253077213539324,-0.00048579921410897564,-10.251358555683144,0.15088481851250565,0.005751482924221744,-0.00033454171586637296,0.01820675208516257,0.0022660454479120976,0.0005806902426046209,0.00023309806993681675,-0.001744246015197009,-5.0209159524211826e-05,0.0,0.0,-5.496884019541682,14.215464216729078,0.3682913450262889,0.0,0.0,0.0,0.0,0.0047388764276483,0.0,0.0,0.16811933426994524,0.006086024640088117,0.0,0.015940706637250474,0.0,0.00034759217266780413,0.0,-0.0016940368556727973,0.0,0.0,0.0,0.0,0.0,0.38971344088002924,0.0,0.0,0.0,0.0,0.02818757549943184,0.015616665995263068,-4.077007628319162,-0.00019320435345183962,-2.435093153165967,-3.143090006741888,9.534247876351843,0.00045181622516599594,5.6115522811908685,-24.532491165211077
0.5,0.2,22,0.15,0.3,6,60,0,0,0.006654328335284017,-0.001367690679491428,-17.04920764925054,0.23607310020041078,0.00723322942672656,-0.0006736177897345196,0.01767572477468984,-0.003198733996614963,0.00030397243505843693,-0.00036237343672108625,-0.0019460341590095036,0.00032227857430046055,0.0,0.0,-8.519423371835622,-15.323673929271509,0.4631737292019041,0.0,0.0,0.0,0.0,False,0.0024603001128958254,0.025087229255448037,False,-0.648348248365086,False,0.007936442433766141,-8.557658100930357e-05,-1.0667711065217245,0.2815581792029652,0.007860123086145478,-4.6724130315601783e-05,0.024993693946453406,0.004119235175148603,0.0009006717555282125,0.00023432588374868932,-0.002422209950303659,-0.00015389721699369478,0.0,0.0,-0.5909325049095138,19.733374744120958,0.5033163345191383,0.0,0.0,0.0,0.0,True,0.0026256362542439117,0.09397474673428549,True,0.9494105212905188,False,0.007870007347689468,-0.00015201166708597724,-1.894930276355522,0.27920128667497845,0.007907015038446536,1.6782198545596538e-07,0.01801693245904718,-0.0028575263122576217,0.0003630244809555573,-0.00030332139082396586,-0.0019960927869890305,0.0002722199463209337,0.0,0.0,0.0021224892913895843,-13.689103720311724,0.5063190210282358,0.0,0.0,0.0,0.0,0.008920983708404058,0.0008989646936286132,11.206214943804603,0.31648637920575584,0.008351139093611584,0.00044429187715050444,0.025885827582932227,0.005011368811627424,0.0009572142107419666,0.0002908683389624434,-0.0025299470355073317,-0.00026163430219736756,0.0,0.0,5.619077553763074,24.007179618550545,0.5347581293052369,0.0,0.0,0.0,0.0,0.008022019014775445,0.0,0.0,0.28459414733761473,0.00790684721646108,0.0,0.020874458771304803,0.0,0.0006663458717795232,0.0,-0.002268312733309964,0.0,0.0,0.0,0.0,0.0,0.506308274689324,0.0,0.0,0.0,0.0,0.02818757549943184,0.015616665995263068,-12.272986050326328,-0.0009845412746379168,-6.210010058672588,-4.273804874429587,-28.255422593055144,-0.002266655373120041,-14.138500925598695,-39.33085354782205
0.5,0.2,22,0.2,0.4,6,60,0,0,0.01151453572443899,-0.005254731698815268,-31.335487509301885,0.4084968472961104,0.009605380934017943,-0.002274135753230806,0.02367513663535187,-0.006128380796032919,0.0007155271874949079,-0.0006018596385142202,-0.0025190462458827573,0.0007829440657100605,0.0,0.0,-19.143335651624792,-20.5626091287446,0.6150724448439571,0.0,0.0,0.0,0.0,False,0.0036903530563788525,0.14456097047071093,False,-0.6141216401341413,False,0.02150526360675658,0.00473599618350232,28.242117344582528,0.7629341376731762,0.013319763077671656,0.0014402463904229067,0.03883791213156798,0.00903439470018319,0.0016637861448446148,0.0003463993188354867,-0.003974115833477118,-0.0006721255218843005,0.0,0.0,12.12377934507083,30.31318273416097,0.8529197641616897,0.0,0.0,0.0,0.0,True,0.003759386675534161,0.16597170947816972,True,0.9227769812642606,False,0.013888441094899794,-0.0028808263283544647,-17.179202022621265,0.49271499406466285,0.010789137196787639,-0.00109037949046111,0.024168056971160343,-0.005635460460224447,0.0008176501462591906,-0.0004997366797499375,-0.002546259546629009,0.0007557307649638089,0.0,0.0,-9.178651953336647,-18.908709259565416,0.6908732760283315,0.0,0.0,0.0,0.0,0.023365650229211322,0.006596382805957063,39.33614176138509,0.8289343732199419,0.01423306431314721,0.0023535476258984608,0.039507086568533786,0.009703569137148996,0.0018461613108582751,0.000528774484849147,-0.004377394270023675,-0.0010754039584308572,0.0,0.0,19.811812953844445,32.55846951450969,0.9114022363969659,0.0,0.0,0.0,0.0,0.01676926742325426,0.0,0.0,0.5949169847400415,0.011879516687248749,0.0,0.02980351743138479,0.0,0.001317386826009128,0.0,-0.003301990311592818,0.0,0.0,0.0,0.0,0.0,0.7606948045666154,0.0,0.0,0.0,0.0,0.02818757549943184,0.015616665995263068,-11.094024416802565,-0.0018603866224547426,-7.688033608773615,-2.2452867803487173,-70.67162927068698,-0.011851114504772331,-38.95514860546923,-53.12107864325429
0.5,0.2,33,0.0,0.0,4,60,0,0,0.003499583802768476,0.0005128020289431406,17.16904908946082,0.12415341655897348,0.005614263488120951,0.00045795540353992924,0.011140969910033098,-0.000652091571154749,-0.0014262982898171483,-0.00013470288248884784,-0.0024326225110456135,0.00012909437953782191,0.0,0.0,8.88145929273232,-5.52945112848735,0.35950461448198356,0.0,0.0,0.0,0.0,False,0.001074907547898712,0.04481502447721362,False,-0.9810721800299061,False,0.0024839548516961203,-0.0005028269221292151,-16.835074009615948,0.08812233076754643,0.004675255057756444,-0.00048105302682457766,0.012542024275140213,0.0007489627939523662,-0.00114647071591913,0.00014512469140917032,-0.0025860005291256432,-2.4283638542207768e-05,0.0,0.0,-9.329408152764906,6.3508767010763245,0.2993760037625552,0.0,0.0,0.0,0.0,True,0.001133498466242478,0.007250071738224981,True,0.9668482262885473,True,0.0034775223590991435,0.0004907405852738081,16.430413148172175,0.1233707510306886,0.005560513688952476,0.0004042056043714543,0.011219104128618478,-0.0005739573525693695,-0.00131671053492139,-2.5115127593089556e-05,-0.0024111230005870086,0.0001505938899964269,0.0,0.0,7.839050687839144,-4.8669071511663,0.3560627915484087,0.0,0.0,0.0,0.0,0.0024885053545445016,-0.0004982764192808338,-16.68271929497761,0.0882837672432899,0.004723840691661898,-0.00043246739291912407,0.012545749828789303,0.0007526883476014559,-0.0012980490783798613,-6.453671051560904e-06,-0.0027376314946292186,-0.00017591460404578312,0.0,0.0,-8.387151927797664,6.382467765491895,0.30248714374084446,0.0,0.0,0.0,0.0,0.0029867817738253354,0.0,0.0,0.1059609321094515,0.005156308084581022,0.0,0.011793061481187847,0.0,-0.0012915954073283004,0.0,-0.0025617168905834355,0.0,0.0,0.0,0.0,0.0,0.33017982750896135,0.0,0.0,0.0,0.0,0.02818757549943184,0.015616665995263068,-0.1523547146383386,-4.55050284838129e-06,-0.9422562249672417,-0.03159106441557036,33.85176838443843,0.0010110784482239743,17.268611220529984,-11.911918893979244
0.5,0.2,33,0.025,0.05,4,60,0,0,0.0037668409760213024,0.000534559994022259,16.53816598864044,0.13363479864017494,0.005623464346522411,0.0004673747028774537,0.011700343426403706,-0.0007361159299379399,-0.0007806227405303122,-0.00019661616766614555,-0.0019014562806396224,9.691415002546864e-05,0.0,0.0,9.0645185630841,-5.919015282774809,0.36009378366855965,0.0,0.0,0.0,0.0,False,0.0011395829663325204,0.035890335447034634,False,-0.9913748995518635,False,0.0027037280111715007,-0.0005285529708275428,-16.352321279341652,0.0959191403753756,0.004668789729244893,-0.0004872999144000644,0.013316902886423206,0.0008804435300815601,-0.0004082557314496304,0.00017575084141453626,-0.001999557401724936,-1.1869710598451898e-06,0.0,0.0,-9.450958925833975,7.079535299028672,0.29896200191904315,0.0,0.0,0.0,0.0,True,0.001210313487349835,0.023949080292145316,True,0.9869296243377818,True,0.0037540571290752885,0.0005217761470762451,16.142660554019848,0.1331812709167185,0.005595744748762139,0.0004396551051171812,0.011791685243079041,-0.0006447741132626049,-0.0006937624860441374,-0.00010975591317997078,-0.0019138032428814553,8.456718778363567e-05,0.0,0.0,8.526909644774495,-5.184547263717942,0.35831878266843065,0.0,0.0,0.0,0.0,0.0027049913277741077,-0.0005272896542249357,-16.31323691106913,0.0959639585826965,0.004678486839704034,-0.00047760280394092396,0.013299232234564041,0.0008627728782223953,-0.0004852697777310962,9.873679513307048e-05,-0.0020792737423749865,-8.090331170989553e-05,0.0,0.0,-9.262887904394457,6.937447817754072,0.2995829481864527,0.0,0.0,0.0,0.0,0.0032322809819990434,0.0,0.0,0.11467041505801713,0.005156089643644958,0.0,0.012436459356341646,0.0,-0.0005840065728641667,0.0,-0.001998370430665091,0.0,0.0,0.0,0.0,0.0,0.33016583982835584,0.0,0.0,0.0,0.0,0.02818757549943184,0.015616665995263068,-0.039084368272522596,-1.2633166026070237e-06,-0.1880710214395176,0.1420874812745998,32.85140289970957,0.0010618496482471948,18.327406467478557,-12.856463100528881
0.5,0.2,33,0.05,0.1,4,60,0,0,0.004046304895660694,0.0005776170499200801,16.652321442800535,0.14354923486563265,0.005692409112879974,0.00047313906522861507,0.012439408901828642,-0.0008525649375746742,-0.00012193378799350661,-0.0002499016523795252,-0.001388640339747298,6.000024535360131e-05,0.0,0.0,9.065234427590596,-6.414133430260693,0.36450860347571157,0.0,0.0,0.0,0.0,False,0.0012356518846340944,0.03631726367807479,False,-0.9972504785617888,False,0.002907876838239198,-0.0005608110075014158,-16.167814241055602,0.10316165142680718,0.004737449679501345,-0.00048182036815001394,0.014368864569076403,0.0010768907296730863,0.00032965240430481255,0.00020168453991879396,-0.00141933591903653,2.930466606436942e-05,0.0,0.0,-9.231566172109263,8.101811985821872,0.30335858376802927,0.0,0.0,0.0,0.0,True,0.001303477627859954,0.01657991443315357,True,0.9925330133874016,True,0.004031668629490349,0.0005629807837497355,16.2303674699656,0.14302998956301202,0.005679803164604102,0.0004605331169527426,0.012528926579616143,-0.0007630472597871737,-6.346749247043807e-05,-0.00019143535685645666,-0.0014350059886512482,1.363459644965117e-05,0.0,0.0,8.823707391036017,-5.740661763305333,0.3637013922387103,0.0,0.0,0.0,0.0,0.0029038349267458963,-0.0005648529189947174,-16.2843399035843,0.1030182580550224,0.004726906612870169,-0.0004923634347811902,0.014339814200521545,0.0010478403611182286,0.00032681498655533046,0.00019884712216931187,-0.001423283301122819,2.5357283978080358e-05,0.0,0.0,-9.43356887622151,7.883256270125694,0.3026834674125681,0.0,0.0,0.0,0.0,0.0034686878457406136,0.0,0.0,0.1230573323275189,0.005219270047651359,0.0,0.013291973839403316,0.0,0.0001279678643860186,0.0,-0.0014486405851008993,0.0,0.0,0.0,0.0,0.0,0.3342115435672695,0.0,0.0,0.0,0.0,0.02818757549943184,0.015616665995263068,0.1165256625286979,4.04191149330161e-06,0.20200270411224786,0.21855571569617815,32.93666134638484,0.0011424699689147975,18.498803303812107,-14.297389700386386
0.5,0.2,33,0.075,0.15,4,60,0,0,0.005060223009341854,0.0004644238958080764,10.10540026522122,0.17951962592326715,0.006465092390240135,0.00035870173652162007,0.013573529055703238,-0.001125662880998985,-0.0006062489509485972,-0.00023297260475579906,-0.0018838609957107441,0.00020185229947767896,0.0,0.0,5.87420223930788,-7.657991581076862,0.41398672368360584,0.0,0.0,0.0,0.0,False,0.0012896075593375974,0.053586476053183216,False,-0.9853615558855617,False,0.004060189408030603,-0.0005356097055031744,-11.654332408174739,0.14404181048180045,0.005700030809272094,-0.000406359844446421,0.01613732524599538,0.0014381333092931582,-0.00017060714363747927,0.00020266920255531887,-0.002149275914719329,-6.356261953090582e-05,0.0,0.0,-6.6546650466747685,9.78375760712602,0.3649966523585161,0.0,0.0,0.0,0.0,True,0.0014485827011397035,0.06308174838724845,True,0.9920032836793201,False,0.005134331529361671,0.0005385324158278934,11.717927666638328,0.1821487459772892,0.006496398713675031,0.00039000805995651616,0.013738888902558413,-0.0009603030341438102,-0.0005169642716566814,-0.00014368792546388324,-0.0019312749467373968,0.0001544383484510263,0.0,0.0,6.386883546649913,-6.533032824382968,0.4159913976290172,0.0,0.0,0.0,0.0,0.004083207541760926,-0.000512591571772851,-11.15348080083317,0.14485841614307088,0.005717181441209848,-0.00038920921250866665,0.016072157977185805,0.0013729660404835815,-0.00024118252222782419,0.00013209382396497395,-0.0022409154291417044,-0.0001552021339532813,0.0,0.0,-6.37380139234387,9.340418482838086,0.36609487857036926,0.0,0.0,0.0,0.0,0.004595799113533777,0.0,0.0,0.16304343428282478,0.006106390653718515,0.0,0.014699191936702223,0.0,-0.00037327634619279814,0.0,-0.002085713295188423,0.0,0.0,0.0,0.0,0.0,0.3910175613393242,0.0,0.0,0.0,0.0,0.02818757549943184,0.015616665995263068,-0.5008516073415681,-2.301813373032334e-05,-0.2808636543308989,0.44333912428793454,21.258881066054393,0.0009770154675809275,12.248003631651748,-16.998410063914946
0.5,0.2,33,0.1,0.2,4,60,0,0,0.005710604411464206,0.00045202543863297716,8.595961779187778,0.20259296197997984,0.006731383055890458,0.0003122436212059654,0.014686146867619767,-0.0014050709262519497,7.811231391767148e-05,-0.0002886626644465079,-0.0014118160823796974,0.00022225891431150013,0.0,0.0,4.864259833940077,-8.731911681582394,0.43103842125664066,0.0,0.0,0.0,0.0,False,0.0014203278280653557,0.059224088140589076,False,-0.9896585634775206,False,0.0047475233720662684,-0.0005110556007649602,-9.718511472497804,0.16842609866045277,0.006086677218685465,-0.0003324622159990272,0.018009250344932115,0.0019180325510603988,0.0005919203799604838,0.00022514540159630444,-0.0017034153143254418,-6.93403176342442e-05,0.0,0.0,-5.1792334374703985,11.919747626502675,0.38975522819862507,0.0,0.0,0.0,0.0,True,0.0015978028593828745,0.058329219709078305,True,0.9947750118579143,False,0.005809022721066875,0.0005504437482356465,10.467537923829774,0.20608451128348956,0.006792819262649611,0.00037367982796511837,0.014878611264593982,-0.0012126065292777342,0.00013744398113152854,-0.0002293309972326508,-0.0015115507212827444,0.00012252427540845314,0.0,0.0,5.821338386046215,-7.5358282064863396,0.4349724367998935,0.0,0.0,0.0,0.0,0.0047620702893561365,-0.0004965086834750922,-9.441879375404172,0.1689421741664913,0.006086451142909938,-0.0003326882917745544,0.0179124174540518,0.0018211996601800833,0.0005980196711385618,0.00023124469277438248,-0.0017339781760080009,-9.99031793168033e-05,0.0,0.0,-5.182755339087075,11.317972844004887,0.38974075162753136,0.0,0.0,0.0,0.0,0.005258578972831229,0.0,0.0,0.18655662573523654,0.006419139434684492,0.0,0.016091217793871716,0.0,0.0003667749783641793,0.0,-0.0016340749966911976,0.0,0.0,0.0,0.0,0.0,0.4110441650369919,0.0,0.0,0.0,0.0,0.02818757549943184,0.015616665995263068,-0.276632097093632,-1.4546917289868025e-05,0.003521901616676537,0.6017747824977882,18.037841154591952,0.0009485341221080693,10.047015173027152,-20.04988452558728
0.5,0.2,33,0.15,0.3,4,60,0,0,0.009340883162403269,-0.0004060083068312993,-4.16551582740855,0.3313829939929224,0.008503718627371759,-0.00017201656468179144,0.017978514737101867,-0.0025440895135300443,0.00039690887535954344,-0.0003902152171815155,-0.0014509867229004487,0.00047459238943310645,0.0,0.0,-1.9827318477787181,-12.396523766966416,0.5445284307131338,0.0,0.0,0.0,0.0,False,0.001664353178306843,0.08276642617261633,False,-0.9724881745809865,False,0.010242883673296708,0.0004959922040621394,5.088721933836093,0.36338292640681946,0.008875730448718595,0.0001999952566650448,0.024201543492089857,0.0036789392414579465,0.0011016974383430936,0.00031457334580203464,-0.002275094727659598,-0.00034951561532604284,0.0,0.0,2.3052254620245627,17.926278734067914,0.5683498930828661,0.0,0.0,0.0,0.0,True,0.002047792671904158,0.12854904559318858,True,0.9936891670917966,False,0.009776394417505978,2.9502948271410007e-05,0.3026908462511857,0.3468334627681276,0.00873177487722943,5.603968517587862e-05,0.018390425226433516,-0.0021321790241983947,0.00045540093587090737,-0.0003317231566701516,-0.0015789627378855976,0.00034661637444795756,0.0,0.0,0.6459358652072256,-10.389417435327408,0.5591318198057126,0.0,0.0,0.0,0.0,0.010207052403147248,0.0004601609339126792,4.72110452204324,0.3621117539304856,0.008873062806651868,0.0001973276145983173,0.023846632395618916,0.0033240281449870047,0.001123216556229666,0.0003360924636886071,-0.0022934280439742744,-0.00036784893164071926,0.0,0.0,2.274477150697929,16.196911972731986,0.5681790728791467,0.0,0.0,0.0,0.0,0.009746891469234568,0.0,0.0,0.3457867977836913,0.00867573519205355,0.0,0.02052260425063191,0.0,0.000787124092541059,0.0,-0.0019255791123335552,0.0,0.0,0.0,0.0,0.0,0.5555433659582091,0.0,0.0,0.0,0.0,0.02818757549943184,0.015616665995263068,0.36761741179285323,3.583127014946015e-05,0.030748311326633804,1.7293667613359283,-8.886620349451789,-0.0008661692407439785,-4.2572089984766475,-28.5934357396984
0.5,0.2,33,0.2,0.4,4,60,0,0,0.0165892734407373,-0.0023827621067925332,-12.559338194486836,0.5885314060115486,0.011389914028459423,-0.0010622017204578327,0.022627910622423413,-0.004120572072341056,0.0007961571932962944,-0.0005961826963623914,-0.0010889357899131656,0.0006836072467761947,0.0,0.0,-8.53029109169816,-15.404881538000591,0.7293435123677662,0.0,0.0,0.0,0.0,False,0.002019686664125713,0.08780977813930375,False,-0.9390982048505445,False,0.022590712899992114,0.0036186773524622823,19.07374326490463,0.8014422134478172,0.013666780730864542,0.0012146649819472864,0.032840121560074424,0.0060916388653099555,0.001986333556460056,0.0005939936668013701,-0.002653642255906016,-0.0008810992192166557,0.0,0.0,9.754687528124716,22.773773506421293,0.8751407461112394,0.0,0.0,0.0,0.0,True,0.002738901725963117,0.2370232558536267,True,0.9863878663758849,False,0.017588759804621306,-0.0013832757429085261,-7.29112982865262,0.6239898073169092,0.011855830509156586,-0.0005962852397606699,0.02322873754959017,-0.0035197451451742974,0.000837185145940742,-0.0005551547437179438,-0.0011540887025544878,0.0006184543341348724,0.0,0.0,-4.788625899277543,-13.158672158489292,0.7591780801838729,0.0,0.0,0.0,0.0,0.021963130949349225,0.002991095401819393,15.765811709164934,0.7791777249445212,0.013616996948283146,0.0011648811993658897,0.03204048547799042,0.00529200278322595,0.002028950638664959,0.0006366107490062731,-0.0025660694083040796,-0.0007935263716147194,0.0,0.0,9.354885730701469,19.784310174205743,0.8719528836957599,0.0,0.0,0.0,0.0,0.018972035547529832,0.0,0.0,0.6730637598793213,0.012452115748917256,0.0,0.02674848269476447,0.0,0.0013923398896586857,0.0,-0.0017725430366893602,0.0,0.0,0.0,0.0,0.0,0.7973607012338164,0.0,0.0,0.0,0.0,0.02818757549943184,0.015616665995263068,3.307931555739694,0.0006275819506428894,0.3998017974232475,2.98946333221555,-28.32514990365177,-0.005373857508611926,-17.88517682239963,-35.18919171220634
0.5,1.0,11,0.0,0.0,2,60,0,0,0.003014020527109315,2.8694417226457925e-05,0.9611820005682281,0.10692727110106022,0.006269650623076122,-9.493545316663007e-05,0.012200953355410563,0.00010982675027836585,0.0022630096985946984,-2.8088693084497244e-05,0.0017463028817450257,-0.0001460418696502602,0.0,0.0,-1.4916202252491795,0.9083252029777666,0.2784671064233,0.0,0.0,0.0,0.0,False,0.0005180158018180958,0.31652438270313615,True,0.0559035848662181,False,0.0028536160612220524,-0.0001317100486608047,-4.4119149403738955,0.10123666227624313,0.006220191356935575,-0.00014439471930717714,0.012188638161901025,9.751155676882874e-05,0.0023460093956732897,5.4911003994094053e-05,0.0019126169568238155,2.0272205428529654e-05,0.0,0.0,-2.2687212896084885,0.8064720513921264,0.2762703685895704,0.0,0.0,0.0,0.0,False,0.0003908341947957586,0.006704534423743373,True,0.896628033790353,True,0.003146467921609799,0.0001611418117269418,5.397795945758999,0.11162605743346951,0.006503344545919993,0.0001387584696772408,0.012079511627878906,-1.1614977253290512e-05,0.002255264777455275,-3.583361422392073e-05,0.0019185657819251595,2.622103052987365e-05,0.0,0.0,2.1801648687758135,-0.09606199349827538,0.2888466434015685,0.0,0.0,0.0,0.0,0.0028104272515815853,-0.0001748988583012718,-5.8586181831952295,0.09970446914238038,0.006205010163525948,-0.00015957591271680352,0.012119137328516494,2.8010723384297095e-05,0.002331937615688866,4.083922400967017e-05,0.0018656178006187,-2.6726950776585854e-05,0.0,0.0,-2.5072473025772535,0.23166346941076998,0.2755960944944124,0.0,0.0,0.0,0.0,0.002985326109882857,0.0,0.0,0.10590929006799703,0.006364586076242752,0.0,0.012091126605132197,0.0,0.0022910983916791957,0.0,0.0018923447513952858,0.0,0.0,0.0,0.0,0.0,0.2826836732672314,0.0,0.0,0.0,0.0,0.028187575499431503,0.022514869722334734,1.446703242821334,4.318880964046708e-05,0.23852601296876497,0.5748085819813564,6.819800183763458,0.00020359327552772971,1.015627077328074,0.6766617335669967
0.5,1.0,11,0.025,0.05,2,60,0,0,0.0033716934155568284,6.535447181157212e-05,1.9766416245740936,0.11961629745789346,0.006350337067520122,-6.437290398650375e-05,0.012459984033832763,0.0001253133263351136,0.0011154990984484177,-2.370212943866379e-05,0.0006396555759335812,-0.00015700009666877414,0.0,0.0,-1.0035201010246797,1.0159438326873271,0.2820508022402898,0.0,0.0,0.0,0.0,False,0.0005261753381914524,0.31686085031577776,True,-0.06427646499313876,False,0.003164021373981611,-0.00014231756976364543,-4.3043853695905465,0.11224879465229012,0.006254119702734312,-0.00016059026877231295,0.01243166707653585,9.699636903819954e-05,0.001184432507802904,4.523127991582247e-05,0.0007998344749057019,3.178802303346537e-06,0.0,0.0,-2.5034688939271743,0.7863717754478916,0.27777729917443095,0.0,0.0,0.0,0.0,False,0.000393042305058325,0.016331655093927158,True,0.906683996102949,True,0.0034813072953333852,0.000174968351588129,5.291906079959663,0.12350502778799112,0.006563614020952506,0.0001489040494458806,0.01233626189447555,1.591186977900616e-06,0.0010956664097623815,-4.353481812469995e-05,0.000824729631482599,2.807395888024364e-05,0.0,0.0,2.3212904419263714,0.012900117203229478,0.29152351765293166,0.0,0.0,0.0,0.0,0.003117903883935063,-0.00018843505981019307,-5.699205768563553,0.11061270182665928,0.0062443463872177835,-0.0001703635842888419,0.012349103867828493,1.4433160330843547e-05,0.0011863769594349322,4.717573154785072e-05,0.0007662163536280315,-3.0439318974323894e-05,0.0,0.0,-2.6558267645080846,0.11701293591948048,0.27734321647099724,0.0,0.0,0.0,0.0,0.0033063389437452562,0.0,0.0,0.11729774147520916,0.006414709971506625,0.0,0.01233467070749765,0.0,0.0011392012278870814,0.0,0.0007966556726023554,0.0,0.0,0.0,0.0,0.0,0.28490993066432174,0.0,0.0,0.0,0.0,0.028187575499431503,0.022514869722334734,1.3948203989730068,4.6117490046547645e-05,0.15235787058091033,0.6693588395284111,7.675847393137647,0.0002537895316217652,1.652306663483405,0.8989308967678467
0.5,1.0,11,0.05,0.1,2,60,0,0,0.0035020467805920896,0.00010258862606439415,3.0177934659309624,0.12424079469561758,0.006470904701833081,-3.233431845771958e-05,0.012608779489887454,0.00013600907389484107,-1.1600462569238404e-05,-2.046137977974199e-05,-0.0004771506073872002,-0.0001603538078864175,0.0,0.0,-0.4972032914188351,1.0904479867636319,0.28740582475651405,0.0,0.0,0.0,0.0,False,0.0005529401762624554,0.37247497154338055,False,-0.21994170754666378,False,0.0032455671456231737,-0.00015389100890452184,-4.526927584019713,0.11514176328108217,0.006333675461489902,-0.0001695635588008981,0.01256394324542108,9.117282942846736e-05,4.30416675329154e-05,3.4180750322411815e-05,-0.00033014260701214374,-1.3345807511361057e-05,0.0,0.0,-2.6073708543057017,0.7309749669693666,0.2813107754830534,0.0,0.0,0.0,0.0,False,0.0003935933276317006,0.023046227546005004,True,0.9155929288064052,True,0.003582239381851142,0.00018278122732344644,5.3767753275622,0.1270857574083798,0.006659236179264547,0.00015599715897374623,0.01248686846067507,1.4098044682456234e-05,-4.139518408009324e-05,-5.025610129059683e-05,-0.00028899374217884093,2.7803057321941754e-05,0.0,0.0,2.3987609633756124,0.11303057951246309,0.29577058456876565,0.0,0.0,0.0,0.0,0.003204769857996663,-0.00019468829653103252,-5.7270390656737336,0.11369441327301448,0.006326827324150535,-0.00017641169614026567,0.0124770957980441,4.325382051487137e-06,6.112978294630484e-05,5.226886573580125e-05,-0.00034780203974198306,-3.100524024120038e-05,0.0,0.0,-2.7126743395074704,0.03467859911814308,0.28100661483616435,0.0,0.0,0.0,0.0,0.0033994581545276955,0.0,0.0,0.1206012966456181,0.0065032390202908,0.0,0.012472770415992613,0.0,8.860917210503586e-06,0.0,-0.0003167967995007827,0.0,0.0,0.0,0.0,0.0,0.28884195647108685,0.0,0.0,0.0,0.0,0.028187575499431503,0.022514869722334734,1.2001114816540204,4.0797287626510685e-05,0.10530348520176869,0.6962963678512235,8.744832531604697,0.00029727692259542667,2.2154710480886353,1.0557693876454888
0.5,1.0,11,0.075,0.15,2,60,0,0,0.004381246253055866,0.00016482123104040371,3.909027912978713,0.1554318232564638,0.006619594891114588,-2.923791746011796e-05,0.013878128437800771,0.00018334583443062324,0.0011699958275464468,-1.0917713622183092e-05,0.000656459551771507,-0.00019445511993514911,0.0,0.0,-0.43974511469758726,1.3388006202121439,0.294009913126344,0.0,0.0,0.0,0.0,False,0.0005828538878321862,0.2957055662060452,False,-0.15809605904267485,False,0.004053120175516806,-0.0001633048464986563,-3.8730641632658824,0.14379101798232172,0.006480269396520376,-0.00016856341205432994,0.013821391057267134,0.00012660845389698624,0.0012312200743715316,5.0306533202901715e-05,0.0008459581909390792,-4.956480767576979e-06,0.0,0.0,-2.53523312899282,0.9245013781075118,0.2878217585284073,0.0,0.0,0.0,0.0,False,0.00042859492780663314,0.0472177586870233,True,0.9254003130084798,True,0.004428994864346709,0.00021256984233124655,5.041470943307269,0.15712578275616626,0.006818599058242244,0.0001697662496675384,0.013699690323907922,4.907720537773719e-06,0.0011248027288877575,-5.6110812280872396e-05,0.0008925439266627396,4.162925495608343e-05,0.0,0.0,2.55332408793012,0.0358364253008725,0.3028487014285585,0.0,0.0,0.0,0.0,0.003993426350281484,-0.00022299867173397863,-5.28880913498101,0.1416732826263126,0.006457435845129589,-0.00019139696344511702,0.013709555766632301,1.4773163262152972e-05,0.0012416091827973483,6.0695641628718405e-05,0.0008047923912510187,-4.612228045563745e-05,0.0,0.0,-2.8786550806072397,0.10787439048880465,0.286807604252927,0.0,0.0,0.0,0.0,0.004216425022015463,0.0,0.0,0.14958452251774904,0.006648832808574706,0.0,0.013694782603370148,0.0,0.0011809135411686299,0.0,0.0008509146717066561,0.0,0.0,0.0,0.0,0.0,0.2953085179071265,0.0,0.0,0.0,0.0,0.028187575499431503,0.022514869722334734,1.4157449717151276,5.969382523532234e-05,0.3434219516144199,0.8166269876187071,9.197837047959723,0.00038781990277438234,2.4389099659096525,1.2309262297233392
0.5,1.0,11,0.1,0.2,2,60,0,0,0.0046753708079226375,0.00023208149722361762,5.223191221530121,0.16586636931640084,0.006794265855323492,1.8113297826201358e-05,0.014369391300035842,0.00022837986033840893,6.19556409416171e-05,-6.910130593939254e-06,-0.0004708408301993959,-0.00021293414927271367,0.0,0.0,0.26730947499344904,1.6150178600187637,0.3017679399931675,0.0,0.0,0.0,0.0,False,0.0006326869682549965,0.3626187277888313,False,-0.32924773241856864,False,0.0042636394021186965,-0.00017964990858032343,-4.0431737845146305,0.15125952929881065,0.006594003933800955,-0.00018214862369633506,0.01426655392248588,0.00012554248278844743,0.00010902791636743011,4.016214483187376e-05,-0.00028199371409913,-2.4087033172447755e-05,0.0,0.0,-2.6880832766198792,0.8877899811043033,0.2928732884143544,0.0,0.0,0.0,0.0,False,0.0004408247306489044,0.05059521723455274,True,0.9327932980161245,False,0.004669693853334215,0.00022640454263519495,5.095426536598335,0.16566497013651973,0.006961719122575455,0.00018556656507816467,0.014167302797042506,2.6291357345073138e-05,4.338397635439981e-06,-6.452737390011637e-05,-0.00021041390285984982,4.7492778066832424e-05,0.0,0.0,2.738524014971433,0.18592274998991964,0.3092053921888535,0.0,0.0,0.0,0.0,0.004210523907473932,-0.0002327654032250881,-5.238583106992634,0.14937517089963454,0.006569627657138869,-0.0002065249003584211,0.014135617506704182,-5.393932993251471e-06,0.00013663293857277378,6.776716703721744e-05,-0.00031314365864744745,-5.52369777207652e-05,0.0,0.0,-3.0478195200891234,-0.03814389809564389,0.29179061385470967,0.0,0.0,0.0,0.0,0.00444328931069902,0.0,0.0,0.15763290144583858,0.00677615255749729,0.0,0.014141011439697433,0.0,6.886577153555635e-05,0.0,-0.00025790668092668225,0.0,0.0,0.0,0.0,0.0,0.3009634362119072,0.0,0.0,0.0,0.0,0.028187575499431503,0.022514869722334734,1.1954093224780031,5.3115494644764664e-05,0.35973624346924415,0.9259338791999472,10.461774328522754,0.0004648469004487057,3.3151289950825724,1.6531617581144076
0.5,1.0,11,0.15,0.3,2,60,0,0,0.007557043685647042,0.0005963102995088666,8.5667740226393,0.268098392704951,0.007781355613119214,0.00014637470957755676,0.01849080047921438,0.0004999522605376762,0.00017807050044394194,2.728372098351065e-06,-0.00034763904459027056,-0.00020949512269842138,0.0,0.0,1.917158817118425,2.778925453990899,0.3456096219557564,0.0,0.0,0.0,0.0,False,0.0008081255192283678,0.2960732328603887,False,-0.43205081247000104,False,0.006803577991615784,-0.0001571553945223913,-2.2577419045434977,0.24136797404775026,0.007469081771572185,-0.00016589913196947154,0.01837288688703464,0.0003820386683579362,0.0002290631212402347,5.372099289464383e-05,-0.0001808971996729565,-4.2753277781107336e-05,0.0,0.0,-2.1728820813751493,2.1235167109093567,0.3317399506941345,0.0,0.0,0.0,0.0,False,0.0005561369926318601,0.10806644165639791,True,0.9468140040391443,False,0.007218252380258375,0.00025751899412019934,3.699595715489279,0.25607922115912224,0.007839978905378568,0.00020499800183691134,0.017843417097264103,-0.00014743112141260215,8.118667507111036e-05,-9.415545327448051e-05,-7.033422699666237e-05,6.78096948951868e-05,0.0,0.0,2.6849838189093367,-0.8194784349275452,0.3482133808485383,0.0,0.0,0.0,0.0,0.006724390358006574,-0.00023634302813160118,-3.395375386769761,0.238558664193811,0.007420769608179424,-0.00021421129536223268,0.018246153938431528,0.0002553057197548225,0.00027637314563746206,0.00010103101729187118,-0.0002116447592869484,-7.350083739509922e-05,0.0,0.0,-2.805655941626073,1.4190866192166807,0.3295941615339673,0.0,0.0,0.0,0.0,0.0069607333861381755,0.0,0.0,0.24694331679141976,0.007634980903541657,0.0,0.017990848218676705,0.0,0.00017534212834559087,0.0,-0.00013814392189184918,0.0,0.0,0.0,0.0,0.0,0.33910837582896436,0.0,0.0,0.0,0.0,0.028187575499431503,0.022514869722334734,1.1376334822262635,7.91876336092099e-05,0.6327738602509236,0.704430091692676,11.962149409409061,0.0008326533276404677,4.722814758744498,1.3598388347742185
0.5,1.0,11,0.2,0.4,2,60,0,0,0.01697785557506232,0.001262421265170649,8.033002717437165,0.6023169880433575,0.010653012943760656,0.0003500320824912761,0.027490317830887585,0.0005889154966116743,0.000486641491851302,-3.3038754097813048e-06,-0.00012357743627575395,-7.078352554884884e-05,0.0,0.0,3.3973865156549543,2.1891628149857345,0.4731545452023147,0.0,0.0,0.0,0.0,False,0.001191687793097495,0.159221044434121,False,-0.4767160683305452,False,0.016622899073316003,0.0009074647634243309,5.7743537055997995,0.5897243299144781,0.010409241912636143,0.00010626105136676313,0.028454670093871842,0.0015532677595959318,0.0006259378468362343,0.000135992479575151,-0.00022930999842162036,-0.00017651608769471525,0.0,0.0,1.0313622125244892,5.773928586677668,0.46232743253718156,0.0,0.0,0.0,0.0,False,0.0008743971601037945,0.14942521434150233,True,0.9564805002311328,False,0.015195688087571999,-0.0005197462223196728,-3.307234226371536,0.5390917032888647,0.010352709055927395,4.9728194658014285e-05,0.0258868396799505,-0.00101456265432541,0.000286859739212115,-0.00020308562804896828,0.00010714952723586148,0.0001599434379627666,0.0,0.0,0.4826583231358983,-3.77141177147009,0.4598165205307635,0.0,0.0,0.0,0.0,0.016715776484790515,0.0010003421748988432,6.3653485813574,0.5930193068619061,0.010339846548402235,3.6865687132854597e-05,0.02837457541024026,0.0014731730759643506,0.0007217369629345053,0.000231791595673422,-0.00021477529922824088,-0.00016198138850133576,0.0,0.0,0.3578157392433834,5.476194354698505,0.4592452310814446,0.0,0.0,0.0,0.0,0.01571543430989167,0.0,0.0,0.5575305442714867,0.01030298086126938,0.0,0.02690140233427591,0.0,0.0004899453672610833,0.0,-5.279391072690511e-05,0.0,0.0,0.0,0.0,0.0,0.4576078382123096,0.0,0.0,0.0,0.0,0.028187575499431503,0.022514869722334734,-0.5909948757576,-9.287741147451234e-05,0.6735464732811058,0.29773423197916316,1.6676541360797659,0.0002620790902718058,3.039570776411571,-3.2870315397127703
0.5,1.0,22,0.0,0.0,6,60,0,0,0.003656446599542759,0.00037823163484937026,11.537731323996514,0.12971837892253285,0.007969147470096836,0.0006760043616487604,0.011084638836095336,-0.0006052028447097527,-0.002927472807198789,-6.994791807009943e-05,-0.0028882483796407368,9.717913966580255e-05,0.0,0.0,9.269040132582962,-5.177168872214121,0.35395041447614717,0.0,0.0,0.0,0.0,False,0.0017405591064725552,0.22758367463946744,False,-0.8907851884002328,False,0.002673723212401323,-0.0006044917522920659,-18.43966179163007,0.09485467142980238,0.006635279621965956,-0.0006578634864821192,0.01199807674131225,0.0003082350605071605,-0.0028097243768508283,4.7800512277861376e-05,-0.0031567301995897032,-0.00017130268028316391,0.0,0.0,-9.020301352925287,2.63677703191898,0.2947065518830768,0.0,0.0,0.0,0.0,True,0.001439835378256359,0.015488872479561822,True,0.9838708822171485,True,0.0038390854910552875,0.0005608705263618987,17.10902220880921,0.13619779009133706,0.007945859141138663,0.0006527160326905874,0.011355107580653712,-0.0003347341001513765,-0.003000215835111153,-0.00014269094598246337,-0.0029326534732373177,5.277404606922158e-05,0.0,0.0,8.949721992079219,-2.863461364930331,0.35291606121337565,0.0,0.0,0.0,0.0,0.0027025237867560345,-0.0005756911779373542,-17.561117380574174,0.09587641855932377,0.006590095003611465,-0.0007030481048366103,0.012074777870637026,0.0003849361898319373,-0.0027210208658187108,0.0001365040233099789,-0.003066797627601581,-8.137010829504165e-05,0.0,0.0,-9.639850670450013,3.2929119173958465,0.29269967292211757,0.0,0.0,0.0,0.0,0.0032782149646933888,0.0,0.0,0.11629999766242773,0.007293143108448075,0.0,0.011689841680805089,0.0,-0.0028575248891286897,0.0,-0.0029854275193065393,0.0,0.0,0.0,0.0,0.0,0.3239256188639316,0.0,0.0,0.0,0.0,0.028187575499431503,0.022514869722334734,-0.8785444110558949,-2.8800574354711627e-05,0.6195493175247258,-0.6561348854768667,29.09884870457069,0.0009539228127867245,18.908890803032975,-8.470080789609968
0.5,1.0,22,0.025,0.05,6,60,0,0,0.0038162503852674865,0.0003728829396102548,10.82901971674659,0.1353876776434516,0.007568773705938547,0.0007060103405961632,0.011405118729660664,-0.0006721070488788471,-0.0015343130380753892,-7.55104853200207e-05,-0.0015519381345440544,0.00011383040343675914,0.0,0.0,10.287551865209043,-5.5650781164755525,0.33616777708601747,0.0,0.0,0.0,0.0,False,0.0017796516508810658,0.20309567069919182,False,-0.8852939109981671,False,0.002804630489103943,-0.0006387369565532888,-18.549776247634064,0.0994988195831354,0.006146561510914325,-0.0007162018544280592,0.012417082248684387,0.00033985647014487565,-0.001342495631112652,0.00011630692164271662,-0.0017787522452029705,-0.00011298370722215702,0.0,0.0,-10.436056385754867,2.8140276283381116,0.27300009223757316,0.0,0.0,0.0,0.0,True,0.0014755734847106074,0.0024699101226005687,True,0.993011974561993,True,0.004035813631145043,0.0005924461854878117,17.205430289904243,0.14317704022562847,0.007545571941292646,0.0006828085759502623,0.011690395037888256,-0.00038683074065125507,-0.00161133392544409,-0.00015253137268872148,-0.0016093592822369527,5.640925574386087e-05,0.0,0.0,9.949469908849128,-3.202976807294844,0.3351372685851007,0.0,0.0,0.0,0.0,0.0028335528112807323,-0.0006098146343764994,-17.709833295473487,0.10052488591428803,0.0061201283030864135,-0.0007426350622559705,0.012528426446895013,0.0004512006683555017,-0.0013048891628258512,0.00015391338992951737,-0.0017385240614722713,-7.275552349145773e-05,0.0,0.0,-10.821224960288578,3.735962849657559,0.27182605889188205,0.0,0.0,0.0,0.0,0.0034433674456572317,0.0,0.0,0.12215905002992113,0.006862763365342384,0.0,0.012077225778539511,0.0,-0.0014588025527553685,0.0,-0.0016657685379808135,0.0,0.0,0.0,0.0,0.0,0.30481026317174414,0.0,0.0,0.0,0.0,0.028187575499431503,0.022514869722334734,-0.8399429521605768,-2.892232217678939e-05,0.38516857453371145,-0.9219352213194476,28.538853012220077,0.0009826975739867542,21.10877682549762,-9.301040966133112
0.5,1.0,22,0.05,0.1,6,60,0,0,0.003922155681381734,0.00038331697440458206,10.83171645118599,0.13914483994768678,0.0072538370859812525,0.0007270834938764396,0.011973309286031682,-0.0007441728144503262,-7.515418417417788e-05,-7.976824231301994e-05,-0.0001901874597996071,0.00013609208478236275,0.0,0.0,11.140048166610228,-5.851573515657793,0.3221798382775207,0.0,0.0,0.0,0.0,False,0.0018047106185644542,0.15582515067665467,False,-0.8855906485096333,False,0.002867354347327722,-0.00067148435964943,-18.97470936794988,0.1017240502783062,0.005782371930446617,-0.0007443816616581958,0.013147021638896205,0.0004295395384141965,0.00018704011572247595,0.0001824260575836339,-0.0003686080655238284,-4.232852094185856e-05,0.0,0.0,-11.40508295822058,3.3775517435005176,0.2568245786787968,0.0,0.0,0.0,0.0,True,0.0015417301690762214,0.012600421006706766,True,0.993817379434287,True,0.004162158410695934,0.0006233197037187818,17.613679382726556,0.1476593263858354,0.007230123954969402,0.0007033703628645891,0.012238540636986098,-0.00047894146349591014,-0.00015551375479761148,-0.00016012781293645354,-0.00026916365093902815,5.711589364294171e-05,0.0,0.0,10.776726176937835,-3.7660085519425124,0.3211266173926436,0.0,0.0,0.0,0.0,0.002902462087193057,-0.0006363766197840948,-17.982639856668758,0.10296955434324584,0.005761107668961291,-0.0007656459231435214,0.013314066166602929,0.0005965840661209202,0.00017151106190539537,0.0001668970037665533,-0.00037778063537533923,-5.150109079336937e-05,0.0,0.0,-11.730884464057246,4.6910548912689976,0.25588012455813935,0.0,0.0,0.0,0.0,0.003538838706977152,0.0,0.0,0.12554604801141994,0.006526753592104813,0.0,0.012717482100482009,0.0,4.614058138842055e-06,0.0,-0.00032627954458196986,0.0,0.0,0.0,0.0,0.0,0.2898863583310135,0.0,0.0,0.0,0.0,0.028187575499431503,0.022514869722334734,-0.9920695112811231,-3.5107739865335164e-05,0.32580150583666523,-1.31350314776848,28.814356307854748,0.001019693594188677,22.870932630667475,-10.542628406926791
0.5,1.0,22,0.075,0.15,6,60,0,0,0.004674797183541152,9.976343212721346e-05,2.1806053801544323,0.1658460190602571,0.007793452508945068,0.0005951888264742432,0.012704539314984883,-0.0010750130844242763,-0.0015125642961110201,-0.00010785311536400132,-0.001472240295249185,0.00016706018399401416,0.0,0.0,8.268505472002152,-7.801509463183798,0.34614690669135734,0.0,0.0,0.0,0.0,False,0.00197289342816001,0.20043121115058118,False,-0.8468988895004931,False,0.0038520049655941966,-0.0007230287858197423,-15.803791296540414,0.13665612942382666,0.006438687301639729,-0.0007595763808310955,0.01435358487518975,0.0005740324757805906,-0.00125496969305376,0.00014974148769325872,-0.001816510520611579,-0.00017721004136837977,0.0,0.0,-10.552216678041571,4.165828171640795,0.28597488597735726,0.0,0.0,0.0,0.0,True,0.001659846431337913,0.009953925262575467,True,0.9795801814907283,True,0.005126314315042602,0.0005512805636286632,12.049759489933543,0.1818643222843338,0.007870098629676395,0.0006718349472055705,0.013113073463759742,-0.0006664789356494172,-0.0015934618691776509,-0.00018875068843063206,-0.001525497862926782,0.00011380261631641726,0.0,0.0,9.333291705354153,-4.836724128121861,0.3495511511607488,0.0,0.0,0.0,0.0,0.0040421453588272965,-0.0005328883925866425,-11.647747788132722,0.14340166854395903,0.006482125827703759,-0.0007161378547670657,0.014680134417943682,0.0009005820185345233,-0.0012123673958318484,0.0001923437849151704,-0.0017842243535752646,-0.00014492387433206544,0.0,0.0,-9.948758288905157,6.535640581279978,0.28790421208937733,0.0,0.0,0.0,0.0,0.004575033751413939,0.0,0.0,0.16230674935154354,0.0071982636824708245,0.0,0.013779552399409159,0.0,-0.0014047111807470188,0.0,-0.0016393004792431992,0.0,0.0,0.0,0.0,0.0,0.31971154047274597,0.0,0.0,0.0,0.0,0.028187575499431503,0.022514869722334734,-4.156043508407691,-0.00019014039323309983,-0.6034583891364136,-2.3698124096391826,13.828353168287155,0.0006326518247138559,18.217263760907308,-14.337150044463776
0.5,1.0,22,0.1,0.2,6,60,0,0,0.005046100820214108,-3.877819952735964e-05,-0.762617937945187,0.17901861833827742,0.007533253281809619,0.0005646501341875776,0.01366165706101196,-0.001412941104875708,-3.2570328650209906e-05,-0.00012195785507139608,-0.00014772946634686096,0.00024811582796229934,0.0,0.0,8.102773572064548,-9.372993490951254,0.33459013419636346,0.0,0.0,0.0,0.0,False,0.0020524620450994386,0.13689321575144364,False,-0.8470219842734954,False,0.004388071385075059,-0.0006968076346664086,-13.70352435055253,0.1556739558946302,0.006201551616901021,-0.0007670515307210204,0.016102263321701976,0.0010276651558143082,0.00030327160381666976,0.0002138840773954836,-0.0005087699512019755,-0.00011292465689281524,0.0,0.0,-11.007249436822475,6.817197675887732,0.27544248282942924,0.0,0.0,0.0,0.0,True,0.0018068224840507453,0.0008293352313573114,True,0.9770871675224871,True,0.005576940095196081,0.0004920610754546133,9.676947544754588,0.19785100337233893,0.007628415999386992,0.0006598128517649503,0.014068373883980058,-0.0010062242819076101,-0.00011297511598860866,-0.00020236264240979483,-0.0002478845785500205,0.00014796071575913982,0.0,0.0,9.468366009479311,-6.674965865323013,0.33881679500990447,0.0,0.0,0.0,0.0,0.004714319618817772,-0.0003705594009236956,-7.287477233677353,0.16724814161164206,0.006300683831275725,-0.0006679193163463167,0.016680215889549967,0.0016056177236622986,0.00029551299523572483,0.00020612546881453866,-0.0005596308427240021,-0.0001637855484148418,0.0,0.0,-9.584694410015826,10.651147751955703,0.2798454492066393,0.0,0.0,0.0,0.0,0.005084879019741468,0.0,0.0,0.1803943379182797,0.006968603147622042,0.0,0.015074598165887668,0.0,8.938752642118617e-05,0.0,-0.0003958452943091603,0.0,0.0,0.0,0.0,0.0,0.3095111467915443,0.0,0.0,0.0,0.0,0.028187575499431503,0.022514869722334734,-6.416047116875178,-0.000326248233742713,-1.4225550268066485,-3.8339500760679712,6.524859295732166,0.000331781201396336,17.687467982080374,-20.024141242906957
0.5,1.0,22,0.15,0.3,6,60,0,0,0.007659347496515897,-0.0020656566971821713,-21.240676672620296,0.2717277864735253,0.008276385516835934,-9.804360565898729e-05,0.016784723117690553,-0.0033804094089459405,8.207126221031007e-05,-0.0001970987086062461,-0.00025955798103209334,0.0004170339803020566,0.0,0.0,-1.170749721860176,-16.76363596659083,0.3675964204503376,0.0,0.0,0.0,0.0,False,0.0026029242165524743,0.12149841617398854,False,-0.7957736361294788,False,0.010358215180336309,0.0006332109866382402,6.511164149919546,0.367474498845962,0.008095774043048853,-0.0002786550794460687,0.024183205239444238,0.004018072712807744,0.0005839772521107012,0.000304807281294145,-0.0010464195563845958,-0.00036982759505044586,0.0,0.0,-3.327451643211843,19.92584332138754,0.3595745453067335,0.0,0.0,0.0,0.0,True,0.002424389757401376,0.04457488843654549,True,0.9479788511262796,True,0.008946978601944166,-0.0007780255917539027,-8.00025970434104,0.3174085902536957,0.00862948750174794,0.0002550583792530186,0.01743175855960278,-0.0027333739670337143,-1.6242901871588123e-05,-0.0002954128726881443,-0.0003063081262451026,0.0003702838350890473,0.0,0.0,3.0456807923527007,-13.55495166433025,0.3832794774374153,0.0,0.0,0.0,0.0,0.0121125912092661,0.0023875870155680313,24.5510127092307,0.4297138364919108,0.008651608823949766,0.0002771797014548445,0.02556794850104669,0.005402815974410197,0.000593435023086422,0.00031426505226986583,-0.0011992490619108624,-0.0005226571005767125,0.0,0.0,3.309833988687072,26.792861228526597,0.3842619979882618,0.0,0.0,0.0,0.0,0.009725004193698069,0.0,0.0,0.3450103111526639,0.008374429122494921,0.0,0.020165132526636494,0.0,0.00027916997081655617,0.0,-0.0006765919613341499,0.0,0.0,0.0,0.0,0.0,0.3719510361717747,0.0,0.0,0.0,0.0,0.028187575499431503,0.022514869722334734,-18.039848559311153,-0.001754376028929791,-6.637285631898915,-6.867017907139058,-45.791689381851,-0.004453243712750203,-4.480583710547248,-43.55649719511743
0.5,1.0,22,0.2,0.4,6,60,0,0,0.014430566525455584,-0.007578830381429598,-34.43452091619429,0.5119477737894351,0.01017838537557826,-0.0018101580525890452,0.022549014815798133,-0.0064377597709090635,0.0002976283110556221,-0.00029231126920327573,-0.0002857625499868995,0.0004620384595786926,0.0,0.0,-15.0990657325063,-22.20930014704465,0.4520739183083662,0.0,0.0,0.0,0.0,False,0.003622580998261735,0.1328880638447714,False,-0.7249553786250861,False,0.029982273010350384,0.007972876103465202,36.22487311758667,1.0636698076766153,0.013619255813634865,0.00163071238546756,0.03836759923645474,0.009380824649747543,0.001255327712644746,0.0006653881323858482,-0.0021263031295655926,-0.0013785021200000006,0.0,0.0,13.602256147616497,32.362430051287646,0.6049004938333964,0.0,0.0,0.0,0.0,True,0.0036607274791846094,0.1448175950094144,True,0.9209934895843556,False,0.017025441007079367,-0.004983955899805815,-22.644672731794337,0.60400515849342,0.011016643492200481,-0.0009718999359668232,0.023302726502419255,-0.005684048084287942,0.00010923430273704707,-0.00048070527752185077,-8.866986680195767e-05,0.0006591311427636344,0.0,0.0,-8.106905912217211,-19.6091085170081,0.48930522930239206,0.0,0.0,0.0,0.0,0.03227206177908107,0.010262664872195886,46.62856013553658,1.14490378144555,0.014507279280568747,0.002518735852401442,0.03900438262243242,0.010017608035725226,0.0011763804958117192,0.0005864409155528214,-0.0019563627694731515,-0.0012085617599075595,0.0,0.0,21.00952352963601,34.55923668140406,0.6443421374176346,0.0,0.0,0.0,0.0,0.022009396906885182,0.0,0.0,0.7808190848953673,0.011988543428167305,0.0,0.028986774586707197,0.0,0.0005899395802588978,0.0,-0.0007478010095655921,0.0,0.0,0.0,0.0,0.0,0.5324722539377911,0.0,0.0,0.0,0.0,0.028187575499431503,0.022514869722334734,-10.403687017949913,-0.002289788768730684,-7.407267382019512,-2.196806630116413,-81.06308105173088,-0.017841495253625484,-36.10858926214231,-56.76853682844871
0.5,1.0,33,0.0,0.0,4,60,0,0,0.0036035450175561667,0.0005230574215609866,16.97969575469134,0.12784160942216702,0.007453311038245265,0.0006058316986116965,0.011349302240814896,-0.000336168522507058,-0.001848449887206148,1.8172972588674854e-05,-0.0017954931719969852,0.00024596189135103145,0.0,0.0,8.84751407872253,-2.876807698344641,0.33103949212957634,0.0,0.0,0.0,0.0,False,0.001003888176864484,0.05912942730251564,False,-0.9916680576810214,False,0.0025437336388858763,-0.0005367539571093038,-17.424318078966337,0.0902430802868157,0.006173743932543025,-0.0006737354070905435,0.01212993535786278,0.0004444645945408266,-0.0017820790130252434,8.454384676957944e-05,-0.002144452718237881,-0.0001029976548898642,0.0,0.0,-9.839174003650186,3.803566014095905,0.2742074019828183,0.0,0.0,0.0,0.0,True,0.001061698689349524,0.004947884733081505,True,0.959506469420908,True,0.003609727824551656,0.0005292402285564761,17.180404467283704,0.12806095453737973,0.0074169183325635095,0.0005694389929299408,0.011371953174973831,-0.00031351758834812296,-0.0018194372381564316,4.7185621638391306e-05,-0.0018154914352326967,0.00022596362811532,0.0,0.0,8.316038131491666,-2.6829692589894094,0.3294231067748943,0.0,0.0,0.0,0.0,0.002536785837400783,-0.0005437017585943971,-17.64986034357815,0.08999659575020724,0.006217525793465869,-0.0006299535461676995,0.01211884808836915,0.00043337732504719617,-0.0019570839501119493,-9.04610903171264e-05,-0.0023214282328119654,-0.0002799731694639487,0.0,0.0,-9.199787468090559,3.7086852025463024,0.2761519773440256,0.0,0.0,0.0,0.0,0.00308048759599518,0.0,0.0,0.10928529827112334,0.006847479339633569,0.0,0.011685470763321954,0.0,-0.0018666228597948229,0.0,-0.0020414550633480167,0.0,0.0,0.0,0.0,0.0,0.3041314217706032,0.0,0.0,0.0,0.0,0.028187575499431503,0.022514869722334734,0.22554226461181415,6.9478014850933405e-06,-0.6393865355596269,0.09488081154960248,34.62955609826949,0.0010667591801553837,18.047301546813088,-6.5854929008909435
0.5,1.0,33,0.025,0.05,4,60,0,0,0.0038910444000251287,0.0005411990058964504,16.15593981874559,0.13804111673611677,0.007357213830711881,0.0006325743578908189,0.01177484798006645,-0.00035045092681473475,-0.0011799594284852431,-7.658891956201707e-05,-0.0011285478029365247,0.00018213676779568972,0.0,0.0,9.40681445373379,-2.890245671517855,0.3267713258590846,0.0,0.0,0.0,0.0,False,0.001005333574805284,0.05613483971273686,False,-0.993039174621244,False,0.002784314170241887,-0.0005655312238867912,-16.882308206761,0.09877806519039008,0.006025244432256365,-0.0006993950405646968,0.012616966671307451,0.0004916677644262665,-0.0009774076769407637,0.0001259628319824624,-0.0013858293381034544,-7.514476737123998e-05,0.0,0.0,-10.400483823578021,4.054891909899583,0.2676117830821525,0.0,0.0,0.0,0.0,True,0.001093425714958758,0.026571143723766757,True,0.9834581988083064,True,0.003911405218750582,0.0005615598246219034,16.763753503554433,0.1387634498337563,0.007333894722701189,0.0006092552498801274,0.01179440848192655,-0.00033089042495463433,-0.0011541281360344813,-5.07576271112553e-05,-0.0011603688892192511,0.0001503156815129633,0.0,0.0,9.060043327862433,-2.7289259217094575,0.3257356055418776,0.0,0.0,0.0,0.0,0.002775561157852955,-0.0005742842362757234,-17.14360421774329,0.09846753786642393,0.006041670719017759,-0.0006829687538033027,0.012593681073473764,0.00046838216659257983,-0.0010702158158029582,3.315469312026786e-05,-0.001484662604038248,-0.00017397803330603348,0.0,0.0,-10.156213676043958,3.8628504764263605,0.26834135811252,0.0,0.0,0.0,0.0,0.003349845394128678,0.0,0.0,0.11884120343008,0.006724639472821062,0.0,0.012125298906881184,0.0,-0.001103370508923226,0.0,-0.0013106845707322144,0.0,0.0,0.0,0.0,0.0,0.29867547783988396,0.0,0.0,0.0,0.0,0.028187575499431503,0.022514869722334734,0.26129601098229216,8.753012388932127e-06,-0.2442701475340634,0.19204143347322233,33.29954403648888,0.0011154832421721738,19.56302812977775,-6.753096147944215
0.5,1.0,33,0.05,0.1,4,60,0,0,0.004207932025604419,0.0005723976380732024,15.744525482590754,0.14928321968270333,0.007285470694749199,0.0006524822705718638,0.012314760887985525,-0.00037593344411450576,-0.0004864435529351441,-0.00016920572313984094,-0.00046294389694269953,0.0001274283112527271,0.0,0.0,9.836927623656887,-2.962276407238129,0.3235848479070708,0.0,0.0,0.0,0.0,False,0.0010354642022609634,0.06281910433994706,False,-0.9946883167570915,False,0.003041809265975133,-0.0005937251215560836,-16.331165057670237,0.10791312172401919,0.00591453674883782,-0.0007184516753395154,0.013268127464157826,0.0005774331320577957,-0.00015007250999273902,0.00016716531980256414,-0.0006378937398549176,-4.7521531659490976e-05,0.0,0.0,-10.831492977143586,4.550051533407662,0.2626946911876023,0.0,0.0,0.0,0.0,True,0.0011378828507959773,0.02987825840494657,True,0.9930246625731719,True,0.004233030332704199,0.0005974959451729824,16.4348863600964,0.15017362287116792,0.007272460845149839,0.0006394724209725037,0.012316893035909646,-0.0003738012961903847,-0.0004673717128975657,-0.00015013388310226253,-0.0005128877378284332,7.748447036699346e-05,0.0,0.0,9.64078903924539,-2.9454755304040847,0.32300701424603684,0.0,0.0,0.0,0.0,0.0030321206183803943,-0.0006034137691508222,-16.597663639776005,0.10756940122223521,0.005917452452827609,-0.0007155359713497261,0.013243551541794199,0.0005528572096941686,-0.00016061730430902465,0.00015662052548627852,-0.0006572113170455695,-6.683910885014284e-05,0.0,0.0,-10.787535354977972,4.3563984383089505,0.2628241924472475,0.0,0.0,0.0,0.0,0.0036355343875312165,0.0,0.0,0.12897648425294822,0.006632988424177335,0.0,0.01269069433210003,0.0,-0.00031723782979530316,0.0,-0.0005903722081954266,0.0,0.0,0.0,0.0,0.0,0.29460478812353136,0.0,0.0,0.0,0.0,0.028187575499431503,0.022514869722334734,0.2664985821057684,9.688647594738569e-06,-0.04395762216561394,0.19365309509871143,32.34218912236676,0.0011758114072240246,20.62446297863486,-7.318674845547079
0.5,1.0,33,0.075,0.15,4,60,0,0,0.005398496771155016,0.0003737582167259749,7.438361472489485,0.19152043677058692,0.007835635804527823,0.0005711913991034712,0.013449860698131571,-0.0006513620589367157,-0.0011451962163783948,-0.0001170810809851576,-0.0008819660829034845,0.0002726767843313602,0.0,0.0,7.862836677185703,-4.6191884927866855,0.3480204816266327,0.0,0.0,0.0,0.0,False,0.0011244153185857753,0.05599142629123343,False,-0.9817947876866732,False,0.004510731078386681,-0.0005140074760423595,-10.22953673060838,0.16002550763820234,0.006597106304602756,-0.0006673381008215958,0.014977029398655908,0.0008758066415876214,-0.0008518022264968087,0.00017631290889642847,-0.0013053639734610144,-0.00015072110622616972,0.0,0.0,-9.186361180261704,6.210856013522803,0.29301108049754476,0.0,0.0,0.0,0.0,True,0.0012539201582905124,0.052735017574557105,True,0.9880865967637171,False,0.005544778986714628,0.0005200404322855869,10.349601808181607,0.19671003583924615,0.007855490916745846,0.0005910465113214934,0.013538826324160222,-0.000562396432908065,-0.0011246590354633222,-9.654390007008502e-05,-0.0009336676830020414,0.00022097518423280327,0.0,0.0,8.13615575170703,-3.9882813185555976,0.34890234825357236,0.0,0.0,0.0,0.0,0.004566014005554534,-0.00045872454887450724,-9.129321732971874,0.1619867592247025,0.006636858777294781,-0.0006275856281295709,0.014952094593575136,0.0008508718365068495,-0.0009396401428043845,8.847499258885275e-05,-0.0014265746149712112,-0.0002719317477363665,0.0,0.0,-8.6391414553459,6.034028758820553,0.2947766902115815,0.0,0.0,0.0,0.0,0.005024738554429041,0.0,0.0,0.17826075728046853,0.007264444405424352,0.0,0.014101222757068287,0.0,-0.0010281151353932372,0.0,-0.0011546428672348447,0.0,0.0,0.0,0.0,0.0,0.32265096334170784,0.0,0.0,0.0,0.0,0.028187575499431503,0.022514869722334734,-1.100214997636506,-5.528292716785229e-05,-0.547219724915804,0.1768272547022498,16.56768320546136,0.0008324827656004822,16.501978132531605,-10.653217251607238
0.5,1.0,33,0.1,0.2,4,60,0,0,0.006177841766327919,0.0002901029493443761,4.927238764524611,0.21916896564773783,0.007909170426649428,0.0005565775254234573,0.014399336368354877,-0.0008521142830516665,-0.00044085924281732575,-0.00022003909036125537,-0.0002152426107596521,0.00027268375178837213,0.0,0.0,7.5698128932264686,-5.587103171547037,0.3512865286004092,0.0,0.0,0.0,0.0,False,0.0011893903412161,0.0695822482439973,False,-0.9826169737599616,False,0.005480111194476396,-0.0004076276225071472,-6.923330588838628,0.19441584092916828,0.006719559978905677,-0.0006330329223202934,0.016522331807673978,0.0012708811562674345,7.434638180802864e-06,0.00022825479063687325,-0.0006532933795824645,-0.0001653670170344403,0.0,0.0,-8.609655543621098,8.332854266228296,0.29844987165259407,0.0,0.0,0.0,0.0,True,0.0013520826638969633,0.05768616806239356,True,0.9946593342287281,False,0.006362021909490353,0.0004742830925068093,8.055437023441158,0.22570305522086015,0.007946603907852106,0.0005940110066261356,0.01448890995980279,-0.0007625406916037525,-0.0004295501269348746,-0.00020872997447880424,-0.0002976618102967111,0.00019026455225131314,0.0,0.0,8.07893235224666,-4.999791226636063,0.35294914009513817,0.0,0.0,0.0,0.0,0.0055599358589839935,-0.0003278029579995498,-5.567552640989815,0.19724775048837132,0.006749236741676382,-0.0006033561595495882,0.016501982113396613,0.0012505314619900704,5.1158947529975855e-06,0.00022593604720906797,-0.0007166587180935634,-0.00022873235554553913,0.0,0.0,-8.206032452156908,8.199426340305148,0.29976796778802345,0.0,0.0,0.0,0.0,0.005887738816983543,0.0,0.0,0.20887709257230333,0.00735259290122597,0.0,0.015251450651406543,0.0,-0.00022082015245607038,0.0,-0.0004879263625480242,0.0,0.0,0.0,0.0,0.0,0.32656608685291233,0.0,0.0,0.0,0.0,0.028187575499431503,0.022514869722334734,-1.3557779478488126,-7.982466450759743e-05,-0.4036230914641905,0.13342792592314723,10.494791405514427,0.0006179059073439259,15.775845345383377,-13.786529511852185
0.5,1.0,33,0.15,0.3,4,60,0,0,0.010719444288846466,-0.0012059379165989675,-10.112362822621368,0.38028968788261547,0.00934103527318489,9.836034122110739e-05,0.0179345898595777,-0.0020417946823551372,-0.00037569139539465825,-0.00030308620822841795,0.0002512760466775632,0.0003531163758788353,0.0,0.0,1.0641977776471245,-10.221042141380309,0.4148829368494454,0.0,0.0,0.0,0.0,False,0.001460495551187056,0.0916490007736713,False,-0.9565210304520168,False,0.013509210772362956,0.0015838285669175223,13.281155602663253,0.4792611827376006,0.009238840289781386,-3.834642182396972e-06,0.023329379667433266,0.003352995125500427,0.000346415834003948,0.0004190210211701883,-0.0005878380781776892,-0.0004859977489764171,0.0,0.0,-0.04148844583006239,16.784794658223,0.41034393730541835,0.0,0.0,0.0,0.0,True,0.001800695178515191,0.11993717706081193,True,0.9895428353010297,False,0.01132388719296977,-0.0006014950124756634,-5.043821674755256,0.40173328114715484,0.00950857405037295,0.00026589911840916615,0.018164869643902962,-0.0018115148980298763,-0.00040417857075802184,-0.00033157338359178154,0.000214977268946233,0.0003168175981475051,0.0,0.0,2.876863249724515,-9.06828207189989,0.42232418697677165,0.0,0.0,0.0,0.0,0.013704854611105668,0.0017794724056602353,14.921722214049304,0.4862019655213721,0.00928653251677404,4.385758481025709e-05,0.023093755745356923,0.003117371203424084,0.00032981338381981966,0.00040241857098605996,-0.000569416048611779,-0.0004675757194105069,0.0,0.0,0.47451181755386873,15.605282311623236,0.4124621919336183,0.0,0.0,0.0,0.0,0.011925382205445433,0.0,0.0,0.42307229316994466,0.009242674931963783,0.0,0.01997638454193284,0.0,-7.26051871662403e-05,0.0,-0.0001018403292012721,0.0,0.0,0.0,0.0,0.0,0.4105142532890189,0.0,0.0,0.0,0.0,0.028187575499431503,0.022514869722334734,-1.6405666113860509,-0.000195643838742713,-0.5160002633839311,1.179512346599763,-25.03408503667067,-0.002985410322259203,0.5896859600932558,-25.826324453003544
0.5,1.0,33,0.2,0.4,4,60,0,0,0.01952807971797391,-0.0036947685992910102,-15.910057839649895,0.6927903294970423,0.012113161727614823,-0.0007813424608631367,0.02310781458603705,-0.003477009770443254,-0.0004932512336554188,-0.0003058576138596777,0.0015087318710086343,5.955808549536548e-05,0.0,0.0,-6.059499841500804,-13.078926999176133,0.5380071871168136,0.0,0.0,0.0,0.0,False,0.0018565348062164497,0.09948053941474277,False,-0.9091209390324464,False,0.028248953852538394,0.005026105535273474,21.642933143290776,1.0021774967168826,0.013995381417440247,0.0011008772289622867,0.0324163604234588,0.005831536066978497,0.0004556842669085956,0.0006430778867043366,0.0010036025634074263,-0.0004455712221058425,0.0,0.0,8.537569284331138,21.935582454043946,0.621606146961483,0.0,0.0,0.0,0.0,True,0.002500223895799041,0.21274336815467434,True,0.9755854391311747,False,0.02075833493063578,-0.00246451338662914,-10.612450948994523,0.7364356303384249,0.012478422150359023,-0.00041608203811893674,0.023387603120236522,-0.0031972212362437816,-0.0006213357103107769,-0.0004339420905150358,0.0015730337913863962,0.00012386000587312745,0.0,0.0,-3.226816882891337,-12.02648997552782,0.554230262233338,0.0,0.0,0.0,0.0,0.02794194208628889,0.00471909376902397,20.320908548998197,0.9912857559122966,0.01397043679276757,0.0010759326042896096,0.031638037686840134,0.005053213330359831,0.00037761412293284654,0.0005650077427285876,0.0011812927286904747,-0.00026788105682279406,0.0,0.0,8.344117684269104,19.007886840253143,0.6204982291729144,0.0,0.0,0.0,0.0,0.02322284831726492,0.0,0.0,0.8238682435718279,0.01289450418847796,0.0,0.026584824356480304,0.0,-0.0001873936197957411,0.0,0.0014491737855132688,0.0,0.0,0.0,0.0,0.0,0.5727105840495547,0.0,0.0,0.0,0.0,0.028187575499431503,0.022514869722334734,1.3220245942925786,0.0003070117662495042,0.19345160006203344,2.927695613790803,-36.23096638864809,-0.00841386236831498,-14.403617525769908,-32.086813839429276
