seed,variant,scenario_id,schedule,compute_duration,amplitude,mean_application_interval,mean_observation_age_at_application,J_response,peak_response,pulse_tracking_rmse,sham_tracking_rmse,pulse_action_effort,sham_action_effort,pulse_action_variation,sham_action_variation,pulse_peak_abs_error,sham_peak_abs_error,pulse_last_second_rmse,sham_last_second_rmse,censored,failure_reason,pulse_observed_duration,sham_observed_duration,recovery_start,recovery_end,absolute_competence
-1,teacher,confirmation-000,serial,0.0,0.5244675785137001,0.05,0.0,0.01584745329916581,0.18111577202254892,0.03005412896241516,0.0,0.029808991277705362,0.0,0.8133687694864139,0.0,0.09498935038330558,0.0,0.0019263954884280545,0.0,False,,5.0,5.0,1.45,4.45,True
-1,teacher,confirmation-000,serial,0.05,0.5244675785137001,0.049999999999999996,0.05,0.019472190360172524,0.20044947400459853,0.03326975546713321,0.0,0.032023456980678024,0.0,0.8862611912774931,0.0,0.10512925024553667,0.0,0.002145146480012024,0.0,False,,5.0,5.0,1.45,4.45,True
-1,teacher,confirmation-000,serial,0.1,0.5244675785137001,0.1,0.10000000000000002,0.02658290476528969,0.2330881787561148,0.038752313450418706,0.0,0.03897414396173981,0.0,1.0109330523421953,0.0,0.12224719269238798,0.0,0.0030779984688854823,0.0,False,,5.0,5.0,1.45,4.45,True
-1,teacher,confirmation-000,serial,0.2,0.5244675785137001,0.19999999999999998,0.2,0.047540218328278414,0.299154960604945,0.05155468806440364,0.0,0.062317663619140304,0.0,1.3483347899989737,0.0,0.15689707778883685,0.0,0.007290807934885559,0.0,False,,5.0,5.0,1.45,4.45,True
-1,teacher,confirmation-000,fixed_cadence,0.0,0.5244675785137001,0.05,0.0,0.01584745329916581,0.18111577202254892,0.03005412896241516,0.0,0.029808991277705362,0.0,0.8133687694864139,0.0,0.09498935038330558,0.0,0.0019263954884280545,0.0,False,,5.0,5.0,1.45,4.45,True
-1,teacher,confirmation-000,fixed_cadence,0.05,0.5244675785137001,0.049999999999999996,0.05,0.019472190360172524,0.20044947400459853,0.03326975546713321,0.0,0.032023456980678024,0.0,0.8862611912774931,0.0,0.10512925024553667,0.0,0.002145146480012024,0.0,False,,5.0,5.0,1.45,4.45,True
-1,teacher,confirmation-000,fixed_cadence,0.1,0.5244675785137001,0.05,0.1,0.02351596572407814,0.21974386709338906,0.03649362529051658,0.0,0.03381983707526472,0.0,0.9510592378685583,0.0,0.1152485338677061,0.0,0.0022772255966204604,0.0,False,,5.0,5.0,1.45,4.45,True
-1,teacher,confirmation-000,fixed_cadence,0.2,0.5244675785137001,0.049999999999999996,0.19999999999999998,0.03204874441561138,0.2599302992352554,0.042450262115725765,0.0,0.03948365471746473,0.0,1.1123180304517468,0.0,0.13632501462225588,0.0,0.002260391171593081,0.0,False,,5.0,5.0,1.45,4.45,True
-1,teacher,confirmation-001,serial,0.0,-0.4661912627211833,0.05,0.0,0.01584745329916578,0.18111577202254878,0.026714658646163774,0.0,0.023552566959676,0.0,0.7229911423303378,0.0,0.08443459045791397,0.0,0.0017123436834660343,0.0,False,,5.0,5.0,1.45,4.45,True
-1,teacher,confirmation-001,serial,0.05,-0.4661912627211833,0.049999999999999996,0.05,0.019472190360172528,0.2004494740045986,0.029572980193746476,0.0,0.025302252189319415,0.0,0.7877841086637202,0.0,0.09344779339800081,0.0,0.0019067881165748446,0.0,False,,5.0,5.0,1.45,4.45,True
-1,teacher,confirmation-001,serial,0.1,-0.4661912627211833,0.1,0.10000000000000002,0.026582904765289683,0.23308817875611473,0.03444634269293706,0.0,0.030794102584795358,0.0,0.8986030319235018,0.0,0.10866367237969402,0.0,0.0027359860774046002,0.0,False,,5.0,5.0,1.45,4.45,True
-1,teacher,confirmation-001,serial,0.2,-0.4661912627211833,0.19999999999999998,0.2,0.04754021832827826,0.29915496060494456,0.045826178990992075,0.0,0.0492381956667589,0.0,1.1985143106498108,0.0,0.13946342883372495,0.0,0.006480688409861647,0.0,False,,5.0,5.0,1.45,4.45,True
-1,teacher,confirmation-001,fixed_cadence,0.0,-0.4661912627211833,0.05,0.0,0.01584745329916578,0.18111577202254878,0.026714658646163774,0.0,0.023552566959676,0.0,0.7229911423303378,0.0,0.08443459045791397,0.0,0.0017123436834660343,0.0,False,,5.0,5.0,1.45,4.45,True
-1,teacher,confirmation-001,fixed_cadence,0.05,-0.4661912627211833,0.049999999999999996,0.05,0.019472190360172528,0.2004494740045986,0.029572980193746476,0.0,0.025302252189319415,0.0,0.7877841086637202,0.0,0.09344779339800081,0.0,0.0019067881165748446,0.0,False,,5.0,5.0,1.45,4.45,True
-1,teacher,confirmation-001,fixed_cadence,0.1,-0.4661912627211833,0.05,0.1,0.023515965724078113,0.219743867093389,0.03243862910205652,0.0,0.026721601206151958,0.0,0.8453821078532264,0.0,0.10244267087550289,0.0,0.00202419123675489,0.0,False,,5.0,5.0,1.45,4.45,True
-1,teacher,confirmation-001,fixed_cadence,0.2,-0.4661912627211833,0.049999999999999996,0.19999999999999998,0.03204874441561137,0.2599302992352554,0.03773339308152954,0.0,0.03119667528774562,0.0,0.9887225987035794,0.0,0.12117723441997874,0.0,0.002009227372100118,0.0,False,,5.0,5.0,1.45,4.45,True
-1,teacher,confirmation-002,serial,0.0,0.458690969525116,0.05,0.0,0.015847453299165787,0.1811157720225489,0.0262846186801413,0.0,0.02280074679553128,0.0,0.7104832305932172,0.0,0.08307616906531283,0.0,0.002005661876717123,0.0,False,,5.0,5.0,1.55,4.55,True
-1,teacher,confirmation-002,serial,0.05,0.458690969525116,0.049999999999999996,0.05,0.019472190360172528,0.20044947400459862,0.029096910560147692,0.0,0.02449457928892149,0.0,0.7741205262761434,0.0,0.09194436357196888,0.0,0.00224534973441119,0.0,False,,5.0,5.0,1.55,4.55,True
-1,teacher,confirmation-002,serial,0.1,0.458690969525116,0.1,0.10000000000000002,0.026582904765289714,0.2330881787561148,0.033892040582781315,0.0,0.02981055462303632,0.0,0.8830954274463976,0.0,0.10691544269848584,0.0,0.002973433791926332,0.0,False,,5.0,5.0,1.55,4.55,True
-1,teacher,confirmation-002,serial,0.2,0.458690969525116,0.19999999999999998,0.2,0.04407094371397608,0.2890418922456908,0.043435936872494356,0.0,0.04358852245599978,0.0,1.1753631674096519,0.0,0.13258090578755002,0.0,0.006268008738448764,0.0,False,,5.0,5.0,1.55,4.55,True
-1,teacher,confirmation-002,fixed_cadence,0.0,0.458690969525116,0.05,0.0,0.015847453299165787,0.1811157720225489,0.0262846186801413,0.0,0.02280074679553128,0.0,0.7104832305932172,0.0,0.08307616906531283,0.0,0.002005661876717123,0.0,False,,5.0,5.0,1.55,4.55,True
-1,teacher,confirmation-002,fixed_cadence,0.05,0.458690969525116,0.049999999999999996,0.05,0.019472190360172528,0.20044947400459862,0.029096910560147692,0.0,0.02449457928892149,0.0,0.7741205262761434,0.0,0.09194436357196888,0.0,0.00224534973441119,0.0,False,,5.0,5.0,1.55,4.55,True
-1,teacher,confirmation-002,fixed_cadence,0.1,0.458690969525116,0.05,0.1,0.02351596572407816,0.21974386709338908,0.03191635386811643,0.0,0.025868665178185802,0.0,0.8306914150893103,0.0,0.10079452744426487,0.0,0.002452458347275031,0.0,False,,5.0,5.0,1.55,4.55,True
-1,teacher,confirmation-002,fixed_cadence,0.2,0.458690969525116,0.049999999999999996,0.19999999999999998,0.03204874441561141,0.2599302992352557,0.037125818625659036,0.0,0.030200873047751656,0.0,0.9718150924706677,0.0,0.11922768096517294,0.0,0.002599192999024454,0.0,False,,5.0,5.0,1.55,4.55,True
-1,teacher,confirmation-003,serial,0.0,0.30665192753936543,0.05,0.0,0.01584745329916579,0.18111577202254883,0.017572437795197654,0.0,0.010190932327593213,0.0,0.4760496121662035,0.0,0.05553950059849488,0.0,0.0010523585505118668,0.0,False,,5.0,5.0,1.25,4.25,True
-1,teacher,confirmation-003,serial,0.05,0.30665192753936543,0.049999999999999996,0.05,0.019472190360172538,0.20044947400459862,0.01945259502768341,0.0,0.010948037262356786,0.0,0.5187454864608546,0.0,0.061468217577762094,0.0,0.001164639760858207,0.0,False,,5.0,5.0,1.25,4.25,True
-1,teacher,confirmation-003,serial,0.1,0.30665192753936543,0.1,0.10000000000000002,0.026582904765289773,0.2330881787561151,0.022658307326147143,0.0,0.01332518954285179,0.0,0.591454675663487,0.0,0.07147693930220286,0.0,0.0017657981057207623,0.0,False,,5.0,5.0,1.25,4.25,True
-1,teacher,confirmation-003,serial,0.2,0.30665192753936543,0.19999999999999998,0.2,0.047540218328278254,0.2991549606049445,0.030147007257342165,0.0,0.021317847859189578,0.0,0.7905111659525169,0.0,0.09173644530246916,0.0,0.004176110029803842,0.0,False,,5.0,5.0,1.25,4.25,True
-1,teacher,confirmation-003,fixed_cadence,0.0,0.30665192753936543,0.05,0.0,0.01584745329916579,0.18111577202254883,0.017572437795197654,0.0,0.010190932327593213,0.0,0.4760496121662035,0.0,0.05553950059849488,0.0,0.0010523585505118668,0.0,False,,5.0,5.0,1.25,4.25,True
-1,teacher,confirmation-003,fixed_cadence,0.05,0.30665192753936543,0.049999999999999996,0.05,0.019472190360172538,0.20044947400459862,0.01945259502768341,0.0,0.010948037262356786,0.0,0.5187454864608546,0.0,0.061468217577762094,0.0,0.001164639760858207,0.0,False,,5.0,5.0,1.25,4.25,True
-1,teacher,confirmation-003,fixed_cadence,0.1,0.30665192753936543,0.05,0.1,0.02351596572407819,0.21974386709338925,0.021337594786568246,0.0,0.011562105865057725,0.0,0.5567642629147803,0.0,0.06738488040914195,0.0,0.0011868563157477806,0.0,False,,5.0,5.0,1.25,4.25,True
-1,teacher,confirmation-003,fixed_cadence,0.2,0.30665192753936543,0.049999999999999996,0.19999999999999998,0.032048744415611397,0.2599302992352557,0.024820565856804217,0.0,0.013498101618693997,0.0,0.6512067094681838,0.0,0.07970812728637519,0.0,0.0008950457800525795,0.0,False,,5.0,5.0,1.25,4.25,True
-1,teacher,confirmation-004,serial,0.0,-0.38344029684153796,0.05,0.0,0.015847453299165818,0.18111577202254897,0.02197248836076805,0.0,0.01593324360000016,0.0,0.5939247095307837,0.0,0.0694470853870105,0.0,0.0016766224679948959,0.0,False,,5.0,5.0,1.55,4.55,True
-1,teacher,confirmation-004,serial,0.05,-0.38344029684153796,0.049999999999999996,0.05,0.019472190360172545,0.20044947400459873,0.024323408925851574,0.0,0.01711689981866711,0.0,0.6471219712342707,0.0,0.07686040581405348,0.0,0.0018769882685221516,0.0,False,,5.0,5.0,1.55,4.55,True
-1,teacher,confirmation-004,serial,0.1,-0.38344029684153796,0.1,0.10000000000000002,0.026582904765289714,0.23308817875611482,0.028331872578789757,0.0,0.02083172243959301,0.0,0.7382189651346737,0.0,0.08937540045249813,0.0,0.0024856262964916723,0.0,False,,5.0,5.0,1.55,4.55,True
-1,teacher,confirmation-004,serial,0.2,-0.38344029684153796,0.19999999999999998,0.2,0.044070943713976,0.2890418922456905,0.036310042347732684,0.0,0.03045981575443998,0.0,0.9825386409389293,0.0,0.11083030896232739,0.0,0.0052397088474717265,0.0,False,,5.0,5.0,1.55,4.55,True
-1,teacher,confirmation-004,fixed_cadence,0.0,-0.38344029684153796,0.05,0.0,0.015847453299165818,0.18111577202254897,0.02197248836076805,0.0,0.01593324360000016,0.0,0.5939247095307837,0.0,0.0694470853870105,0.0,0.0016766224679948959,0.0,False,,5.0,5.0,1.55,4.55,True
-1,teacher,confirmation-004,fixed_cadence,0.05,-0.38344029684153796,0.049999999999999996,0.05,0.019472190360172545,0.20044947400459873,0.024323408925851574,0.0,0.01711689981866711,0.0,0.6471219712342707,0.0,0.07686040581405348,0.0,0.0018769882685221516,0.0,False,,5.0,5.0,1.55,4.55,True
-1,teacher,confirmation-004,fixed_cadence,0.1,-0.38344029684153796,0.05,0.1,0.023515965724078186,0.2197438670933893,0.026680307689423644,0.0,0.018077115964098896,0.0,0.6944121073831634,0.0,0.08425865362739667,0.0,0.0020501196211562957,0.0,False,,5.0,5.0,1.55,4.55,True
-1,teacher,confirmation-004,fixed_cadence,0.2,-0.38344029684153796,0.049999999999999996,0.19999999999999998,0.0320487444156114,0.2599302992352555,0.031035132278810475,0.0,0.0211044783540518,0.0,0.8123837012048164,0.0,0.09966775109687617,0.0,0.0021727816794086976,0.0,False,,5.0,5.0,1.55,4.55,True
-1,teacher,confirmation-005,serial,0.0,-0.5284560864389926,0.05,0.0,0.01584745329916578,0.18111577202254878,0.030282743633661634,0.0,0.03026497561290954,0.0,0.8203806739935051,0.0,0.0957117320754129,0.0,0.0018135391666915903,0.0,False,,5.0,5.0,1.25,4.25,True
-1,teacher,confirmation-005,serial,0.05,-0.5284560864389926,0.049999999999999996,0.05,0.019472190360172507,0.20044947400459848,0.03352283588073169,0.0,0.032513421746242326,0.0,0.8939588667604373,0.0,0.10592874456122468,0.0,0.0020070344089239936,0.0,False,,5.0,5.0,1.25,4.25,True
-1,teacher,confirmation-005,serial,0.1,-0.5284560864389926,0.1,0.10000000000000002,0.026582904765289746,0.23308817875611493,0.039047269361678974,0.0,0.03957307570965402,0.0,1.0192592810852186,0.0,0.12317686674064882,0.0,0.0030430161123666593,0.0,False,,5.0,5.0,1.25,4.25,True
-1,teacher,confirmation-005,serial,0.2,-0.5284560864389926,0.19999999999999998,0.2,0.047540218328278254,0.29915496060494445,0.051952614812824906,0.0,0.06330962907399292,0.0,1.3622951611545475,0.0,0.15809025972009993,0.0,0.007196728814318182,0.0,False,,5.0,5.0,1.25,4.25,True
-1,teacher,confirmation-005,fixed_cadence,0.0,-0.5284560864389926,0.05,0.0,0.01584745329916578,0.18111577202254878,0.030282743633661634,0.0,0.03026497561290954,0.0,0.8203806739935051,0.0,0.0957117320754129,0.0,0.0018135391666915903,0.0,False,,5.0,5.0,1.25,4.25,True
-1,teacher,confirmation-005,fixed_cadence,0.05,-0.5284560864389926,0.049999999999999996,0.05,0.019472190360172507,0.20044947400459848,0.03352283588073169,0.0,0.032513421746242326,0.0,0.8939588667604373,0.0,0.10592874456122468,0.0,0.0020070344089239936,0.0,False,,5.0,5.0,1.25,4.25,True
-1,teacher,confirmation-005,fixed_cadence,0.1,-0.5284560864389926,0.05,0.1,0.02351596572407812,0.219743867093389,0.03677127329807302,0.0,0.03433707935557375,0.0,0.9594769738118307,0.0,0.11612498402314247,0.0,0.002045320402249733,0.0,False,,5.0,5.0,1.25,4.25,True
-1,teacher,confirmation-005,fixed_cadence,0.2,-0.5284560864389926,0.049999999999999996,0.19999999999999998,0.03204874441561138,0.25993029923525557,0.04277350936985138,0.0,0.04008658905566773,0.0,1.1222305103697523,0.0,0.1373617486807794,0.0,0.001542440622844616,0.0,False,,5.0,5.0,1.25,4.25,True
-1,teacher,confirmation-006,serial,0.0,0.34010668192597016,0.05,0.0,0.01584745329916581,0.18111577202254903,0.019489535121568657,0.0,0.012535822920165002,0.0,0.5279851176060463,0.0,0.061598684267049605,0.0,0.0011671675364410344,0.0,False,,5.0,5.0,1.25,4.25,True
-1,teacher,confirmation-006,serial,0.05,0.34010668192597016,0.049999999999999996,0.05,0.019472190360172524,0.20044947400459862,0.021574811555246876,0.0,0.013467134510614988,0.0,0.575338976604431,0.0,0.06817420549751005,0.0,0.0012916982713362915,0.0,False,,5.0,5.0,1.25,4.25,True
-1,teacher,confirmation-006,serial,0.1,0.34010668192597016,0.1,0.10000000000000002,0.02658290476528967,0.23308817875611465,0.025130256915686683,0.0,0.016391259515533878,0.0,0.6559805081404101,0.0,0.07927484707290956,0.0,0.001958441088262052,0.0,False,,5.0,5.0,1.25,4.25,True
-1,teacher,confirmation-006,serial,0.2,0.34010668192597016,0.19999999999999998,0.2,0.04754021832827831,0.2991549606049447,0.03343595029898049,0.0,0.026222994836129193,0.0,0.876753431276008,0.0,0.10174460103304206,0.0,0.004631710411838263,0.0,False,,5.0,5.0,1.25,4.25,True
-1,teacher,confirmation-006,fixed_cadence,0.0,0.34010668192597016,0.05,0.0,0.01584745329916581,0.18111577202254903,0.019489535121568657,0.0,0.012535822920165002,0.0,0.5279851176060463,0.0,0.061598684267049605,0.0,0.0011671675364410344,0.0,False,,5.0,5.0,1.25,4.25,True
-1,teacher,confirmation-006,fixed_cadence,0.05,0.34010668192597016,0.049999999999999996,0.05,0.019472190360172524,0.20044947400459862,0.021574811555246876,0.0,0.013467134510614988,0.0,0.575338976604431,0.0,0.06817420549751005,0.0,0.0012916982713362915,0.0,False,,5.0,5.0,1.25,4.25,True
-1,teacher,confirmation-006,fixed_cadence,0.1,0.34010668192597016,0.05,0.1,0.0235159657240781,0.2197438670933889,0.023665458819622093,0.0,0.014222497711629383,0.0,0.6175054811960895,0.0,0.07473635751071388,0.0,0.0013163385820232285,0.0,False,,5.0,5.0,1.25,4.25,True
-1,teacher,confirmation-006,fixed_cadence,0.2,0.34010668192597016,0.049999999999999996,0.19999999999999998,0.03204874441561144,0.2599302992352557,0.027528411005989982,0.0,0.016603957931521522,0.0,0.7222512996489205,0.0,0.08840403160492734,0.0,0.0009926924408014568,0.0,False,,5.0,5.0,1.25,4.25,True
-1,teacher,confirmation-007,serial,0.0,-0.373065528290342,0.05,0.0,0.015847453299165745,0.1811157720225486,0.021378201168773644,0.0,0.015082806599938468,0.0,0.5788160976881719,0.0,0.06756805117130524,0.0,0.0013111412308689486,0.0,False,,5.0,5.0,1.4,4.4,True
-1,teacher,confirmation-007,serial,0.05,-0.373065528290342,0.049999999999999996,0.05,0.019472190360172528,0.20044947400459853,0.023665554673548403,0.0,0.016203291836236425,0.0,0.630700830956859,0.0,0.07478078891504673,0.0,0.0014557222983920925,0.0,False,,5.0,5.0,1.4,4.4,True
-1,teacher,confirmation-007,serial,0.1,-0.373065528290342,0.1,0.10000000000000002,0.0255945886601839,0.22916239594827129,0.027055089845128527,0.0,0.01951767960436361,0.0,0.7388003030924488,0.0,0.08549259030872236,0.0,0.0021224326876231802,0.0,False,,5.0,5.0,1.4,4.4,True
-1,teacher,confirmation-007,serial,0.2,-0.373065528290342,0.19999999999999998,0.2,0.0434902616358936,0.2897967540506721,0.035097923753828836,0.0,0.031017582262634125,0.0,1.0128522102778956,0.0,0.1081131791467403,0.0,0.005046356190377799,0.0,False,,5.0,5.0,1.4,4.4,True
-1,teacher,confirmation-007,fixed_cadence,0.0,-0.373065528290342,0.05,0.0,0.015847453299165745,0.1811157720225486,0.021378201168773644,0.0,0.015082806599938468,0.0,0.5788160976881719,0.0,0.06756805117130524,0.0,0.0013111412308689486,0.0,False,,5.0,5.0,1.4,4.4,True
-1,teacher,confirmation-007,fixed_cadence,0.05,-0.373065528290342,0.049999999999999996,0.05,0.019472190360172528,0.20044947400459853,0.023665554673548403,0.0,0.016203291836236425,0.0,0.630700830956859,0.0,0.07478078891504673,0.0,0.0014557222983920925,0.0,False,,5.0,5.0,1.4,4.4,True
-1,teacher,confirmation-007,fixed_cadence,0.1,-0.373065528290342,0.05,0.1,0.023515965724078113,0.21974386709338903,0.02595879053978529,0.0,0.017112201387850443,0.0,0.6768351706185283,0.0,0.08197886186575788,0.0,0.0015188493004360017,0.0,False,,5.0,5.0,1.4,4.4,True
-1,teacher,confirmation-007,fixed_cadence,0.2,-0.373065528290342,0.049999999999999996,0.19999999999999998,0.03204874441561146,0.2599302992352558,0.030195950290895546,0.0,0.019977921236291996,0.0,0.79155219315161,0.0,0.09697103440286738,0.0,0.0014085745766283851,0.0,False,,5.0,5.0,1.4,4.4,True
11,native,confirmation-000,serial,0.0,0.5244675785137001,0.05,0.0,0.016372266336055836,0.18399740257024286,0.031599222647991684,0.0031123909963857543,0.02895181753431759,7.36080295643538e-05,0.8631506934762001,0.06589572876691818,0.09963726373745425,0.003951629214439893,0.0024623312261821653,0.003200884466049939,False,,5.0,5.0,1.45,4.45,True
11,native,confirmation-000,serial,0.05,0.5244675785137001,0.049999999999999996,0.05,0.019748514631904714,0.20156401017324546,0.03431040196808236,0.002327960104688752,0.03121724473163543,6.148224152874307e-05,0.9443952515721321,0.06985832005739212,0.10823658243520608,0.0025233391281118383,0.0020128342123622283,0.002452210870243389,False,,5.0,5.0,1.45,4.45,True
11,native,confirmation-000,serial,0.1,0.5244675785137001,0.1,0.10000000000000002,0.026345184006737094,0.232133744652836,0.03940759215089608,0.0021789463011525874,0.0387018127779877,8.387705250398336e-05,1.090991534292698,0.07715810090303421,0.12447121863674282,0.002743008876893943,0.001817283736676375,0.002370720408079441,False,,5.0,5.0,1.45,4.45,True
11,native,confirmation-000,serial,0.2,0.5244675785137001,0.19999999999999998,0.2,0.046924317209910936,0.2986873370443938,0.05160841347163662,0.0020893835247539506,0.06240322806712354,0.0001575850792340239,1.4120515063405037,0.07935989648103714,0.1581921842754858,0.004173101966056691,0.005412602063480142,0.0020531119519171708,False,,5.0,5.0,1.45,4.45,True
11,native,confirmation-000,fixed_cadence,0.0,0.5244675785137001,0.05,0.0,0.016372266336055836,0.18399740257024286,0.031599222647991684,0.0031123909963857543,0.02895181753431759,7.36080295643538e-05,0.8631506934762001,0.06589572876691818,0.09963726373745425,0.003951629214439893,0.0024623312261821653,0.003200884466049939,False,,5.0,5.0,1.45,4.45,True
11,native,confirmation-000,fixed_cadence,0.05,0.5244675785137001,0.049999999999999996,0.05,0.019748514631904714,0.20156401017324546,0.03431040196808236,0.002327960104688752,0.03121724473163543,6.148224152874307e-05,0.9443952515721321,0.06985832005739212,0.10823658243520608,0.0025233391281118383,0.0020128342123622283,0.002452210870243389,False,,5.0,5.0,1.45,4.45,True
11,native,confirmation-000,fixed_cadence,0.1,0.5244675785137001,0.05,0.1,0.023354651770590994,0.21919481315590308,0.03717364235438651,0.002226284488319011,0.03368003195963422,7.97448987949895e-05,1.0506674274802208,0.09939603507518768,0.11746846247750632,0.002520651762701964,0.002048513958952569,0.002376151564439468,False,,5.0,5.0,1.45,4.45,True
11,native,confirmation-000,fixed_cadence,0.2,0.5244675785137001,0.049999999999999996,0.19999999999999998,0.03177309847698973,0.2592074778689343,0.042697944564240135,0.0025849322294113006,0.039661699533790555,0.00019200030251798064,1.2694329768419266,0.1440349593758583,0.1370678513146106,0.005769444135672185,0.002756673917424091,0.0020367720508801613,False,,5.0,5.0,1.45,4.45,True
11,native,confirmation-001,serial,0.0,-0.4661912627211833,0.05,0.0,0.01638664463936553,0.18398728291834968,0.026395416626114405,0.0031123909963857543,0.023846236569344398,7.36080295643538e-05,0.7762116566300392,0.06589572876691818,0.0826366721897165,0.003951629214439893,0.004419020396480996,0.003200884466049939,False,,5.0,5.0,1.45,4.45,True
11,native,confirmation-001,serial,0.05,-0.4661912627211833,0.049999999999999996,0.05,0.01961828019591991,0.2010221876870679,0.0290198568078346,0.002327960104688752,0.025216860232439093,6.148224152874307e-05,0.8478545024991035,0.06985832005739212,0.09119199340867566,0.0025233391281118383,0.003829477929496879,0.002452210870243389,False,,5.0,5.0,1.45,4.45,True
11,native,confirmation-001,serial,0.1,-0.4661912627211833,0.1,0.10000000000000002,0.025974731605182898,0.23119306206822715,0.03334693468387957,0.0021789463011525874,0.030952734125093685,8.387705250398336e-05,0.9770581498742104,0.07715810090303421,0.10505727585048426,0.002743008876893943,0.00473236888419612,0.002370720408079441,False,,5.0,5.0,1.45,4.45,True
11,native,confirmation-001,serial,0.2,-0.4661912627211833,0.19999999999999998,0.2,0.04608467921133541,0.29744420271422223,0.04483377765606923,0.0020893835247539506,0.051721858142706176,0.0001575850792340239,1.2896595150232315,0.07935989648103714,0.1371392694657991,0.004173101966056691,0.007910886643838847,0.0020531119519171708,False,,5.0,5.0,1.45,4.45,True
11,native,confirmation-001,fixed_cadence,0.0,-0.4661912627211833,0.05,0.0,0.01638664463936553,0.18398728291834968,0.026395416626114405,0.0031123909963857543,0.023846236569344398,7.36080295643538e-05,0.7762116566300392,0.06589572876691818,0.0826366721897165,0.003951629214439893,0.004419020396480996,0.003200884466049939,False,,5.0,5.0,1.45,4.45,True
11,native,confirmation-001,fixed_cadence,0.05,-0.4661912627211833,0.049999999999999996,0.05,0.01961828019591991,0.2010221876870679,0.0290198568078346,0.002327960104688752,0.025216860232439093,6.148224152874307e-05,0.8478545024991035,0.06985832005739212,0.09119199340867566,0.0025233391281118383,0.003829477929496879,0.002452210870243389,False,,5.0,5.0,1.45,4.45,True
11,native,confirmation-001,fixed_cadence,0.1,-0.4661912627211833,0.05,0.1,0.023025006302713622,0.21814444360091392,0.03143275124434807,0.002226284488319011,0.02727095126228048,7.97448987949895e-05,0.9501342847943306,0.09939603507518768,0.09918914401905311,0.002520651762701964,0.0038099383006071656,0.002376151564439468,False,,5.0,5.0,1.45,4.45,True
11,native,confirmation-001,fixed_cadence,0.2,-0.4661912627211833,0.049999999999999996,0.19999999999999998,0.03097152635749362,0.25764437083622566,0.036844556101435874,0.0025849322294113006,0.03394316085922056,0.00019200030251798064,1.1740173026919365,0.1440349593758583,0.11898173930120194,0.005769444135672185,0.0030388090236876854,0.0020367720508801613,False,,5.0,5.0,1.45,4.45,True
11,native,confirmation-002,serial,0.0,0.458690969525116,0.05,0.0,0.016342662394274007,0.1838642228065612,0.027738807836436518,0.0031123909963857543,0.022071657172791494,7.36080295643538e-05,0.7627476379275322,0.06589572876691818,0.08738513096808083,0.003951629214439893,0.003171422400541344,0.003200884466049939,False,,5.0,5.0,1.55,4.55,True
11,native,confirmation-002,serial,0.05,0.458690969525116,0.049999999999999996,0.05,0.01969595440149574,0.20136539589467542,0.03008233084250006,0.002327960104688752,0.023886821829886138,6.148224152874307e-05,0.8351292833685875,0.06985832005739212,0.09488605252859547,0.0025233391281118383,0.0027803885581653754,0.002452210870243389,False,,5.0,5.0,1.55,4.55,True
11,native,confirmation-002,serial,0.1,0.458690969525116,0.1,0.10000000000000002,0.02625962940654222,0.231916353003262,0.03453049857388938,0.0021789463011525874,0.029693689626732734,8.387705250398336e-05,0.9648404270410538,0.07715810090303421,0.10912054259837743,0.002743008876893943,0.00244776527035617,0.002370720408079441,False,,5.0,5.0,1.55,4.55,True
11,native,confirmation-002,serial,0.2,0.458690969525116,0.19999999999999998,0.2,0.043192693693337066,0.28780660764824717,0.043478914063236285,0.0020893835247539506,0.04466391489578503,0.0001575850792340239,1.2616181373596191,0.07935989648103714,0.13387667143043408,0.004173101966056691,0.004612267410768315,0.0020531119519171708,False,,5.0,5.0,1.55,4.55,True
11,native,confirmation-002,fixed_cadence,0.0,0.458690969525116,0.05,0.0,0.016342662394274007,0.1838642228065612,0.027738807836436518,0.0031123909963857543,0.022071657172791494,7.36080295643538e-05,0.7627476379275322,0.06589572876691818,0.08738513096808083,0.003951629214439893,0.003171422400541344,0.003200884466049939,False,,5.0,5.0,1.55,4.55,True
11,native,confirmation-002,fixed_cadence,0.05,0.458690969525116,0.049999999999999996,0.05,0.01969595440149574,0.20136539589467542,0.03008233084250006,0.002327960104688752,0.023886821829886138,6.148224152874307e-05,0.8351292833685875,0.06985832005739212,0.09488605252859547,0.0025233391281118383,0.0027803885581653754,0.002452210870243389,False,,5.0,5.0,1.55,4.55,True
11,native,confirmation-002,fixed_cadence,0.1,0.458690969525116,0.05,0.1,0.02327881308838747,0.21895671152460594,0.03257573741266412,0.002226284488319011,0.025824715914703415,7.97448987949895e-05,0.9327277913689613,0.09939603507518768,0.10295396426481539,0.002520651762701964,0.002841989226967253,0.002376151564439468,False,,5.0,5.0,1.55,4.55,True
11,native,confirmation-002,fixed_cadence,0.2,0.458690969525116,0.049999999999999996,0.19999999999999998,0.03166546476594926,0.25902393313182603,0.03733571744285977,0.0025849322294113006,0.030571054934091034,0.00019200030251798064,1.1311190575361252,0.1440349593758583,0.11992260789379405,0.005769444135672185,0.0034686386812645617,0.0020367720508801613,False,,5.0,5.0,1.55,4.55,True
11,native,confirmation-003,serial,0.0,0.30665192753936543,0.05,0.0,0.01628894785378774,0.1836198929686366,0.019050312808779887,0.0031123909963857543,0.009899248300555899,7.36080295643538e-05,0.5323221161961555,0.06589572876691818,0.05971927900610092,0.003951629214439893,0.002410977659305145,0.003200884466049939,False,,5.0,5.0,1.25,4.25,True
11,native,confirmation-003,serial,0.05,0.30665192753936543,0.049999999999999996,0.05,0.019595680283636726,0.2009821050180977,0.02036339952828291,0.002327960104688752,0.01067446460667254,6.148224152874307e-05,0.5843615159392357,0.06985832005739212,0.06412631780177128,0.0025233391281118383,0.0016158395629360166,0.002452210870243389,False,,5.0,5.0,1.25,4.25,True
11,native,confirmation-003,serial,0.1,0.30665192753936543,0.1,0.10000000000000002,0.02608793535988621,0.23147579862713238,0.02324334518834223,0.0021789463011525874,0.013373400226329017,8.387705250398336e-05,0.6739456579089165,0.07715810090303421,0.07349030453692604,0.002743008876893943,0.001520273187531641,0.002370720408079441,False,,5.0,5.0,1.25,4.25,True
11,native,confirmation-003,serial,0.2,0.30665192753936543,0.19999999999999998,0.2,0.046583708851211346,0.2981727389124986,0.030107542309256538,0.0020893835247539506,0.021467325083326664,0.0001575850792340239,0.8596348017454147,0.07935989648103714,0.09243699659066253,0.004173101966056691,0.003178063085532759,0.0020531119519171708,False,,5.0,5.0,1.25,4.25,True
11,native,confirmation-003,fixed_cadence,0.0,0.30665192753936543,0.05,0.0,0.01628894785378774,0.1836198929686366,0.019050312808779887,0.0031123909963857543,0.009899248300555899,7.36080295643538e-05,0.5323221161961555,0.06589572876691818,0.05971927900610092,0.003951629214439893,0.002410977659305145,0.003200884466049939,False,,5.0,5.0,1.25,4.25,True
11,native,confirmation-003,fixed_cadence,0.05,0.30665192753936543,0.049999999999999996,0.05,0.019595680283636726,0.2009821050180977,0.02036339952828291,0.002327960104688752,0.01067446460667254,6.148224152874307e-05,0.5843615159392357,0.06985832005739212,0.06412631780177128,0.0025233391281118383,0.0016158395629360166,0.002452210870243389,False,,5.0,5.0,1.25,4.25,True
11,native,confirmation-003,fixed_cadence,0.1,0.30665192753936543,0.05,0.1,0.023127032968775208,0.21847504674107626,0.021975499417682395,0.002226284488319011,0.011595341291549197,7.97448987949895e-05,0.660487525165081,0.09939603507518768,0.0694090941871782,0.002520651762701964,0.0015200120188745947,0.002376151564439468,False,,5.0,5.0,1.25,4.25,True
11,native,confirmation-003,fixed_cadence,0.2,0.30665192753936543,0.049999999999999996,0.19999999999999998,0.031421363549165554,0.25859259269528345,0.025212435452951158,0.0025849322294113006,0.013692679264920507,0.00019200030251798064,0.8043203875422478,0.1440349593758583,0.0808762908884505,0.005769444135672185,0.0014250504908499201,0.0020367720508801613,False,,5.0,5.0,1.25,4.25,True
11,native,confirmation-004,serial,0.0,-0.38344029684153796,0.05,0.0,0.01634711005566948,0.18382114650935244,0.021615835942521346,0.0031123909963857543,0.016297688886687676,7.36080295643538e-05,0.6507839635014534,0.06589572876691818,0.06743616263534062,0.003951629214439893,0.004006589527499562,0.003200884466049939,False,,5.0,5.0,1.55,4.55,True
11,native,confirmation-004,serial,0.05,-0.38344029684153796,0.049999999999999996,0.05,0.01957313652493257,0.2008559549211981,0.023741977107777857,0.002327960104688752,0.017166054084458215,6.148224152874307e-05,0.7102474942803383,0.06985832005739212,0.07449470312051677,0.0025233391281118383,0.003423632588623941,0.002452210870243389,False,,5.0,5.0,1.55,4.55,True
11,native,confirmation-004,serial,0.1,-0.38344029684153796,0.1,0.10000000000000002,0.025918986005340098,0.23104630382356134,0.027277821959087643,0.0021789463011525874,0.021063242654061756,8.387705250398336e-05,0.8184926956892014,0.07715810090303421,0.0858498575316644,0.002743008876893943,0.004212449931577483,0.002370720408079441,False,,5.0,5.0,1.55,4.55,True
11,native,confirmation-004,serial,0.2,-0.38344029684153796,0.19999999999999998,0.2,0.0425066151767293,0.28669552864112824,0.0353069238499539,0.0020893835247539506,0.03254829780792834,0.0001575850792340239,1.0853590443730354,0.07935989648103714,0.10809715372463884,0.004173101966056691,0.006697932618355762,0.0020531119519171708,False,,5.0,5.0,1.55,4.55,True
11,native,confirmation-004,fixed_cadence,0.0,-0.38344029684153796,0.05,0.0,0.01634711005566948,0.18382114650935244,0.021615835942521346,0.0031123909963857543,0.016297688886687676,7.36080295643538e-05,0.6507839635014534,0.06589572876691818,0.06743616263534062,0.003951629214439893,0.004006589527499562,0.003200884466049939,False,,5.0,5.0,1.55,4.55,True
11,native,confirmation-004,fixed_cadence,0.05,-0.38344029684153796,0.049999999999999996,0.05,0.01957313652493257,0.2008559549211981,0.023741977107777857,0.002327960104688752,0.017166054084458215,6.148224152874307e-05,0.7102474942803383,0.06985832005739212,0.07449470312051677,0.0025233391281118383,0.003423632588623941,0.002452210870243389,False,,5.0,5.0,1.55,4.55,True
11,native,confirmation-004,fixed_cadence,0.1,-0.38344029684153796,0.05,0.1,0.022977814860624078,0.2179915071975892,0.025716891783797474,0.002226284488319011,0.018562777817086734,7.97448987949895e-05,0.7999835535883904,0.09939603507518768,0.08106623025721511,0.002520651762701964,0.003403230340082197,0.002376151564439468,False,,5.0,5.0,1.55,4.55,True
11,native,confirmation-004,fixed_cadence,0.2,-0.38344029684153796,0.049999999999999996,0.19999999999999998,0.030941261424935827,0.25764108381220563,0.030273958183963674,0.0025849322294113006,0.0231577965732839,0.00019200030251798064,0.992017574608326,0.1440349593758583,0.09768327291988874,0.005769444135672185,0.0027241425970245463,0.0020367720508801613,False,,5.0,5.0,1.55,4.55,True
11,native,confirmation-005,serial,0.0,-0.5284560864389926,0.05,0.0,0.01641945210032167,0.18412506850127283,0.029940767002774697,0.0031123909963857543,0.030331928291668024,7.36080295643538e-05,0.8687665313482285,0.06589572876691818,0.09389012822279753,0.003951629214439893,0.004740237548179797,0.003200884466049939,False,,5.0,5.0,1.25,4.25,True
11,native,confirmation-005,serial,0.05,-0.5284560864389926,0.049999999999999996,0.05,0.019658059932412247,0.20116920572857863,0.033016749421384654,0.002327960104688752,0.03228415504459835,6.148224152874307e-05,0.9511282294988632,0.06985832005739212,0.10381432327431278,0.0025233391281118383,0.004165940857016512,0.002452210870243389,False,,5.0,5.0,1.25,4.25,True
11,native,confirmation-005,serial,0.1,-0.5284560864389926,0.1,0.10000000000000002,0.02602648161928749,0.23132922372113618,0.037996694716428366,0.0021789463011525874,0.0396912279369474,8.387705250398336e-05,1.0948094353079796,0.07715810090303421,0.1197395315374399,0.002743008876893943,0.004982022541072917,0.002370720408079441,False,,5.0,5.0,1.25,4.25,True
11,native,confirmation-005,serial,0.2,-0.5284560864389926,0.19999999999999998,0.2,0.046125612745555995,0.2974991233017664,0.05103082452588471,0.0020893835247539506,0.06674257625351955,0.0001575850792340239,1.4584366977214813,0.07935989648103714,0.15621347095562993,0.004173101966056691,0.00818630894917053,0.0020531119519171708,False,,5.0,5.0,1.25,4.25,True
11,native,confirmation-005,fixed_cadence,0.0,-0.5284560864389926,0.05,0.0,0.01641945210032167,0.18412506850127283,0.029940767002774697,0.0031123909963857543,0.030331928291668024,7.36080295643538e-05,0.8687665313482285,0.06589572876691818,0.09389012822279753,0.003951629214439893,0.004740237548179797,0.003200884466049939,False,,5.0,5.0,1.25,4.25,True
11,native,confirmation-005,fixed_cadence,0.05,-0.5284560864389926,0.049999999999999996,0.05,0.019658059932412247,0.20116920572857863,0.033016749421384654,0.002327960104688752,0.03228415504459835,6.148224152874307e-05,0.9511282294988632,0.06985832005739212,0.10381432327431278,0.0025233391281118383,0.004165940857016512,0.002452210870243389,False,,5.0,5.0,1.25,4.25,True
11,native,confirmation-005,fixed_cadence,0.1,-0.5284560864389926,0.05,0.1,0.023068803185196492,0.21828636905386575,0.035778799609481875,0.002226284488319011,0.034930394634080514,7.97448987949895e-05,1.0624981299042702,0.09939603507518768,0.11294146032840931,0.002520651762701964,0.004152890694890365,0.002376151564439468,False,,5.0,5.0,1.25,4.25,True
11,native,confirmation-005,fixed_cadence,0.2,-0.5284560864389926,0.049999999999999996,0.19999999999999998,0.031007303111843295,0.2576619347593024,0.041656552131406316,0.0025849322294113006,0.04336872205314585,0.00019200030251798064,1.3099923357367516,0.1440349593758583,0.13458466679938108,0.005769444135672185,0.003384600378007112,0.0020367720508801613,False,,5.0,5.0,1.25,4.25,True
11,native,confirmation-006,serial,0.0,0.34010668192597016,0.05,0.0,0.01629885743818731,0.1836655594082009,0.020977876605196732,0.0031123909963857543,0.012192785738324927,7.36080295643538e-05,0.5834613367915154,0.06589572876691818,0.06587776888709689,0.003951629214439893,0.0023336842255708198,0.003200884466049939,False,,5.0,5.0,1.25,4.25,True
11,native,confirmation-006,serial,0.05,0.34010668192597016,0.049999999999999996,0.05,0.019615115809341215,0.20105688829509655,0.022491140272523,0.002327960104688752,0.013134307507089302,6.148224152874307e-05,0.640125498175621,0.06985832005739212,0.07087555905345816,0.0025233391281118383,0.001543284596583462,0.002452210870243389,False,,5.0,5.0,1.25,4.25,True
11,native,confirmation-006,serial,0.1,0.34010668192597016,0.1,0.10000000000000002,0.02612267843481885,0.2315650649206264,0.025700342817196287,0.0021789463011525874,0.01641807473322321,8.387705250398336e-05,0.7385016232728958,0.07715810090303421,0.08126463058932801,0.002743008876893943,0.0015167939299646585,0.002370720408079441,False,,5.0,5.0,1.25,4.25,True
11,native,confirmation-006,serial,0.2,0.34010668192597016,0.19999999999999998,0.2,0.04663320853891339,0.2982459512057261,0.03337433906791896,0.0020893835247539506,0.026362521924989394,0.0001575850792340239,0.9450552985072136,0.07935989648103714,0.10243719232588717,0.004173101966056691,0.003554002604931596,0.0020531119519171708,False,,5.0,5.0,1.25,4.25,True
11,native,confirmation-006,fixed_cadence,0.0,0.34010668192597016,0.05,0.0,0.01629885743818731,0.1836655594082009,0.020977876605196732,0.0031123909963857543,0.012192785738324927,7.36080295643538e-05,0.5834613367915154,0.06589572876691818,0.06587776888709689,0.003951629214439893,0.0023336842255708198,0.003200884466049939,False,,5.0,5.0,1.25,4.25,True
11,native,confirmation-006,fixed_cadence,0.05,0.34010668192597016,0.049999999999999996,0.05,0.019615115809341215,0.20105688829509655,0.022491140272523,0.002327960104688752,0.013134307507089302,6.148224152874307e-05,0.640125498175621,0.06985832005739212,0.07087555905345816,0.0025233391281118383,0.001543284596583462,0.002452210870243389,False,,5.0,5.0,1.25,4.25,True
11,native,confirmation-006,fixed_cadence,0.1,0.34010668192597016,0.05,0.1,0.023157499256619234,0.21857216066665652,0.024290026056352693,0.002226284488319011,0.014247922869628437,7.97448987949895e-05,0.7210533693432808,0.09939603507518768,0.0767511523105008,0.002520651762701964,0.0014488997945674247,0.002376151564439468,False,,5.0,5.0,1.25,4.25,True
11,native,confirmation-006,fixed_cadence,0.2,0.34010668192597016,0.049999999999999996,0.19999999999999998,0.03147111371279798,0.2586806886863833,0.027902867523832725,0.0025849322294113006,0.01682102756578874,0.00019200030251798064,0.8763625845313072,0.1440349593758583,0.08955344117491937,0.005769444135672185,0.0013791894833570211,0.0020367720508801613,False,,5.0,5.0,1.25,4.25,True
11,native,confirmation-007,serial,0.0,-0.373065528290342,0.05,0.0,0.01634214112146776,0.1838000036028516,0.020967873118421163,0.0031123909963857543,0.015398437480251829,7.36080295643538e-05,0.634797215461731,0.06589572876691818,0.06537512435542563,0.003951629214439893,0.004216042336588061,0.003200884466049939,False,,5.0,5.0,1.4,4.4,True
11,native,confirmation-007,serial,0.05,-0.373065528290342,0.049999999999999996,0.05,0.01956801134275011,0.20083699205018835,0.023085548926142122,0.002327960104688752,0.016258075850080284,6.148224152874307e-05,0.6938797980546951,0.06985832005739212,0.07240543050365524,0.0025233391281118383,0.0035811487410271486,0.002452210870243389,False,,5.0,5.0,1.4,4.4,True
11,native,confirmation-007,serial,0.1,-0.373065528290342,0.1,0.10000000000000002,0.025085667009936703,0.2277321929201676,0.026111657093690527,0.0021789463011525874,0.019801260084792018,8.387705250398336e-05,0.8206414431333542,0.07715810090303421,0.08226689327511169,0.002743008876893943,0.004236858208430537,0.002370720408079441,False,,5.0,5.0,1.4,4.4,True
11,native,confirmation-007,serial,0.2,-0.373065528290342,0.19999999999999998,0.2,0.04244306145469756,0.28890723041249367,0.03446775339081193,0.0020893835247539506,0.033644023016214934,0.0001575850792340239,1.1073041334748268,0.07935989648103714,0.1064325035494306,0.004173101966056691,0.006565944707773865,0.0020531119519171708,False,,5.0,5.0,1.4,4.4,True
11,native,confirmation-007,fixed_cadence,0.0,-0.373065528290342,0.05,0.0,0.01634214112146776,0.1838000036028516,0.020967873118421163,0.0031123909963857543,0.015398437480251829,7.36080295643538e-05,0.634797215461731,0.06589572876691818,0.06537512435542563,0.003951629214439893,0.004216042336588061,0.003200884466049939,False,,5.0,5.0,1.4,4.4,True
11,native,confirmation-007,fixed_cadence,0.05,-0.373065528290342,0.049999999999999996,0.05,0.01956801134275011,0.20083699205018835,0.023085548926142122,0.002327960104688752,0.016258075850080284,6.148224152874307e-05,0.6938797980546951,0.06985832005739212,0.07240543050365524,0.0025233391281118383,0.0035811487410271486,0.002452210870243389,False,,5.0,5.0,1.4,4.4,True
11,native,confirmation-007,fixed_cadence,0.1,-0.373065528290342,0.05,0.1,0.022972644764391367,0.21797455760139114,0.025015547272663825,0.002226284488319011,0.017581010235263386,7.97448987949895e-05,0.7818171009421349,0.09939603507518768,0.0788255030500616,0.002520651762701964,0.003547345928081607,0.002376151564439468,False,,5.0,5.0,1.4,4.4,True
11,native,confirmation-007,fixed_cadence,0.2,-0.373065528290342,0.049999999999999996,0.19999999999999998,0.030939968056216866,0.25764200011453103,0.029419764071821286,0.0025849322294113006,0.022053763643631936,0.00019200030251798064,0.9702172502875328,0.1440349593758583,0.09492810267129977,0.005769444135672185,0.0028227988518547595,0.0020367720508801613,False,,5.0,5.0,1.4,4.4,True
11,candidate_half,confirmation-000,serial,0.0,0.5244675785137001,0.05,0.0,0.01462174109122204,0.17747365445905158,0.02861606709538757,0.0008380869630388435,0.031827405502521486,5.4081956183185675e-05,0.9219609573483467,0.0793265551328659,0.09210917469362565,0.002325227149912225,0.0019215072055033897,0.0004459185442939592,False,,5.0,5.0,1.45,4.45,True
11,candidate_half,confirmation-000,serial,0.05,0.5244675785137001,0.049999999999999996,0.05,0.017857547005550332,0.19549396692712903,0.03084614456012294,0.003786013675773039,0.03528594937625782,0.00015751841158422045,1.02491844445467,0.09848475456237793,0.09826043554713482,0.005556728635477861,0.005446675431779436,0.0039033151256654556,False,,5.0,5.0,1.45,4.45,True
11,candidate_half,confirmation-000,serial,0.1,0.5244675785137001,0.1,0.10000000000000002,0.024232096842826442,0.226644610046693,0.03568322751125467,0.007514572587998532,0.04538882708892812,0.000428811327935902,1.1860306933522224,0.10492850095033646,0.11138982720062102,0.010924088559760473,0.010257145964262412,0.007719525848317254,False,,5.0,5.0,1.45,4.45,True
11,candidate_half,confirmation-000,serial,0.2,0.5244675785137001,0.19999999999999998,0.2,0.04459697462650957,0.2950527787140621,0.04848482444267293,0.01550957665348025,0.07932847630920085,0.001562344216229361,1.6345914080739021,0.155147947371006,0.1400236501537544,0.023020958371447815,0.02193520615489963,0.016105744562728844,False,,5.0,5.0,1.45,4.45,True
11,candidate_half,confirmation-000,fixed_cadence,0.0,0.5244675785137001,0.05,0.0,0.01462174109122204,0.17747365445905158,0.02861606709538757,0.0008380869630388435,0.031827405502521486,5.4081956183185675e-05,0.9219609573483467,0.0793265551328659,0.09210917469362565,0.002325227149912225,0.0019215072055033897,0.0004459185442939592,False,,5.0,5.0,1.45,4.45,True
11,candidate_half,confirmation-000,fixed_cadence,0.05,0.5244675785137001,0.049999999999999996,0.05,0.017857547005550332,0.19549396692712903,0.03084614456012294,0.003786013675773039,0.03528594937625782,0.00015751841158422045,1.02491844445467,0.09848475456237793,0.09826043554713482,0.005556728635477861,0.005446675431779436,0.0039033151256654556,False,,5.0,5.0,1.45,4.45,True
11,candidate_half,confirmation-000,fixed_cadence,0.1,0.5244675785137001,0.05,0.1,0.02128337099988185,0.2132577795729272,0.03318619342378764,0.007434123252439723,0.03919023176174666,0.0003859101930450695,1.1276084929704666,0.11554624885320663,0.10397360387880267,0.01029105347753533,0.009289082982826427,0.007702321731170656,False,,5.0,5.0,1.45,4.45,True
11,candidate_half,confirmation-000,fixed_cadence,0.2,0.5244675785137001,0.049999999999999996,0.19999999999999998,0.029215134487512943,0.25416985684106236,0.037885438384751786,0.015065828343374903,0.04927778007442431,0.001243807961171311,1.4114933460950851,0.17699435353279114,0.11594615906953548,0.019409814973944076,0.016887601476894932,0.01597899566370358,False,,5.0,5.0,1.45,4.45,True
11,candidate_half,confirmation-001,serial,0.0,-0.4661912627211833,0.05,0.0,0.014674706143640075,0.17763233955632446,0.0260489524494712,0.0008380869630388435,0.025340924489689477,5.4081956183185675e-05,0.8299719169735909,0.0793265551328659,0.08378064778837116,0.002325227149912225,0.0010308506762058088,0.0004459185442939592,False,,5.0,5.0,1.45,4.45,True
11,candidate_half,confirmation-001,serial,0.05,-0.4661912627211833,0.049999999999999996,0.05,0.017792713512539242,0.19516690170467008,0.029789497399494904,0.003786013675773039,0.026708193099893387,0.00015751841158422045,0.917905829846859,0.09848475456237793,0.0952549162482551,0.005556728635477861,0.0027821682638178268,0.0039033151256654556,False,,5.0,5.0,1.45,4.45,True
11,candidate_half,confirmation-001,serial,0.1,-0.4661912627211833,0.1,0.10000000000000002,0.02396772753310759,0.2259740314359539,0.03559571271717462,0.007514572587998532,0.03285502516822816,0.000428811327935902,1.0486418008804321,0.10492850095033646,0.11283916249937366,0.010924088559760473,0.005855943050209647,0.007719525848317254,False,,5.0,5.0,1.45,4.45,True
11,candidate_half,confirmation-001,serial,0.2,-0.4661912627211833,0.19999999999999998,0.2,0.043765138229611436,0.2939931332688941,0.05017068264021179,0.01550957665348025,0.05638623841840466,0.001562344216229361,1.4447791874408722,0.155147947371006,0.15190632684128827,0.023020958371447815,0.012734725288435651,0.016105744562728844,False,,5.0,5.0,1.45,4.45,True
11,candidate_half,confirmation-001,fixed_cadence,0.0,-0.4661912627211833,0.05,0.0,0.014674706143640075,0.17763233955632446,0.0260489524494712,0.0008380869630388435,0.025340924489689477,5.4081956183185675e-05,0.8299719169735909,0.0793265551328659,0.08378064778837116,0.002325227149912225,0.0010308506762058088,0.0004459185442939592,False,,5.0,5.0,1.45,4.45,True
11,candidate_half,confirmation-001,fixed_cadence,0.05,-0.4661912627211833,0.049999999999999996,0.05,0.017792713512539242,0.19516690170467008,0.029789497399494904,0.003786013675773039,0.026708193099893387,0.00015751841158422045,0.917905829846859,0.09848475456237793,0.0952549162482551,0.005556728635477861,0.0027821682638178268,0.0039033151256654556,False,,5.0,5.0,1.45,4.45,True
11,candidate_half,confirmation-001,fixed_cadence,0.1,-0.4661912627211833,0.05,0.1,0.02106039795741276,0.21249256059227273,0.033840141115740095,0.007434123252439723,0.02859841450666562,0.0003859101930450695,1.0099057853221893,0.11554624885320663,0.10698318084275382,0.01029105347753533,0.0064378047241724174,0.007702321731170656,False,,5.0,5.0,1.45,4.45,True
11,candidate_half,confirmation-001,fixed_cadence,0.2,-0.4661912627211833,0.049999999999999996,0.19999999999999998,0.028585496972819795,0.2528963359349018,0.04346250100936395,0.015065828343374903,0.03649710024452101,0.001243807961171311,1.2857341021299362,0.17699435353279114,0.1353288025940674,0.019409814973944076,0.01527246985123713,0.01597899566370358,False,,5.0,5.0,1.45,4.45,True
11,candidate_half,confirmation-002,serial,0.0,0.458690969525116,0.05,0.0,0.014598755623286734,0.17736022095491583,0.025028219961580157,0.0008380869630388435,0.024474661571707367,5.4081956183185675e-05,0.81746656447649,0.0793265551328659,0.08056444349207861,0.002325227149912225,0.0017686480928674007,0.0004459185442939592,False,,5.0,5.0,1.55,4.55,True
11,candidate_half,confirmation-002,serial,0.05,0.458690969525116,0.049999999999999996,0.05,0.017814015739693174,0.19531619930185962,0.02695068293023991,0.003786013675773039,0.027317773815999993,0.00015751841158422045,0.9117485582828522,0.09848475456237793,0.08565092592550681,0.005556728635477861,0.005132640968802759,0.0039033151256654556,False,,5.0,5.0,1.55,4.55,True
11,candidate_half,confirmation-002,serial,0.1,0.458690969525116,0.1,0.10000000000000002,0.024158664598651194,0.22644846381469005,0.031267771417480064,0.007514572587998532,0.035342524769886585,0.000428811327935902,1.0554718226194382,0.10492850095033646,0.0968656287539139,0.010924088559760473,0.00992310524965985,0.007719525848317254,False,,5.0,5.0,1.55,4.55,True
11,candidate_half,confirmation-002,serial,0.2,0.458690969525116,0.19999999999999998,0.2,0.040903027483273964,0.28335017399857726,0.04132297680930294,0.01550957665348025,0.05792059986108017,0.001562344216229361,1.4540686458349228,0.155147947371006,0.1163351440699081,0.023020958371447815,0.02138244369926066,0.016105744562728844,False,,5.0,5.0,1.55,4.55,True
11,candidate_half,confirmation-002,fixed_cadence,0.0,0.458690969525116,0.05,0.0,0.014598755623286734,0.17736022095491583,0.025028219961580157,0.0008380869630388435,0.024474661571707367,5.4081956183185675e-05,0.81746656447649,0.0793265551328659,0.08056444349207861,0.002325227149912225,0.0017686480928674007,0.0004459185442939592,False,,5.0,5.0,1.55,4.55,True
11,candidate_half,confirmation-002,fixed_cadence,0.05,0.458690969525116,0.049999999999999996,0.05,0.017814015739693174,0.19531619930185962,0.02695068293023991,0.003786013675773039,0.027317773815999993,0.00015751841158422045,0.9117485582828522,0.09848475456237793,0.08565092592550681,0.005556728635477861,0.005132640968802759,0.0039033151256654556,False,,5.0,5.0,1.55,4.55,True
11,candidate_half,confirmation-002,fixed_cadence,0.1,0.458690969525116,0.05,0.1,0.021218941282821216,0.21304022331486877,0.029043408875518435,0.007434123252439723,0.030515629070327156,0.0003859101930450695,1.0052340105175972,0.11554624885320663,0.09028057886969953,0.01029105347753533,0.00892296759130075,0.007702321731170656,False,,5.0,5.0,1.55,4.55,True
11,candidate_half,confirmation-002,fixed_cadence,0.2,0.458690969525116,0.049999999999999996,0.19999999999999998,0.02911677734266005,0.2539925421458496,0.03339217512302399,0.015065828343374903,0.03877714995043781,0.001243807961171311,1.2637419253587723,0.17699435353279114,0.09984453720513885,0.019409814973944076,0.016400342268810562,0.01597899566370358,False,,5.0,5.0,1.55,4.55,True
11,candidate_half,confirmation-003,serial,0.0,0.30665192753936543,0.05,0.0,0.014557966712185774,0.17715460139900488,0.016511203016209428,0.0008380869630388435,0.010713005105669885,5.4081956183185675e-05,0.566631443798542,0.0793265551328659,0.05309992528474139,0.002325227149912225,0.001239273107570786,0.0004459185442939592,False,,5.0,5.0,1.25,4.25,True
11,candidate_half,confirmation-003,serial,0.05,0.30665192753936543,0.049999999999999996,0.05,0.017730093917326578,0.19496746693033037,0.017443934374508304,0.003786013675773039,0.012017036975143015,0.00015751841158422045,0.6331600248813629,0.09848475456237793,0.05476508896774768,0.005556728635477861,0.004693763515071329,0.0039033151256654556,False,,5.0,5.0,1.25,4.25,True
11,candidate_half,confirmation-003,serial,0.1,0.30665192753936543,0.1,0.10000000000000002,0.024007112824984033,0.22604152644222347,0.020282170448818353,0.007514572587998532,0.015800854880903683,0.000428811327935902,0.7292948663234711,0.10492850095033646,0.06042930765137254,0.010924088559760473,0.008737501751739683,0.007719525848317254,False,,5.0,5.0,1.25,4.25,True
11,candidate_half,confirmation-003,serial,0.2,0.30665192753936543,0.19999999999999998,0.2,0.044267775315536245,0.29458445973214487,0.02822546197759815,0.01550957665348025,0.028203422161382222,0.001562344216229361,0.9936229139566422,0.155147947371006,0.07229179133587647,0.023020958371447815,0.017793033929765965,0.016105744562728844,False,,5.0,5.0,1.25,4.25,True
11,candidate_half,confirmation-003,fixed_cadence,0.0,0.30665192753936543,0.05,0.0,0.014557966712185774,0.17715460139900488,0.016511203016209428,0.0008380869630388435,0.010713005105669885,5.4081956183185675e-05,0.566631443798542,0.0793265551328659,0.05309992528474139,0.002325227149912225,0.001239273107570786,0.0004459185442939592,False,,5.0,5.0,1.25,4.25,True
11,candidate_half,confirmation-003,fixed_cadence,0.05,0.30665192753936543,0.049999999999999996,0.05,0.017730093917326578,0.19496746693033037,0.017443934374508304,0.003786013675773039,0.012017036975143015,0.00015751841158422045,0.6331600248813629,0.09848475456237793,0.05476508896774768,0.005556728635477861,0.004693763515071329,0.0039033151256654556,False,,5.0,5.0,1.25,4.25,True
11,candidate_half,confirmation-003,fixed_cadence,0.1,0.30665192753936543,0.05,0.1,0.021089216024537318,0.21260093008476824,0.01886148975223631,0.007434123252439723,0.013649356147001425,0.0003859101930450695,0.7000578194856644,0.11554624885320663,0.05617972875325273,0.01029105347753533,0.008518021640820498,0.007702321731170656,False,,5.0,5.0,1.25,4.25,True
11,candidate_half,confirmation-003,fixed_cadence,0.2,0.30665192753936543,0.049999999999999996,0.19999999999999998,0.02891207020713063,0.2536765792564998,0.022582528345281582,0.015065828343374903,0.017749735588878105,0.001243807961171311,0.8938821032643318,0.17699435353279114,0.05900450998362446,0.019409814973944076,0.01667910594721565,0.01597899566370358,False,,5.0,5.0,1.25,4.25,True
11,candidate_half,confirmation-004,serial,0.0,-0.38344029684153796,0.05,0.0,0.014636150170615031,0.17745791739619252,0.02140245468791009,0.0008380869630388435,0.017113169458835082,5.4081956183185675e-05,0.6955970823764801,0.0793265551328659,0.0688336047361977,0.002325227149912225,0.000979504360612655,0.0004459185442939592,False,,5.0,5.0,1.55,4.55,True
11,candidate_half,confirmation-004,serial,0.05,-0.38344029684153796,0.049999999999999996,0.05,0.017747118894772505,0.19498626053990462,0.024681801041754523,0.003786013675773039,0.017924349135657044,0.00015751841158422045,0.7715058699250221,0.09848475456237793,0.07870444051766645,0.005556728635477861,0.0032038024503102127,0.0039033151256654556,False,,5.0,5.0,1.55,4.55,True
11,candidate_half,confirmation-004,serial,0.1,-0.38344029684153796,0.1,0.10000000000000002,0.02390923751516257,0.22580617251905485,0.029748178288934758,0.007514572587998532,0.022023964404876414,0.000428811327935902,0.8812500536441803,0.10492850095033646,0.09358742248007736,0.010924088559760473,0.006149131972516632,0.007719525848317254,False,,5.0,5.0,1.55,4.55,True
11,candidate_half,confirmation-004,serial,0.2,-0.38344029684153796,0.19999999999999998,0.2,0.04021458364134825,0.2823134997793062,0.04102147433625254,0.01550957665348025,0.03462112452177534,0.001562344216229361,1.1988241970539093,0.155147947371006,0.12196039892241552,0.023020958371447815,0.012586352602400427,0.016105744562728844,False,,5.0,5.0,1.55,4.55,True
11,candidate_half,confirmation-004,fixed_cadence,0.0,-0.38344029684153796,0.05,0.0,0.014636150170615031,0.17745791739619252,0.02140245468791009,0.0008380869630388435,0.017113169458835082,5.4081956183185675e-05,0.6955970823764801,0.0793265551328659,0.0688336047361977,0.002325227149912225,0.000979504360612655,0.0004459185442939592,False,,5.0,5.0,1.55,4.55,True
11,candidate_half,confirmation-004,fixed_cadence,0.05,-0.38344029684153796,0.049999999999999996,0.05,0.017747118894772505,0.19498626053990462,0.024681801041754523,0.003786013675773039,0.017924349135657044,0.00015751841158422045,0.7715058699250221,0.09848475456237793,0.07870444051766645,0.005556728635477861,0.0032038024503102127,0.0039033151256654556,False,,5.0,5.0,1.55,4.55,True
11,candidate_half,confirmation-004,fixed_cadence,0.1,-0.38344029684153796,0.05,0.1,0.021009923972012543,0.2123257773811402,0.028370767088913368,0.007434123252439723,0.01916411755191812,0.0003859101930450695,0.8508014678955078,0.11554624885320663,0.08889090495690737,0.01029105347753533,0.0068734238382990994,0.007702321731170656,False,,5.0,5.0,1.55,4.55,True
11,candidate_half,confirmation-004,fixed_cadence,0.2,-0.38344029684153796,0.049999999999999996,0.19999999999999998,0.02854213922755742,0.2528658827307856,0.03732768125522767,0.015065828343374903,0.024671577128315907,0.001243807961171311,1.0917653143405914,0.17699435353279114,0.11368457327858153,0.019409814973944076,0.01575849866353513,0.01597899566370358,False,,5.0,5.0,1.55,4.55,True
11,candidate_half,confirmation-005,serial,0.0,-0.5284560864389926,0.05,0.0,0.01470868818883049,0.17778716632218813,0.029588407055561615,0.0008380869630388435,0.03273729653125911,5.4081956183185675e-05,0.9324519336223602,0.0793265551328659,0.09517758484043322,0.002325227149912225,0.001228985701799824,0.0004459185442939592,False,,5.0,5.0,1.25,4.25,True
11,candidate_half,confirmation-005,serial,0.05,-0.5284560864389926,0.049999999999999996,0.05,0.01783554952450148,0.19533913146376966,0.033804908025696,0.003786013675773039,0.03488203034631203,0.00015751841158422045,1.0307048633694649,0.09848475456237793,0.10825021351564121,0.005556728635477861,0.0028797133615188937,0.0039033151256654556,False,,5.0,5.0,1.25,4.25,True
11,candidate_half,confirmation-005,serial,0.1,-0.5284560864389926,0.1,0.10000000000000002,0.024026561985342212,0.2261465627107271,0.04035887071409802,0.007514572587998532,0.04323019170035858,0.000428811327935902,1.178094670176506,0.10492850095033646,0.1284330431767989,0.010924088559760473,0.006565325419172993,0.007719525848317254,False,,5.0,5.0,1.25,4.25,True
11,candidate_half,confirmation-005,serial,0.2,-0.5284560864389926,0.19999999999999998,0.2,0.04382660330859505,0.29410443934360236,0.056876544625800905,0.01550957665348025,0.07519142628134276,0.001562344216229361,1.6407939791679382,0.155147947371006,0.17370626008640414,0.023020958371447815,0.01529971563270295,0.016105744562728844,False,,5.0,5.0,1.25,4.25,True
11,candidate_half,confirmation-005,fixed_cadence,0.0,-0.5284560864389926,0.05,0.0,0.01470868818883049,0.17778716632218813,0.029588407055561615,0.0008380869630388435,0.03273729653125911,5.4081956183185675e-05,0.9324519336223602,0.0793265551328659,0.09517758484043322,0.002325227149912225,0.001228985701799824,0.0004459185442939592,False,,5.0,5.0,1.25,4.25,True
11,candidate_half,confirmation-005,fixed_cadence,0.05,-0.5284560864389926,0.049999999999999996,0.05,0.01783554952450148,0.19533913146376966,0.033804908025696,0.003786013675773039,0.03488203034631203,0.00015751841158422045,1.0307048633694649,0.09848475456237793,0.10825021351564121,0.005556728635477861,0.0028797133615188937,0.0039033151256654556,False,,5.0,5.0,1.25,4.25,True
11,candidate_half,confirmation-005,fixed_cadence,0.1,-0.5284560864389926,0.05,0.1,0.021110672305933262,0.212672207419978,0.038235442947276634,0.007434123252439723,0.03754965236884643,0.0003859101930450695,1.131315566599369,0.11554624885320663,0.12145218892845633,0.01029105347753533,0.006479471526606949,0.007702321731170656,False,,5.0,5.0,1.25,4.25,True
11,candidate_half,confirmation-005,fixed_cadence,0.2,-0.5284560864389926,0.049999999999999996,0.19999999999999998,0.028641621042619015,0.25296413426917996,0.0483889041248887,0.015065828343374903,0.04782185462437453,0.001243807961171311,1.4340557530522346,0.17699435353279114,0.15251270799469666,0.019409814973944076,0.01483389553170354,0.01597899566370358,False,,5.0,5.0,1.25,4.25,True
11,candidate_half,confirmation-006,serial,0.0,0.34010668192597016,0.05,0.0,0.014565010460718614,0.1771908543652943,0.01835378425219307,0.0008380869630388435,0.013200507004143408,5.4081956183185675e-05,0.6208335608243942,0.0793265551328659,0.05903891883907663,0.002325227149912225,0.0013327378640804713,0.0004459185442939592,False,,5.0,5.0,1.25,4.25,True
11,candidate_half,confirmation-006,serial,0.05,0.34010668192597016,0.049999999999999996,0.05,0.01774555796264443,0.19503215999351303,0.019443944685998703,0.003786013675773039,0.014737392135710722,0.00015751841158422045,0.6926392391324043,0.09848475456237793,0.061309680230343035,0.005556728635477861,0.004785697300747111,0.0039033151256654556,False,,5.0,5.0,1.25,4.25,True
11,candidate_half,confirmation-006,serial,0.1,0.34010668192597016,0.1,0.10000000000000002,0.02403626660276591,0.22611959962665049,0.022515009537051354,0.007514572587998532,0.019255673513407647,0.000428811327935902,0.7984824106097221,0.10492850095033646,0.06801585688849204,0.010924088559760473,0.008861339116522106,0.007719525848317254,False,,5.0,5.0,1.25,4.25,True
11,candidate_half,confirmation-006,serial,0.2,0.34010668192597016,0.19999999999999998,0.2,0.04431462804836319,0.2946503649531747,0.03099582822779408,0.01550957665348025,0.034105635651550406,0.001562344216229361,1.08899537473917,0.155147947371006,0.08215403181603426,0.023020958371447815,0.018027708833490474,0.016105744562728844,False,,5.0,5.0,1.25,4.25,True
11,candidate_half,confirmation-006,fixed_cadence,0.0,0.34010668192597016,0.05,0.0,0.014565010460718614,0.1771908543652943,0.01835378425219307,0.0008380869630388435,0.013200507004143408,5.4081956183185675e-05,0.6208335608243942,0.0793265551328659,0.05903891883907663,0.002325227149912225,0.0013327378640804713,0.0004459185442939592,False,,5.0,5.0,1.25,4.25,True
11,candidate_half,confirmation-006,fixed_cadence,0.05,0.34010668192597016,0.049999999999999996,0.05,0.01774555796264443,0.19503215999351303,0.019443944685998703,0.003786013675773039,0.014737392135710722,0.00015751841158422045,0.6926392391324043,0.09848475456237793,0.061309680230343035,0.005556728635477861,0.004785697300747111,0.0039033151256654556,False,,5.0,5.0,1.25,4.25,True
11,candidate_half,confirmation-006,fixed_cadence,0.1,0.34010668192597016,0.05,0.1,0.021114223967082044,0.21268377521815268,0.020942782633347853,0.007434123252439723,0.01663605573173625,0.0003859101930450695,0.7648583874106407,0.11554624885320663,0.06332125241194919,0.01029105347753533,0.00861129101505579,0.007702321731170656,False,,5.0,5.0,1.25,4.25,True
11,candidate_half,confirmation-006,fixed_cadence,0.2,0.34010668192597016,0.049999999999999996,0.19999999999999998,0.028955053803237884,0.2537457636577545,0.024678324801346213,0.015065828343374903,0.02143631628028978,0.001243807961171311,0.9728524833917618,0.17699435353279114,0.06751641020662892,0.019409814973944076,0.016756881491630297,0.01597899566370358,False,,5.0,5.0,1.25,4.25,True
11,candidate_half,confirmation-007,serial,0.0,-0.373065528290342,0.05,0.0,0.014633355594489337,0.17744630702970798,0.020906705078537858,0.0008380869630388435,0.016367773842315,5.4081956183185675e-05,0.681307278573513,0.0793265551328659,0.0672521629412633,0.002325227149912225,0.0007554059871735489,0.0004459185442939592,False,,5.0,5.0,1.4,4.4,True
11,candidate_half,confirmation-007,serial,0.05,-0.373065528290342,0.049999999999999996,0.05,0.017743791466208882,0.19497451319027959,0.024208249158626908,0.003786013675773039,0.01720866870611147,0.00015751841158422045,0.7543213665485382,0.09848475456237793,0.0771929392294707,0.005556728635477861,0.00294756748003623,0.0039033151256654556,False,,5.0,5.0,1.4,4.4,True
11,candidate_half,confirmation-007,serial,0.1,-0.373065528290342,0.1,0.10000000000000002,0.023107512670698063,0.22236184383558624,0.028849780928962628,0.007514572587998532,0.02098353775318515,0.000428811327935902,0.8856428787112236,0.10492850095033646,0.0907683165366285,0.010924088559760473,0.006314748507488743,0.007719525848317254,False,,5.0,5.0,1.4,4.4,True
11,candidate_half,confirmation-007,serial,0.2,-0.373065528290342,0.19999999999999998,0.2,0.040213271118575596,0.2852056041950712,0.04069376653942034,0.01550957665348025,0.036646913499421,0.001562344216229361,1.2167944386601448,0.155147947371006,0.1220743166782746,0.023020958371447815,0.013901866362724166,0.016105744562728844,False,,5.0,5.0,1.4,4.4,True
11,candidate_half,confirmation-007,fixed_cadence,0.0,-0.373065528290342,0.05,0.0,0.014633355594489337,0.17744630702970798,0.020906705078537858,0.0008380869630388435,0.016367773842315,5.4081956183185675e-05,0.681307278573513,0.0793265551328659,0.0672521629412633,0.002325227149912225,0.0007554059871735489,0.0004459185442939592,False,,5.0,5.0,1.4,4.4,True
11,candidate_half,confirmation-007,fixed_cadence,0.05,-0.373065528290342,0.049999999999999996,0.05,0.017743791466208882,0.19497451319027959,0.024208249158626908,0.003786013675773039,0.01720866870611147,0.00015751841158422045,0.7543213665485382,0.09848475456237793,0.0771929392294707,0.005556728635477861,0.00294756748003623,0.0039033151256654556,False,,5.0,5.0,1.4,4.4,True
11,candidate_half,confirmation-007,fixed_cadence,0.1,-0.373065528290342,0.05,0.1,0.021006121244243038,0.21231648632817776,0.027903011475818983,0.007434123252439723,0.018417088890671448,0.0003859101930450695,0.8303852006793022,0.11554624885320663,0.08739635631044593,0.01029105347753533,0.006650750855324495,0.007702321731170656,False,,5.0,5.0,1.4,4.4,True
11,candidate_half,confirmation-007,fixed_cadence,0.2,-0.373065528290342,0.049999999999999996,0.19999999999999998,0.028545229004733736,0.25288662927976596,0.03684934763787315,0.015065828343374903,0.02383667887220476,0.001243807961171311,1.062728725373745,0.17699435353279114,0.11214244296377188,0.019409814973944076,0.015286161395116704,0.01597899566370358,False,,5.0,5.0,1.4,4.4,True
11,candidate_stronger,confirmation-000,serial,0.0,0.5244675785137001,0.05,0.0,0.018299599848070384,0.19061372876662214,0.0351493623385188,0.006852119277518598,0.02636384254323874,0.0002682799403791461,0.8335786312818527,0.08558224886655807,0.10771111151035712,0.009012877572852301,0.00678123979957046,0.007133425782624741,False,,5.0,5.0,1.45,4.45,True
11,candidate_stronger,confirmation-000,serial,0.05,0.5244675785137001,0.049999999999999996,0.05,0.021815168942462996,0.20772889391726304,0.03896607327334032,0.008592813788686527,0.027856140925062733,0.0003859079888183377,0.8885956183075905,0.07646918296813965,0.1188121604605803,0.010822431129608427,0.008761133847138582,0.009030865470571863,False,,5.0,5.0,1.45,4.45,True
11,candidate_stronger,confirmation-000,serial,0.1,0.5244675785137001,0.1,0.10000000000000002,0.028601069602408498,0.23769804006272854,0.045524829152726085,0.011930834359341407,0.03376882605285291,0.0007556377038889224,1.0168873146176338,0.08833073079586029,0.13828839663398965,0.01506937568591022,0.011129207925670315,0.012570427813010366,False,,5.0,5.0,1.45,4.45,True
11,candidate_stronger,confirmation-000,serial,0.2,0.5244675785137001,0.19999999999999998,0.2,0.04921465365421462,0.30229144520299767,0.060634986913052025,0.01941323850414505,0.05208442624503927,0.002236679509422245,1.2942741066217422,0.12373853474855423,0.17795742186423627,0.02598583587147845,0.015772823395104964,0.020150203599403994,False,,5.0,5.0,1.45,4.45,True
11,candidate_stronger,confirmation-000,fixed_cadence,0.0,0.5244675785137001,0.05,0.0,0.018299599848070384,0.19061372876662214,0.0351493623385188,0.006852119277518598,0.02636384254323874,0.0002682799403791461,0.8335786312818527,0.08558224886655807,0.10771111151035712,0.009012877572852301,0.00678123979957046,0.007133425782624741,False,,5.0,5.0,1.45,4.45,True
11,candidate_stronger,confirmation-000,fixed_cadence,0.05,0.5244675785137001,0.049999999999999996,0.05,0.021815168942462996,0.20772889391726304,0.03896607327334032,0.008592813788686527,0.027856140925062733,0.0003859079888183377,0.8885956183075905,0.07646918296813965,0.1188121604605803,0.010822431129608427,0.008761133847138582,0.009030865470571863,False,,5.0,5.0,1.45,4.45,True
11,candidate_stronger,confirmation-000,fixed_cadence,0.1,0.5244675785137001,0.05,0.1,0.025584839734527454,0.22513828319237003,0.04360489598421544,0.01198817519052222,0.02966728992607963,0.0007716925085872466,0.9936658293008804,0.11668466031551361,0.13161786223429267,0.015034642152621706,0.012284536735379634,0.012577793371534269,False,,5.0,5.0,1.45,4.45,True
11,candidate_stronger,confirmation-000,fixed_cadence,0.2,0.5244675785137001,0.049999999999999996,0.19999999999999998,0.03443233747631489,0.26415638717807427,0.05379522789135984,0.019690506029915754,0.03471298121154154,0.002446605057303891,1.218467354774475,0.20001884549856186,0.15917531930704668,0.026571013612449453,0.020854181154050782,0.020101900661962237,False,,5.0,5.0,1.45,4.45,True
11,candidate_stronger,confirmation-001,serial,0.0,-0.4661912627211833,0.05,0.0,0.018259025666374412,0.19039055042584718,0.027079768800701613,0.006852119277518598,0.022561022453807394,0.0002682799403791461,0.7491892203688622,0.08558224886655807,0.0810229802276642,0.009012877572852301,0.008057196600928565,0.007133425782624741,False,,5.0,5.0,1.45,4.45,True
11,candidate_stronger,confirmation-001,serial,0.05,-0.4661912627211833,0.049999999999999996,0.05,0.021601042883856128,0.20691576227679523,0.02926862780853562,0.008592813788686527,0.02412663977233782,0.0003859079888183377,0.7988297194242477,0.07646918296813965,0.08662085225050672,0.010822431129608427,0.009880951684034193,0.009030865470571863,False,,5.0,5.0,1.45,4.45,True
11,candidate_stronger,confirmation-001,serial,0.1,-0.4661912627211833,0.1,0.10000000000000002,0.028104377211197788,0.2363983622035468,0.03341098407162714,0.011930834359341407,0.029908401382086745,0.0007556377038889224,0.9225178137421608,0.08833073079586029,0.09659300507017715,0.01506937568591022,0.014389570717176958,0.012570427813010366,False,,5.0,5.0,1.45,4.45,True
11,candidate_stronger,confirmation-001,serial,0.2,-0.4661912627211833,0.19999999999999998,0.2,0.048335925222553366,0.3008312016385413,0.04513068177253999,0.01941323850414505,0.04998208614232086,0.002236679509422245,1.213027760386467,0.12373853474855423,0.12084394341533229,0.02598583587147845,0.02491429020887469,0.020150203599403994,False,,5.0,5.0,1.45,4.45,True
11,candidate_stronger,confirmation-001,fixed_cadence,0.0,-0.4661912627211833,0.05,0.0,0.018259025666374412,0.19039055042584718,0.027079768800701613,0.006852119277518598,0.022561022453807394,0.0002682799403791461,0.7491892203688622,0.08558224886655807,0.0810229802276642,0.009012877572852301,0.008057196600928565,0.007133425782624741,False,,5.0,5.0,1.45,4.45,True
11,candidate_stronger,confirmation-001,fixed_cadence,0.05,-0.4661912627211833,0.049999999999999996,0.05,0.021601042883856128,0.20691576227679523,0.02926862780853562,0.008592813788686527,0.02412663977233782,0.0003859079888183377,0.7988297194242477,0.07646918296813965,0.08662085225050672,0.010822431129608427,0.009880951684034193,0.009030865470571863,False,,5.0,5.0,1.45,4.45,True
11,candidate_stronger,confirmation-001,fixed_cadence,0.1,-0.4661912627211833,0.05,0.1,0.025127617434462634,0.22377125601129763,0.03148876459595365,0.01198817519052222,0.026785526548045235,0.0007716925085872466,0.9053796157240868,0.11668466031551361,0.09078007238295331,0.015034642152621706,0.013338682882731163,0.012577793371534269,False,,5.0,5.0,1.45,4.45,True
11,candidate_stronger,confirmation-001,fixed_cadence,0.2,-0.4661912627211833,0.049999999999999996,0.19999999999999998,0.033442068484016194,0.26229394500451075,0.0370222269332252,0.019690506029915754,0.0346888128393355,0.002446605057303891,1.1456764116883278,0.20001884549856186,0.10165591231028243,0.026571013612449453,0.019889339300942423,0.020101900661962237,False,,5.0,5.0,1.45,4.45,True
11,candidate_stronger,confirmation-002,serial,0.0,0.458690969525116,0.05,0.0,0.018261116121507985,0.1904547933541317,0.031053106028944174,0.006852119277518598,0.01996091075161674,0.0002682799403791461,0.7375267893075943,0.08558224886655807,0.09472942117269126,0.009012877572852301,0.007649326184343394,0.007133425782624741,False,,5.0,5.0,1.55,4.55,True
11,candidate_stronger,confirmation-002,serial,0.05,0.458690969525116,0.049999999999999996,0.05,0.021751015413147966,0.20749224214131232,0.03452266793145759,0.008592813788686527,0.0211296513396779,0.0003859079888183377,0.7852417975664139,0.07646918296813965,0.10467449485491438,0.010822431129608427,0.009689881934059017,0.009030865470571863,False,,5.0,5.0,1.55,4.55,True
11,candidate_stronger,confirmation-002,serial,0.1,0.458690969525116,0.1,0.10000000000000002,0.0285001637260639,0.23743258276293255,0.04046191902542989,0.011930834359341407,0.025663475379455725,0.0007556377038889224,0.8988189697265625,0.08833073079586029,0.12200223918742376,0.01506937568591022,0.012320421391523093,0.012570427813010366,False,,5.0,5.0,1.55,4.55,True
11,candidate_stronger,confirmation-002,serial,0.2,0.458690969525116,0.19999999999999998,0.2,0.04545481610501051,0.29207184883161424,0.05247434784858215,0.01941323850414505,0.03707666547433264,0.002236679509422245,1.1567194014787674,0.12373853474855423,0.15252485866843543,0.02598583587147845,0.017533248916476996,0.020150203599403994,False,,5.0,5.0,1.55,4.55,True
11,candidate_stronger,confirmation-002,fixed_cadence,0.0,0.458690969525116,0.05,0.0,0.018261116121507985,0.1904547933541317,0.031053106028944174,0.006852119277518598,0.01996091075161674,0.0002682799403791461,0.7375267893075943,0.08558224886655807,0.09472942117269126,0.009012877572852301,0.007649326184343394,0.007133425782624741,False,,5.0,5.0,1.55,4.55,True
11,candidate_stronger,confirmation-002,fixed_cadence,0.05,0.458690969525116,0.049999999999999996,0.05,0.021751015413147966,0.20749224214131232,0.03452266793145759,0.008592813788686527,0.0211296513396779,0.0003859079888183377,0.7852417975664139,0.07646918296813965,0.10467449485491438,0.010822431129608427,0.009689881934059017,0.009030865470571863,False,,5.0,5.0,1.55,4.55,True
11,candidate_stronger,confirmation-002,fixed_cadence,0.1,0.458690969525116,0.05,0.1,0.025494403885449823,0.2248722193747641,0.03883479719985107,0.01198817519052222,0.02254373231926046,0.0007716925085872466,0.8830175921320915,0.11668466031551361,0.1161918979572004,0.015034642152621706,0.013230832298925946,0.012577793371534269,False,,5.0,5.0,1.55,4.55,True
11,candidate_stronger,confirmation-002,fixed_cadence,0.2,0.458690969525116,0.049999999999999996,0.19999999999999998,0.034310973007060236,0.26395614693570685,0.048368194224162435,0.019690506029915754,0.026732526591519215,0.002446605057303891,1.0923122987151146,0.20001884549856186,0.1408092403847064,0.026571013612449453,0.021677083543682595,0.020101900661962237,False,,5.0,5.0,1.55,4.55,True
11,candidate_stronger,confirmation-003,serial,0.0,0.30665192753936543,0.05,0.0,0.018194489158619258,0.19017777646255302,0.022277576554276497,0.006852119277518598,0.009244606147289851,0.0002682799403791461,0.525784082710743,0.08558224886655807,0.06683459768123036,0.009012877572852301,0.00623301211054005,0.007133425782624741,False,,5.0,5.0,1.25,4.25,True
11,candidate_stronger,confirmation-003,serial,0.05,0.30665192753936543,0.049999999999999996,0.05,0.021635676462391763,0.20707670165099204,0.02495464849019394,0.008592813788686527,0.009815413210556918,0.0003859079888183377,0.5559934675693512,0.07646918296813965,0.07406088018757273,0.010822431129608427,0.008093388370531203,0.009030865470571863,False,,5.0,5.0,1.25,4.25,True
11,candidate_stronger,confirmation-003,serial,0.1,0.30665192753936543,0.1,0.10000000000000002,0.028313572254900346,0.23694016531500842,0.029781042742283246,0.011930834359341407,0.012218594418322846,0.0007556377038889224,0.6366424262523651,0.08833073079586029,0.08732787674694097,0.01506937568591022,0.01111136747323232,0.012570427813010366,False,,5.0,5.0,1.25,4.25,True
11,candidate_stronger,confirmation-003,serial,0.2,0.30665192753936543,0.19999999999999998,0.2,0.048870206662515916,0.30175792331985474,0.04099514703751229,0.01941323850414505,0.019563111458524574,0.002236679509422245,0.8051500841975212,0.12373853474855423,0.11453761704456247,0.02598583587147845,0.01738006404723734,0.020150203599403994,False,,5.0,5.0,1.25,4.25,True
11,candidate_stronger,confirmation-003,fixed_cadence,0.0,0.30665192753936543,0.05,0.0,0.018194489158619258,0.19017777646255302,0.022277576554276497,0.006852119277518598,0.009244606147289851,0.0002682799403791461,0.525784082710743,0.08558224886655807,0.06683459768123036,0.009012877572852301,0.00623301211054005,0.007133425782624741,False,,5.0,5.0,1.25,4.25,True
11,candidate_stronger,confirmation-003,fixed_cadence,0.05,0.30665192753936543,0.049999999999999996,0.05,0.021635676462391763,0.20707670165099204,0.02495464849019394,0.008592813788686527,0.009815413210556918,0.0003859079888183377,0.5559934675693512,0.07646918296813965,0.07406088018757273,0.010822431129608427,0.008093388370531203,0.009030865470571863,False,,5.0,5.0,1.25,4.25,True
11,candidate_stronger,confirmation-003,fixed_cadence,0.1,0.30665192753936543,0.05,0.1,0.025324883524711825,0.2243707738054367,0.028762013266981704,0.01198817519052222,0.010717088561594052,0.0007716925085872466,0.6346900761127472,0.11668466031551361,0.0833343993683605,0.015034642152621706,0.011627893466688887,0.012577793371534269,False,,5.0,5.0,1.25,4.25,True
11,candidate_stronger,confirmation-003,fixed_cadence,0.2,0.30665192753936543,0.049999999999999996,0.19999999999999998,0.03404156736679541,0.2634920140447835,0.03757003043027528,0.019690506029915754,0.013490139588328636,0.002446605057303891,0.7953385636210442,0.20001884549856186,0.10386774162400374,0.026571013612449453,0.01957396079457586,0.020101900661962237,False,,5.0,5.0,1.25,4.25,True
11,candidate_stronger,confirmation-004,serial,0.0,-0.38344029684153796,0.05,0.0,0.01821906159464868,0.19023436181054046,0.022273291187794222,0.006852119277518598,0.015653818466417543,0.0002682799403791461,0.6325621902942657,0.08558224886655807,0.06557728521426368,0.009012877572852301,0.007441995918003551,0.007133425782624741,False,,5.0,5.0,1.55,4.55,True
11,candidate_stronger,confirmation-004,serial,0.05,-0.38344029684153796,0.049999999999999996,0.05,0.02155723293686401,0.20676561640152394,0.02410280464214847,0.008592813788686527,0.016782146858091082,0.0003859079888183377,0.6718979030847549,0.07646918296813965,0.06980789513243937,0.010822431129608427,0.009201428490143491,0.009030865470571863,False,,5.0,5.0,1.55,4.55,True
11,candidate_stronger,confirmation-004,serial,0.1,-0.38344029684153796,0.1,0.10000000000000002,0.02805297948479008,0.2362747248954658,0.027725670177497774,0.011930834359341407,0.020966888309497386,0.0007556377038889224,0.7767608389258385,0.08833073079586029,0.07752024442575721,0.01506937568591022,0.013519302202678826,0.012570427813010366,False,,5.0,5.0,1.55,4.55,True
11,candidate_stronger,confirmation-004,serial,0.2,-0.38344029684153796,0.19999999999999998,0.2,0.04474815031710984,0.29087661850050806,0.036939112849325,0.01941323850414505,0.03340767623019907,0.002236679509422245,1.039017178118229,0.12373853474855423,0.09299822715611067,0.02598583587147845,0.023444659165100912,0.020150203599403994,False,,5.0,5.0,1.55,4.55,True
11,candidate_stronger,confirmation-004,fixed_cadence,0.0,-0.38344029684153796,0.05,0.0,0.01821906159464868,0.19023436181054046,0.022273291187794222,0.006852119277518598,0.015653818466417543,0.0002682799403791461,0.6325621902942657,0.08558224886655807,0.06557728521426368,0.009012877572852301,0.007441995918003551,0.007133425782624741,False,,5.0,5.0,1.55,4.55,True
11,candidate_stronger,confirmation-004,fixed_cadence,0.05,-0.38344029684153796,0.049999999999999996,0.05,0.02155723293686401,0.20676561640152394,0.02410280464214847,0.008592813788686527,0.016782146858091082,0.0003859079888183377,0.6718979030847549,0.07646918296813965,0.06980789513243937,0.010822431129608427,0.009201428490143491,0.009030865470571863,False,,5.0,5.0,1.55,4.55,True
11,candidate_stronger,confirmation-004,fixed_cadence,0.1,-0.38344029684153796,0.05,0.1,0.025085083781515877,0.22364380585646065,0.026158757353623135,0.01198817519052222,0.01881849053004106,0.0007716925085872466,0.7674657180905342,0.11668466031551361,0.07270900567144727,0.015034642152621706,0.012620577571688723,0.012577793371534269,False,,5.0,5.0,1.55,4.55,True
11,candidate_stronger,confirmation-004,fixed_cadence,0.2,-0.38344029684153796,0.049999999999999996,0.19999999999999998,0.033425907167519336,0.2623158331333517,0.03158155788590189,0.019690506029915754,0.024927079566509427,0.002446605057303891,0.9805826470255852,0.20001884549856186,0.08085541613279952,0.026571013612449453,0.019236048142923158,0.020101900661962237,False,,5.0,5.0,1.55,4.55,True
11,candidate_stronger,confirmation-005,serial,0.0,-0.5284560864389926,0.05,0.0,0.018291026024643386,0.19051420428624652,0.03058088652377653,0.006852119277518598,0.028253024940866553,0.0002682799403791461,0.8337486535310745,0.08558224886655807,0.09216262007959707,0.009012877572852301,0.00879364609469638,0.007133425782624741,False,,5.0,5.0,1.25,4.25,True
11,candidate_stronger,confirmation-005,serial,0.05,-0.5284560864389926,0.049999999999999996,0.05,0.021638067948307284,0.20704095822606175,0.033091187478658246,0.008592813788686527,0.03021513162294195,0.0003859079888183377,0.8915627375245094,0.07646918296813965,0.09887857689311626,0.010822431129608427,0.01074923178610312,0.009030865470571863,False,,5.0,5.0,1.25,4.25,True
11,candidate_stronger,confirmation-005,serial,0.1,-0.5284560864389926,0.1,0.10000000000000002,0.02814928314417811,0.23650328541585036,0.037592999407616234,0.011930834359341407,0.037177268060617226,0.0007556377038889224,1.0266543924808502,0.08833073079586029,0.11034240746751967,0.01506937568591022,0.015197615089689621,0.012570427813010366,False,,5.0,5.0,1.25,4.25,True
11,candidate_stronger,confirmation-005,serial,0.2,-0.5284560864389926,0.19999999999999998,0.2,0.048359838577212454,0.30084294675295453,0.04992425965335226,0.01941323850414505,0.061489804696692754,0.002236679509422245,1.3398387283086777,0.12373853474855423,0.13708100661247621,0.02598583587147845,0.025492837124881186,0.020150203599403994,False,,5.0,5.0,1.25,4.25,True
11,candidate_stronger,confirmation-005,fixed_cadence,0.0,-0.5284560864389926,0.05,0.0,0.018291026024643386,0.19051420428624652,0.03058088652377653,0.006852119277518598,0.028253024940866553,0.0002682799403791461,0.8337486535310745,0.08558224886655807,0.09216262007959707,0.009012877572852301,0.00879364609469638,0.007133425782624741,False,,5.0,5.0,1.25,4.25,True
11,candidate_stronger,confirmation-005,fixed_cadence,0.05,-0.5284560864389926,0.049999999999999996,0.05,0.021638067948307284,0.20704095822606175,0.033091187478658246,0.008592813788686527,0.03021513162294195,0.0003859079888183377,0.8915627375245094,0.07646918296813965,0.09887857689311626,0.010822431129608427,0.01074923178610312,0.009030865470571863,False,,5.0,5.0,1.25,4.25,True
11,candidate_stronger,confirmation-005,fixed_cadence,0.1,-0.5284560864389926,0.05,0.1,0.025165341472720336,0.223881041450481,0.03541344368496785,0.01198817519052222,0.033263269282917673,0.0007716925085872466,1.004568375647068,0.11668466031551361,0.10378777817401305,0.015034642152621706,0.01429384957347855,0.012577793371534269,False,,5.0,5.0,1.25,4.25,True
11,candidate_stronger,confirmation-005,fixed_cadence,0.2,-0.5284560864389926,0.049999999999999996,0.19999999999999998,0.033460933416241845,0.2622762668672091,0.04077012496913622,0.019690506029915754,0.04236632595005286,0.002446605057303891,1.2611477449536324,0.20001884549856186,0.11562237503848541,0.026571013612449453,0.02111758174788056,0.020101900661962237,False,,5.0,5.0,1.25,4.25,True
11,candidate_stronger,confirmation-006,serial,0.0,0.34010668192597016,0.05,0.0,0.01820798727685297,0.19023435758834406,0.02425713191597587,0.006852119277518598,0.011345610619495908,0.0002682799403791461,0.5740812793374062,0.08558224886655807,0.07321619210152812,0.009012877572852301,0.006138528064346445,0.007133425782624741,False,,5.0,5.0,1.25,4.25,True
11,candidate_stronger,confirmation-006,serial,0.05,0.34010668192597016,0.049999999999999996,0.05,0.02165980631875577,0.20716265367951697,0.027092321881437745,0.008592813788686527,0.012027375440048579,0.0003859079888183377,0.6082579120993614,0.07646918296813965,0.08101781323972132,0.010822431129608427,0.007994842069460478,0.009030865470571863,False,,5.0,5.0,1.25,4.25,True
11,candidate_stronger,confirmation-006,serial,0.1,0.34010668192597016,0.1,0.10000000000000002,0.02835448649938588,0.2370490119657129,0.03217744181469634,0.011930834359341407,0.014893625705205273,0.0007556377038889224,0.6965933367609978,0.08833073079586029,0.09528874786671386,0.01506937568591022,0.010956234418305363,0.012570427813010366,False,,5.0,5.0,1.25,4.25,True
11,candidate_stronger,confirmation-006,serial,0.2,0.34010668192597016,0.19999999999999998,0.2,0.048922958274708724,0.3018388846135576,0.044018431507280076,0.01941323850414505,0.023651417376286128,0.002236679509422245,0.8816907927393913,0.12373853474855423,0.12464766152542078,0.02598583587147845,0.017097620448427452,0.020150203599403994,False,,5.0,5.0,1.25,4.25,True
11,candidate_stronger,confirmation-006,fixed_cadence,0.0,0.34010668192597016,0.05,0.0,0.01820798727685297,0.19023435758834406,0.02425713191597587,0.006852119277518598,0.011345610619495908,0.0002682799403791461,0.5740812793374062,0.08558224886655807,0.07321619210152812,0.009012877572852301,0.006138528064346445,0.007133425782624741,False,,5.0,5.0,1.25,4.25,True
11,candidate_stronger,confirmation-006,fixed_cadence,0.05,0.34010668192597016,0.049999999999999996,0.05,0.02165980631875577,0.20716265367951697,0.027092321881437745,0.008592813788686527,0.012027375440048579,0.0003859079888183377,0.6082579120993614,0.07646918296813965,0.08101781323972132,0.010822431129608427,0.007994842069460478,0.009030865470571863,False,,5.0,5.0,1.25,4.25,True
11,candidate_stronger,confirmation-006,fixed_cadence,0.1,0.34010668192597016,0.05,0.1,0.02536149987961731,0.22447981926557092,0.031017556072552223,0.01198817519052222,0.013062115535732303,0.0007716925085872466,0.6911893934011459,0.11668466031551361,0.09087156796631592,0.015034642152621706,0.01152730585575245,0.012577793371534269,False,,5.0,5.0,1.25,4.25,True
11,candidate_stronger,confirmation-006,fixed_cadence,0.2,0.34010668192597016,0.049999999999999996,0.19999999999999998,0.034098557997244545,0.2635900749897057,0.04005059344246541,0.019690506029915754,0.016150235090597667,0.002446605057303891,0.8613359555602074,0.20001884549856186,0.11271033977010128,0.026571013612449453,0.019521050518391023,0.020101900661962237,False,,5.0,5.0,1.25,4.25,True
11,candidate_stronger,confirmation-007,serial,0.0,-0.373065528290342,0.05,0.0,0.01821261350722549,0.1902082014851645,0.021479287765380075,0.006852119277518598,0.014636747470425024,0.0002682799403791461,0.6147372722625732,0.08558224886655807,0.06303117707084709,0.009012877572852301,0.00799708450723108,0.007133425782624741,False,,5.0,5.0,1.4,4.4,True
11,candidate_stronger,confirmation-007,serial,0.05,-0.373065528290342,0.049999999999999996,0.05,0.02155120441026013,0.20674400769356416,0.023275179417368983,0.008592813788686527,0.015709184220242672,0.0003859079888183377,0.6530707329511642,0.07646918296813965,0.06709649585279268,0.010822431129608427,0.009866383363301567,0.009030865470571863,False,,5.0,5.0,1.4,4.4,True
11,candidate_stronger,confirmation-007,serial,0.1,-0.373065528290342,0.1,0.10000000000000002,0.02718997509952246,0.23305337509957358,0.02636800567511531,0.011930834359341407,0.019484417383844186,0.0007556377038889224,0.7688469812273979,0.08833073079586029,0.07302119163480836,0.01506937568591022,0.014167527522263015,0.012570427813010366,False,,5.0,5.0,1.4,4.4,True
11,candidate_stronger,confirmation-007,serial,0.2,-0.373065528290342,0.19999999999999998,0.2,0.04462269524044411,0.29257081508037863,0.03560755460110296,0.01941323850414505,0.03349845198478029,0.002236679509422245,1.0596248134970665,0.12373853474855423,0.08916099104648084,0.02598583587147845,0.02400415470333321,0.020150203599403994,False,,5.0,5.0,1.4,4.4,True
11,candidate_stronger,confirmation-007,fixed_cadence,0.0,-0.373065528290342,0.05,0.0,0.01821261350722549,0.1902082014851645,0.021479287765380075,0.006852119277518598,0.014636747470425024,0.0002682799403791461,0.6147372722625732,0.08558224886655807,0.06303117707084709,0.009012877572852301,0.00799708450723108,0.007133425782624741,False,,5.0,5.0,1.4,4.4,True
11,candidate_stronger,confirmation-007,fixed_cadence,0.05,-0.373065528290342,0.049999999999999996,0.05,0.02155120441026013,0.20674400769356416,0.023275179417368983,0.008592813788686527,0.015709184220242672,0.0003859079888183377,0.6530707329511642,0.07646918296813965,0.06709649585279268,0.010822431129608427,0.009866383363301567,0.009030865470571863,False,,5.0,5.0,1.4,4.4,True
11,candidate_stronger,confirmation-007,fixed_cadence,0.1,-0.373065528290342,0.05,0.1,0.025079658531461,0.22362570110130675,0.025252122256006704,0.01198817519052222,0.017606312079511202,0.0007716925085872466,0.7460838183760643,0.11668466031551361,0.0696289441258116,0.015034642152621706,0.013372802780236705,0.012577793371534269,False,,5.0,5.0,1.4,4.4,True
11,candidate_stronger,confirmation-007,fixed_cadence,0.2,-0.373065528290342,0.049999999999999996,0.19999999999999998,0.03342284520575944,0.2623077795403902,0.030440467768391537,0.019690506029915754,0.023490409264567826,0.002446605057303891,0.9548716247081757,0.20001884549856186,0.07670499320792247,0.026571013612449453,0.020185818616919246,0.020101900661962237,False,,5.0,5.0,1.4,4.4,True
11,alternative_half,confirmation-000,serial,0.0,0.5244675785137001,0.05,0.0,0.014989533580340253,0.1787438091199179,0.03753873439749537,0.033376846342814265,0.04509916371870432,0.00621450649202771,1.0392599180340767,0.21473802626132965,0.06185264369013104,0.04303301522797087,0.035362480137746025,0.03413209689887612,False,,5.0,5.0,1.45,4.45,True
11,alternative_half,confirmation-000,serial,0.05,0.5244675785137001,0.049999999999999996,0.05,0.018250755710961023,0.1966879499961435,0.040783110290865926,0.03618526045344126,0.048715535194951566,0.00731799815937108,1.1172432824969292,0.2189188078045845,0.06748643590101666,0.04747766773695837,0.038464262952459104,0.037130945626855136,False,,5.0,5.0,1.45,4.45,True
11,alternative_half,confirmation-000,serial,0.1,0.5244675785137001,0.1,0.10000000000000002,0.024507564565313753,0.22751298322401897,0.04520377002845971,0.037950051188001634,0.05857479393036268,0.008277924757005556,1.2863032892346382,0.24347752332687378,0.08202149775133383,0.05115952236188177,0.041282114087069235,0.039048972009289154,False,,5.0,5.0,1.45,4.45,True
11,alternative_half,confirmation-000,serial,0.2,0.5244675785137001,0.19999999999999998,0.2,0.04417090479471398,0.2954704156123256,0.05568655677482481,0.04124691347923316,0.08995813122949918,0.009961836515965935,1.6721968725323677,0.2735144644975662,0.11471017742440541,0.05803438497858281,0.04769531076452037,0.0429705681152005,False,,5.0,5.0,1.45,4.45,True
11,alternative_half,confirmation-000,fixed_cadence,0.0,0.5244675785137001,0.05,0.0,0.014989533580340253,0.1787438091199179,0.03753873439749537,0.033376846342814265,0.04509916371870432,0.00621450649202771,1.0392599180340767,0.21473802626132965,0.06185264369013104,0.04303301522797087,0.035362480137746025,0.03413209689887612,False,,5.0,5.0,1.45,4.45,True
11,alternative_half,confirmation-000,fixed_cadence,0.05,0.5244675785137001,0.049999999999999996,0.05,0.018250755710961023,0.1966879499961435,0.040783110290865926,0.03618526045344126,0.048715535194951566,0.00731799815937108,1.1172432824969292,0.2189188078045845,0.06748643590101666,0.04747766773695837,0.038464262952459104,0.037130945626855136,False,,5.0,5.0,1.45,4.45,True
11,alternative_half,confirmation-000,fixed_cadence,0.1,0.5244675785137001,0.05,0.1,0.0216353099050038,0.21425618890852363,0.042991824831814025,0.03779879891525215,0.05188388070843423,0.008023725182959993,1.2069106474518776,0.22997181862592697,0.07373010281652326,0.0496268027974003,0.04031753703187104,0.038995209728346546,False,,5.0,5.0,1.45,4.45,True
11,alternative_half,confirmation-000,fixed_cadence,0.2,0.5244675785137001,0.049999999999999996,0.19999999999999998,0.02950907569326214,0.2548028009348119,0.04631648253929683,0.04065123260233867,0.0595885990593812,0.008999325910210456,1.4922568947076797,0.3006669133901596,0.08803189508194013,0.05182174042667467,0.043245361945520304,0.04276849223273697,False,,5.0,5.0,1.45,4.45,True
11,alternative_half,confirmation-001,serial,0.0,-0.4661912627211833,0.05,0.0,0.01515892108204252,0.1794221003198447,0.04798586920614404,0.033376846342814265,0.023836423905013098,0.00621450649202771,0.8989978954195976,0.21473802626132965,0.11645235689112485,0.04303301522797087,0.033078332079354164,0.03413209689887612,False,,5.0,5.0,1.45,4.45,True
11,alternative_half,confirmation-001,serial,0.05,-0.4661912627211833,0.049999999999999996,0.05,0.018313673782197244,0.1968355274988533,0.05242903734476095,0.03618526045344126,0.02644274247077076,0.00731799815937108,0.966859795153141,0.2189188078045845,0.12805391086341303,0.04747766773695837,0.035997673318862965,0.037130945626855136,False,,5.0,5.0,1.45,4.45,True
11,alternative_half,confirmation-001,serial,0.1,-0.4661912627211833,0.1,0.10000000000000002,0.024371422687383255,0.22719476352308093,0.05684661287250053,0.037950051188001634,0.033001227530438236,0.008277924757005556,1.0983478277921677,0.24347752332687378,0.14345380403805283,0.05115952236188177,0.03714296189128847,0.039048972009289154,False,,5.0,5.0,1.45,4.45,True
11,alternative_half,confirmation-001,serial,0.2,-0.4661912627211833,0.19999999999999998,0.2,0.04340055036947766,0.29461090392759454,0.06763465752683422,0.04124691347923316,0.05599005213376,0.009961836515965935,1.4395623281598091,0.2735144644975662,0.17804666533716473,0.05803438497858281,0.03921370319936627,0.0429705681152005,False,,5.0,5.0,1.45,4.45,True
11,alternative_half,confirmation-001,fixed_cadence,0.0,-0.4661912627211833,0.05,0.0,0.01515892108204252,0.1794221003198447,0.04798586920614404,0.033376846342814265,0.023836423905013098,0.00621450649202771,0.8989978954195976,0.21473802626132965,0.11645235689112485,0.04303301522797087,0.033078332079354164,0.03413209689887612,False,,5.0,5.0,1.45,4.45,True
11,alternative_half,confirmation-001,fixed_cadence,0.05,-0.4661912627211833,0.049999999999999996,0.05,0.018313673782197244,0.1968355274988533,0.05242903734476095,0.03618526045344126,0.02644274247077076,0.00731799815937108,0.966859795153141,0.2189188078045845,0.12805391086341303,0.04747766773695837,0.035997673318862965,0.037130945626855136,False,,5.0,5.0,1.45,4.45,True
11,alternative_half,confirmation-001,fixed_cadence,0.1,-0.4661912627211833,0.05,0.1,0.021541469419148373,0.21391665939839277,0.05582962483561916,0.03779879891525215,0.029483818733328778,0.008023725182959993,1.0546470806002617,0.22997181862592697,0.13856697421579153,0.0496268027974003,0.0378712819844862,0.038995209728346546,False,,5.0,5.0,1.45,4.45,True
11,alternative_half,confirmation-001,fixed_cadence,0.2,-0.4661912627211833,0.049999999999999996,0.19999999999999998,0.029024364422586175,0.2537165571871263,0.06313629913172798,0.04065123260233867,0.03923864400262871,0.008999325910210456,1.350947991013527,0.3006669133901596,0.1640824118200151,0.05182174042667467,0.04239934912546003,0.04276849223273697,False,,5.0,5.0,1.45,4.45,True
11,alternative_half,confirmation-002,serial,0.0,0.458690969525116,0.05,0.0,0.01496891168927132,0.17864350871932524,0.03593408160971558,0.033376846342814265,0.03709398888000248,0.00621450649202771,0.9414343535900116,0.21473802626132965,0.05863074271306515,0.04303301522797087,0.03495932490573852,0.03413209689887612,False,,5.0,5.0,1.55,4.55,True
11,alternative_half,confirmation-002,serial,0.05,0.458690969525116,0.049999999999999996,0.05,0.018210673819673763,0.1965283482041187,0.03905780506186694,0.03618526045344126,0.04031629096382293,0.00731799815937108,1.0121741145849228,0.2189188078045845,0.06402093620365337,0.04747766773695837,0.03800114861982825,0.037130945626855136,False,,5.0,5.0,1.55,4.55,True
11,alternative_half,confirmation-002,serial,0.1,0.458690969525116,0.1,0.10000000000000002,0.024436261674717484,0.22732931180035676,0.04295752823685432,0.037950051188001634,0.04829063953013439,0.008277924757005556,1.162557676434517,0.24347752332687378,0.07365426210239649,0.05115952236188177,0.04083282566455623,0.039048972009289154,False,,5.0,5.0,1.55,4.55,True
11,alternative_half,confirmation-002,serial,0.2,0.458690969525116,0.19999999999999998,0.2,0.040544308396541204,0.28401412526895964,0.051175230815934294,0.04124691347923316,0.06942040306517655,0.009961836515965935,1.516599841415882,0.2735144644975662,0.09698117443623261,0.05803438497858281,0.047177665047246506,0.0429705681152005,False,,5.0,5.0,1.55,4.55,True
11,alternative_half,confirmation-002,fixed_cadence,0.0,0.458690969525116,0.05,0.0,0.01496891168927132,0.17864350871932524,0.03593408160971558,0.033376846342814265,0.03709398888000248,0.00621450649202771,0.9414343535900116,0.21473802626132965,0.05863074271306515,0.04303301522797087,0.03495932490573852,0.03413209689887612,False,,5.0,5.0,1.55,4.55,True
11,alternative_half,confirmation-002,fixed_cadence,0.05,0.458690969525116,0.049999999999999996,0.05,0.018210673819673763,0.1965283482041187,0.03905780506186694,0.03618526045344126,0.04031629096382293,0.00731799815937108,1.0121741145849228,0.2189188078045845,0.06402093620365337,0.04747766773695837,0.03800114861982825,0.037130945626855136,False,,5.0,5.0,1.55,4.55,True
11,alternative_half,confirmation-002,fixed_cadence,0.1,0.458690969525116,0.05,0.1,0.021573812248638073,0.21405435029185754,0.04107849443290017,0.03779879891525215,0.043017865900928515,0.008023725182959993,1.093316338956356,0.22997181862592697,0.06735154301693977,0.0496268027974003,0.03983169563462513,0.038995209728346546,False,,5.0,5.0,1.55,4.55,True
11,alternative_half,confirmation-002,fixed_cadence,0.2,0.458690969525116,0.049999999999999996,0.19999999999999998,0.029410938668816534,0.25462691941454385,0.044001020492361306,0.04065123260233867,0.04928455344760087,0.008999325910210456,1.3529323413968086,0.3006669133901596,0.07286718316828995,0.05182174042667467,0.04271042923572453,0.04276849223273697,False,,5.0,5.0,1.55,4.55,True
11,alternative_half,confirmation-003,serial,0.0,0.30665192753936543,0.05,0.0,0.014950966025784123,0.17855085251459088,0.0323301092378719,0.033376846342814265,0.020342827939686045,0.00621450649202771,0.6693143025040627,0.21473802626132965,0.04964709480660299,0.04303301522797087,0.03484788815640688,0.03413209689887612,False,,5.0,5.0,1.25,4.25,True
11,alternative_half,confirmation-003,serial,0.05,0.30665192753936543,0.049999999999999996,0.05,0.018139723893516858,0.19623394237831057,0.03487959184002545,0.03618526045344126,0.02212606225362214,0.00731799815937108,0.711061991751194,0.2189188078045845,0.05387978733750894,0.04747766773695837,0.03793004522046949,0.037130945626855136,False,,5.0,5.0,1.25,4.25,True
11,alternative_half,confirmation-003,serial,0.1,0.30665192753936543,0.1,0.10000000000000002,0.024285307803818976,0.22694287216316947,0.03724129596292051,0.037950051188001634,0.02608620537746631,0.008277924757005556,0.8221510052680969,0.24347752332687378,0.060547270766751794,0.05115952236188177,0.04008071507730064,0.039048972009289154,False,,5.0,5.0,1.25,4.25,True
11,alternative_half,confirmation-003,serial,0.2,0.30665192753936543,0.19999999999999998,0.2,0.043810279774004035,0.2950306944291917,0.04216895762107492,0.04124691347923316,0.03745573542880938,0.009961836515965935,1.0272013023495674,0.2735144644975662,0.0770017032152257,0.05803438497858281,0.044522571704027604,0.0429705681152005,False,,5.0,5.0,1.25,4.25,True
11,alternative_half,confirmation-003,fixed_cadence,0.0,0.30665192753936543,0.05,0.0,0.014950966025784123,0.17855085251459088,0.0323301092378719,0.033376846342814265,0.020342827939686045,0.00621450649202771,0.6693143025040627,0.21473802626132965,0.04964709480660299,0.04303301522797087,0.03484788815640688,0.03413209689887612,False,,5.0,5.0,1.25,4.25,True
11,alternative_half,confirmation-003,fixed_cadence,0.05,0.30665192753936543,0.049999999999999996,0.05,0.018139723893516858,0.19623394237831057,0.03487959184002545,0.03618526045344126,0.02212606225362214,0.00731799815937108,0.711061991751194,0.2189188078045845,0.05387978733750894,0.04747766773695837,0.03793004522046949,0.037130945626855136,False,,5.0,5.0,1.25,4.25,True
11,alternative_half,confirmation-003,fixed_cadence,0.1,0.30665192753936543,0.05,0.1,0.02145031752702909,0.2136475902749309,0.03633560502391119,0.03779879891525215,0.023567113822897733,0.008023725182959993,0.7689781486988068,0.22997181862592697,0.05654190438081442,0.0496268027974003,0.03980906248991636,0.038995209728346546,False,,5.0,5.0,1.25,4.25,True
11,alternative_half,confirmation-003,fixed_cadence,0.2,0.30665192753936543,0.049999999999999996,0.19999999999999998,0.029221287938444123,0.2543324148554363,0.03849846268720523,0.04065123260233867,0.026525241242456386,0.008999325910210456,0.9733068570494652,0.3006669133901596,0.05963406212017991,0.05182174042667467,0.04336290742479731,0.04276849223273697,False,,5.0,5.0,1.25,4.25,True
11,alternative_half,confirmation-004,serial,0.0,-0.38344029684153796,0.05,0.0,0.01510770646454141,0.17919460293351736,0.04447430442284808,0.033376846342814265,0.016942834981913256,0.00621450649202771,0.7739093527197838,0.21473802626132965,0.10066795282124552,0.04303301522797087,0.03349758227076371,0.03413209689887612,False,,5.0,5.0,1.55,4.55,True
11,alternative_half,confirmation-004,serial,0.05,-0.38344029684153796,0.049999999999999996,0.05,0.018255038205077116,0.19661189062009932,0.0484958164159721,0.03618526045344126,0.018917197379142294,0.00731799815937108,0.8298969268798828,0.2189188078045845,0.11043006716508848,0.04747766773695837,0.036471674364538964,0.037130945626855136,False,,5.0,5.0,1.55,4.55,True
11,alternative_half,confirmation-004,serial,0.1,-0.38344029684153796,0.1,0.10000000000000002,0.02429894229329525,0.22699279839110076,0.052194626095203256,0.037950051188001634,0.023550776773272462,0.008277924757005556,0.9434068202972412,0.24347752332687378,0.12305860405369631,0.05115952236188177,0.03763557185575554,0.039048972009289154,False,,5.0,5.0,1.55,4.55,True
11,alternative_half,confirmation-004,serial,0.2,-0.38344029684153796,0.19999999999999998,0.2,0.03986103723590106,0.2830723618110177,0.059842340093576876,0.04124691347923316,0.03614592032289032,0.009961836515965935,1.2096860632300377,0.2735144644975662,0.1468027151671631,0.05803438497858281,0.03968519408608019,0.0429705681152005,False,,5.0,5.0,1.55,4.55,True
11,alternative_half,confirmation-004,fixed_cadence,0.0,-0.38344029684153796,0.05,0.0,0.01510770646454141,0.17919460293351736,0.04447430442284808,0.033376846342814265,0.016942834981913256,0.00621450649202771,0.7739093527197838,0.21473802626132965,0.10066795282124552,0.04303301522797087,0.03349758227076371,0.03413209689887612,False,,5.0,5.0,1.55,4.55,True
11,alternative_half,confirmation-004,fixed_cadence,0.05,-0.38344029684153796,0.049999999999999996,0.05,0.018255038205077116,0.19661189062009932,0.0484958164159721,0.03618526045344126,0.018917197379142294,0.00731799815937108,0.8298969268798828,0.2189188078045845,0.11043006716508848,0.04747766773695837,0.036471674364538964,0.037130945626855136,False,,5.0,5.0,1.55,4.55,True
11,alternative_half,confirmation-004,fixed_cadence,0.1,-0.38344029684153796,0.05,0.1,0.021476010392696823,0.21369499744804474,0.05147257464363566,0.03779879891525215,0.021163734304188515,0.008023725182959993,0.9047402441501617,0.22997181862592697,0.11931374351406283,0.0496268027974003,0.03836039126363341,0.038995209728346546,False,,5.0,5.0,1.55,4.55,True
11,alternative_half,confirmation-004,fixed_cadence,0.2,-0.38344029684153796,0.049999999999999996,0.19999999999999998,0.028958495838326284,0.2536429858643217,0.05786223594665341,0.04065123260233867,0.028226286333222016,0.008999325910210456,1.1658689379692078,0.3006669133901596,0.14135994041556157,0.05182174042667467,0.04287190918782825,0.04276849223273697,False,,5.0,5.0,1.55,4.55,True
11,alternative_half,confirmation-005,serial,0.0,-0.5284560864389926,0.05,0.0,0.01521386705998928,0.17967529695369777,0.051244371262038416,0.033376846342814265,0.03154569520950375,0.00621450649202771,0.9957076981663704,0.21473802626132965,0.13077735694970144,0.04303301522797087,0.03291206795292414,0.03413209689887612,False,,5.0,5.0,1.25,4.25,True
11,alternative_half,confirmation-005,serial,0.05,-0.5284560864389926,0.049999999999999996,0.05,0.018376000807919693,0.19709710998055904,0.056131357535289736,0.03618526045344126,0.0351017686486911,0.00731799815937108,1.0733849927783012,0.2189188078045845,0.144352952115476,0.04747766773695837,0.03577566653012965,0.037130945626855136,False,,5.0,5.0,1.25,4.25,True
11,alternative_half,confirmation-005,serial,0.1,-0.5284560864389926,0.1,0.10000000000000002,0.024452895013872853,0.22743978290218808,0.06131012857264402,0.037950051188001634,0.043958072340830184,0.008277924757005556,1.2173410132527351,0.24347752332687378,0.16260677001195076,0.05115952236188177,0.037347192060974074,0.039048972009289154,False,,5.0,5.0,1.25,4.25,True
11,alternative_half,confirmation-005,serial,0.2,-0.5284560864389926,0.19999999999999998,0.2,0.04351405002696661,0.29480125745344987,0.07413317962366706,0.04124691347923316,0.07547855004660294,0.009961836515965935,1.6255146637558937,0.2735144644975662,0.20364342249018333,0.05803438497858281,0.04082690490587652,0.0429705681152005,False,,5.0,5.0,1.25,4.25,True
11,alternative_half,confirmation-005,fixed_cadence,0.0,-0.5284560864389926,0.05,0.0,0.01521386705998928,0.17967529695369777,0.051244371262038416,0.033376846342814265,0.03154569520950375,0.00621450649202771,0.9957076981663704,0.21473802626132965,0.13077735694970144,0.04303301522797087,0.03291206795292414,0.03413209689887612,False,,5.0,5.0,1.25,4.25,True
11,alternative_half,confirmation-005,fixed_cadence,0.05,-0.5284560864389926,0.049999999999999996,0.05,0.018376000807919693,0.19709710998055904,0.056131357535289736,0.03618526045344126,0.0351017686486911,0.00731799815937108,1.0733849927783012,0.2189188078045845,0.144352952115476,0.04747766773695837,0.03577566653012965,0.037130945626855136,False,,5.0,5.0,1.25,4.25,True
11,alternative_half,confirmation-005,fixed_cadence,0.1,-0.5284560864389926,0.05,0.1,0.021614259691058058,0.21417930619418352,0.05990636786815849,0.03779879891525215,0.039020065921860844,0.008023725182959993,1.1700322106480598,0.22997181862592697,0.15629152394804793,0.0496268027974003,0.037620982113372524,0.038995209728346546,False,,5.0,5.0,1.25,4.25,True
11,alternative_half,confirmation-005,fixed_cadence,0.2,-0.5284560864389926,0.049999999999999996,0.19999999999999998,0.029114101007337644,0.25386219378214236,0.06777309492004463,0.04065123260233867,0.051017485507940476,0.008999325910210456,1.4933139085769653,0.3006669133901596,0.18366300888333975,0.05182174042667467,0.0417832064149786,0.04276849223273697,False,,5.0,5.0,1.25,4.25,True
11,alternative_half,confirmation-006,serial,0.0,0.34010668192597016,0.05,0.0,0.01495453433952069,0.17857005254552702,0.03275901708901153,0.033376846342814265,0.023178763176566818,0.00621450649202771,0.7221395522356033,0.21473802626132965,0.05138470324334275,0.04303301522797087,0.034926749975568376,0.03413209689887612,False,,5.0,5.0,1.25,4.25,True
11,alternative_half,confirmation-006,serial,0.05,0.34010668192597016,0.049999999999999996,0.05,0.01815165738831169,0.19628353984322655,0.035346683098804704,0.03618526045344126,0.02512606714338998,0.00731799815937108,0.7690484821796417,0.2189188078045845,0.05579026220776322,0.04747766773695837,0.03801830896582427,0.037130945626855136,False,,5.0,5.0,1.25,4.25,True
11,alternative_half,confirmation-006,serial,0.1,0.34010668192597016,0.1,0.10000000000000002,0.024311636998903225,0.22701024150705332,0.03792459531173715,0.037950051188001634,0.029739148224674633,0.008277924757005556,0.8890277147293091,0.24347752332687378,0.06299267617728475,0.05115952236188177,0.040196519573521106,0.039048972009289154,False,,5.0,5.0,1.25,4.25,True
11,alternative_half,confirmation-006,serial,0.2,0.34010668192597016,0.19999999999999998,0.2,0.04385789396676342,0.29508964388780395,0.043458689909789315,0.04124691347923316,0.04329030323718398,0.009961836515965935,1.1178118735551834,0.2735144644975662,0.08089487032109796,0.05803438497858281,0.04471034919932746,0.0429705681152005,False,,5.0,5.0,1.25,4.25,True
11,alternative_half,confirmation-006,fixed_cadence,0.0,0.34010668192597016,0.05,0.0,0.01495453433952069,0.17857005254552702,0.03275901708901153,0.033376846342814265,0.023178763176566818,0.00621450649202771,0.7221395522356033,0.21473802626132965,0.05138470324334275,0.04303301522797087,0.034926749975568376,0.03413209689887612,False,,5.0,5.0,1.25,4.25,True
11,alternative_half,confirmation-006,fixed_cadence,0.05,0.34010668192597016,0.049999999999999996,0.05,0.01815165738831169,0.19628353984322655,0.035346683098804704,0.03618526045344126,0.02512606714338998,0.00731799815937108,0.7690484821796417,0.2189188078045845,0.05579026220776322,0.04747766773695837,0.03801830896582427,0.037130945626855136,False,,5.0,5.0,1.25,4.25,True
11,alternative_half,confirmation-006,fixed_cadence,0.1,0.34010668192597016,0.05,0.1,0.021472218439464504,0.21372054737998566,0.036865136942490766,0.03779879891525215,0.026751457741445158,0.008023725182959993,0.8320051059126854,0.22997181862592697,0.05856572730632942,0.0496268027974003,0.03989903969104631,0.038995209728346546,False,,5.0,5.0,1.25,4.25,True
11,alternative_half,confirmation-006,fixed_cadence,0.2,0.34010668192597016,0.049999999999999996,0.19999999999999998,0.029261505052557837,0.2544030953408317,0.03914147189195537,0.04065123260233867,0.03026523973730976,0.008999325910210456,1.0501600056886673,0.3006669133901596,0.06166337497965934,0.05182174042667467,0.04342838476119686,0.04276849223273697,False,,5.0,5.0,1.25,4.25,True
11,alternative_half,confirmation-007,serial,0.0,-0.373065528290342,0.05,0.0,0.015106219367512202,0.17919249076963087,0.04428660140096862,0.033376846342814265,0.016666082328043244,0.00621450649202771,0.7518559694290161,0.21473802626132965,0.10028327151780443,0.04303301522797087,0.03323268992062881,0.03413209689887612,False,,5.0,5.0,1.4,4.4,True
11,alternative_half,confirmation-007,serial,0.05,-0.373065528290342,0.049999999999999996,0.05,0.018250157942335917,0.19659667757331947,0.048353288111430914,0.03618526045344126,0.018771656196058528,0.00731799815937108,0.8065801113843918,0.2189188078045845,0.11049519827150088,0.04747766773695837,0.0361526644330621,0.037130945626855136,False,,5.0,5.0,1.4,4.4,True
11,alternative_half,confirmation-007,serial,0.1,-0.373065528290342,0.1,0.10000000000000002,0.02348579642163349,0.2235795739251392,0.05175529914859004,0.037950051188001634,0.023123747227794395,0.008277924757005556,0.9346288815140724,0.24347752332687378,0.12203049530564596,0.05115952236188177,0.03755559762453858,0.039048972009289154,False,,5.0,5.0,1.4,4.4,True
11,alternative_half,confirmation-007,serial,0.2,-0.373065528290342,0.19999999999999998,0.2,0.03984613263609748,0.2859069144243063,0.05987136890975237,0.04124691347923316,0.038862713484550386,0.009961836515965935,1.214166022837162,0.2735144644975662,0.14908000753955292,0.05803438497858281,0.04038456580827811,0.0429705681152005,False,,5.0,5.0,1.4,4.4,True
11,alternative_half,confirmation-007,fixed_cadence,0.0,-0.373065528290342,0.05,0.0,0.015106219367512202,0.17919249076963087,0.04428660140096862,0.033376846342814265,0.016666082328043244,0.00621450649202771,0.7518559694290161,0.21473802626132965,0.10028327151780443,0.04303301522797087,0.03323268992062881,0.03413209689887612,False,,5.0,5.0,1.4,4.4,True
11,alternative_half,confirmation-007,fixed_cadence,0.05,-0.373065528290342,0.049999999999999996,0.05,0.018250157942335917,0.19659667757331947,0.048353288111430914,0.03618526045344126,0.018771656196058528,0.00731799815937108,0.8065801113843918,0.2189188078045845,0.11049519827150088,0.04747766773695837,0.0361526644330621,0.037130945626855136,False,,5.0,5.0,1.4,4.4,True
11,alternative_half,confirmation-007,fixed_cadence,0.1,-0.373065528290342,0.05,0.1,0.021470648227019825,0.21368576296173272,0.051340282931631724,0.03779879891525215,0.021046491986519637,0.008023725182959993,0.87984599173069,0.22997181862592697,0.11956334682332685,0.0496268027974003,0.03801655366047219,0.038995209728346546,False,,5.0,5.0,1.4,4.4,True
11,alternative_half,confirmation-007,fixed_cadence,0.2,-0.373065528290342,0.049999999999999996,0.19999999999999998,0.028965836494500675,0.25368743529012,0.057668803699995635,0.04065123260233867,0.02803314871291657,0.008999325910210456,1.1358826234936714,0.3006669133901596,0.14142028740112958,0.05182174042667467,0.04231549837516022,0.04276849223273697,False,,5.0,5.0,1.4,4.4,True
11,alternative_matched,confirmation-000,serial,0.0,0.5244675785137001,0.05,0.0,0.01593896798366597,0.1823634527046043,0.02888288531623306,0.007728627946251247,0.0321208408961258,0.00035018826043509187,0.9062276780605316,0.09757239371538162,0.08807957797229704,0.010063764972827901,0.009167477696595186,0.00787941990131209,False,,5.0,5.0,1.45,4.45,True
11,alternative_matched,confirmation-000,serial,0.05,0.5244675785137001,0.049999999999999996,0.05,0.019279080405036505,0.20007626126423014,0.031671865894193366,0.009134542803820088,0.03460518075452864,0.0004931831334400313,0.9691427648067474,0.08810248225927353,0.09588947642650611,0.012552475477436932,0.010683965767519071,0.009297452984046693,False,,5.0,5.0,1.45,4.45,True
11,alternative_matched,confirmation-000,serial,0.1,0.5244675785137001,0.1,0.10000000000000002,0.02577206039009181,0.2307457282405947,0.036794634040187284,0.009797430163481051,0.042599160323379986,0.0006231603629196224,1.133349947631359,0.11068057268857956,0.1117587479367007,0.014224720884990924,0.0123711042928105,0.00991965637008575,False,,5.0,5.0,1.45,4.45,True
11,alternative_matched,confirmation-000,serial,0.2,0.5244675785137001,0.19999999999999998,0.2,0.046075736793100446,0.29774721683751215,0.048929946312217275,0.010931967542501527,0.06806467864780034,0.0007961494164770988,1.4604080840945244,0.10947506874799728,0.14515073184985655,0.016489506989205087,0.01708762603321749,0.011300112066627822,False,,5.0,5.0,1.45,4.45,True
11,alternative_matched,confirmation-000,fixed_cadence,0.0,0.5244675785137001,0.05,0.0,0.01593896798366597,0.1823634527046043,0.02888288531623306,0.007728627946251247,0.0321208408961258,0.00035018826043509187,0.9062276780605316,0.09757239371538162,0.08807957797229704,0.010063764972827901,0.009167477696595186,0.00787941990131209,False,,5.0,5.0,1.45,4.45,True
11,alternative_matched,confirmation-000,fixed_cadence,0.05,0.5244675785137001,0.049999999999999996,0.05,0.019279080405036505,0.20007626126423014,0.031671865894193366,0.009134542803820088,0.03460518075452864,0.0004931831334400313,0.9691427648067474,0.08810248225927353,0.09588947642650611,0.012552475477436932,0.010683965767519071,0.009297452984046693,False,,5.0,5.0,1.45,4.45,True
11,alternative_matched,confirmation-000,fixed_cadence,0.1,0.5244675785137001,0.05,0.1,0.022817690837481676,0.2176589386565572,0.03430357851246337,0.009691078111808488,0.03713710086193598,0.0005737757798746087,1.0802250355482101,0.12168955057859421,0.10437373356570569,0.013407322990243015,0.01130307861825377,0.00990017556465888,False,,5.0,5.0,1.45,4.45,True
11,alternative_matched,confirmation-000,fixed_cadence,0.2,0.5244675785137001,0.049999999999999996,0.19999999999999998,0.031072257991589455,0.25785219069148785,0.0390342926057976,0.010552185868181331,0.04326950814623304,0.0006242137555167321,1.2769384309649467,0.13234201818704605,0.12241104790522096,0.013853299184805115,0.011812964657315834,0.011250708429162962,False,,5.0,5.0,1.45,4.45,True
11,alternative_matched,confirmation-001,serial,0.0,-0.4661912627211833,0.05,0.0,0.016002217264111867,0.18257461813175888,0.03000330115158842,0.007728627946251247,0.02236756061782704,0.00035018826043509187,0.8044127002358437,0.09757239371538162,0.09268382687592273,0.010063764972827901,0.006919491628775588,0.00787941990131209,False,,5.0,5.0,1.45,4.45,True
11,alternative_matched,confirmation-001,serial,0.05,-0.4661912627211833,0.049999999999999996,0.05,0.01920900661306952,0.19974713016085857,0.033227410659513935,0.009134542803820088,0.023935034398960005,0.0004931831334400313,0.8574331924319267,0.08810248225927353,0.10216440267144229,0.012552475477436932,0.008272052051231212,0.009297452984046693,False,,5.0,5.0,1.45,4.45,True
11,alternative_matched,confirmation-001,serial,0.1,-0.4661912627211833,0.1,0.10000000000000002,0.025473458879902284,0.22997904779576697,0.03756309862987499,0.009797430163481051,0.029766153039681574,0.0006231603629196224,0.9963271021842957,0.11068057268857956,0.1164838560058295,0.014224720884990924,0.008000091573478873,0.00991965637008575,False,,5.0,5.0,1.45,4.45,True
11,alternative_matched,confirmation-001,serial,0.2,-0.4661912627211833,0.19999999999999998,0.2,0.04525909400518922,0.29658339366615155,0.04884597029277761,0.010931967542501527,0.050884423756218086,0.0007961494164770988,1.3093948364257812,0.10947506874799728,0.1493593514014596,0.016489506989205087,0.00759772616383441,0.011300112066627822,False,,5.0,5.0,1.45,4.45,True
11,alternative_matched,confirmation-001,fixed_cadence,0.0,-0.4661912627211833,0.05,0.0,0.016002217264111867,0.18257461813175888,0.03000330115158842,0.007728627946251247,0.02236756061782704,0.00035018826043509187,0.8044127002358437,0.09757239371538162,0.09268382687592273,0.010063764972827901,0.006919491628775588,0.00787941990131209,False,,5.0,5.0,1.45,4.45,True
11,alternative_matched,confirmation-001,fixed_cadence,0.05,-0.4661912627211833,0.049999999999999996,0.05,0.01920900661306952,0.19974713016085857,0.033227410659513935,0.009134542803820088,0.023935034398960005,0.0004931831334400313,0.8574331924319267,0.08810248225927353,0.10216440267144229,0.012552475477436932,0.008272052051231212,0.009297452984046693,False,,5.0,5.0,1.45,4.45,True
11,alternative_matched,confirmation-001,fixed_cadence,0.1,-0.4661912627211833,0.05,0.1,0.022560416047992478,0.21683899505117632,0.03593521792719576,0.009691078111808488,0.026143627887167262,0.0005737757798746087,0.9650052338838577,0.12168955057859421,0.11092518487049556,0.013407322990243015,0.008862482825182838,0.00990017556465888,False,,5.0,5.0,1.45,4.45,True
11,alternative_matched,confirmation-001,fixed_cadence,0.2,-0.4661912627211833,0.049999999999999996,0.19999999999999998,0.030364415092478534,0.2564751761045766,0.041938859633573966,0.010552185868181331,0.033375973743142016,0.0006242137555167321,1.1675449088215828,0.13234201818704605,0.13242542946794825,0.013853299184805115,0.01101794480190866,0.011250708429162962,False,,5.0,5.0,1.45,4.45,True
11,alternative_matched,confirmation-002,serial,0.0,0.458690969525116,0.05,0.0,0.015912332091052264,0.18224019143732137,0.02529743650870009,0.007728627946251247,0.024930454480777405,0.00035018826043509187,0.8061640337109566,0.09757239371538162,0.07623677621472412,0.010063764972827901,0.008720875846852088,0.00787941990131209,False,,5.0,5.0,1.55,4.55,True
11,alternative_matched,confirmation-002,serial,0.05,0.458690969525116,0.049999999999999996,0.05,0.019230517093909674,0.1998878541256847,0.02779988365022836,0.009134542803820088,0.026982187449749537,0.0004931831334400313,0.8612919598817825,0.08810248225927353,0.08303234649542819,0.012552475477436932,0.01017426538624248,0.009297452984046693,False,,5.0,5.0,1.55,4.55,True
11,alternative_matched,confirmation-002,serial,0.1,0.458690969525116,0.1,0.10000000000000002,0.025690957023214226,0.2305340389280508,0.03231014202724388,0.009797430163481051,0.0332483978368564,0.0006231603629196224,1.008179597556591,0.11068057268857956,0.09696135714248906,0.014224720884990924,0.011818373600498516,0.00991965637008575,False,,5.0,5.0,1.55,4.55,True
11,alternative_matched,confirmation-002,serial,0.2,0.458690969525116,0.19999999999999998,0.2,0.04237397463516849,0.28665158375066135,0.04136632873286644,0.010931967542501527,0.04959242622066956,0.0007961494164770988,1.3118549063801765,0.10947506874799728,0.12147023034506502,0.016489506989205087,0.016180792433374457,0.011300112066627822,False,,5.0,5.0,1.55,4.55,True
11,alternative_matched,confirmation-002,fixed_cadence,0.0,0.458690969525116,0.05,0.0,0.015912332091052264,0.18224019143732137,0.02529743650870009,0.007728627946251247,0.024930454480777405,0.00035018826043509187,0.8061640337109566,0.09757239371538162,0.07623677621472412,0.010063764972827901,0.008720875846852088,0.00787941990131209,False,,5.0,5.0,1.55,4.55,True
11,alternative_matched,confirmation-002,fixed_cadence,0.05,0.458690969525116,0.049999999999999996,0.05,0.019230517093909674,0.1998878541256847,0.02779988365022836,0.009134542803820088,0.026982187449749537,0.0004931831334400313,0.8612919598817825,0.08810248225927353,0.08303234649542819,0.012552475477436932,0.01017426538624248,0.009297452984046693,False,,5.0,5.0,1.55,4.55,True
11,alternative_matched,confirmation-002,fixed_cadence,0.1,0.458690969525116,0.05,0.1,0.022746384811805707,0.21742822596807582,0.030095966406073642,0.009691078111808488,0.02900690491198796,0.0005737757798746087,0.9637559205293655,0.12168955057859421,0.09041323754501512,0.013407322990243015,0.0107674847593963,0.00990017556465888,False,,5.0,5.0,1.55,4.55,True
11,alternative_matched,confirmation-002,fixed_cadence,0.2,0.458690969525116,0.049999999999999996,0.19999999999999998,0.030967459003056544,0.2576865936515727,0.03409671326098407,0.010552185868181331,0.033854479307183355,0.0006242137555167321,1.1387305334210396,0.13234201818704605,0.10589950122841825,0.013853299184805115,0.011228887463793025,0.011250708429162962,False,,5.0,5.0,1.55,4.55,True
11,alternative_matched,confirmation-003,serial,0.0,0.30665192753936543,0.05,0.0,0.015868516933713078,0.18203277269845897,0.01680509819251659,0.007728627946251247,0.011403220321510378,0.00035018826043509187,0.5645301565527916,0.09757239371538162,0.047528166628903995,0.010063764972827901,0.008701175963016648,0.00787941990131209,False,,5.0,5.0,1.25,4.25,True
11,alternative_matched,confirmation-003,serial,0.05,0.30665192753936543,0.049999999999999996,0.05,0.019138060327561334,0.19952008952123568,0.01837921242285378,0.009134542803820088,0.012299919711401331,0.0004931831334400313,0.5952105298638344,0.08810248225927353,0.05095968488093122,0.012552475477436932,0.010206355448424126,0.009297452984046693,False,,5.0,5.0,1.25,4.25,True
11,alternative_matched,confirmation-003,serial,0.1,0.30665192753936543,0.1,0.10000000000000002,0.025524116556339342,0.23009169067210436,0.021217566241497524,0.009797430163481051,0.015184592798389017,0.0006231603629196224,0.7014961913228035,0.11068057268857956,0.059711926083006094,0.014224720884990924,0.011194012793707674,0.00991965637008575,False,,5.0,5.0,1.25,4.25,True
11,alternative_matched,confirmation-003,serial,0.2,0.30665192753936543,0.19999999999999998,0.2,0.04572772413427972,0.29723288050988994,0.027714617968753526,0.010931967542501527,0.02377431400640562,0.0007961494164770988,0.8797743543982506,0.10947506874799728,0.07760198111942132,0.016489506989205087,0.013703215113145739,0.011300112066627822,False,,5.0,5.0,1.25,4.25,True
11,alternative_matched,confirmation-003,fixed_cadence,0.0,0.30665192753936543,0.05,0.0,0.015868516933713078,0.18203277269845897,0.01680509819251659,0.007728627946251247,0.011403220321510378,0.00035018826043509187,0.5645301565527916,0.09757239371538162,0.047528166628903995,0.010063764972827901,0.008701175963016648,0.00787941990131209,False,,5.0,5.0,1.25,4.25,True
11,alternative_matched,confirmation-003,fixed_cadence,0.05,0.30665192753936543,0.049999999999999996,0.05,0.019138060327561334,0.19952008952123568,0.01837921242285378,0.009134542803820088,0.012299919711401331,0.0004931831334400313,0.5952105298638344,0.08810248225927353,0.05095968488093122,0.012552475477436932,0.010206355448424126,0.009297452984046693,False,,5.0,5.0,1.25,4.25,True
11,alternative_matched,confirmation-003,fixed_cadence,0.1,0.30665192753936543,0.05,0.1,0.022601785236481497,0.21698451820589065,0.01978543973587637,0.009691078111808488,0.01323297666196696,0.0005737757798746087,0.6754740327596664,0.12168955057859421,0.05539187121811423,0.013407322990243015,0.010836778119618497,0.00990017556465888,False,,5.0,5.0,1.25,4.25,True
11,alternative_matched,confirmation-003,fixed_cadence,0.2,0.30665192753936543,0.049999999999999996,0.19999999999999998,0.03073733908691174,0.25732237314376005,0.022267540139754988,0.010552185868181331,0.015255180727572067,0.0006242137555167321,0.7976199313998222,0.13234201818704605,0.06519847162436444,0.013853299184805115,0.011940753408914302,0.011250708429162962,False,,5.0,5.0,1.25,4.25,True
11,alternative_matched,confirmation-004,serial,0.0,-0.38344029684153796,0.05,0.0,0.015958874228764724,0.18238630777786896,0.025325266630075397,0.007728627946251247,0.014988762486830915,0.00035018826043509187,0.6781322881579399,0.09757239371538162,0.07729115962412092,0.010063764972827901,0.007456925132660262,0.00787941990131209,False,,5.0,5.0,1.55,4.55,True
11,alternative_matched,confirmation-004,serial,0.05,-0.38344029684153796,0.049999999999999996,0.05,0.01915939258533193,0.1995590239569817,0.02809218923626676,0.009134542803820088,0.016014042048738755,0.0004931831334400313,0.7197926193475723,0.08810248225927353,0.08517337849324973,0.012552475477436932,0.008870167433544934,0.009297452984046693,False,,5.0,5.0,1.55,4.55,True
11,alternative_matched,confirmation-004,serial,0.1,-0.38344029684153796,0.1,0.10000000000000002,0.025412037459203066,0.22980935383073192,0.03162711093896802,0.009797430163481051,0.01996969087070074,0.0006231603629196224,0.8389312028884888,0.11068057268857956,0.09690069153177727,0.014224720884990924,0.008674337804689647,0.00991965637008575,False,,5.0,5.0,1.55,4.55,True
11,alternative_matched,confirmation-004,serial,0.2,-0.38344029684153796,0.19999999999999998,0.2,0.04169062951796647,0.28562620577313663,0.03939755403548829,0.010931967542501527,0.03143986870619619,0.0007961494164770988,1.0944284498691559,0.10947506874799728,0.1195948303696242,0.016489506989205087,0.008083475196979792,0.011300112066627822,False,,5.0,5.0,1.55,4.55,True
11,alternative_matched,confirmation-004,fixed_cadence,0.0,-0.38344029684153796,0.05,0.0,0.015958874228764724,0.18238630777786896,0.025325266630075397,0.007728627946251247,0.014988762486830915,0.00035018826043509187,0.6781322881579399,0.09757239371538162,0.07729115962412092,0.010063764972827901,0.007456925132660262,0.00787941990131209,False,,5.0,5.0,1.55,4.55,True
11,alternative_matched,confirmation-004,fixed_cadence,0.05,-0.38344029684153796,0.049999999999999996,0.05,0.01915939258533193,0.1995590239569817,0.02809218923626676,0.009134542803820088,0.016014042048738755,0.0004931831334400313,0.7197926193475723,0.08810248225927353,0.08517337849324973,0.012552475477436932,0.008870167433544934,0.009297452984046693,False,,5.0,5.0,1.55,4.55,True
11,alternative_matched,confirmation-004,fixed_cadence,0.1,-0.38344029684153796,0.05,0.1,0.02250734323023716,0.21667446697947168,0.030356766622562804,0.009691078111808488,0.017522717148309445,0.0005737757798746087,0.8146840333938599,0.12168955057859421,0.09243932260140941,0.013407322990243015,0.009483567966883955,0.00990017556465888,False,,5.0,5.0,1.55,4.55,True
11,alternative_matched,confirmation-004,fixed_cadence,0.2,-0.38344029684153796,0.049999999999999996,0.19999999999999998,0.030323233518382908,0.25644789096909526,0.03546688911588923,0.010552185868181331,0.022504170676656703,0.0006242137555167321,0.984385535120964,0.13234201818704605,0.11065947335140157,0.013853299184805115,0.011595282709029564,0.011250708429162962,False,,5.0,5.0,1.55,4.55,True
11,alternative_matched,confirmation-005,serial,0.0,-0.5284560864389926,0.05,0.0,0.01604157187964778,0.18274773811152584,0.03373980865319891,0.007728627946251247,0.029236498224747425,0.00035018826043509187,0.9000974148511887,0.09757239371538162,0.10488246223394562,0.010063764972827901,0.006548628774016207,0.00787941990131209,False,,5.0,5.0,1.25,4.25,True
11,alternative_matched,confirmation-005,serial,0.05,-0.5284560864389926,0.049999999999999996,0.05,0.019255536577887,0.19992649605352572,0.03741165467565256,0.009134542803820088,0.03149312111602742,0.0004931831334400313,0.9621595963835716,0.08810248225927353,0.11590163990275916,0.012552475477436932,0.007822579785556893,0.009297452984046693,False,,5.0,5.0,1.25,4.25,True
11,alternative_matched,confirmation-005,serial,0.1,-0.5284560864389926,0.1,0.10000000000000002,0.02553413749725269,0.2301508261866943,0.04246578525724707,0.009797430163481051,0.03919348228957065,0.0006231603629196224,1.1144929379224777,0.11068057268857956,0.13254131170295877,0.014224720884990924,0.00805377431083935,0.00991965637008575,False,,5.0,5.0,1.25,4.25,True
11,alternative_matched,confirmation-005,serial,0.2,-0.5284560864389926,0.19999999999999998,0.2,0.04532086285232221,0.2966799607330658,0.055522934203155294,0.010931967542501527,0.0673238400860285,0.0007961494164770988,1.4852475374937057,0.10947506874799728,0.17046485891576035,0.016489506989205087,0.00955071156659916,0.011300112066627822,False,,5.0,5.0,1.25,4.25,True
11,alternative_matched,confirmation-005,fixed_cadence,0.0,-0.5284560864389926,0.05,0.0,0.01604157187964778,0.18274773811152584,0.03373980865319891,0.007728627946251247,0.029236498224747425,0.00035018826043509187,0.9000974148511887,0.09757239371538162,0.10488246223394562,0.010063764972827901,0.006548628774016207,0.00787941990131209,False,,5.0,5.0,1.25,4.25,True
11,alternative_matched,confirmation-005,fixed_cadence,0.05,-0.5284560864389926,0.049999999999999996,0.05,0.019255536577887,0.19992649605352572,0.03741165467565256,0.009134542803820088,0.03149312111602742,0.0004931831334400313,0.9621595963835716,0.08810248225927353,0.11590163990275916,0.012552475477436932,0.007822579785556893,0.009297452984046693,False,,5.0,5.0,1.25,4.25,True
11,alternative_matched,confirmation-005,fixed_cadence,0.1,-0.5284560864389926,0.05,0.1,0.022612733412362963,0.2170057354102098,0.04048336460453949,0.009691078111808488,0.034381587454968686,0.0005737757798746087,1.0788115859031677,0.12168955057859421,0.12589263583564791,0.013407322990243015,0.008382964373803441,0.00990017556465888,False,,5.0,5.0,1.25,4.25,True
11,alternative_matched,confirmation-005,fixed_cadence,0.2,-0.5284560864389926,0.049999999999999996,0.19999999999999998,0.03041565733824651,0.25653181850499834,0.04697919000819654,0.010552185868181331,0.04352243983195297,0.0006242137555167321,1.3088025152683258,0.13234201818704605,0.14927573095340274,0.013853299184805115,0.010140986868054949,0.011250708429162962,False,,5.0,5.0,1.25,4.25,True
11,alternative_matched,confirmation-006,serial,0.0,0.34010668192597016,0.05,0.0,0.015876424413405067,0.18207059799035652,0.01855514251476415,0.007728627946251247,0.01385238628283561,0.00035018826043509187,0.6162696704268456,0.09757239371538162,0.05363089296436375,0.010063764972827901,0.008792918332368912,0.00787941990131209,False,,5.0,5.0,1.25,4.25,True
11,alternative_matched,confirmation-006,serial,0.05,0.34010668192597016,0.049999999999999996,0.05,0.01915516781861198,0.19958811694474818,0.020271085844946007,0.009134542803820088,0.014914524194533025,0.0004931831334400313,0.6516546383500099,0.08810248225927353,0.057653897902849936,0.012552475477436932,0.010307833276438503,0.009297452984046693,False,,5.0,5.0,1.25,4.25,True
11,alternative_matched,confirmation-006,serial,0.1,0.34010668192597016,0.1,0.10000000000000002,0.025556283402937807,0.23017654434543913,0.02343436205493832,0.009797430163481051,0.018402232180130682,0.0006231603629196224,0.7667919248342514,0.11068057268857956,0.06743586221049411,0.014224720884990924,0.011340277690221641,0.00991965637008575,False,,5.0,5.0,1.25,4.25,True
11,alternative_matched,confirmation-006,serial,0.2,0.34010668192597016,0.19999999999999998,0.2,0.04577666163184139,0.29730419322475377,0.030750959153110116,0.010931967542501527,0.028929091332886295,0.0007961494164770988,0.9667257592082024,0.10947506874799728,0.0875661225935464,0.016489506989205087,0.01400744613007412,0.011300112066627822,False,,5.0,5.0,1.25,4.25,True
11,alternative_matched,confirmation-006,fixed_cadence,0.0,0.34010668192597016,0.05,0.0,0.015876424413405067,0.18207059799035652,0.01855514251476415,0.007728627946251247,0.01385238628283561,0.00035018826043509187,0.6162696704268456,0.09757239371538162,0.05363089296436375,0.010063764972827901,0.008792918332368912,0.00787941990131209,False,,5.0,5.0,1.25,4.25,True
11,alternative_matched,confirmation-006,fixed_cadence,0.05,0.34010668192597016,0.049999999999999996,0.05,0.01915516781861198,0.19958811694474818,0.020271085844946007,0.009134542803820088,0.014914524194533025,0.0004931831334400313,0.6516546383500099,0.08810248225927353,0.057653897902849936,0.012552475477436932,0.010307833276438503,0.009297452984046693,False,,5.0,5.0,1.25,4.25,True
11,alternative_matched,confirmation-006,fixed_cadence,0.1,0.34010668192597016,0.05,0.1,0.02262964027600646,0.21707010937963792,0.0218511639755384,0.009691078111808488,0.0160378492975035,0.0005737757798746087,0.7367799431085587,0.12168955057859421,0.06268114990559702,0.013407322990243015,0.010941281849817798,0.00990017556465888,False,,5.0,5.0,1.25,4.25,True
11,alternative_matched,confirmation-006,fixed_cadence,0.2,0.34010668192597016,0.049999999999999996,0.19999999999999998,0.030784296576235978,0.25739851519490303,0.024702908524933093,0.010552185868181331,0.018555915840908557,0.0006242137555167321,0.871022492647171,0.13234201818704605,0.07383302483643646,0.013853299184805115,0.012017368135788208,0.011250708429162962,False,,5.0,5.0,1.25,4.25,True
11,alternative_matched,confirmation-007,serial,0.0,-0.373065528290342,0.05,0.0,0.0159549549619437,0.1823700234987107,0.024852350549799368,0.007728627946251247,0.014288837835250983,0.00035018826043509187,0.6618008762598038,0.09757239371538162,0.07576448699562932,0.010063764972827901,0.006985220621742599,0.00787941990131209,False,,5.0,5.0,1.4,4.4,True
11,alternative_matched,confirmation-007,serial,0.05,-0.373065528290342,0.049999999999999996,0.05,0.01915447585687221,0.19954081353858844,0.027644283751666637,0.009134542803820088,0.01534685874410899,0.0004931831334400313,0.7018527016043663,0.08810248225927353,0.08374950083711766,0.012552475477436932,0.008330171494837923,0.009297452984046693,False,,5.0,5.0,1.4,4.4,True
11,alternative_matched,confirmation-007,serial,0.1,-0.373065528290342,0.1,0.10000000000000002,0.024585118360713448,0.2264595784712574,0.030726975106697686,0.009797430163481051,0.018979454777720978,0.0006231603629196224,0.8406852930784225,0.11068057268857956,0.09412380360357384,0.014224720884990924,0.008330801913667247,0.00991965637008575,False,,5.0,5.0,1.4,4.4,True
11,alternative_matched,confirmation-007,serial,0.2,-0.373065528290342,0.19999999999999998,0.2,0.04164227933780721,0.288018229075909,0.03892564735053304,0.010931967542501527,0.03308206555855036,0.0007961494164770988,1.1108222231268883,0.10947506874799728,0.11919463071908404,0.016489506989205087,0.008567542160776669,0.011300112066627822,False,,5.0,5.0,1.4,4.4,True
11,alternative_matched,confirmation-007,fixed_cadence,0.0,-0.373065528290342,0.05,0.0,0.0159549549619437,0.1823700234987107,0.024852350549799368,0.007728627946251247,0.014288837835250983,0.00035018826043509187,0.6618008762598038,0.09757239371538162,0.07576448699562932,0.010063764972827901,0.006985220621742599,0.00787941990131209,False,,5.0,5.0,1.4,4.4,True
11,alternative_matched,confirmation-007,fixed_cadence,0.05,-0.373065528290342,0.049999999999999996,0.05,0.01915447585687221,0.19954081353858844,0.027644283751666637,0.009134542803820088,0.01534685874410899,0.0004931831334400313,0.7018527016043663,0.08810248225927353,0.08374950083711766,0.012552475477436932,0.008330171494837923,0.009297452984046693,False,,5.0,5.0,1.4,4.4,True
11,alternative_matched,confirmation-007,fixed_cadence,0.1,-0.373065528290342,0.05,0.1,0.022502208478494577,0.21666038532430487,0.02988961817181587,0.009691078111808488,0.016813111147231455,0.0005737757798746087,0.7950115576386452,0.12168955057859421,0.09096517674550329,0.013407322990243015,0.008914202111808345,0.00990017556465888,False,,5.0,5.0,1.4,4.4,True
11,alternative_matched,confirmation-007,fixed_cadence,0.2,-0.373065528290342,0.049999999999999996,0.19999999999999998,0.030324404928223612,0.25646067919046805,0.03488032441235896,0.010552185868181331,0.021686496298041272,0.0006242137555167321,0.960685983300209,0.13234201818704605,0.10878914766800239,0.013853299184805115,0.01082862489365522,0.011250708429162962,False,,5.0,5.0,1.4,4.4,True
11,gain_matched,confirmation-000,serial,0.0,0.5244675785137001,0.05,0.0,0.009202913745988063,0.1518117094681734,0.024381483683317915,0.0034860298920237984,0.0387114226209154,0.00011644677570183334,1.084050489589572,0.09679282642900944,0.08308878027761091,0.004212203172404582,0.0032471793149745835,0.0036056960901661122,False,,5.0,5.0,1.45,4.45,True
11,gain_matched,confirmation-000,serial,0.05,0.5244675785137001,0.049999999999999996,0.05,0.01185266369782472,0.17188877710031553,0.027145141614074827,0.0026298410257610564,0.04315372546231757,0.00011406052452977255,1.1993526155129075,0.10693211201578379,0.09300649184615885,0.002869516175051153,0.002392016439788047,0.0027700471861306576,False,,5.0,5.0,1.45,4.45,True
11,gain_matched,confirmation-000,serial,0.1,0.5244675785137001,0.1,0.10000000000000002,0.017061792764176506,0.20645266136189225,0.032210700890607,0.002465557403106442,0.056631148585395266,0.0001770277740425016,1.3743157759308815,0.12179923616349697,0.11134541263142993,0.0030692868906643488,0.0025154013834341785,0.0026864582287639003,False,,5.0,5.0,1.45,4.45,True
11,gain_matched,confirmation-000,serial,0.2,0.5244675785137001,0.19999999999999998,0.2,0.034664103099749335,0.2841520294491993,0.044816255461164134,0.0024135218940324215,0.11103517744259817,0.00040957173118228276,2.07467657700181,0.14539089892059565,0.1515460212486171,0.005380985625074534,0.003424876861833368,0.0022969409266937867,False,,5.0,5.0,1.45,4.45,True
11,gain_matched,confirmation-000,fixed_cadence,0.0,0.5244675785137001,0.05,0.0,0.009202913745988063,0.1518117094681734,0.024381483683317915,0.0034860298920237984,0.0387114226209154,0.00011644677570183334,1.084050489589572,0.09679282642900944,0.08308878027761091,0.004212203172404582,0.0032471793149745835,0.0036056960901661122,False,,5.0,5.0,1.45,4.45,True
11,gain_matched,confirmation-000,fixed_cadence,0.05,0.5244675785137001,0.049999999999999996,0.05,0.01185266369782472,0.17188877710031553,0.027145141614074827,0.0026298410257610564,0.04315372546231757,0.00011406052452977255,1.1993526155129075,0.10693211201578379,0.09300649184615885,0.002869516175051153,0.002392016439788047,0.0027700471861306576,False,,5.0,5.0,1.45,4.45,True
11,gain_matched,confirmation-000,fixed_cadence,0.1,0.5244675785137001,0.05,0.1,0.014753775984590123,0.19156414016842754,0.030077206839096902,0.0025185937533607123,0.04750000114517647,0.00016447808374698175,1.3461921093985438,0.16072233393788338,0.10330416914406561,0.0028508149278370296,0.0022917167749695313,0.0026871547105472926,False,,5.0,5.0,1.45,4.45,True
11,gain_matched,confirmation-000,fixed_cadence,0.2,0.5244675785137001,0.049999999999999996,0.19999999999999998,0.02181413171858463,0.23841065852690618,0.03585450709647909,0.0029003451084265736,0.07027287429300053,0.0004998392829301283,2.2965334868058562,0.27577274292707443,0.126696042114745,0.006857502017598973,0.002039017364300923,0.0023056258871082813,False,,5.0,5.0,1.45,4.45,True
11,gain_matched,confirmation-001,serial,0.0,-0.4661912627211833,0.05,0.0,0.009224290190580298,0.1516851441938777,0.019828722704858495,0.0034860298920237984,0.031811712308398334,0.00011644677570183334,0.9759583147242665,0.09679282642900944,0.06724582828497598,0.004212203172404582,0.003999833299959012,0.0036056960901661122,False,,5.0,5.0,1.45,4.45,True
11,gain_matched,confirmation-001,serial,0.05,-0.4661912627211833,0.049999999999999996,0.05,0.01173416909664966,0.17105731102053823,0.02245845157722648,0.0026298410257610564,0.034710677200760175,0.00011406052452977255,1.0792076447978616,0.10693211201578379,0.07688902267567968,0.002869516175051153,0.0032260194290347557,0.0027700471861306576,False,,5.0,5.0,1.45,4.45,True
11,gain_matched,confirmation-001,serial,0.1,-0.4661912627211833,0.1,0.10000000000000002,0.01677726165833403,0.20544792408150991,0.026784457950841188,0.002465557403106442,0.04528561194723208,0.0001770277740425016,1.2367828851565719,0.12179923616349697,0.09271034190175553,0.0030692868906643488,0.0032312983365993145,0.0026864582287639003,False,,5.0,5.0,1.45,4.45,True
11,gain_matched,confirmation-001,serial,0.2,-0.4661912627211833,0.19999999999999998,0.2,0.034257398294454004,0.2830387629153064,0.03843388841594264,0.0024135218940324215,0.09062542071951099,0.00040957173118228276,1.8952820776030421,0.14539089892059565,0.12943270384888636,0.005380985625074534,0.003099246533450843,0.0022969409266937867,False,,5.0,5.0,1.45,4.45,True
11,gain_matched,confirmation-001,fixed_cadence,0.0,-0.4661912627211833,0.05,0.0,0.009224290190580298,0.1516851441938777,0.019828722704858495,0.0034860298920237984,0.031811712308398334,0.00011644677570183334,0.9759583147242665,0.09679282642900944,0.06724582828497598,0.004212203172404582,0.003999833299959012,0.0036056960901661122,False,,5.0,5.0,1.45,4.45,True
11,gain_matched,confirmation-001,fixed_cadence,0.05,-0.4661912627211833,0.049999999999999996,0.05,0.01173416909664966,0.17105731102053823,0.02245845157722648,0.0026298410257610564,0.034710677200760175,0.00011406052452977255,1.0792076447978616,0.10693211201578379,0.07688902267567968,0.002869516175051153,0.0032260194290347557,0.0027700471861306576,False,,5.0,5.0,1.45,4.45,True
11,gain_matched,confirmation-001,fixed_cadence,0.1,-0.4661912627211833,0.05,0.1,0.014483845872730704,0.19042375165280415,0.02492982278462907,0.0025185937533607123,0.03849282488858011,0.00016447808374698175,1.2256085984408855,0.16072233393788338,0.08593890081525439,0.0028508149278370296,0.003150520217163155,0.0026871547105472926,False,,5.0,5.0,1.45,4.45,True
11,gain_matched,confirmation-001,fixed_cadence,0.2,-0.4661912627211833,0.049999999999999996,0.19999999999999998,0.021182610674641295,0.23704196100130137,0.03043230196073102,0.0029003451084265736,0.059464650467274616,0.0004998392829301283,2.106377635151148,0.27577274292707443,0.10884950977182027,0.006857502017598973,0.002568930197557258,0.0023056258871082813,False,,5.0,5.0,1.45,4.45,True
11,gain_matched,confirmation-002,serial,0.0,0.458690969525116,0.05,0.0,0.009189244898823968,0.15171326701629562,0.02149071026571697,0.0034860298920237984,0.029554094655356897,0.00011644677570183334,0.9609441496431828,0.09679282642900944,0.0730399798626536,0.004212203172404582,0.0031846628070919714,0.0036056960901661122,False,,5.0,5.0,1.55,4.55,True
11,gain_matched,confirmation-002,serial,0.05,0.458690969525116,0.049999999999999996,0.05,0.011817966629016033,0.1716969201833657,0.023848557731829336,0.0026298410257610564,0.03303473345532911,0.00011406052452977255,1.0638242838904262,0.10693211201578379,0.08162513841002933,0.002869516175051153,0.0023154493569156973,0.0027700471861306576,False,,5.0,5.0,1.55,4.55,True
11,gain_matched,confirmation-002,serial,0.1,0.458690969525116,0.1,0.10000000000000002,0.0169987046820129,0.2062532793733415,0.028250097524065276,0.002465557403106442,0.04344639011609327,0.0001770277740425016,1.218344303779304,0.12179923616349697,0.09765482612207164,0.0030692868906643488,0.002305680949668359,0.0026864582287639003,False,,5.0,5.0,1.55,4.55,True
11,gain_matched,confirmation-002,serial,0.2,0.458690969525116,0.19999999999999998,0.2,0.031179678617549982,0.2677333028120645,0.0374246599949885,0.0024135218940324215,0.07673557193017147,0.00040957173118228276,1.7606397829949856,0.14539089892059565,0.12563983169692744,0.005380985625074534,0.00320386006539232,0.0022969409266937867,False,,5.0,5.0,1.55,4.55,True
11,gain_matched,confirmation-002,fixed_cadence,0.0,0.458690969525116,0.05,0.0,0.009189244898823968,0.15171326701629562,0.02149071026571697,0.0034860298920237984,0.029554094655356897,0.00011644677570183334,0.9609441496431828,0.09679282642900944,0.0730399798626536,0.004212203172404582,0.0031846628070919714,0.0036056960901661122,False,,5.0,5.0,1.55,4.55,True
11,gain_matched,confirmation-002,fixed_cadence,0.05,0.458690969525116,0.049999999999999996,0.05,0.011817966629016033,0.1716969201833657,0.023848557731829336,0.0026298410257610564,0.03303473345532911,0.00011406052452977255,1.0638242838904262,0.10693211201578379,0.08162513841002933,0.002869516175051153,0.0023154493569156973,0.0027700471861306576,False,,5.0,5.0,1.55,4.55,True
11,gain_matched,confirmation-002,fixed_cadence,0.1,0.458690969525116,0.05,0.1,0.014698784899928232,0.19135523479030722,0.02639556348455179,0.0025185937533607123,0.03644718742323353,0.00016447808374698175,1.2004038812592626,0.16072233393788338,0.09062373309750926,0.0028508149278370296,0.002228085285425528,0.0026871547105472926,False,,5.0,5.0,1.55,4.55,True
11,gain_matched,confirmation-002,fixed_cadence,0.2,0.458690969525116,0.049999999999999996,0.19999999999999998,0.021730468339893994,0.23828612565614285,0.03141397632566345,0.0029003451084265736,0.054029450277250056,0.0004998392829301283,2.0457024248316884,0.27577274292707443,0.11095964541769932,0.006857502017598973,0.0021556919291759458,0.0023056258871082813,False,,5.0,5.0,1.55,4.55,True
11,gain_matched,confirmation-003,serial,0.0,0.30665192753936543,0.05,0.0,0.009164366696657038,0.15152445168599396,0.014940036130951642,0.0034860298920237984,0.013155155282005757,0.00011644677570183334,0.6727201277390122,0.09679282642900944,0.0500780442093148,0.004212203172404582,0.003540251424777648,0.0036056960901661122,False,,5.0,5.0,1.25,4.25,True
11,gain_matched,confirmation-003,serial,0.05,0.30665192753936543,0.049999999999999996,0.05,0.011751982159086537,0.1713218226757774,0.016255588036582277,0.0026298410257610564,0.014768700985530186,0.00011406052452977255,0.7489453563466668,0.10693211201578379,0.05529521435993879,0.002869516175051153,0.0026997695908132827,0.0027700471861306576,False,,5.0,5.0,1.25,4.25,True
11,gain_matched,confirmation-003,serial,0.1,0.30665192753936543,0.1,0.10000000000000002,0.016875355380043578,0.2058582845855018,0.019122407848001087,0.002465557403106442,0.019735784796634615,0.0001770277740425016,0.8605131041258574,0.12179923616349697,0.06598590420733517,0.0030692868906643488,0.0027587282071192673,0.0026864582287639003,False,,5.0,5.0,1.25,4.25,True
11,gain_matched,confirmation-003,serial,0.2,0.30665192753936543,0.19999999999999998,0.2,0.034428054976371865,0.2837050507234943,0.02616144172271297,0.0024135218940324215,0.038708251320198166,0.00040957173118228276,1.276346786879003,0.14539089892059565,0.08853713151183196,0.005380985625074534,0.0028956614118264886,0.0022969409266937867,False,,5.0,5.0,1.25,4.25,True
11,gain_matched,confirmation-003,fixed_cadence,0.0,0.30665192753936543,0.05,0.0,0.009164366696657038,0.15152445168599396,0.014940036130951642,0.0034860298920237984,0.013155155282005757,0.00011644677570183334,0.6727201277390122,0.09679282642900944,0.0500780442093148,0.004212203172404582,0.003540251424777648,0.0036056960901661122,False,,5.0,5.0,1.25,4.25,True
11,gain_matched,confirmation-003,fixed_cadence,0.05,0.30665192753936543,0.049999999999999996,0.05,0.011751982159086537,0.1713218226757774,0.016255588036582277,0.0026298410257610564,0.014768700985530186,0.00011406052452977255,0.7489453563466668,0.10693211201578379,0.05529521435993879,0.002869516175051153,0.0026997695908132827,0.0027700471861306576,False,,5.0,5.0,1.25,4.25,True
11,gain_matched,confirmation-003,fixed_cadence,0.1,0.30665192753936543,0.05,0.1,0.014589808515556621,0.19093256338768294,0.017905868156500346,0.0025185937533607123,0.01643674735504184,0.00016447808374698175,0.8607019055634737,0.16072233393788338,0.06123559030023419,0.0028508149278370296,0.002603398838067192,0.0026871547105472926,False,,5.0,5.0,1.25,4.25,True
11,gain_matched,confirmation-003,fixed_cadence,0.2,0.30665192753936543,0.049999999999999996,0.19999999999999998,0.021532282085277573,0.23793423457532004,0.021248854095752317,0.0029003451084265736,0.024526966454770496,0.0004998392829301283,1.485337395220995,0.27577274292707443,0.07474127713365372,0.006857502017598973,0.0021432076978670058,0.0023056258871082813,False,,5.0,5.0,1.25,4.25,True
11,gain_matched,confirmation-004,serial,0.0,-0.38344029684153796,0.05,0.0,0.009204144297696023,0.1515835944070097,0.016230686512515354,0.0034860298920237984,0.021702493190598214,0.00011644677570183334,0.8206367129459977,0.09679282642900944,0.05467278411060492,0.004212203172404582,0.004002184369126756,0.0036056960901661122,False,,5.0,5.0,1.55,4.55,True
11,gain_matched,confirmation-004,serial,0.05,-0.38344029684153796,0.049999999999999996,0.05,0.011711078494575231,0.17095222934322482,0.01835599399460749,0.0026298410257610564,0.02362000857030952,0.00011406052452977255,0.9077817089855671,0.10693211201578379,0.06268066193844395,0.002869516175051153,0.0032220392174937304,0.0027700471861306576,False,,5.0,5.0,1.55,4.55,True
11,gain_matched,confirmation-004,serial,0.1,-0.38344029684153796,0.1,0.10000000000000002,0.01673912557910842,0.2053423473217899,0.02189388508546966,0.002465557403106442,0.03087300923447077,0.0001770277740425016,1.0408804034814239,0.12179923616349697,0.07568822117262629,0.0030692868906643488,0.0033295265042027804,0.0026864582287639003,False,,5.0,5.0,1.55,4.55,True
11,gain_matched,confirmation-004,serial,0.2,-0.38344029684153796,0.19999999999999998,0.2,0.030802264707558865,0.2665717907789985,0.02982152570243827,0.0024135218940324215,0.05496671770327947,0.00040957173118228276,1.5107315182685852,0.14539089892059565,0.09938138312997942,0.005380985625074534,0.003427987666085697,0.0022969409266937867,False,,5.0,5.0,1.55,4.55,True
11,gain_matched,confirmation-004,fixed_cadence,0.0,-0.38344029684153796,0.05,0.0,0.009204144297696023,0.1515835944070097,0.016230686512515354,0.0034860298920237984,0.021702493190598214,0.00011644677570183334,0.8206367129459977,0.09679282642900944,0.05467278411060492,0.004212203172404582,0.004002184369126756,0.0036056960901661122,False,,5.0,5.0,1.55,4.55,True
11,gain_matched,confirmation-004,fixed_cadence,0.05,-0.38344029684153796,0.049999999999999996,0.05,0.011711078494575231,0.17095222934322482,0.01835599399460749,0.0026298410257610564,0.02362000857030952,0.00011406052452977255,0.9077817089855671,0.10693211201578379,0.06268066193844395,0.002869516175051153,0.0032220392174937304,0.0027700471861306576,False,,5.0,5.0,1.55,4.55,True
11,gain_matched,confirmation-004,fixed_cadence,0.1,-0.38344029684153796,0.05,0.1,0.01445624602011653,0.19032950293813444,0.02037494993429176,0.0025185937533607123,0.026209285490789942,0.00016447808374698175,1.0383750479668379,0.16072233393788338,0.07012918617646362,0.0028508149278370296,0.003137501473288144,0.0026871547105472926,False,,5.0,5.0,1.55,4.55,True
11,gain_matched,confirmation-004,fixed_cadence,0.2,-0.38344029684153796,0.049999999999999996,0.19999999999999998,0.0211614173433937,0.2370734247060025,0.024959931723386983,0.0029003451084265736,0.04100699502715635,0.0004998392829301283,1.8136885911226273,0.27577274292707443,0.08924355292641006,0.006857502017598973,0.002477161937042543,0.0023056258871082813,False,,5.0,5.0,1.55,4.55,True
11,gain_matched,confirmation-005,serial,0.0,-0.5284560864389926,0.05,0.0,0.009240914545307368,0.15177055434079412,0.02251491929176975,0.0034860298920237984,0.0405709935742289,0.00011644677570183334,1.0914925960823894,0.09679282642900944,0.07659205830291063,0.004212203172404582,0.003769634287476612,0.0036056960901661122,False,,5.0,5.0,1.25,4.25,True
11,gain_matched,confirmation-005,serial,0.05,-0.5284560864389926,0.049999999999999996,0.05,0.01175505567999703,0.17115538602502978,0.02558787998821861,0.0026298410257610564,0.04449720566542647,0.00011406052452977255,1.2078298879787326,0.10693211201578379,0.08768905826488799,0.002869516175051153,0.002969517524344372,0.0027700471861306576,False,,5.0,5.0,1.25,4.25,True
11,gain_matched,confirmation-005,serial,0.1,-0.5284560864389926,0.1,0.10000000000000002,0.016812738950258047,0.20554864736012232,0.03055440223774776,0.002465557403106442,0.057976064900642735,0.0001770277740425016,1.381152574904263,0.12179923616349697,0.10576436931751498,0.0030692868906643488,0.002710526274319217,0.0026864582287639003,False,,5.0,5.0,1.25,4.25,True
11,gain_matched,confirmation-005,serial,0.2,-0.5284560864389926,0.19999999999999998,0.2,0.03432634686728627,0.283093377730134,0.04396945462535901,0.0024135218940324215,0.11715988880026687,0.00040957173118228276,2.1285827392712235,0.14539089892059565,0.14806398763724304,0.005380985625074534,0.0018751898288582541,0.0022969409266937867,False,,5.0,5.0,1.25,4.25,True
11,gain_matched,confirmation-005,fixed_cadence,0.0,-0.5284560864389926,0.05,0.0,0.009240914545307368,0.15177055434079412,0.02251491929176975,0.0034860298920237984,0.0405709935742289,0.00011644677570183334,1.0914925960823894,0.09679282642900944,0.07659205830291063,0.004212203172404582,0.003769634287476612,0.0036056960901661122,False,,5.0,5.0,1.25,4.25,True
11,gain_matched,confirmation-005,fixed_cadence,0.05,-0.5284560864389926,0.049999999999999996,0.05,0.01175505567999703,0.17115538602502978,0.02558787998821861,0.0026298410257610564,0.04449720566542647,0.00011406052452977255,1.2078298879787326,0.10693211201578379,0.08768905826488799,0.002869516175051153,0.002969517524344372,0.0027700471861306576,False,,5.0,5.0,1.25,4.25,True
11,gain_matched,confirmation-005,fixed_cadence,0.1,-0.5284560864389926,0.05,0.1,0.014510180625820436,0.19051639195351275,0.028415550985716218,0.0025185937533607123,0.0493219855337789,0.00016447808374698175,1.3652640217915177,0.16072233393788338,0.09799379518686138,0.0028508149278370296,0.002907719652867019,0.0026871547105472926,False,,5.0,5.0,1.25,4.25,True
11,gain_matched,confirmation-005,fixed_cadence,0.2,-0.5284560864389926,0.049999999999999996,0.19999999999999998,0.021211419612538775,0.23703390915432423,0.03449067148095483,0.0029003451084265736,0.0764469457812947,0.0004998392829301283,2.319048607721925,0.27577274292707443,0.12348372651150158,0.006857502017598973,0.002599834432940247,0.0023056258871082813,False,,5.0,5.0,1.25,4.25,True
11,gain_matched,confirmation-006,serial,0.0,0.34010668192597016,0.05,0.0,0.009168630303500252,0.15155890978973335,0.016381989525712033,0.0034860298920237984,0.01621245073925421,0.00011644677570183334,0.7359798736870289,0.09679282642900944,0.05515897695536294,0.004212203172404582,0.0035344110870742253,0.0036056960901661122,False,,5.0,5.0,1.25,4.25,True
11,gain_matched,confirmation-006,serial,0.05,0.34010668192597016,0.049999999999999996,0.05,0.011764910283364292,0.1713964146210272,0.01791013422648706,0.0026298410257610564,0.018162199489058138,0.00011406052452977255,0.8185711614787579,0.10693211201578379,0.06105211307761969,0.002869516175051153,0.002694167854572202,0.0027700471861306576,False,,5.0,5.0,1.25,4.25,True
11,gain_matched,confirmation-006,serial,0.1,0.34010668192597016,0.1,0.10000000000000002,0.01690078027626496,0.20594021409672456,0.021107133166684798,0.002465557403106442,0.02419222291622146,0.0001770277740425016,0.9403184717521071,0.12179923616349697,0.07290070733080471,0.0030692868906643488,0.0027697617564749247,0.0026864582287639003,False,,5.0,5.0,1.25,4.25,True
11,gain_matched,confirmation-006,serial,0.2,0.34010668192597016,0.19999999999999998,0.2,0.034462048208930375,0.2837693538029328,0.02897025461153111,0.0024135218940324215,0.0473766101603777,0.00040957173118228276,1.398777760565281,0.14539089892059565,0.09805028420901116,0.005380985625074534,0.0029682879097250765,0.0022969409266937867,False,,5.0,5.0,1.25,4.25,True
11,gain_matched,confirmation-006,fixed_cadence,0.0,0.34010668192597016,0.05,0.0,0.009168630303500252,0.15155890978973335,0.016381989525712033,0.0034860298920237984,0.01621245073925421,0.00011644677570183334,0.7359798736870289,0.09679282642900944,0.05515897695536294,0.004212203172404582,0.0035344110870742253,0.0036056960901661122,False,,5.0,5.0,1.25,4.25,True
11,gain_matched,confirmation-006,fixed_cadence,0.05,0.34010668192597016,0.049999999999999996,0.05,0.011764910283364292,0.1713964146210272,0.01791013422648706,0.0026298410257610564,0.018162199489058138,0.00011406052452977255,0.8185711614787579,0.10693211201578379,0.06105211307761969,0.002869516175051153,0.002694167854572202,0.0027700471861306576,False,,5.0,5.0,1.25,4.25,True
11,gain_matched,confirmation-006,fixed_cadence,0.1,0.34010668192597016,0.05,0.1,0.014611908431798723,0.19101902382519753,0.019753128338889023,0.0025185937533607123,0.020172802542326975,0.00016447808374698175,0.9360952209681273,0.16072233393788338,0.0676525980852949,0.0028508149278370296,0.002596170332488776,0.0026871547105472926,False,,5.0,5.0,1.25,4.25,True
11,gain_matched,confirmation-006,fixed_cadence,0.2,0.34010668192597016,0.049999999999999996,0.19999999999999998,0.021570906891452052,0.2379997706647245,0.02348131013306464,0.0029003451084265736,0.030025904835394263,0.0004998392829301283,1.6144531816244125,0.27577274292707443,0.0827235977734496,0.006857502017598973,0.002125784483385572,0.0023056258871082813,False,,5.0,5.0,1.25,4.25,True
11,gain_matched,confirmation-007,serial,0.0,-0.373065528290342,0.05,0.0,0.009201757262833727,0.15157166946108164,0.015765979936089636,0.0034860298920237984,0.020572556956618027,0.00011644677570183334,0.8013185234740376,0.09679282642900944,0.05305590098081253,0.004212203172404582,0.0038681553722005697,0.0036056960901661122,False,,5.0,5.0,1.4,4.4,True
11,gain_matched,confirmation-007,serial,0.05,-0.373065528290342,0.049999999999999996,0.05,0.011708514491071381,0.1709406828857544,0.017853413718130824,0.0026298410257610564,0.022371979661121498,0.00011406052452977255,0.8859910778701305,0.10693211201578379,0.06093057462344822,0.002869516175051153,0.0030744806248258236,0.0027700471861306576,False,,5.0,5.0,1.4,4.4,True
11,gain_matched,confirmation-007,serial,0.1,-0.373065528290342,0.1,0.10000000000000002,0.016025044181514268,0.20140285926822488,0.020831152707575504,0.002465557403106442,0.028897085383774494,0.0001770277740425016,1.07729600276798,0.12179923616349697,0.07209054125317894,0.0030692868906643488,0.002969871596426167,0.0026864582287639003,False,,5.0,5.0,1.4,4.4,True
11,gain_matched,confirmation-007,serial,0.2,-0.373065528290342,0.19999999999999998,0.2,0.030999578854857476,0.27206899345568,0.02928229222011368,0.0024135218940324215,0.059019631819813706,0.00040957173118228276,1.591997129842639,0.14539089892059565,0.09918394735502845,0.005380985625074534,0.0023685643969892415,0.0022969409266937867,False,,5.0,5.0,1.4,4.4,True
11,gain_matched,confirmation-007,fixed_cadence,0.0,-0.373065528290342,0.05,0.0,0.009201757262833727,0.15157166946108164,0.015765979936089636,0.0034860298920237984,0.020572556956618027,0.00011644677570183334,0.8013185234740376,0.09679282642900944,0.05305590098081253,0.004212203172404582,0.0038681553722005697,0.0036056960901661122,False,,5.0,5.0,1.4,4.4,True
11,gain_matched,confirmation-007,fixed_cadence,0.05,-0.373065528290342,0.049999999999999996,0.05,0.011708514491071381,0.1709406828857544,0.017853413718130824,0.0026298410257610564,0.022371979661121498,0.00011406052452977255,0.8859910778701305,0.10693211201578379,0.06093057462344822,0.002869516175051153,0.0030744806248258236,0.0027700471861306576,False,,5.0,5.0,1.4,4.4,True
11,gain_matched,confirmation-007,fixed_cadence,0.1,-0.373065528290342,0.05,0.1,0.014453254003129372,0.19031925580121808,0.019819241898545396,0.0025185937533607123,0.02480364150763594,0.00016447808374698175,1.0141282947733998,0.16072233393788338,0.06818813463671276,0.0028508149278370296,0.0030010767915543556,0.0026871547105472926,False,,5.0,5.0,1.4,4.4,True
11,gain_matched,confirmation-007,fixed_cadence,0.2,-0.373065528290342,0.049999999999999996,0.19999999999999998,0.021158358657839132,0.23706406315501685,0.024289623560749003,0.0029003451084265736,0.03849366192665548,0.0004998392829301283,1.731370779685676,0.27577274292707443,0.08675436135454138,0.006857502017598973,0.002523611045515326,0.0023056258871082813,False,,5.0,5.0,1.4,4.4,True
22,native,confirmation-000,serial,0.0,0.5244675785137001,0.05,0.0,0.01669139650627567,0.1858444182380442,0.03111922543559548,0.002378721999095067,0.031079100293705378,0.00018239179712296882,0.9569334611296654,0.16005050390958786,0.0980260498377008,0.00676004241467141,0.0027297284172778354,0.001087482419269149,False,,5.0,5.0,1.45,4.45,True
22,native,confirmation-000,serial,0.05,0.5244675785137001,0.049999999999999996,0.05,0.01970469172542572,0.20266716525035539,0.03349396570139988,0.0004267776143303514,0.032685411044464,5.43993838915402e-05,1.0174355655908585,0.13812802731990814,0.10638299331554717,0.0012308119841638843,0.002071210503337841,0.00015465348545209493,False,,5.0,5.0,1.45,4.45,True
22,native,confirmation-000,serial,0.1,0.5244675785137001,0.1,0.10000000000000002,0.026920290650838292,0.2348985570988827,0.03882594209363,0.001997557519644173,0.03802595250772786,0.00013910749694465152,1.0824331641197205,0.08437797427177429,0.12263266228580147,0.005715387106226023,0.0023557769053937578,0.0009052769254131662,False,,5.0,5.0,1.45,4.45,True
22,native,confirmation-000,serial,0.2,0.5244675785137001,0.19999999999999998,0.2,0.04745225693611004,0.29974157256885653,0.05102799402848826,0.0026579405056009215,0.06116891434314623,0.00029380050845961847,1.405087560415268,0.10767266154289246,0.15566035014437427,0.00784804170897606,0.006050617604184501,0.0011572310371079102,False,,5.0,5.0,1.45,4.45,True
22,native,confirmation-000,fixed_cadence,0.0,0.5244675785137001,0.05,0.0,0.01669139650627567,0.1858444182380442,0.03111922543559548,0.002378721999095067,0.031079100293705378,0.00018239179712296882,0.9569334611296654,0.16005050390958786,0.0980260498377008,0.00676004241467141,0.0027297284172778354,0.001087482419269149,False,,5.0,5.0,1.45,4.45,True
22,native,confirmation-000,fixed_cadence,0.05,0.5244675785137001,0.049999999999999996,0.05,0.01970469172542572,0.20266716525035539,0.03349396570139988,0.0004267776143303514,0.032685411044464,5.43993838915402e-05,1.0174355655908585,0.13812802731990814,0.10638299331554717,0.0012308119841638843,0.002071210503337841,0.00015465348545209493,False,,5.0,5.0,1.45,4.45,True
22,native,confirmation-000,fixed_cadence,0.1,0.5244675785137001,0.05,0.1,0.023578129212870506,0.22122678827256795,0.03657144334416279,0.0014831486718121932,0.033650113337097776,9.284593803483843e-05,1.0353998467326164,0.09826771914958954,0.11609252155493317,0.003958689927154358,0.0018130515039501633,0.0008851634845319249,False,,5.0,5.0,1.45,4.45,True
22,native,confirmation-000,fixed_cadence,0.2,0.5244675785137001,0.049999999999999996,0.19999999999999998,0.03140313987879993,0.26051202978115,0.0421864243295117,0.00166434597947813,0.041077958734888585,0.00011846872199371136,1.2591918930411339,0.15819385647773743,0.137001367896671,0.004242774946488552,0.002040170416303532,0.001059743411467955,False,,5.0,5.0,1.45,4.45,True
22,native,confirmation-001,serial,0.0,-0.4661912627211833,0.05,0.0,0.016922047909993042,0.187074008492364,0.0274842937124553,0.002378721999095067,0.022522788650973305,0.00018239179712296882,0.8457617834210396,0.16005050390958786,0.08665559041726209,0.00676004241467141,0.001289788093762336,0.001087482419269149,False,,5.0,5.0,1.45,4.45,True
22,native,confirmation-001,serial,0.05,-0.4661912627211833,0.049999999999999996,0.05,0.019992265476186058,0.20396531261722683,0.029929902831490825,0.0004267776143303514,0.025297171366877737,5.43993838915402e-05,0.9063314646482468,0.13812802731990814,0.0949962107278885,0.0012308119841638843,0.0016645870677729222,0.00015465348545209493,False,,5.0,5.0,1.45,4.45,True
22,native,confirmation-001,serial,0.1,-0.4661912627211833,0.1,0.10000000000000002,0.027111018470548115,0.23548164849822795,0.03505015630209909,0.001997557519644173,0.03166370018140532,0.00013910749694465152,0.9739359095692635,0.08437797427177429,0.11034350221326636,0.005715387106226023,0.0034254938233055582,0.0009052769254131662,False,,5.0,5.0,1.45,4.45,True
22,native,confirmation-001,serial,0.2,-0.4661912627211833,0.19999999999999998,0.2,0.0471676372004672,0.298872739342342,0.046267401811167105,0.0026579405056009215,0.05271326840791685,0.00029380050845961847,1.3034145906567574,0.10767266154289246,0.140885521675422,0.00784804170897606,0.007249496700541917,0.0011572310371079102,False,,5.0,5.0,1.45,4.45,True
22,native,confirmation-001,fixed_cadence,0.0,-0.4661912627211833,0.05,0.0,0.016922047909993042,0.187074008492364,0.0274842937124553,0.002378721999095067,0.022522788650973305,0.00018239179712296882,0.8457617834210396,0.16005050390958786,0.08665559041726209,0.00676004241467141,0.001289788093762336,0.001087482419269149,False,,5.0,5.0,1.45,4.45,True
22,native,confirmation-001,fixed_cadence,0.05,-0.4661912627211833,0.049999999999999996,0.05,0.019992265476186058,0.20396531261722683,0.029929902831490825,0.0004267776143303514,0.025297171366877737,5.43993838915402e-05,0.9063314646482468,0.13812802731990814,0.0949962107278885,0.0012308119841638843,0.0016645870677729222,0.00015465348545209493,False,,5.0,5.0,1.45,4.45,True
22,native,confirmation-001,fixed_cadence,0.1,-0.4661912627211833,0.05,0.1,0.02380691854797653,0.22199186838005916,0.03266520126613261,0.0014831486718121932,0.027444122165393162,9.284593803483843e-05,0.9291380271315575,0.09826771914958954,0.10342442582667806,0.003958689927154358,0.0024643183840266287,0.0008851634845319249,False,,5.0,5.0,1.45,4.45,True
22,native,confirmation-001,fixed_cadence,0.2,-0.4661912627211833,0.049999999999999996,0.19999999999999998,0.031186229048576708,0.25970484553511364,0.037144613595494036,0.00166434597947813,0.033807151178432214,0.00011846872199371136,1.1530368402600288,0.15819385647773743,0.12070087541116215,0.004242774946488552,0.0020610626405645534,0.001059743411467955,False,,5.0,5.0,1.45,4.45,True
22,native,confirmation-002,serial,0.0,0.458690969525116,0.05,0.0,0.016694543311960262,0.18587565814665918,0.02721260447208866,0.002378721999095067,0.02376463014967477,0.00018239179712296882,0.8540164306759834,0.16005050390958786,0.08561688779961678,0.00676004241467141,0.0025622781928742963,0.001087482419269149,False,,5.0,5.0,1.55,4.55,True
22,native,confirmation-002,serial,0.05,0.458690969525116,0.049999999999999996,0.05,0.019702264133210527,0.20267943104823363,0.029314693768267154,0.0004267776143303514,0.025049255809200435,5.43993838915402e-05,0.9064657613635063,0.13812802731990814,0.09311264800393643,0.0012308119841638843,0.0021346564093990632,0.00015465348545209493,False,,5.0,5.0,1.55,4.55,True
22,native,confirmation-002,serial,0.1,0.458690969525116,0.1,0.10000000000000002,0.026902075533690936,0.2348657240297738,0.03399455986116005,0.001997557519644173,0.029243440552031284,0.00013910749694465152,0.9571583569049835,0.08437797427177429,0.10739189174594975,0.005715387106226023,0.0025819125195935765,0.0009052769254131662,False,,5.0,5.0,1.55,4.55,True
22,native,confirmation-002,serial,0.2,0.458690969525116,0.19999999999999998,0.2,0.04379252401579012,0.2892141450036388,0.042867701799429316,0.0026579405056009215,0.043714011130482414,0.00029380050845961847,1.2740165740251541,0.10767266154289246,0.13137908818902438,0.00784804170897606,0.005184170804303412,0.0011572310371079102,False,,5.0,5.0,1.55,4.55,True
22,native,confirmation-002,fixed_cadence,0.0,0.458690969525116,0.05,0.0,0.016694543311960262,0.18587565814665918,0.02721260447208866,0.002378721999095067,0.02376463014967477,0.00018239179712296882,0.8540164306759834,0.16005050390958786,0.08561688779961678,0.00676004241467141,0.0025622781928742963,0.001087482419269149,False,,5.0,5.0,1.55,4.55,True
22,native,confirmation-002,fixed_cadence,0.05,0.458690969525116,0.049999999999999996,0.05,0.019702264133210527,0.20267943104823363,0.029314693768267154,0.0004267776143303514,0.025049255809200435,5.43993838915402e-05,0.9064657613635063,0.13812802731990814,0.09311264800393643,0.0012308119841638843,0.0021346564093990632,0.00015465348545209493,False,,5.0,5.0,1.55,4.55,True
22,native,confirmation-002,fixed_cadence,0.1,0.458690969525116,0.05,0.1,0.02356680698421733,0.22120143886863655,0.03202057158536593,0.0014831486718121932,0.02582249214039006,9.284593803483843e-05,0.9174550324678421,0.09826771914958954,0.10165140378738746,0.003958689927154358,0.0023246327707679895,0.0008851634845319249,False,,5.0,5.0,1.55,4.55,True
22,native,confirmation-002,fixed_cadence,0.2,0.458690969525116,0.049999999999999996,0.19999999999999998,0.031369824850603294,0.2604326690419776,0.03688278281896879,0.00166434597947813,0.03149400556393278,0.00011846872199371136,1.1216355115175247,0.15819385647773743,0.11979818468477293,0.004242774946488552,0.002581707733708557,0.001059743411467955,False,,5.0,5.0,1.55,4.55,True
22,native,confirmation-003,serial,0.0,0.30665192753936543,0.05,0.0,0.016696099869238215,0.18591189806899994,0.01830771368480949,0.002378721999095067,0.01113090699515217,0.00018239179712296882,0.6257776543498039,0.16005050390958786,0.05739303672023341,0.00676004241467141,0.0020362369381927824,0.001087482419269149,False,,5.0,5.0,1.25,4.25,True
22,native,confirmation-003,serial,0.05,0.30665192753936543,0.049999999999999996,0.05,0.019704326375775506,0.2027310096170488,0.019511232923671903,0.0004267776143303514,0.011217165314884226,5.43993838915402e-05,0.6504582986235619,0.13812802731990814,0.061995109983542726,0.0012308119841638843,0.0011922796780452518,0.00015465348545209493,False,,5.0,5.0,1.25,4.25,True
22,native,confirmation-003,serial,0.1,0.30665192753936543,0.1,0.10000000000000002,0.026880954688131533,0.23485289566455103,0.022695712071577515,0.001997557519644173,0.012686962689014076,0.00013910749694465152,0.6549657508730888,0.08437797427177429,0.07150287061226604,0.005715387106226023,0.0011014322837567068,0.0009052769254131662,False,,5.0,5.0,1.25,4.25,True
22,native,confirmation-003,serial,0.2,0.30665192753936543,0.19999999999999998,0.2,0.047285529296029985,0.29946804077427114,0.02992408478384544,0.0026579405056009215,0.020425035872336524,0.00029380050845961847,0.848342627286911,0.10767266154289246,0.09094015523237835,0.00784804170897606,0.0033674082812095727,0.0011572310371079102,False,,5.0,5.0,1.25,4.25,True
22,native,confirmation-003,fixed_cadence,0.0,0.30665192753936543,0.05,0.0,0.016696099869238215,0.18591189806899994,0.01830771368480949,0.002378721999095067,0.01113090699515217,0.00018239179712296882,0.6257776543498039,0.16005050390958786,0.05739303672023341,0.00676004241467141,0.0020362369381927824,0.001087482419269149,False,,5.0,5.0,1.25,4.25,True
22,native,confirmation-003,fixed_cadence,0.05,0.30665192753936543,0.049999999999999996,0.05,0.019704326375775506,0.2027310096170488,0.019511232923671903,0.0004267776143303514,0.011217165314884226,5.43993838915402e-05,0.6504582986235619,0.13812802731990814,0.061995109983542726,0.0012308119841638843,0.0011922796780452518,0.00015465348545209493,False,,5.0,5.0,1.25,4.25,True
22,native,confirmation-003,fixed_cadence,0.1,0.30665192753936543,0.05,0.1,0.02355665199783835,0.2211948399337218,0.02142449487406652,0.0014831486718121932,0.011331044108113216,9.284593803483843e-05,0.6404038518667221,0.09826771914958954,0.06791272526219784,0.003958689927154358,0.0005225046041586615,0.0008851634845319249,False,,5.0,5.0,1.25,4.25,True
22,native,confirmation-003,fixed_cadence,0.2,0.30665192753936543,0.049999999999999996,0.19999999999999998,0.0313011410433855,0.2602644132900583,0.02486092098414516,0.00166434597947813,0.013981222222797473,0.00011846872199371136,0.7994887232780457,0.15819385647773743,0.08058162327620401,0.004242774946488552,0.0006944216145599075,0.001059743411467955,False,,5.0,5.0,1.25,4.25,True
22,native,confirmation-004,serial,0.0,-0.38344029684153796,0.05,0.0,0.016890949457885916,0.1869244716280019,0.022646318665206153,0.002378721999095067,0.015301675213499141,0.00018239179712296882,0.7242339849472046,0.16005050390958786,0.07131697293478205,0.00676004241467141,0.0016787999160645915,0.001087482419269149,False,,5.0,5.0,1.55,4.55,True
22,native,confirmation-004,serial,0.05,-0.38344029684153796,0.049999999999999996,0.05,0.019943774663068167,0.20377622596870076,0.024565187625887927,0.0004267776143303514,0.017114464703171166,5.43993838915402e-05,0.7699866592884064,0.13812802731990814,0.0779905933010637,0.0012308119841638843,0.0017022571186483908,0.00015465348545209493,False,,5.0,5.0,1.55,4.55,True
22,native,confirmation-004,serial,0.1,-0.38344029684153796,0.1,0.10000000000000002,0.027054428957262518,0.23534175561265241,0.028797447329327982,0.001997557519644173,0.02144198742905015,0.00013910749694465152,0.8130074664950371,0.08437797427177429,0.09057840754880965,0.005715387106226023,0.0030402862237404976,0.0009052769254131662,False,,5.0,5.0,1.55,4.55,True
22,native,confirmation-004,serial,0.2,-0.38344029684153796,0.19999999999999998,0.2,0.04368609653517226,0.2888203943127969,0.03675888056419638,0.0026579405056009215,0.03337763176580438,0.00029380050845961847,1.1054940521717072,0.10767266154289246,0.11202884369764239,0.00784804170897606,0.00603392170436048,0.0011572310371079102,False,,5.0,5.0,1.55,4.55,True
22,native,confirmation-004,fixed_cadence,0.0,-0.38344029684153796,0.05,0.0,0.016890949457885916,0.1869244716280019,0.022646318665206153,0.002378721999095067,0.015301675213499141,0.00018239179712296882,0.7242339849472046,0.16005050390958786,0.07131697293478205,0.00676004241467141,0.0016787999160645915,0.001087482419269149,False,,5.0,5.0,1.55,4.55,True
22,native,confirmation-004,fixed_cadence,0.05,-0.38344029684153796,0.049999999999999996,0.05,0.019943774663068167,0.20377622596870076,0.024565187625887927,0.0004267776143303514,0.017114464703171166,5.43993838915402e-05,0.7699866592884064,0.13812802731990814,0.0779905933010637,0.0012308119841638843,0.0017022571186483908,0.00015465348545209493,False,,5.0,5.0,1.55,4.55,True
22,native,confirmation-004,fixed_cadence,0.1,-0.38344029684153796,0.05,0.1,0.023754363808566877,0.22183527786515267,0.026815376201413273,0.0014831486718121932,0.018602105681842368,9.284593803483843e-05,0.7805511727929115,0.09826771914958954,0.0848722834621573,0.003958689927154358,0.002269568953481887,0.0008851634845319249,False,,5.0,5.0,1.55,4.55,True
22,native,confirmation-004,fixed_cadence,0.2,-0.38344029684153796,0.049999999999999996,0.19999999999999998,0.031177922156542005,0.2597371731591023,0.030557589124022216,0.00166434597947813,0.022941249457753277,0.00011846872199371136,0.9747739881277084,0.15819385647773743,0.09925362755101355,0.004242774946488552,0.0019304323042728846,0.001059743411467955,False,,5.0,5.0,1.55,4.55,True
22,native,confirmation-005,serial,0.0,-0.5284560864389926,0.05,0.0,0.016939802736538414,0.18715873795257848,0.031247390124449582,0.002378721999095067,0.028906295630919898,0.00018239179712296882,0.9319945797324181,0.16005050390958786,0.09852237937640804,0.00676004241467141,0.0010113626032050287,0.001087482419269149,False,,5.0,5.0,1.25,4.25,True
22,native,confirmation-005,serial,0.05,-0.5284560864389926,0.049999999999999996,0.05,0.02003010670127415,0.20411079221261008,0.03404785203486738,0.0004267776143303514,0.032605436674254674,5.43993838915402e-05,1.008714735507965,0.13812802731990814,0.10803633534016524,0.0012308119841638843,0.0017160914497539154,0.00015465348545209493,False,,5.0,5.0,1.25,4.25,True
22,native,confirmation-005,serial,0.1,-0.5284560864389926,0.1,0.10000000000000002,0.02716437053625073,0.23561629831373443,0.03968555959291015,0.001997557519644173,0.040746201602609715,0.00013910749694465152,1.094946339726448,0.08437797427177429,0.12502808943958832,0.005715387106226023,0.0037323230476094694,0.0009052769254131662,False,,5.0,5.0,1.25,4.25,True
22,native,confirmation-005,serial,0.2,-0.5284560864389926,0.19999999999999998,0.2,0.047181641003030884,0.29884854592628657,0.052083327036617444,0.0026579405056009215,0.06767152917948391,0.00029380050845961847,1.4646558463573456,0.10767266154289246,0.1588708983912557,0.00784804170897606,0.007734939351101178,0.0011572310371079102,False,,5.0,5.0,1.25,4.25,True
22,native,confirmation-005,fixed_cadence,0.0,-0.5284560864389926,0.05,0.0,0.016939802736538414,0.18715873795257848,0.031247390124449582,0.002378721999095067,0.028906295630919898,0.00018239179712296882,0.9319945797324181,0.16005050390958786,0.09852237937640804,0.00676004241467141,0.0010113626032050287,0.001087482419269149,False,,5.0,5.0,1.25,4.25,True
22,native,confirmation-005,fixed_cadence,0.05,-0.5284560864389926,0.049999999999999996,0.05,0.02003010670127415,0.20411079221261008,0.03404785203486738,0.0004267776143303514,0.032605436674254674,5.43993838915402e-05,1.008714735507965,0.13812802731990814,0.10803633534016524,0.0012308119841638843,0.0017160914497539154,0.00015465348545209493,False,,5.0,5.0,1.25,4.25,True
22,native,confirmation-005,fixed_cadence,0.1,-0.5284560864389926,0.05,0.1,0.0238534863132744,0.2221311297798257,0.037039245751498,0.0014831486718121932,0.035287985183694026,9.284593803483843e-05,1.0412836819887161,0.09826771914958954,0.11730364628495799,0.003958689927154358,0.0026598024130411136,0.0008851634845319249,False,,5.0,5.0,1.25,4.25,True
22,native,confirmation-005,fixed_cadence,0.2,-0.5284560864389926,0.049999999999999996,0.19999999999999998,0.031196936814739007,0.25968767586776637,0.04197329186255699,0.00166434597947813,0.0433322129615011,0.00011846872199371136,1.287188082933426,0.15819385647773743,0.13646249361461182,0.004242774946488552,0.0021669973202887998,0.001059743411467955,False,,5.0,5.0,1.25,4.25,True
22,native,confirmation-006,serial,0.0,0.34010668192597016,0.05,0.0,0.01669272973461266,0.18588920687523633,0.020257379292527064,0.002378721999095067,0.013552753414804858,0.00018239179712296882,0.6766898930072784,0.16005050390958786,0.06360495618105941,0.00676004241467141,0.002143767097146817,0.001087482419269149,False,,5.0,5.0,1.25,4.25,True
22,native,confirmation-006,serial,0.05,0.34010668192597016,0.049999999999999996,0.05,0.019701741680092248,0.20271155419304526,0.021643955465583425,0.0004267776143303514,0.01377476089831747,5.43993838915402e-05,0.7066893205046654,0.13812802731990814,0.06877080919712619,0.0012308119841638843,0.0013075550508054533,0.00015465348545209493,False,,5.0,5.0,1.25,4.25,True
22,native,confirmation-006,serial,0.1,0.34010668192597016,0.1,0.10000000000000002,0.026884476660967105,0.23485518976639197,0.025174071700658128,0.001997557519644173,0.01566638052824254,0.00013910749694465152,0.7196777686476707,0.08437797427177429,0.07936059679307161,0.005715387106226023,0.001267695591326127,0.0009052769254131662,False,,5.0,5.0,1.25,4.25,True
22,native,confirmation-006,serial,0.2,0.34010668192597016,0.19999999999999998,0.2,0.047306642548023095,0.2995067773107709,0.03319974452158612,0.0026579405056009215,0.025234588858134083,0.00029380050845961847,0.9334849193692207,0.10767266154289246,0.10096880445888393,0.00784804170897606,0.00379058650641926,0.0011572310371079102,False,,5.0,5.0,1.25,4.25,True
22,native,confirmation-006,fixed_cadence,0.0,0.34010668192597016,0.05,0.0,0.01669272973461266,0.18588920687523633,0.020257379292527064,0.002378721999095067,0.013552753414804858,0.00018239179712296882,0.6766898930072784,0.16005050390958786,0.06360495618105941,0.00676004241467141,0.002143767097146817,0.001087482419269149,False,,5.0,5.0,1.25,4.25,True
22,native,confirmation-006,fixed_cadence,0.05,0.34010668192597016,0.049999999999999996,0.05,0.019701741680092248,0.20271155419304526,0.021643955465583425,0.0004267776143303514,0.01377476089831747,5.43993838915402e-05,0.7066893205046654,0.13812802731990814,0.06877080919712619,0.0012308119841638843,0.0013075550508054533,0.00015465348545209493,False,,5.0,5.0,1.25,4.25,True
22,native,confirmation-006,fixed_cadence,0.1,0.34010668192597016,0.05,0.1,0.023557551895758394,0.2211932424841737,0.023749681168267072,0.0014831486718121932,0.013970175254862056,9.284593803483843e-05,0.7008043304085732,0.09826771914958954,0.07531220100049951,0.003958689927154358,0.0005946957054037297,0.0008851634845319249,False,,5.0,5.0,1.25,4.25,True
22,native,confirmation-006,fixed_cadence,0.2,0.34010668192597016,0.049999999999999996,0.19999999999999998,0.03131500914563857,0.2603003535975749,0.02753815523138182,0.00166434597947813,0.017213109760308504,0.00011846872199371136,0.8701654151082039,0.15819385647773743,0.08930092883713356,0.004242774946488552,0.0006890670846168605,0.001059743411467955,False,,5.0,5.0,1.25,4.25,True
22,native,confirmation-007,serial,0.0,-0.373065528290342,0.05,0.0,0.01688146162310084,0.1868780188637088,0.021966372383232978,0.002378721999095067,0.01426330592679562,0.00018239179712296882,0.7034332677721977,0.16005050390958786,0.0691225957444374,0.00676004241467141,0.0008307425186226153,0.001087482419269149,False,,5.0,5.0,1.4,4.4,True
22,native,confirmation-007,serial,0.05,-0.373065528290342,0.049999999999999996,0.05,0.01993618002915082,0.20374587411502773,0.023929969915330536,0.0004267776143303514,0.0162109388815411,5.43993838915402e-05,0.7529858499765396,0.13812802731990814,0.07596639050988402,0.0012308119841638843,0.0012209980930823628,0.00015465348545209493,False,,5.0,5.0,1.4,4.4,True
22,native,confirmation-007,serial,0.1,-0.373065528290342,0.1,0.10000000000000002,0.026125940043552977,0.23171178814937116,0.02762963560650707,0.001997557519644173,0.020452624512411477,0.00013910749694465152,0.8100844919681549,0.08437797427177429,0.08706848817871073,0.005715387106226023,0.002867259164426855,0.0009052769254131662,False,,5.0,5.0,1.4,4.4,True
22,native,confirmation-007,serial,0.2,-0.373065528290342,0.19999999999999998,0.2,0.04334422389707067,0.28988531364919634,0.03566072362464776,0.0026579405056009215,0.03450543828031393,0.00029380050845961847,1.1305414140224457,0.10767266154289246,0.10968595109314855,0.00784804170897606,0.005899239245090329,0.0011572310371079102,False,,5.0,5.0,1.4,4.4,True
22,native,confirmation-007,fixed_cadence,0.0,-0.373065528290342,0.05,0.0,0.01688146162310084,0.1868780188637088,0.021966372383232978,0.002378721999095067,0.01426330592679562,0.00018239179712296882,0.7034332677721977,0.16005050390958786,0.0691225957444374,0.00676004241467141,0.0008307425186226153,0.001087482419269149,False,,5.0,5.0,1.4,4.4,True
22,native,confirmation-007,fixed_cadence,0.05,-0.373065528290342,0.049999999999999996,0.05,0.01993618002915082,0.20374587411502773,0.023929969915330536,0.0004267776143303514,0.0162109388815411,5.43993838915402e-05,0.7529858499765396,0.13812802731990814,0.07596639050988402,0.0012308119841638843,0.0012209980930823628,0.00015465348545209493,False,,5.0,5.0,1.4,4.4,True
22,native,confirmation-007,fixed_cadence,0.1,-0.373065528290342,0.05,0.1,0.023750626313744475,0.22182550815686755,0.02613355123433362,0.0014831486718121932,0.017762490564483882,9.284593803483843e-05,0.7650569453835487,0.09826771914958954,0.08272324100240966,0.003958689927154358,0.0020935509941250184,0.0008851634845319249,False,,5.0,5.0,1.4,4.4,True
22,native,confirmation-007,fixed_cadence,0.2,-0.373065528290342,0.049999999999999996,0.19999999999999998,0.031178412286573212,0.2597447423645965,0.029690655338493584,0.00166434597947813,0.021826560101609254,0.00011846872199371136,0.9542716294527054,0.15819385647773743,0.09647614306795065,0.004242774946488552,0.0017696014932155725,0.001059743411467955,False,,5.0,5.0,1.4,4.4,True
22,candidate_half,confirmation-000,serial,0.0,0.5244675785137001,0.05,0.0,0.014211489739052872,0.17665204519070243,0.03423001022337703,0.02728090824297509,0.0470506093971193,0.005032479651340824,1.1948548629879951,0.3085705637931824,0.06886702741763963,0.03824053154530168,0.02857714947657694,0.02719700709579927,False,,5.0,5.0,1.45,4.45,True
22,candidate_half,confirmation-000,serial,0.05,0.5244675785137001,0.049999999999999996,0.05,0.01734986481926635,0.19481983475837156,0.040652740195553615,0.035430999289468856,0.054447740541915014,0.0076144541950967665,1.28215953707695,0.3003311902284622,0.06898499498854581,0.04705291149771566,0.03776828498585915,0.03615230070474463,False,,5.0,5.0,1.45,4.45,True
22,candidate_half,confirmation-000,serial,0.1,0.5244675785137001,0.1,0.10000000000000002,0.024662612828550597,0.22807105106419304,0.04893365880890381,0.04256956865704052,0.06737616121855873,0.01061591526499942,1.443210318684578,0.30831973999738693,0.08767660584892546,0.05618782893644218,0.04684538599470887,0.0440170115318033,False,,5.0,5.0,1.45,4.45,True
22,candidate_half,confirmation-000,serial,0.2,0.5244675785137001,0.19999999999999998,0.2,0.04601487482137897,0.2953079559582893,0.07050881400145594,0.060933825222560696,0.12070611737129926,0.0243219925924696,2.1114200353622437,0.5720197781920433,0.1356994634642336,0.08483177653226001,0.07020838555147085,0.06332386941991489,False,,5.0,5.0,1.45,4.45,False
22,candidate_half,confirmation-000,fixed_cadence,0.0,0.5244675785137001,0.05,0.0,0.014211489739052872,0.17665204519070243,0.03423001022337703,0.02728090824297509,0.0470506093971193,0.005032479651340824,1.1948548629879951,0.3085705637931824,0.06886702741763963,0.03824053154530168,0.02857714947657694,0.02719700709579927,False,,5.0,5.0,1.45,4.45,True
22,candidate_half,confirmation-000,fixed_cadence,0.05,0.5244675785137001,0.049999999999999996,0.05,0.01734986481926635,0.19481983475837156,0.040652740195553615,0.035430999289468856,0.054447740541915014,0.0076144541950967665,1.28215953707695,0.3003311902284622,0.06898499498854581,0.04705291149771566,0.03776828498585915,0.03615230070474463,False,,5.0,5.0,1.45,4.45,True
22,candidate_half,confirmation-000,fixed_cadence,0.1,0.5244675785137001,0.05,0.1,0.021157810459249107,0.21386594727984976,0.04652518908126317,0.0425100941496381,0.059644651972431996,0.010446414136110763,1.3387469574809074,0.29183588922023773,0.07829148366431064,0.05518324349085517,0.04570531026751292,0.04393763231418701,False,,5.0,5.0,1.45,4.45,True
22,candidate_half,confirmation-000,fixed_cadence,0.2,0.5244675785137001,0.049999999999999996,0.19999999999999998,0.02873996549555918,0.2544444011104029,0.060480679528015606,0.060050505662715616,0.08112916132875117,0.021748258984060832,1.7502617463469505,0.5174707993865013,0.09580114975486972,0.07615334595518582,0.06389341131281608,0.06275502526454456,False,,5.0,5.0,1.45,4.45,False
22,candidate_half,confirmation-001,serial,0.0,-0.4661912627211833,0.05,0.0,0.014495180912981565,0.17826358081516044,0.041807899029426256,0.02728090824297509,0.024811207913226007,0.005032479651340824,1.0236268863081932,0.3085705637931824,0.10688616680044016,0.03824053154530168,0.025998508099663784,0.02719700709579927,False,,5.0,5.0,1.45,4.45,True
22,candidate_half,confirmation-001,serial,0.05,-0.4661912627211833,0.049999999999999996,0.05,0.017703281898535296,0.19660276428069143,0.050904062145593065,0.035430999289468856,0.028681643214596084,0.0076144541950967665,1.0902805998921394,0.3003311902284622,0.12487916862974036,0.04705291149771566,0.034749744954278856,0.03615230070474463,False,,5.0,5.0,1.45,4.45,True
22,candidate_half,confirmation-001,serial,0.1,-0.4661912627211833,0.1,0.10000000000000002,0.02490283298560939,0.2290141605685864,0.06052240714209427,0.04256956865704052,0.03658036056304711,0.01061591526499942,1.2087317928671837,0.30831973999738693,0.1475734363383996,0.05618782893644218,0.04163021636201059,0.0440170115318033,False,,5.0,5.0,1.45,4.45,True
22,candidate_half,confirmation-001,serial,0.2,-0.4661912627211833,0.19999999999999998,0.2,0.04573487675611883,0.29473055712764024,0.08309362049715924,0.060933825222560696,0.06679822410747617,0.0243219925924696,1.757245622575283,0.5720197781920433,0.19165185508947935,0.08483177653226001,0.05797423763611308,0.06332386941991489,False,,5.0,5.0,1.45,4.45,False
22,candidate_half,confirmation-001,fixed_cadence,0.0,-0.4661912627211833,0.05,0.0,0.014495180912981565,0.17826358081516044,0.041807899029426256,0.02728090824297509,0.024811207913226007,0.005032479651340824,1.0236268863081932,0.3085705637931824,0.10688616680044016,0.03824053154530168,0.025998508099663784,0.02719700709579927,False,,5.0,5.0,1.45,4.45,True
22,candidate_half,confirmation-001,fixed_cadence,0.05,-0.4661912627211833,0.049999999999999996,0.05,0.017703281898535296,0.19660276428069143,0.050904062145593065,0.035430999289468856,0.028681643214596084,0.0076144541950967665,1.0902805998921394,0.3003311902284622,0.12487916862974036,0.04705291149771566,0.034749744954278856,0.03615230070474463,False,,5.0,5.0,1.45,4.45,True
22,candidate_half,confirmation-001,fixed_cadence,0.1,-0.4661912627211833,0.05,0.1,0.021481394467557452,0.2151158640933784,0.05943988364684203,0.0425100941496381,0.03253322927467213,0.010446414136110763,1.1432849243283272,0.29183588922023773,0.1425242549077225,0.05518324349085517,0.04239533974550466,0.04393763231418701,False,,5.0,5.0,1.45,4.45,True
22,candidate_half,confirmation-001,fixed_cadence,0.2,-0.4661912627211833,0.049999999999999996,0.19999999999999998,0.028674638777791386,0.2539551278253779,0.07924453246857897,0.060050505662715616,0.04984659723246265,0.021748258984060832,1.564643606543541,0.5174707993865013,0.18175643171758893,0.07615334595518582,0.0617729653956926,0.06275502526454456,False,,5.0,5.0,1.45,4.45,False
22,candidate_half,confirmation-002,serial,0.0,0.458690969525116,0.05,0.0,0.014226189581387837,0.17674944087916283,0.03208229232398315,0.02728090824297509,0.03770767522906437,0.005032479651340824,1.081729531288147,0.3085705637931824,0.057206370944575424,0.03824053154530168,0.028412199186612367,0.02719700709579927,False,,5.0,5.0,1.55,4.55,True
22,candidate_half,confirmation-002,serial,0.05,0.458690969525116,0.049999999999999996,0.05,0.01736345221596602,0.1949139365461191,0.038799606457674524,0.035430999289468856,0.0444520132579833,0.0076144541950967665,1.1612816900014877,0.3003311902284622,0.06461946247109158,0.04705291149771566,0.03758533413856293,0.03615230070474463,False,,5.0,5.0,1.55,4.55,True
22,candidate_half,confirmation-002,serial,0.1,0.458690969525116,0.1,0.10000000000000002,0.024660108225688707,0.22810257045010093,0.0468493618670593,0.04256956865704052,0.05549243212412308,0.01061591526499942,1.3036534935235977,0.30831973999738693,0.08264116731386852,0.05618782893644218,0.046656736222288,0.0440170115318033,False,,5.0,5.0,1.55,4.55,True
22,candidate_half,confirmation-002,serial,0.2,0.458690969525116,0.19999999999999998,0.2,0.04232185079641213,0.2839563719731457,0.06712499125587487,0.060933825222560696,0.09584225826535474,0.0243219925924696,1.9201073423027992,0.5720197781920433,0.12610201483052283,0.08483177653226001,0.0698020818866749,0.06332386941991489,False,,5.0,5.0,1.55,4.55,False
22,candidate_half,confirmation-002,fixed_cadence,0.0,0.458690969525116,0.05,0.0,0.014226189581387837,0.17674944087916283,0.03208229232398315,0.02728090824297509,0.03770767522906437,0.005032479651340824,1.081729531288147,0.3085705637931824,0.057206370944575424,0.03824053154530168,0.028412199186612367,0.02719700709579927,False,,5.0,5.0,1.55,4.55,True
22,candidate_half,confirmation-002,fixed_cadence,0.05,0.458690969525116,0.049999999999999996,0.05,0.01736345221596602,0.1949139365461191,0.038799606457674524,0.035430999289468856,0.0444520132579833,0.0076144541950967665,1.1612816900014877,0.3003311902284622,0.06461946247109158,0.04705291149771566,0.03758533413856293,0.03615230070474463,False,,5.0,5.0,1.55,4.55,True
22,candidate_half,confirmation-002,fixed_cadence,0.1,0.458690969525116,0.05,0.1,0.021163379449394202,0.2139072257344872,0.04485718333883065,0.0425100941496381,0.049506892099673704,0.010446414136110763,1.2133964896202087,0.29183588922023773,0.07435618415741178,0.05518324349085517,0.045395772547697,0.04393763231418701,False,,5.0,5.0,1.55,4.55,True
22,candidate_half,confirmation-002,fixed_cadence,0.2,0.458690969525116,0.049999999999999996,0.19999999999999998,0.0287157996276909,0.2543887810772502,0.05930028355521878,0.060050505662715616,0.06900972830650244,0.021748258984060832,1.6023678705096245,0.5174707993865013,0.09209912353603189,0.07615334595518582,0.06346232625695526,0.06275502526454456,False,,5.0,5.0,1.55,4.55,False
22,candidate_half,confirmation-003,serial,0.0,0.30665192753936543,0.05,0.0,0.014220015314312315,0.17674920528236882,0.02789695283705236,0.02728090824297509,0.020961740679676755,0.005032479651340824,0.8132308721542358,0.3085705637931824,0.04408889109470344,0.03824053154530168,0.027723312792972493,0.02719700709579927,False,,5.0,5.0,1.25,4.25,True
22,candidate_half,confirmation-003,serial,0.05,0.30665192753936543,0.049999999999999996,0.05,0.017348985806012716,0.19490728706189728,0.03477028259826517,0.035430999289468856,0.024865291680440032,0.0076144541950967665,0.8461291342973709,0.3003311902284622,0.054487770670027406,0.04705291149771566,0.03675612806053414,0.03615230070474463,False,,5.0,5.0,1.25,4.25,True
22,candidate_half,confirmation-003,serial,0.1,0.30665192753936543,0.1,0.10000000000000002,0.024614571860755906,0.22805154157117916,0.04174771853528375,0.04256956865704052,0.030921336245257548,0.01061591526499942,0.9362904727458954,0.30831973999738693,0.06833788004426211,0.05618782893644218,0.04492712687839618,0.0440170115318033,False,,5.0,5.0,1.25,4.25,True
22,candidate_half,confirmation-003,serial,0.2,0.30665192753936543,0.19999999999999998,0.2,0.045861744694070554,0.29512370778828023,0.06023594071540692,0.060933825222560696,0.058920776301588734,0.0243219925924696,1.3920047506690025,0.5720197781920433,0.10362287439768944,0.08483177653226001,0.0650923483340299,0.06332386941991489,False,,5.0,5.0,1.25,4.25,False
22,candidate_half,confirmation-003,fixed_cadence,0.0,0.30665192753936543,0.05,0.0,0.014220015314312315,0.17674920528236882,0.02789695283705236,0.02728090824297509,0.020961740679676755,0.005032479651340824,0.8132308721542358,0.3085705637931824,0.04408889109470344,0.03824053154530168,0.027723312792972493,0.02719700709579927,False,,5.0,5.0,1.25,4.25,True
22,candidate_half,confirmation-003,fixed_cadence,0.05,0.30665192753936543,0.049999999999999996,0.05,0.017348985806012716,0.19490728706189728,0.03477028259826517,0.035430999289468856,0.024865291680440032,0.0076144541950967665,0.8461291342973709,0.3003311902284622,0.054487770670027406,0.04705291149771566,0.03675612806053414,0.03615230070474463,False,,5.0,5.0,1.25,4.25,True
22,candidate_half,confirmation-003,fixed_cadence,0.1,0.30665192753936543,0.05,0.1,0.021143995909312326,0.21388181801329775,0.04083090699831492,0.0425100941496381,0.028078801639828916,0.010446414136110763,0.8646209537982941,0.29183588922023773,0.06298134915262152,0.05518324349085517,0.04470407876485527,0.04393763231418701,False,,5.0,5.0,1.25,4.25,True
22,candidate_half,confirmation-003,fixed_cadence,0.2,0.30665192753936543,0.049999999999999996,0.19999999999999998,0.028671809580547155,0.25424408859894976,0.05621713697029437,0.060050505662715616,0.04281572201375837,0.021748258984060832,1.1986136063933372,0.5174707993865013,0.08059920789532124,0.07615334595518582,0.06344657053963852,0.06275502526454456,False,,5.0,5.0,1.25,4.25,False
22,candidate_half,confirmation-004,serial,0.0,-0.38344029684153796,0.05,0.0,0.014469386003804303,0.1781309244653403,0.038379499542663995,0.02728090824297509,0.017673095503870983,0.005032479651340824,0.8977130055427551,0.3085705637931824,0.09219740724142371,0.03824053154530168,0.026202956225667887,0.02719700709579927,False,,5.0,5.0,1.55,4.55,True
22,candidate_half,confirmation-004,serial,0.05,-0.38344029684153796,0.049999999999999996,0.05,0.017664972454003367,0.19643795407723164,0.04718530007773059,0.035430999289468856,0.020684127472754485,0.0076144541950967665,0.9485188871622086,0.3003311902284622,0.10799570522395002,0.04705291149771566,0.03498207071261978,0.03615230070474463,False,,5.0,5.0,1.55,4.55,True
22,candidate_half,confirmation-004,serial,0.1,-0.38344029684153796,0.1,0.10000000000000002,0.024861199185761886,0.22889688665866634,0.05609763044078051,0.04256956865704052,0.026571297694141516,0.01061591526499942,1.0440664365887642,0.30831973999738693,0.12741888950157493,0.05618782893644218,0.04189052025214789,0.0440170115318033,False,,5.0,5.0,1.55,4.55,True
22,candidate_half,confirmation-004,serial,0.2,-0.38344029684153796,0.19999999999999998,0.2,0.042199401727492585,0.2837104344368325,0.07635946501915998,0.060933825222560696,0.04724738966370995,0.0243219925924696,1.4977874234318733,0.5720197781920433,0.1611501429085524,0.08483177653226001,0.05827462156745321,0.06332386941991489,False,,5.0,5.0,1.55,4.55,False
22,candidate_half,confirmation-004,fixed_cadence,0.0,-0.38344029684153796,0.05,0.0,0.014469386003804303,0.1781309244653403,0.038379499542663995,0.02728090824297509,0.017673095503870983,0.005032479651340824,0.8977130055427551,0.3085705637931824,0.09219740724142371,0.03824053154530168,0.026202956225667887,0.02719700709579927,False,,5.0,5.0,1.55,4.55,True
22,candidate_half,confirmation-004,fixed_cadence,0.05,-0.38344029684153796,0.049999999999999996,0.05,0.017664972454003367,0.19643795407723164,0.04718530007773059,0.035430999289468856,0.020684127472754485,0.0076144541950967665,0.9485188871622086,0.3003311902284622,0.10799570522395002,0.04705291149771566,0.03498207071261978,0.03615230070474463,False,,5.0,5.0,1.55,4.55,True
22,candidate_half,confirmation-004,fixed_cadence,0.1,-0.38344029684153796,0.05,0.1,0.021436423532411666,0.21496895186692924,0.05534782364579616,0.0425100941496381,0.023853883951546126,0.010446414136110763,0.9881593286991119,0.29183588922023773,0.12342922872590852,0.05518324349085517,0.042753439840549606,0.04393763231418701,False,,5.0,5.0,1.55,4.55,True
22,candidate_half,confirmation-004,fixed_cadence,0.2,-0.38344029684153796,0.049999999999999996,0.19999999999999998,0.028655969600177193,0.2539670217108643,0.0747086161264872,0.060050505662715616,0.03885426073697195,0.021748258984060832,1.3740592449903488,0.5174707993865013,0.1587264991989211,0.07615334595518582,0.06220213773046772,0.06275502526454456,False,,5.0,5.0,1.55,4.55,False
22,candidate_half,confirmation-005,serial,0.0,-0.5284560864389926,0.05,0.0,0.01450093584146501,0.1782945652499511,0.04486460429068049,0.02728090824297509,0.03207902366116385,0.005032479651340824,1.1112426593899727,0.3085705637931824,0.11955946482651143,0.03824053154530168,0.026330587572480933,0.02719700709579927,False,,5.0,5.0,1.25,4.25,True
22,candidate_half,confirmation-005,serial,0.05,-0.5284560864389926,0.049999999999999996,0.05,0.017722857705309396,0.19668812263697513,0.054371577120274996,0.035430999289468856,0.037609703411473315,0.0076144541950967665,1.1962538212537766,0.3003311902284622,0.1402644098118442,0.04705291149771566,0.03514957157542177,0.03615230070474463,False,,5.0,5.0,1.25,4.25,True
22,candidate_half,confirmation-005,serial,0.1,-0.5284560864389926,0.1,0.10000000000000002,0.024936994527920506,0.2291165836922554,0.06480373547612087,0.04256956865704052,0.04838745968002321,0.01061591526499942,1.3391700759530067,0.30831973999738693,0.16664207551513105,0.05618782893644218,0.04258577588331164,0.0440170115318033,False,,5.0,5.0,1.25,4.25,True
22,candidate_half,confirmation-005,serial,0.2,-0.5284560864389926,0.19999999999999998,0.2,0.045805119438460176,0.2947709249876158,0.08928759578387442,0.060933825222560696,0.0872753079513631,0.0243219925924696,1.9646478816866875,0.5720197781920433,0.21902011972736068,0.08483177653226001,0.0611845371015535,0.06332386941991489,False,,5.0,5.0,1.25,4.25,False
22,candidate_half,confirmation-005,fixed_cadence,0.0,-0.5284560864389926,0.05,0.0,0.01450093584146501,0.1782945652499511,0.04486460429068049,0.02728090824297509,0.03207902366116385,0.005032479651340824,1.1112426593899727,0.3085705637931824,0.11955946482651143,0.03824053154530168,0.026330587572480933,0.02719700709579927,False,,5.0,5.0,1.25,4.25,True
22,candidate_half,confirmation-005,fixed_cadence,0.05,-0.5284560864389926,0.049999999999999996,0.05,0.017722857705309396,0.19668812263697513,0.054371577120274996,0.035430999289468856,0.037609703411473315,0.0076144541950967665,1.1962538212537766,0.3003311902284622,0.1402644098118442,0.04705291149771566,0.03514957157542177,0.03615230070474463,False,,5.0,5.0,1.25,4.25,True
22,candidate_half,confirmation-005,fixed_cadence,0.1,-0.5284560864389926,0.05,0.1,0.021516433837377003,0.21523447746233965,0.06331421989280449,0.0425100941496381,0.04271334341695091,0.010446414136110763,1.264001950621605,0.29183588922023773,0.16032602319281006,0.05518324349085517,0.0426425732022114,0.04393763231418701,False,,5.0,5.0,1.25,4.25,True
22,candidate_half,confirmation-005,fixed_cadence,0.2,-0.5284560864389926,0.049999999999999996,0.19999999999999998,0.028699973335744755,0.25395848258813264,0.08348974404215564,0.060050505662715616,0.0625794572957666,0.021748258984060832,1.7048181965947151,0.5174707993865013,0.20314764829112364,0.07615334595518582,0.06157063074301102,0.06275502526454456,False,,5.0,5.0,1.25,4.25,False
22,candidate_half,confirmation-006,serial,0.0,0.34010668192597016,0.05,0.0,0.014214246395426264,0.17671149917170503,0.028558507626009838,0.02728090824297509,0.0241128427444562,0.005032479651340824,0.8695040643215179,0.3085705637931824,0.045866126436580876,0.03824053154530168,0.02778197548748091,0.02719700709579927,False,,5.0,5.0,1.25,4.25,True
22,candidate_half,confirmation-006,serial,0.05,0.34010668192597016,0.049999999999999996,0.05,0.017343465871342077,0.19487003475231976,0.035283974580862666,0.035430999289468856,0.028303330293220682,0.0076144541950967665,0.9091335535049438,0.3003311902284622,0.056483549683956275,0.04705291149771566,0.0368234550439504,0.03615230070474463,False,,5.0,5.0,1.25,4.25,True
22,candidate_half,confirmation-006,serial,0.1,0.34010668192597016,0.1,0.10000000000000002,0.024615578781231648,0.22803970729144918,0.04234678529209011,0.04256956865704052,0.03503601139519561,0.01061591526499942,1.0093006864190102,0.30831973999738693,0.07103976910000807,0.05618782893644218,0.04503106026288632,0.0440170115318033,False,,5.0,5.0,1.25,4.25,True
22,candidate_half,confirmation-006,serial,0.2,0.34010668192597016,0.19999999999999998,0.2,0.0458812141006649,0.29514990771074434,0.06103997815603316,0.060933825222560696,0.06585218680693791,0.0243219925924696,1.4910037815570831,0.5720197781920433,0.10795166790838268,0.08483177653226001,0.0653105983128771,0.06332386941991489,False,,5.0,5.0,1.25,4.25,False
22,candidate_half,confirmation-006,fixed_cadence,0.0,0.34010668192597016,0.05,0.0,0.014214246395426264,0.17671149917170503,0.028558507626009838,0.02728090824297509,0.0241128427444562,0.005032479651340824,0.8695040643215179,0.3085705637931824,0.045866126436580876,0.03824053154530168,0.02778197548748091,0.02719700709579927,False,,5.0,5.0,1.25,4.25,True
22,candidate_half,confirmation-006,fixed_cadence,0.05,0.34010668192597016,0.049999999999999996,0.05,0.017343465871342077,0.19487003475231976,0.035283974580862666,0.035430999289468856,0.028303330293220682,0.0076144541950967665,0.9091335535049438,0.3003311902284622,0.056483549683956275,0.04705291149771566,0.0368234550439504,0.03615230070474463,False,,5.0,5.0,1.25,4.25,True
22,candidate_half,confirmation-006,fixed_cadence,0.1,0.34010668192597016,0.05,0.1,0.021140827686227767,0.21386324358856462,0.04125192443693825,0.0425100941496381,0.031638384339987585,0.010446414136110763,0.9319769963622093,0.29183588922023773,0.06512207265001319,0.05518324349085517,0.04478907385781888,0.04393763231418701,False,,5.0,5.0,1.25,4.25,True
22,candidate_half,confirmation-006,fixed_cadence,0.2,0.34010668192597016,0.049999999999999996,0.19999999999999998,0.02868011577142703,0.2542685914915277,0.05638110794285912,0.060050505662715616,0.04711114108879414,0.021748258984060832,1.2778972461819649,0.5174707993865013,0.08269969664083882,0.07615334595518582,0.06352271541759816,0.06275502526454456,False,,5.0,5.0,1.25,4.25,False
22,candidate_half,confirmation-007,serial,0.0,-0.373065528290342,0.05,0.0,0.014448503776235454,0.178021000069515,0.03799211831244896,0.02728090824297509,0.016564810408635357,0.005032479651340824,0.8638601750135422,0.3085705637931824,0.0903475579638958,0.03824053154530168,0.026290861238624168,0.02719700709579927,False,,5.0,5.0,1.4,4.4,True
22,candidate_half,confirmation-007,serial,0.05,-0.373065528290342,0.049999999999999996,0.05,0.017637719964005018,0.19631636435272293,0.046924094985997714,0.035430999289468856,0.019966342411827244,0.0076144541950967665,0.9158548340201378,0.3003311902284622,0.10701230431259,0.04705291149771566,0.035095537832112694,0.03615230070474463,False,,5.0,5.0,1.4,4.4,True
22,candidate_half,confirmation-007,serial,0.1,-0.373065528290342,0.1,0.10000000000000002,0.023941098131380425,0.22505735181967193,0.055587021753429354,0.04256956865704052,0.025842666315187834,0.01061591526499942,1.0212373360991478,0.30831973999738693,0.12577274900542576,0.05618782893644218,0.0423090802483561,0.0440170115318033,False,,5.0,5.0,1.4,4.4,True
22,candidate_half,confirmation-007,serial,0.2,-0.373065528290342,0.19999999999999998,0.2,0.04194468995839075,0.28541801719213367,0.07628266202825144,0.060933825222560696,0.04892956319677413,0.0243219925924696,1.4715779572725296,0.5720197781920433,0.16258728445954831,0.08483177653226001,0.05985726159538588,0.06332386941991489,False,,5.0,5.0,1.4,4.4,False
22,candidate_half,confirmation-007,fixed_cadence,0.0,-0.373065528290342,0.05,0.0,0.014448503776235454,0.178021000069515,0.03799211831244896,0.02728090824297509,0.016564810408635357,0.005032479651340824,0.8638601750135422,0.3085705637931824,0.0903475579638958,0.03824053154530168,0.026290861238624168,0.02719700709579927,False,,5.0,5.0,1.4,4.4,True
22,candidate_half,confirmation-007,fixed_cadence,0.05,-0.373065528290342,0.049999999999999996,0.05,0.017637719964005018,0.19631636435272293,0.046924094985997714,0.035430999289468856,0.019966342411827244,0.0076144541950967665,0.9158548340201378,0.3003311902284622,0.10701230431259,0.04705291149771566,0.035095537832112694,0.03615230070474463,False,,5.0,5.0,1.4,4.4,True
22,candidate_half,confirmation-007,fixed_cadence,0.1,-0.373065528290342,0.05,0.1,0.021413603361263717,0.21488937106687933,0.055181095854378116,0.0425100941496381,0.023565015014840526,0.010446414136110763,0.9583736583590508,0.29183588922023773,0.12334212903919196,0.05518324349085517,0.04273341513967234,0.04393763231418701,False,,5.0,5.0,1.4,4.4,True
22,candidate_half,confirmation-007,fixed_cadence,0.2,-0.373065528290342,0.049999999999999996,0.19999999999999998,0.02865359214796155,0.2539679619846722,0.07458189265889184,0.060050505662715616,0.03862641464910585,0.021748258984060832,1.3389085233211517,0.5174707993865013,0.15939974022746708,0.07615334595518582,0.061905808091962965,0.06275502526454456,False,,5.0,5.0,1.4,4.4,False
22,candidate_stronger,confirmation-000,serial,0.0,0.5244675785137001,0.05,0.0,0.01956518478712924,0.1949568046411379,0.04527370149367874,0.021666319265741727,0.024794423294577747,0.002501426668855282,0.9124637395143509,0.20855650305747986,0.12586026947058168,0.027356917368730454,0.02248656972842785,0.022385856136714646,False,,5.0,5.0,1.45,4.45,True
22,candidate_stronger,confirmation-000,serial,0.05,0.5244675785137001,0.049999999999999996,0.05,0.022491933358525545,0.21056636658642672,0.05553360545765931,0.03297595322676349,0.028009211494640987,0.00617251956004546,1.0332615673542023,0.27894675731658936,0.14413146719042697,0.04294812133711692,0.03371335444709122,0.03352609930694212,False,,5.0,5.0,1.45,4.45,True
22,candidate_stronger,confirmation-000,serial,0.1,0.5244675785137001,0.1,0.10000000000000002,0.029674420502559997,0.24173818046844703,0.06758167846565133,0.04367852427845831,0.03573606805681762,0.011670799366931555,1.177791878581047,0.34611478447914124,0.16863300598750572,0.060973744420511906,0.04322024251571129,0.04374183441481843,False,,5.0,5.0,1.45,4.45,True
22,candidate_stronger,confirmation-000,serial,0.2,0.5244675785137001,0.19999999999999998,0.2,0.049479228149972194,0.30420917905891764,0.09273901025256996,0.06463816072267772,0.06334497090962786,0.02731615679519267,1.5533547475934029,0.5585083737969398,0.21739184598387895,0.09719224680811592,0.06137222074819007,0.0647787383327409,False,,5.0,5.0,1.45,4.45,False
22,candidate_stronger,confirmation-000,fixed_cadence,0.0,0.5244675785137001,0.05,0.0,0.01956518478712924,0.1949568046411379,0.04527370149367874,0.021666319265741727,0.024794423294577747,0.002501426668855282,0.9124637395143509,0.20855650305747986,0.12586026947058168,0.027356917368730454,0.02248656972842785,0.022385856136714646,False,,5.0,5.0,1.45,4.45,True
22,candidate_stronger,confirmation-000,fixed_cadence,0.05,0.5244675785137001,0.049999999999999996,0.05,0.022491933358525545,0.21056636658642672,0.05553360545765931,0.03297595322676349,0.028009211494640987,0.00617251956004546,1.0332615673542023,0.27894675731658936,0.14413146719042697,0.04294812133711692,0.03371335444709122,0.03352609930694212,False,,5.0,5.0,1.45,4.45,True
22,candidate_stronger,confirmation-000,fixed_cadence,0.1,0.5244675785137001,0.05,0.1,0.02643717775394328,0.22857305207454015,0.06634637520677267,0.043245429027906755,0.032591016321626434,0.010990567121125934,1.1278032884001732,0.328553281724453,0.1640008291589148,0.05792794703144013,0.04434272160800036,0.04373831501093735,False,,5.0,5.0,1.45,4.45,True
22,candidate_stronger,confirmation-000,fixed_cadence,0.2,0.5244675785137001,0.049999999999999996,0.19999999999999998,0.03444333563829746,0.2665836308665019,0.08852877277972976,0.06298309653052603,0.04969889025524041,0.023356051392455522,1.3961969688534737,0.45078177005052567,0.20846573769744067,0.08313782496413631,0.06604726217755814,0.06470427552281062,False,,5.0,5.0,1.45,4.45,False
22,candidate_stronger,confirmation-001,serial,0.0,-0.4661912627211833,0.05,0.0,0.019713196580811606,0.19575562801327223,0.030586719895716902,0.021666319265741727,0.026162533113472938,0.002501426668855282,0.838562622666359,0.20855650305747986,0.06773419061026544,0.027356917368730454,0.02267180712542004,0.022385856136714646,False,,5.0,5.0,1.45,4.45,True
22,candidate_stronger,confirmation-001,serial,0.05,-0.4661912627211833,0.049999999999999996,0.05,0.022669454871267567,0.21138116729214038,0.038233784508045876,0.03297595322676349,0.03380543379398215,0.00617251956004546,0.9649577736854553,0.27894675731658936,0.0650192788366626,0.04294812133711692,0.03360799986762819,0.03352609930694212,False,,5.0,5.0,1.45,4.45,True
22,candidate_stronger,confirmation-001,serial,0.1,-0.4661912627211833,0.1,0.10000000000000002,0.029747758120033673,0.2418775688157467,0.048610381622558,0.04367852427845831,0.04604952586388294,0.011670799366931555,1.1360079795122147,0.34611478447914124,0.08076782525277136,0.060973744420511906,0.04447351122933683,0.04374183441481843,False,,5.0,5.0,1.45,4.45,True
22,candidate_stronger,confirmation-001,serial,0.2,-0.4661912627211833,0.19999999999999998,0.2,0.04909581823831239,0.303078692134946,0.0700549704903171,0.06463816072267772,0.08399209841428083,0.02731615679519267,1.5784836560487747,0.5585083737969398,0.12246294317279244,0.09719224680811592,0.0680774829732276,0.0647787383327409,False,,5.0,5.0,1.45,4.45,False
22,candidate_stronger,confirmation-001,fixed_cadence,0.0,-0.4661912627211833,0.05,0.0,0.019713196580811606,0.19575562801327223,0.030586719895716902,0.021666319265741727,0.026162533113472938,0.002501426668855282,0.838562622666359,0.20855650305747986,0.06773419061026544,0.027356917368730454,0.02267180712542004,0.022385856136714646,False,,5.0,5.0,1.45,4.45,True
22,candidate_stronger,confirmation-001,fixed_cadence,0.05,-0.4661912627211833,0.049999999999999996,0.05,0.022669454871267567,0.21138116729214038,0.038233784508045876,0.03297595322676349,0.03380543379398215,0.00617251956004546,0.9649577736854553,0.27894675731658936,0.0650192788366626,0.04294812133711692,0.03360799986762819,0.03352609930694212,False,,5.0,5.0,1.45,4.45,True
22,candidate_stronger,confirmation-001,fixed_cadence,0.1,-0.4661912627211833,0.05,0.1,0.026517832492249184,0.22882424534867296,0.04622894716690422,0.043245429027906755,0.04145405946027358,0.010990567121125934,1.065669134259224,0.328553281724453,0.07448859311767182,0.05792794703144013,0.04341401030025855,0.04373831501093735,False,,5.0,5.0,1.45,4.45,True
22,candidate_stronger,confirmation-001,fixed_cadence,0.2,-0.4661912627211833,0.049999999999999996,0.19999999999999998,0.03402345387049386,0.26545620758680444,0.06146082461892497,0.06298309653052603,0.06075163188093522,0.023356051392455522,1.325937882065773,0.45078177005052567,0.09319001713708512,0.08313782496413631,0.06361022820369477,0.06470427552281062,False,,5.0,5.0,1.45,4.45,False
22,candidate_stronger,confirmation-002,serial,0.0,0.458690969525116,0.05,0.0,0.019553686210378077,0.19492121293569364,0.041395373944282256,0.021666319265741727,0.018817076975012947,0.002501426668855282,0.8195753395557404,0.20855650305747986,0.11211928574977287,0.027356917368730454,0.023411743942764695,0.022385856136714646,False,,5.0,5.0,1.55,4.55,True
22,candidate_stronger,confirmation-002,serial,0.05,0.458690969525116,0.049999999999999996,0.05,0.022469116566400077,0.21049415308345457,0.05166214370838788,0.03297595322676349,0.021848570421214172,0.00617251956004546,0.9347940981388092,0.27894675731658936,0.1289881876117397,0.04294812133711692,0.03460549880899934,0.03352609930694212,False,,5.0,5.0,1.55,4.55,True
22,candidate_stronger,confirmation-002,serial,0.1,0.458690969525116,0.1,0.10000000000000002,0.029632318427877762,0.24162537085108451,0.06330703296040247,0.04367852427845831,0.02875953513808485,0.011670799366931555,1.0705578699707985,0.34611478447914124,0.1508491377917878,0.060973744420511906,0.0443914945776748,0.04374183441481843,False,,5.0,5.0,1.55,4.55,True
22,candidate_stronger,confirmation-002,serial,0.2,0.458690969525116,0.19999999999999998,0.2,0.04581712438742446,0.2943389120143658,0.08616119179133798,0.06463816072267772,0.05022824927861767,0.02731615679519267,1.4440204948186874,0.5585083737969398,0.18973236634307242,0.09719224680811592,0.06292487575449787,0.0647787383327409,False,,5.0,5.0,1.55,4.55,False
22,candidate_stronger,confirmation-002,fixed_cadence,0.0,0.458690969525116,0.05,0.0,0.019553686210378077,0.19492121293569364,0.041395373944282256,0.021666319265741727,0.018817076975012947,0.002501426668855282,0.8195753395557404,0.20855650305747986,0.11211928574977287,0.027356917368730454,0.023411743942764695,0.022385856136714646,False,,5.0,5.0,1.55,4.55,True
22,candidate_stronger,confirmation-002,fixed_cadence,0.05,0.458690969525116,0.049999999999999996,0.05,0.022469116566400077,0.21049415308345457,0.05166214370838788,0.03297595322676349,0.021848570421214172,0.00617251956004546,0.9347940981388092,0.27894675731658936,0.1289881876117397,0.04294812133711692,0.03460549880899934,0.03352609930694212,False,,5.0,5.0,1.55,4.55,True
22,candidate_stronger,confirmation-002,fixed_cadence,0.1,0.458690969525116,0.05,0.1,0.026401930796390236,0.22846557669689574,0.06229290829397926,0.043245429027906755,0.026215889676843587,0.010990567121125934,1.0239487886428833,0.328553281724453,0.14705925279336685,0.05792794703144013,0.045214091953684574,0.04373831501093735,False,,5.0,5.0,1.55,4.55,True
22,candidate_stronger,confirmation-002,fixed_cadence,0.2,0.458690969525116,0.049999999999999996,0.19999999999999998,0.03438721494798955,0.26644666915913134,0.08407127820261585,0.06298309653052603,0.041849538796189814,0.023356051392455522,1.2759293243288994,0.45078177005052567,0.1880868153633153,0.08313782496413631,0.06663934254646421,0.06470427552281062,False,,5.0,5.0,1.55,4.55,False
22,candidate_stronger,confirmation-003,serial,0.0,0.30665192753936543,0.05,0.0,0.01955970367147254,0.19497734359801236,0.0338719445799636,0.021666319265741727,0.009901255860763902,0.002501426668855282,0.6194053590297699,0.20855650305747986,0.08543333578759482,0.027356917368730454,0.021554451109647356,0.022385856136714646,False,,5.0,5.0,1.25,4.25,True
22,candidate_stronger,confirmation-003,serial,0.05,0.30665192753936543,0.049999999999999996,0.05,0.022483934599573457,0.21059744578788028,0.044600176823311855,0.03297595322676349,0.013043122981105458,0.00617251956004546,0.7084295898675919,0.27894675731658936,0.10184625399634054,0.04294812133711692,0.03277206828468247,0.03352609930694212,False,,5.0,5.0,1.25,4.25,True
22,candidate_stronger,confirmation-003,serial,0.1,0.30665192753936543,0.1,0.10000000000000002,0.029637392958538823,0.24170029779560104,0.056054468267109324,0.04367852427845831,0.0189865488833256,0.011670799366931555,0.798630453646183,0.34611478447914124,0.12209543746361556,0.060973744420511906,0.04251912731090537,0.04374183441481843,False,,5.0,5.0,1.25,4.25,True
22,candidate_stronger,confirmation-003,serial,0.2,0.30665192753936543,0.19999999999999998,0.2,0.049320538082490234,0.30396548688404534,0.07948982297992235,0.06463816072267772,0.03822415286807962,0.02731615679519267,1.079404465854168,0.5585083737969398,0.16378665383244498,0.09719224680811592,0.06233553257876996,0.0647787383327409,False,,5.0,5.0,1.25,4.25,False
22,candidate_stronger,confirmation-003,fixed_cadence,0.0,0.30665192753936543,0.05,0.0,0.01955970367147254,0.19497734359801236,0.0338719445799636,0.021666319265741727,0.009901255860763902,0.002501426668855282,0.6194053590297699,0.20855650305747986,0.08543333578759482,0.027356917368730454,0.021554451109647356,0.022385856136714646,False,,5.0,5.0,1.25,4.25,True
22,candidate_stronger,confirmation-003,fixed_cadence,0.05,0.30665192753936543,0.049999999999999996,0.05,0.022483934599573457,0.21059744578788028,0.044600176823311855,0.03297595322676349,0.013043122981105458,0.00617251956004546,0.7084295898675919,0.27894675731658936,0.10184625399634054,0.04294812133711692,0.03277206828468247,0.03352609930694212,False,,5.0,5.0,1.25,4.25,True
22,candidate_stronger,confirmation-003,fixed_cadence,0.1,0.30665192753936543,0.05,0.1,0.026405606548276978,0.22852463622431288,0.05529015540665983,0.043245429027906755,0.01763359624977827,0.010990567121125934,0.7770424336194992,0.328553281724453,0.11947108898169288,0.05792794703144013,0.04314284381723452,0.04373831501093735,False,,5.0,5.0,1.25,4.25,True
22,candidate_stronger,confirmation-003,fixed_cadence,0.2,0.30665192753936543,0.049999999999999996,0.19999999999999998,0.034323806302948914,0.2663541284163017,0.07656732571416502,0.06298309653052603,0.03169112474322161,0.023356051392455522,0.982607863843441,0.45078177005052567,0.15721604192743346,0.08313782496413631,0.06464425580861068,0.06470427552281062,False,,5.0,5.0,1.25,4.25,False
22,candidate_stronger,confirmation-004,serial,0.0,-0.38344029684153796,0.05,0.0,0.01967981942156771,0.19560432183116636,0.02712522741013747,0.021666319265741727,0.019270885373059293,0.002501426668855282,0.7290834188461304,0.20855650305747986,0.052367727053756134,0.027356917368730454,0.02190524571860444,0.022385856136714646,False,,5.0,5.0,1.55,4.55,True
22,candidate_stronger,confirmation-004,serial,0.05,-0.38344029684153796,0.049999999999999996,0.05,0.022617077036247917,0.21118167257013226,0.035572357294556406,0.03297595322676349,0.025984648322071247,0.00617251956004546,0.8477224409580231,0.27894675731658936,0.058024793777452593,0.04294812133711692,0.03286702006540256,0.03352609930694212,False,,5.0,5.0,1.55,4.55,True
22,candidate_stronger,confirmation-004,serial,0.1,-0.38344029684153796,0.1,0.10000000000000002,0.029685714494922823,0.24172943518632892,0.046044816624659014,0.04367852427845831,0.036423458330471226,0.011670799366931555,1.000194177031517,0.34611478447914124,0.07480395979796153,0.060973744420511906,0.04348665347674774,0.04374183441481843,False,,5.0,5.0,1.55,4.55,True
22,candidate_stronger,confirmation-004,serial,0.2,-0.38344029684153796,0.19999999999999998,0.2,0.0456478769136211,0.29377241109603885,0.06702228320532815,0.06463816072267772,0.06642620846043723,0.02731615679519267,1.4328666776418686,0.5585083737969398,0.1124654538532787,0.09719224680811592,0.06665685862694215,0.0647787383327409,False,,5.0,5.0,1.55,4.55,False
22,candidate_stronger,confirmation-004,fixed_cadence,0.0,-0.38344029684153796,0.05,0.0,0.01967981942156771,0.19560432183116636,0.02712522741013747,0.021666319265741727,0.019270885373059293,0.002501426668855282,0.7290834188461304,0.20855650305747986,0.052367727053756134,0.027356917368730454,0.02190524571860444,0.022385856136714646,False,,5.0,5.0,1.55,4.55,True
22,candidate_stronger,confirmation-004,fixed_cadence,0.05,-0.38344029684153796,0.049999999999999996,0.05,0.022617077036247917,0.21118167257013226,0.035572357294556406,0.03297595322676349,0.025984648322071247,0.00617251956004546,0.8477224409580231,0.27894675731658936,0.058024793777452593,0.04294812133711692,0.03286702006540256,0.03352609930694212,False,,5.0,5.0,1.55,4.55,True
22,candidate_stronger,confirmation-004,fixed_cadence,0.1,-0.38344029684153796,0.05,0.1,0.0264644903752837,0.22866913194293562,0.04412426478384629,0.043245429027906755,0.03302513659850875,0.010990567121125934,0.9405772387981415,0.328553281724453,0.06948298291424222,0.05792794703144013,0.042699975624728326,0.04373831501093735,False,,5.0,5.0,1.55,4.55,True
22,candidate_stronger,confirmation-004,fixed_cadence,0.2,-0.38344029684153796,0.049999999999999996,0.19999999999999998,0.03402473374570756,0.26548626359335187,0.060383165080405914,0.06298309653052603,0.050443566077451804,0.023356051392455522,1.1756502091884613,0.45078177005052567,0.08856805243125493,0.08313782496413631,0.06316922663430954,0.06470427552281062,False,,5.0,5.0,1.55,4.55,False
22,candidate_stronger,confirmation-005,serial,0.0,-0.5284560864389926,0.05,0.0,0.019737820264087453,0.19586473053935172,0.0330430089222945,0.021666319265741727,0.03135221417284478,0.002501426668855282,0.9127260372042656,0.20855650305747986,0.07797108715238106,0.027356917368730454,0.023935260192516503,0.022385856136714646,False,,5.0,5.0,1.25,4.25,True
22,candidate_stronger,confirmation-005,serial,0.05,-0.5284560864389926,0.049999999999999996,0.05,0.022716250600205583,0.21155838987260317,0.039886152490044624,0.03297595322676349,0.03931881097701512,0.00617251956004546,1.0378746688365936,0.27894675731658936,0.07493117831171611,0.04294812133711692,0.0349131558866416,0.03352609930694212,False,,5.0,5.0,1.25,4.25,True
22,candidate_stronger,confirmation-005,serial,0.1,-0.5284560864389926,0.1,0.10000000000000002,0.029810965253907255,0.24204315463059634,0.04976621255932566,0.04367852427845831,0.05239393187189481,0.011670799366931555,1.2148776650428772,0.34611478447914124,0.0839232020656424,0.060973744420511906,0.04593645579502884,0.04374183441481843,False,,5.0,5.0,1.25,4.25,True
22,candidate_stronger,confirmation-005,serial,0.2,-0.5284560864389926,0.19999999999999998,0.2,0.04909032388136319,0.3030599416194766,0.07022432849406118,0.06463816072267772,0.09364515904810636,0.02731615679519267,1.6464877128601074,0.5585083737969398,0.12605194863599922,0.09719224680811592,0.06913536876568589,0.0647787383327409,False,,5.0,5.0,1.25,4.25,False
22,candidate_stronger,confirmation-005,fixed_cadence,0.0,-0.5284560864389926,0.05,0.0,0.019737820264087453,0.19586473053935172,0.0330430089222945,0.021666319265741727,0.03135221417284478,0.002501426668855282,0.9127260372042656,0.20855650305747986,0.07797108715238106,0.027356917368730454,0.023935260192516503,0.022385856136714646,False,,5.0,5.0,1.25,4.25,True
22,candidate_stronger,confirmation-005,fixed_cadence,0.05,-0.5284560864389926,0.049999999999999996,0.05,0.022716250600205583,0.21155838987260317,0.039886152490044624,0.03297595322676349,0.03931881097701512,0.00617251956004546,1.0378746688365936,0.27894675731658936,0.07493117831171611,0.04294812133711692,0.0349131558866416,0.03352609930694212,False,,5.0,5.0,1.25,4.25,True
22,candidate_stronger,confirmation-005,fixed_cadence,0.1,-0.5284560864389926,0.05,0.1,0.026570031315557567,0.2289826480685169,0.047244907238642164,0.043245429027906755,0.0470264176849925,0.010990567121125934,1.1390504986047745,0.328553281724453,0.07725241887758091,0.05792794703144013,0.04485092579339115,0.04373831501093735,False,,5.0,5.0,1.25,4.25,True
22,candidate_stronger,confirmation-005,fixed_cadence,0.2,-0.5284560864389926,0.049999999999999996,0.19999999999999998,0.0340347880961881,0.26547584995956597,0.06162907500870851,0.06298309653052603,0.06737068686062525,0.023356051392455522,1.4149466902017593,0.45078177005052567,0.09564915716572682,0.08313782496413631,0.06485777308294952,0.06470427552281062,False,,5.0,5.0,1.25,4.25,False
22,candidate_stronger,confirmation-006,serial,0.0,0.34010668192597016,0.05,0.0,0.01956002122049051,0.19497200508248716,0.03559804205140411,0.021666319265741727,0.011775612134974045,0.002501426668855282,0.6656331941485405,0.20855650305747986,0.09194398172000248,0.027356917368730454,0.02146661431366118,0.022385856136714646,False,,5.0,5.0,1.25,4.25,True
22,candidate_stronger,confirmation-006,serial,0.05,0.34010668192597016,0.049999999999999996,0.05,0.02248617021772639,0.21059810544498522,0.04626447263724128,0.03297595322676349,0.014948178172051674,0.00617251956004546,0.7590236514806747,0.27894675731658936,0.10886161370592609,0.04294812133711692,0.03269171272819266,0.03352609930694212,False,,5.0,5.0,1.25,4.25,True
22,candidate_stronger,confirmation-006,serial,0.1,0.34010668192597016,0.1,0.10000000000000002,0.02964626636320719,0.24171998293751426,0.05784735083412181,0.04367852427845831,0.0211523669995746,0.011670799366931555,0.8563395589590073,0.34611478447914124,0.13012325925485602,0.060973744420511906,0.042387293145745436,0.04374183441481843,False,,5.0,5.0,1.25,4.25,True
22,candidate_stronger,confirmation-006,serial,0.2,0.34010668192597016,0.19999999999999998,0.2,0.0493468253849789,0.3040146176126685,0.08165509459400606,0.06463816072267772,0.04157667222154576,0.02731615679519267,1.1524318158626556,0.5585083737969398,0.17374246176908523,0.09719224680811592,0.06207050885569393,0.0647787383327409,False,,5.0,5.0,1.25,4.25,False
22,candidate_stronger,confirmation-006,fixed_cadence,0.0,0.34010668192597016,0.05,0.0,0.01956002122049051,0.19497200508248716,0.03559804205140411,0.021666319265741727,0.011775612134974045,0.002501426668855282,0.6656331941485405,0.20855650305747986,0.09194398172000248,0.027356917368730454,0.02146661431366118,0.022385856136714646,False,,5.0,5.0,1.25,4.25,True
22,candidate_stronger,confirmation-006,fixed_cadence,0.05,0.34010668192597016,0.049999999999999996,0.05,0.02248617021772639,0.21059810544498522,0.04626447263724128,0.03297595322676349,0.014948178172051674,0.00617251956004546,0.7590236514806747,0.27894675731658936,0.10886161370592609,0.04294812133711692,0.03269171272819266,0.03352609930694212,False,,5.0,5.0,1.25,4.25,True
22,candidate_stronger,confirmation-006,fixed_cadence,0.1,0.34010668192597016,0.05,0.1,0.02641271263091364,0.22854261227248862,0.056996334498099,0.043245429027906755,0.019577446211723557,0.010990567121125934,0.8312572538852692,0.328553281724453,0.1270693468701347,0.05792794703144013,0.043079773068923265,0.04373831501093735,False,,5.0,5.0,1.25,4.25,True
22,candidate_stronger,confirmation-006,fixed_cadence,0.2,0.34010668192597016,0.049999999999999996,0.19999999999999998,0.034345123410418336,0.2664019007527071,0.07842283754591658,0.06298309653052603,0.03407980142299998,0.023356051392455522,1.0458111017942429,0.45078177005052567,0.1660846311816782,0.08313782496413631,0.06463866140056061,0.06470427552281062,False,,5.0,5.0,1.25,4.25,False
22,candidate_stronger,confirmation-007,serial,0.0,-0.373065528290342,0.05,0.0,0.01968054668186973,0.19560559047697743,0.02633111909453497,0.021666319265741727,0.017979763062715287,0.002501426668855282,0.7073040306568146,0.20855650305747986,0.04897804425712803,0.027356917368730454,0.02286697259021845,0.022385856136714646,False,,5.0,5.0,1.4,4.4,True
22,candidate_stronger,confirmation-007,serial,0.05,-0.373065528290342,0.049999999999999996,0.05,0.022625114388935687,0.21121547938309243,0.03481134223402536,0.03297595322676349,0.024534030702909184,0.00617251956004546,0.8220579847693443,0.27894675731658936,0.05678691196752553,0.04294812133711692,0.033863789900532064,0.03352609930694212,False,,5.0,5.0,1.4,4.4,True
22,candidate_stronger,confirmation-007,serial,0.1,-0.373065528290342,0.1,0.10000000000000002,0.028740599268679105,0.23829370505808112,0.04497367686741807,0.04367852427845831,0.034672591387559654,0.011670799366931555,0.9756377339363098,0.34611478447914124,0.07264970845982574,0.060973744420511906,0.04464228019480769,0.04374183441481843,False,,5.0,5.0,1.4,4.4,True
22,candidate_stronger,confirmation-007,serial,0.2,-0.373065528290342,0.19999999999999998,0.2,0.04524346498086259,0.29435844379167064,0.0657131086534806,0.06463816072267772,0.06608751755393105,0.02731615679519267,1.4379707723855972,0.5585083737969398,0.10949744226894706,0.09719224680811592,0.06768583922101729,0.0647787383327409,False,,5.0,5.0,1.4,4.4,False
22,candidate_stronger,confirmation-007,fixed_cadence,0.0,-0.373065528290342,0.05,0.0,0.01968054668186973,0.19560559047697743,0.02633111909453497,0.021666319265741727,0.017979763062715287,0.002501426668855282,0.7073040306568146,0.20855650305747986,0.04897804425712803,0.027356917368730454,0.02286697259021845,0.022385856136714646,False,,5.0,5.0,1.4,4.4,True
22,candidate_stronger,confirmation-007,fixed_cadence,0.05,-0.373065528290342,0.049999999999999996,0.05,0.022625114388935687,0.21121547938309243,0.03481134223402536,0.03297595322676349,0.024534030702909184,0.00617251956004546,0.8220579847693443,0.27894675731658936,0.05678691196752553,0.04294812133711692,0.033863789900532064,0.03352609930694212,False,,5.0,5.0,1.4,4.4,True
22,candidate_stronger,confirmation-007,fixed_cadence,0.1,-0.373065528290342,0.05,0.1,0.026477014283470046,0.22872007161753308,0.04329342128903589,0.043245429027906755,0.03136617320880198,0.010990567121125934,0.9112110733985901,0.328553281724453,0.06798307845981974,0.05792794703144013,0.043783061701351725,0.04373831501093735,False,,5.0,5.0,1.4,4.4,True
22,candidate_stronger,confirmation-007,fixed_cadence,0.2,-0.373065528290342,0.049999999999999996,0.19999999999999998,0.03403729544384814,0.265540262697563,0.05951201685950399,0.06298309653052603,0.0482755852385401,0.023356051392455522,1.1398641020059586,0.45078177005052567,0.08688942610034783,0.08313782496413631,0.06410319095856656,0.06470427552281062,False,,5.0,5.0,1.4,4.4,False
22,alternative_half,confirmation-000,serial,0.0,0.5244675785137001,0.05,0.0,0.015795075306070203,0.18193917887502412,0.05081467942650854,0.032887745531332196,0.030522283383108296,0.0057033170543138775,1.0647901892662048,0.28264977037906647,0.1304394504535919,0.04160405512803762,0.03272486228262767,0.03413756978096501,False,,5.0,5.0,1.45,4.45,True
22,alternative_half,confirmation-000,serial,0.05,0.5244675785137001,0.049999999999999996,0.05,0.01879394517012567,0.19911623383325985,0.05404351473513287,0.034500031184450476,0.03375996888108525,0.006611031283620884,1.1932175979018211,0.32654866576194763,0.14007671882555187,0.043805588250417096,0.03412018114256952,0.035620604931134926,False,,5.0,5.0,1.45,4.45,True
22,alternative_half,confirmation-000,serial,0.1,0.5244675785137001,0.1,0.10000000000000002,0.025883588437160394,0.23128573073452963,0.060652953245386776,0.038239481438764246,0.04113640599340703,0.008793616669287432,1.278798133134842,0.30340634286403656,0.15818992139053045,0.05128291246176967,0.036509124811419595,0.03905171506707207,False,,5.0,5.0,1.45,4.45,True
22,alternative_half,confirmation-000,serial,0.2,0.5244675785137001,0.19999999999999998,0.2,0.04625339164603729,0.29698216290546514,0.07251603777665416,0.04170121976718292,0.06669716265694652,0.011331822924463828,1.6394804418087006,0.3599173575639725,0.19314409516885805,0.059995324792208704,0.03731060332932338,0.04267928818828081,False,,5.0,5.0,1.45,4.45,True
22,alternative_half,confirmation-000,fixed_cadence,0.0,0.5244675785137001,0.05,0.0,0.015795075306070203,0.18193917887502412,0.05081467942650854,0.032887745531332196,0.030522283383108296,0.0057033170543138775,1.0647901892662048,0.28264977037906647,0.1304394504535919,0.04160405512803762,0.03272486228262767,0.03413756978096501,False,,5.0,5.0,1.45,4.45,True
22,alternative_half,confirmation-000,fixed_cadence,0.05,0.5244675785137001,0.049999999999999996,0.05,0.01879394517012567,0.19911623383325985,0.05404351473513287,0.034500031184450476,0.03375996888108525,0.006611031283620884,1.1932175979018211,0.32654866576194763,0.14007671882555187,0.043805588250417096,0.03412018114256952,0.035620604931134926,False,,5.0,5.0,1.45,4.45,True
22,alternative_half,confirmation-000,fixed_cadence,0.1,0.5244675785137001,0.05,0.1,0.022505449195013173,0.2173458752535807,0.05925819335393701,0.037977284207892086,0.03671125354219991,0.00843348704988548,1.234295293688774,0.3041514381766319,0.15268723992164307,0.04925288478121248,0.037682347567675446,0.03898683005586748,False,,5.0,5.0,1.45,4.45,True
22,alternative_half,confirmation-000,fixed_cadence,0.2,0.5244675785137001,0.049999999999999996,0.19999999999999998,0.03002633158835265,0.256867605094729,0.06693384219780918,0.04108240221378829,0.04801108657680626,0.010729579032493717,1.573467142879963,0.4529406875371933,0.1784705281532862,0.05324691658671171,0.04227045482872031,0.0424213953079819,False,,5.0,5.0,1.45,4.45,True
22,alternative_half,confirmation-001,serial,0.0,-0.4661912627211833,0.05,0.0,0.015996227168199727,0.18305804930906844,0.03557233360215445,0.032887745531332196,0.03570594306239683,0.0057033170543138775,0.9869454056024551,0.28264977037906647,0.06045217124212239,0.04160405512803762,0.03544409882965143,0.03413756978096501,False,,5.0,5.0,1.45,4.45,True
22,alternative_half,confirmation-001,serial,0.05,-0.4661912627211833,0.049999999999999996,0.05,0.019055930455633925,0.20038823869532746,0.03811946402417092,0.034500031184450476,0.03958206180096749,0.006611031283620884,1.1104623228311539,0.32654866576194763,0.06444697842631283,0.043805588250417096,0.0369998025851437,0.035620604931134926,False,,5.0,5.0,1.45,4.45,True
22,alternative_half,confirmation-001,serial,0.1,-0.4661912627211833,0.1,0.10000000000000002,0.02603325461245432,0.23185970728981384,0.04414107975979636,0.038239481438764246,0.049035259505010025,0.008793616669287432,1.2158196419477463,0.30340634286403656,0.0769282373351582,0.05128291246176967,0.04137236338061577,0.03905171506707207,False,,5.0,5.0,1.45,4.45,True
22,alternative_half,confirmation-001,serial,0.2,-0.4661912627211833,0.19999999999999998,0.2,0.04569807417046701,0.2961597874007921,0.05407953338276859,0.04170121976718292,0.07539411963849495,0.011331822924463828,1.5968650579452515,0.3599173575639725,0.10245686302571788,0.059995324792208704,0.04772019142288737,0.04267928818828081,False,,5.0,5.0,1.45,4.45,True
22,alternative_half,confirmation-001,fixed_cadence,0.0,-0.4661912627211833,0.05,0.0,0.015996227168199727,0.18305804930906844,0.03557233360215445,0.032887745531332196,0.03570594306239683,0.0057033170543138775,0.9869454056024551,0.28264977037906647,0.06045217124212239,0.04160405512803762,0.03544409882965143,0.03413756978096501,False,,5.0,5.0,1.45,4.45,True
22,alternative_half,confirmation-001,fixed_cadence,0.05,-0.4661912627211833,0.049999999999999996,0.05,0.019055930455633925,0.20038823869532746,0.03811946402417092,0.034500031184450476,0.03958206180096749,0.006611031283620884,1.1104623228311539,0.32654866576194763,0.06444697842631283,0.043805588250417096,0.0369998025851437,0.035620604931134926,False,,5.0,5.0,1.45,4.45,True
22,alternative_half,confirmation-001,fixed_cadence,0.1,-0.4661912627211833,0.05,0.1,0.02272119180201501,0.2181048822351023,0.04182545730054379,0.037977284207892086,0.04346176273885393,0.00843348704988548,1.1508240550756454,0.3041514381766319,0.06969023113042817,0.04925288478121248,0.04020175695297698,0.03898683005586748,False,,5.0,5.0,1.45,4.45,True
22,alternative_half,confirmation-001,fixed_cadence,0.2,-0.4661912627211833,0.049999999999999996,0.19999999999999998,0.02982671389584883,0.25609964279748443,0.04507789846344031,0.04108240221378829,0.0521192731625665,0.010729579032493717,1.4769714325666428,0.4529406875371933,0.07575305722514541,0.05324691658671171,0.042599226638604784,0.0424213953079819,False,,5.0,5.0,1.45,4.45,True
22,alternative_half,confirmation-002,serial,0.0,0.458690969525116,0.05,0.0,0.01578865527526966,0.18192192926688736,0.04768257012195644,0.032887745531332196,0.023366335945961023,0.0057033170543138775,0.9596935659646988,0.28264977037906647,0.11713765289137279,0.04160405512803762,0.033294388646541224,0.03413756978096501,False,,5.0,5.0,1.55,4.55,True
22,alternative_half,confirmation-002,serial,0.05,0.458690969525116,0.049999999999999996,0.05,0.018781031928379835,0.19908499343248548,0.050640440036830464,0.034500031184450476,0.026125755383939187,0.006611031283620884,1.0799220204353333,0.32654866576194763,0.125744996082994,0.043805588250417096,0.034727174929275316,0.035620604931134926,False,,5.0,5.0,1.55,4.55,True
22,alternative_half,confirmation-002,serial,0.1,0.458690969525116,0.1,0.10000000000000002,0.025851622910325986,0.2312169930078587,0.05666565741909085,0.038239481438764246,0.03224804357627882,0.008793616669287432,1.1537182331085205,0.30340634286403656,0.14163733488608807,0.05128291246176967,0.037272783111138255,0.03905171506707207,False,,5.0,5.0,1.55,4.55,True
22,alternative_half,confirmation-002,serial,0.2,0.458690969525116,0.19999999999999998,0.2,0.04257288349217572,0.2859974990932074,0.06547003858877051,0.04170121976718292,0.04826288443556397,0.011331822924463828,1.4792338013648987,0.3599173575639725,0.1670130004177513,0.059995324792208704,0.038234071336812774,0.04267928818828081,False,,5.0,5.0,1.55,4.55,True
22,alternative_half,confirmation-002,fixed_cadence,0.0,0.458690969525116,0.05,0.0,0.01578865527526966,0.18192192926688736,0.04768257012195644,0.032887745531332196,0.023366335945961023,0.0057033170543138775,0.9596935659646988,0.28264977037906647,0.11713765289137279,0.04160405512803762,0.033294388646541224,0.03413756978096501,False,,5.0,5.0,1.55,4.55,True
22,alternative_half,confirmation-002,fixed_cadence,0.05,0.458690969525116,0.049999999999999996,0.05,0.018781031928379835,0.19908499343248548,0.050640440036830464,0.034500031184450476,0.026125755383939187,0.006611031283620884,1.0799220204353333,0.32654866576194763,0.125744996082994,0.043805588250417096,0.034727174929275316,0.035620604931134926,False,,5.0,5.0,1.55,4.55,True
22,alternative_half,confirmation-002,fixed_cadence,0.1,0.458690969525116,0.05,0.1,0.022485099743935224,0.21728736689051206,0.05554333867723876,0.037977284207892086,0.028790013466017565,0.00843348704988548,1.1140624433755875,0.3041514381766319,0.13698317753841166,0.04925288478121248,0.038402187831808175,0.03898683005586748,False,,5.0,5.0,1.55,4.55,True
22,alternative_half,confirmation-002,fixed_cadence,0.2,0.458690969525116,0.049999999999999996,0.19999999999999998,0.029990548059793072,0.25677675106516634,0.0625113464257776,0.04108240221378829,0.0380589355978997,0.010729579032493717,1.4312589913606644,0.4529406875371933,0.1599439435429228,0.05324691658671171,0.04291738914851664,0.0424213953079819,False,,5.0,5.0,1.55,4.55,True
22,alternative_half,confirmation-003,serial,0.0,0.30665192753936543,0.05,0.0,0.01581016646271451,0.18205639256724496,0.04215349562829986,0.032887745531332196,0.013926128750160421,0.0057033170543138775,0.7348254695534706,0.28264977037906647,0.09418424805772402,0.04160405512803762,0.03323393353483455,0.03413756978096501,False,,5.0,5.0,1.25,4.25,True
22,alternative_half,confirmation-003,serial,0.05,0.30665192753936543,0.049999999999999996,0.05,0.018806324931307773,0.1992417812188506,0.0445418034385446,0.034500031184450476,0.01536764430453832,0.006611031283620884,0.8196361362934113,0.32654866576194763,0.10021588983366111,0.043805588250417096,0.034662810750040234,0.035620604931134926,False,,5.0,5.0,1.25,4.25,True
22,alternative_half,confirmation-003,serial,0.1,0.30665192753936543,0.1,0.10000000000000002,0.025856441095581918,0.2313055171454965,0.04968628140627877,0.038239481438764246,0.018996426714315423,0.008793616669287432,0.8405002951622009,0.30340634286403656,0.11249151499437565,0.05128291246176967,0.03767099998885181,0.03905171506707207,False,,5.0,5.0,1.25,4.25,True
22,alternative_half,confirmation-003,serial,0.2,0.30665192753936543,0.19999999999999998,0.2,0.04604124207942886,0.29674392175131015,0.0574515640617365,0.04170121976718292,0.029187837181852697,0.011331822924463828,1.0663188993930817,0.3599173575639725,0.13521102119300282,0.059995324792208704,0.04051391624682509,0.04267928818828081,False,,5.0,5.0,1.25,4.25,True
22,alternative_half,confirmation-003,fixed_cadence,0.0,0.30665192753936543,0.05,0.0,0.01581016646271451,0.18205639256724496,0.04215349562829986,0.032887745531332196,0.013926128750160421,0.0057033170543138775,0.7348254695534706,0.28264977037906647,0.09418424805772402,0.04160405512803762,0.03323393353483455,0.03413756978096501,False,,5.0,5.0,1.25,4.25,True
22,alternative_half,confirmation-003,fixed_cadence,0.05,0.30665192753936543,0.049999999999999996,0.05,0.018806324931307773,0.1992417812188506,0.0445418034385446,0.034500031184450476,0.01536764430453832,0.006611031283620884,0.8196361362934113,0.32654866576194763,0.10021588983366111,0.043805588250417096,0.034662810750040234,0.035620604931134926,False,,5.0,5.0,1.25,4.25,True
22,alternative_half,confirmation-003,fixed_cadence,0.1,0.30665192753936543,0.05,0.1,0.022498557232450093,0.21737526363931325,0.0489364507520867,0.037977284207892086,0.01741662070040985,0.00843348704988548,0.8285539224743843,0.3041514381766319,0.10945111956866804,0.04925288478121248,0.03798463757485501,0.03898683005586748,False,,5.0,5.0,1.25,4.25,True
22,alternative_half,confirmation-003,fixed_cadence,0.2,0.30665192753936543,0.049999999999999996,0.19999999999999998,0.02993626654908487,0.2566594804526377,0.05449642375186016,0.04108240221378829,0.02292325148919597,0.010729579032493717,1.0938683524727821,0.4529406875371933,0.12665993909864476,0.05324691658671171,0.04184382155094891,0.0424213953079819,False,,5.0,5.0,1.25,4.25,True
22,alternative_half,confirmation-004,serial,0.0,-0.38344029684153796,0.05,0.0,0.01596057569866966,0.1828806657720196,0.03383428230466952,0.032887745531332196,0.027349936463277876,0.0057033170543138775,0.8678969740867615,0.28264977037906647,0.0561143355615152,0.04160405512803762,0.03491463565355578,0.03413756978096501,False,,5.0,5.0,1.55,4.55,True
22,alternative_half,confirmation-004,serial,0.05,-0.38344029684153796,0.049999999999999996,0.05,0.01900180504094872,0.2001580551626941,0.0360340344883772,0.034500031184450476,0.030249934704577798,0.006611031283620884,0.977710522711277,0.32654866576194763,0.05965819460556836,0.043805588250417096,0.03643715658290059,0.035620604931134926,False,,5.0,5.0,1.55,4.55,True
22,alternative_half,confirmation-004,serial,0.1,-0.38344029684153796,0.1,0.10000000000000002,0.025970753461890442,0.23169163653665956,0.04140990532596398,0.038239481438764246,0.037478876792330085,0.008793616669287432,1.0583362728357315,0.30340634286403656,0.07071300910656378,0.05128291246176967,0.04063530541273835,0.03905171506707207,False,,5.0,5.0,1.55,4.55,True
22,alternative_half,confirmation-004,serial,0.2,-0.38344029684153796,0.19999999999999998,0.2,0.04226695862171085,0.2856562042864916,0.048940166474746506,0.04170121976718292,0.05369981782337718,0.011331822924463828,1.3901719450950623,0.3599173575639725,0.09164548194131218,0.059995324792208704,0.04661709107796071,0.04267928818828081,False,,5.0,5.0,1.55,4.55,True
22,alternative_half,confirmation-004,fixed_cadence,0.0,-0.38344029684153796,0.05,0.0,0.01596057569866966,0.1828806657720196,0.03383428230466952,0.032887745531332196,0.027349936463277876,0.0057033170543138775,0.8678969740867615,0.28264977037906647,0.0561143355615152,0.04160405512803762,0.03491463565355578,0.03413756978096501,False,,5.0,5.0,1.55,4.55,True
22,alternative_half,confirmation-004,fixed_cadence,0.05,-0.38344029684153796,0.049999999999999996,0.05,0.01900180504094872,0.2001580551626941,0.0360340344883772,0.034500031184450476,0.030249934704577798,0.006611031283620884,0.977710522711277,0.32654866576194763,0.05965819460556836,0.043805588250417096,0.03643715658290059,0.035620604931134926,False,,5.0,5.0,1.55,4.55,True
22,alternative_half,confirmation-004,fixed_cadence,0.1,-0.38344029684153796,0.05,0.1,0.022663303714919102,0.21792320949627772,0.03958716666022802,0.037977284207892086,0.03352706642509723,0.00843348704988548,1.006685495376587,0.3041514381766319,0.06461727948594184,0.04925288478121248,0.03956207678680498,0.03898683005586748,False,,5.0,5.0,1.55,4.55,True
22,alternative_half,confirmation-004,fixed_cadence,0.2,-0.38344029684153796,0.049999999999999996,0.19999999999999998,0.029815594298956076,0.2561207481711283,0.04250639668203652,0.04108240221378829,0.040042750936986615,0.010729579032493717,1.298280879855156,0.4529406875371933,0.06640658479422328,0.05324691658671171,0.04207598290372819,0.0424213953079819,False,,5.0,5.0,1.55,4.55,True
22,alternative_half,confirmation-005,serial,0.0,-0.5284560864389926,0.05,0.0,0.016019316375378408,0.1831689399659836,0.03657017688635967,0.032887745531332196,0.04125763038078219,0.0057033170543138775,1.056877039372921,0.28264977037906647,0.06302060068000138,0.04160405512803762,0.03573434346275846,0.03413756978096501,False,,5.0,5.0,1.25,4.25,True
22,alternative_half,confirmation-005,serial,0.05,-0.5284560864389926,0.049999999999999996,0.05,0.019097692919297124,0.20056215810237926,0.039354494705319515,0.034500031184450476,0.04599012280974194,0.006611031283620884,1.1897000670433044,0.32654866576194763,0.06732233787530462,0.043805588250417096,0.03731360342719145,0.035620604931134926,False,,5.0,5.0,1.25,4.25,True
22,alternative_half,confirmation-005,serial,0.1,-0.5284560864389926,0.1,0.10000000000000002,0.0260890134972144,0.23200728389034808,0.04559149628131642,0.038239481438764246,0.056945941562595026,0.008793616669287432,1.3097317144274712,0.30340634286403656,0.08171620633790529,0.05128291246176967,0.04152826497044975,0.03905171506707207,False,,5.0,5.0,1.25,4.25,True
22,alternative_half,confirmation-005,serial,0.2,-0.5284560864389926,0.19999999999999998,0.2,0.0456829538422887,0.296120108469446,0.05617991878501298,0.04170121976718292,0.08873315693028935,0.011331822924463828,1.7167948186397552,0.3599173575639725,0.11322123161505615,0.059995324792208704,0.04691093770597957,0.04267928818828081,False,,5.0,5.0,1.25,4.25,True
22,alternative_half,confirmation-005,fixed_cadence,0.0,-0.5284560864389926,0.05,0.0,0.016019316375378408,0.1831689399659836,0.03657017688635967,0.032887745531332196,0.04125763038078219,0.0057033170543138775,1.056877039372921,0.28264977037906647,0.06302060068000138,0.04160405512803762,0.03573434346275846,0.03413756978096501,False,,5.0,5.0,1.25,4.25,True
22,alternative_half,confirmation-005,fixed_cadence,0.05,-0.5284560864389926,0.049999999999999996,0.05,0.019097692919297124,0.20056215810237926,0.039354494705319515,0.034500031184450476,0.04599012280974194,0.006611031283620884,1.1897000670433044,0.32654866576194763,0.06732233787530462,0.043805588250417096,0.03731360342719145,0.035620604931134926,False,,5.0,5.0,1.25,4.25,True
22,alternative_half,confirmation-005,fixed_cadence,0.1,-0.5284560864389926,0.05,0.1,0.02276950410232823,0.21825517858883622,0.0430839186110437,0.037977284207892086,0.05028036829788945,0.00843348704988548,1.2376276403665543,0.3041514381766319,0.07305483556631381,0.04925288478121248,0.040746326365774195,0.03898683005586748,False,,5.0,5.0,1.25,4.25,True
22,alternative_half,confirmation-005,fixed_cadence,0.2,-0.5284560864389926,0.049999999999999996,0.19999999999999998,0.029837383451383703,0.2560849775781072,0.04662757959352581,0.04108240221378829,0.06089570545872544,0.010729579032493717,1.594066247344017,0.4529406875371933,0.08764362315808835,0.05324691658671171,0.043412702432607114,0.0424213953079819,False,,5.0,5.0,1.25,4.25,True
22,alternative_half,confirmation-006,serial,0.0,0.34010668192597016,0.05,0.0,0.015807698785314135,0.18203778346541086,0.04347355659231905,0.032887745531332196,0.016107166458710718,0.0057033170543138775,0.7874426245689392,0.28264977037906647,0.10024829623306693,0.04160405512803762,0.03313604122505506,0.03413756978096501,False,,5.0,5.0,1.25,4.25,True
22,alternative_half,confirmation-006,serial,0.05,0.34010668192597016,0.049999999999999996,0.05,0.01880466974951814,0.19922467680746073,0.0459857516384782,0.034500031184450476,0.017735267446169888,0.006611031283620884,0.8778704330325127,0.32654866576194763,0.10684953971749124,0.043805588250417096,0.03455880237332981,0.035620604931134926,False,,5.0,5.0,1.25,4.25,True
22,alternative_half,confirmation-006,serial,0.1,0.34010668192597016,0.1,0.10000000000000002,0.02586187257206043,0.23130879496463014,0.051371169794386023,0.038239481438764246,0.021818798481417975,0.008793616669287432,0.9070765227079391,0.30340634286403656,0.12019200400037697,0.05128291246176967,0.037521716644289306,0.03905171506707207,False,,5.0,5.0,1.25,4.25,True
22,alternative_half,confirmation-006,serial,0.2,0.34010668192597016,0.19999999999999998,0.2,0.04607269156662427,0.2967812348372498,0.05981793956663014,0.04170121976718292,0.033936398256682605,0.011331822924463828,1.1553484573960304,0.3599173575639725,0.14509125468237896,0.059995324792208704,0.040290202129220375,0.04267928818828081,False,,5.0,5.0,1.25,4.25,True
22,alternative_half,confirmation-006,fixed_cadence,0.0,0.34010668192597016,0.05,0.0,0.015807698785314135,0.18203778346541086,0.04347355659231905,0.032887745531332196,0.016107166458710718,0.0057033170543138775,0.7874426245689392,0.28264977037906647,0.10024829623306693,0.04160405512803762,0.03313604122505506,0.03413756978096501,False,,5.0,5.0,1.25,4.25,True
22,alternative_half,confirmation-006,fixed_cadence,0.05,0.34010668192597016,0.049999999999999996,0.05,0.01880466974951814,0.19922467680746073,0.0459857516384782,0.034500031184450476,0.017735267446169888,0.006611031283620884,0.8778704330325127,0.32654866576194763,0.10684953971749124,0.043805588250417096,0.03455880237332981,0.035620604931134926,False,,5.0,5.0,1.25,4.25,True
22,alternative_half,confirmation-006,fixed_cadence,0.1,0.34010668192597016,0.05,0.1,0.022500044084604414,0.217374436573812,0.05051150912817193,0.037977284207892086,0.019887435417180882,0.00843348704988548,0.8911091834306717,0.3041514381766319,0.11669938929571738,0.04925288478121248,0.037875368151384016,0.03898683005586748,False,,5.0,5.0,1.25,4.25,True
22,alternative_half,confirmation-006,fixed_cadence,0.2,0.34010668192597016,0.049999999999999996,0.19999999999999998,0.02994973941192959,0.2566939528967997,0.05638870931709334,0.04108240221378829,0.02609073919262263,0.010729579032493717,1.1677491292357445,0.4529406875371933,0.13522662657381163,0.05324691658671171,0.041780029296294645,0.0424213953079819,False,,5.0,5.0,1.25,4.25,True
22,alternative_half,confirmation-007,serial,0.0,-0.373065528290342,0.05,0.0,0.0159632819822468,0.1828923629348715,0.03320675508625429,0.032887745531332196,0.025476840801489094,0.0057033170543138775,0.836811363697052,0.28264977037906647,0.05490375873467737,0.04160405512803762,0.035255675805260914,0.03413756978096501,False,,5.0,5.0,1.4,4.4,True
22,alternative_half,confirmation-007,serial,0.05,-0.373065528290342,0.049999999999999996,0.05,0.01900725252456683,0.20018339951550398,0.03538314281234813,0.034500031184450476,0.028455785523859856,0.006611031283620884,0.9465792030096054,0.32654866576194763,0.05844452581964537,0.043805588250417096,0.03680235149453637,0.035620604931134926,False,,5.0,5.0,1.4,4.4,True
22,alternative_half,confirmation-007,serial,0.1,-0.373065528290342,0.1,0.10000000000000002,0.025081253646811207,0.2281158331712632,0.04042514079965279,0.038239481438764246,0.03546628661437248,0.008793616669287432,1.0399924218654633,0.30340634286403656,0.06873199914499416,0.05128291246176967,0.04092971009900789,0.03905171506707207,False,,5.0,5.0,1.4,4.4,True
22,alternative_half,confirmation-007,serial,0.2,-0.373065528290342,0.19999999999999998,0.2,0.04191642862455935,0.2871171631609223,0.04765290020613449,0.04170121976718292,0.054080309575935674,0.011331822924463828,1.4049731194972992,0.3599173575639725,0.08946703260124968,0.059995324792208704,0.04640972336340645,0.04267928818828081,False,,5.0,5.0,1.4,4.4,True
22,alternative_half,confirmation-007,fixed_cadence,0.0,-0.373065528290342,0.05,0.0,0.0159632819822468,0.1828923629348715,0.03320675508625429,0.032887745531332196,0.025476840801489094,0.0057033170543138775,0.836811363697052,0.28264977037906647,0.05490375873467737,0.04160405512803762,0.035255675805260914,0.03413756978096501,False,,5.0,5.0,1.4,4.4,True
22,alternative_half,confirmation-007,fixed_cadence,0.05,-0.373065528290342,0.049999999999999996,0.05,0.01900725252456683,0.20018339951550398,0.03538314281234813,0.034500031184450476,0.028455785523859856,0.006611031283620884,0.9465792030096054,0.32654866576194763,0.05844452581964537,0.043805588250417096,0.03680235149453637,0.035620604931134926,False,,5.0,5.0,1.4,4.4,True
22,alternative_half,confirmation-007,fixed_cadence,0.1,-0.373065528290342,0.05,0.1,0.022670443982439448,0.21795421923775252,0.038870069165333844,0.037977284207892086,0.03172851193412158,0.00843348704988548,0.9757896140217781,0.3041514381766319,0.06329913368177968,0.04925288478121248,0.040086085228674406,0.03898683005586748,False,,5.0,5.0,1.4,4.4,True
22,alternative_half,confirmation-007,fixed_cadence,0.2,-0.373065528290342,0.049999999999999996,0.19999999999999998,0.029820142501524753,0.2561482544053952,0.04164354037745809,0.04108240221378829,0.03802148497075802,0.010729579032493717,1.2663426250219345,0.4529406875371933,0.0651338586298332,0.05324691658671171,0.042748822640395735,0.0424213953079819,False,,5.0,5.0,1.4,4.4,True
22,alternative_matched,confirmation-000,serial,0.0,0.5244675785137001,0.05,0.0,0.01563031525331227,0.18120901642890583,0.05583479513146876,0.0391060651137021,0.03174546708719098,0.008095558935528054,1.0916702449321747,0.3144306316971779,0.13619564981346252,0.04958698097701741,0.03903423994245019,0.040496215032406066,False,,5.0,5.0,1.45,4.45,True
22,alternative_matched,confirmation-000,serial,0.05,0.5244675785137001,0.049999999999999996,0.05,0.018627908567278282,0.19846384006123324,0.05912749186108269,0.04082007897724302,0.03533224052303442,0.009258021870520591,1.23458631336689,0.37181586027145386,0.14609197320290446,0.05207347418279035,0.040536596414040324,0.042098461677467024,False,,5.0,5.0,1.45,4.45,True
22,alternative_matched,confirmation-000,serial,0.1,0.5244675785137001,0.1,0.10000000000000002,0.025694973258465075,0.2305951775681462,0.06604294315537328,0.04503746877508181,0.043326328255176697,0.012115909254324379,1.3230083510279655,0.35303734242916107,0.164563367857092,0.06035886739662503,0.04341830903694521,0.046029074386273613,False,,5.0,5.0,1.45,4.45,True
22,alternative_matched,confirmation-000,serial,0.2,0.5244675785137001,0.19999999999999998,0.2,0.04603256772876317,0.2964387961583981,0.07812024682596036,0.04926457977030317,0.06981595767229729,0.01567861911663332,1.6965051740407944,0.4216422140598297,0.20004780425103585,0.07049400990087212,0.04507358195679055,0.05047420994806712,False,,5.0,5.0,1.45,4.45,False
22,alternative_matched,confirmation-000,fixed_cadence,0.0,0.5244675785137001,0.05,0.0,0.01563031525331227,0.18120901642890583,0.05583479513146876,0.0391060651137021,0.03174546708719098,0.008095558935528054,1.0916702449321747,0.3144306316971779,0.13619564981346252,0.04958698097701741,0.03903423994245019,0.040496215032406066,False,,5.0,5.0,1.45,4.45,True
22,alternative_matched,confirmation-000,fixed_cadence,0.05,0.5244675785137001,0.049999999999999996,0.05,0.018627908567278282,0.19846384006123324,0.05912749186108269,0.04082007897724302,0.03533224052303442,0.009258021870520591,1.23458631336689,0.37181586027145386,0.14609197320290446,0.05207347418279035,0.040536596414040324,0.042098461677467024,False,,5.0,5.0,1.45,4.45,True
22,alternative_matched,confirmation-000,fixed_cadence,0.1,0.5244675785137001,0.05,0.1,0.02230849590908318,0.2166100284188884,0.06476206314497826,0.04476117008121999,0.03888570841067975,0.011669542801854156,1.2790212035179138,0.35168953239917755,0.1592806537589871,0.05816139437212869,0.044581855081293885,0.04595215959897821,False,,5.0,5.0,1.45,4.45,True
22,alternative_matched,confirmation-000,fixed_cadence,0.2,0.5244675785137001,0.049999999999999996,0.19999999999999998,0.029769871188077585,0.2561647118751815,0.07301261463535835,0.0485958648348398,0.05155972646320894,0.015035863577285568,1.6609015688300133,0.5369831249117851,0.1862382819279781,0.06297598152997007,0.05001429695694265,0.05017965788984823,False,,5.0,5.0,1.45,4.45,False
22,alternative_matched,confirmation-001,serial,0.0,-0.4661912627211833,0.05,0.0,0.015827819875027998,0.18232039769218225,0.0402337063060799,0.0391060651137021,0.039580251098425424,0.008095558935528054,1.0210606083273888,0.3144306316971779,0.06696126106785807,0.04958698097701741,0.041837455770350813,0.040496215032406066,False,,5.0,5.0,1.45,4.45,True
22,alternative_matched,confirmation-001,serial,0.05,-0.4661912627211833,0.049999999999999996,0.05,0.018887134815626365,0.19971885268670644,0.042704143099562906,0.04082007897724302,0.04374723835066318,0.009258021870520591,1.15831658244133,0.37181586027145386,0.07111930326722272,0.05207347418279035,0.0435222195919766,0.042098461677467024,False,,5.0,5.0,1.45,4.45,True
22,alternative_matched,confirmation-001,serial,0.1,-0.4661912627211833,0.1,0.10000000000000002,0.025838288404357854,0.2311849576073722,0.04889341443221572,0.04503746877508181,0.054103746252480704,0.012115909254324379,1.2687455862760544,0.35303734242916107,0.08416257961893887,0.06035886739662503,0.04839449454840859,0.046029074386273613,False,,5.0,5.0,1.45,4.45,True
22,alternative_matched,confirmation-001,serial,0.2,-0.4661912627211833,0.19999999999999998,0.2,0.04541987635605986,0.29561140190609536,0.0587003063691265,0.04926457977030317,0.08208696079003235,0.01567861911663332,1.6658789664506912,0.4216422140598297,0.11045221899627533,0.07049400990087212,0.05547222824659525,0.05047420994806712,False,,5.0,5.0,1.45,4.45,False
22,alternative_matched,confirmation-001,fixed_cadence,0.0,-0.4661912627211833,0.05,0.0,0.015827819875027998,0.18232039769218225,0.0402337063060799,0.0391060651137021,0.039580251098425424,0.008095558935528054,1.0210606083273888,0.3144306316971779,0.06696126106785807,0.04958698097701741,0.041837455770350813,0.040496215032406066,False,,5.0,5.0,1.45,4.45,True
22,alternative_matched,confirmation-001,fixed_cadence,0.05,-0.4661912627211833,0.049999999999999996,0.05,0.018887134815626365,0.19971885268670644,0.042704143099562906,0.04082007897724302,0.04374723835066318,0.009258021870520591,1.15831658244133,0.37181586027145386,0.07111930326722272,0.05207347418279035,0.0435222195919766,0.042098461677467024,False,,5.0,5.0,1.45,4.45,True
22,alternative_matched,confirmation-001,fixed_cadence,0.1,-0.4661912627211833,0.05,0.1,0.022523760941041884,0.2173863318161605,0.04671809822067255,0.04476117008121999,0.04821982438353883,0.011669542801854156,1.2007001042366028,0.35168953239917755,0.07681743685377343,0.05816139437212869,0.047211571242280426,0.04595215959897821,False,,5.0,5.0,1.45,4.45,True
22,alternative_matched,confirmation-001,fixed_cadence,0.2,-0.4661912627211833,0.049999999999999996,0.19999999999999998,0.02957607166744988,0.25539025353989825,0.050218857637215814,0.0485958648348398,0.057978107808728245,0.015035863577285568,1.5666373446583748,0.5369831249117851,0.07889672007444289,0.06297598152997007,0.050353825585310624,0.05017965788984823,False,,5.0,5.0,1.45,4.45,False
22,alternative_matched,confirmation-002,serial,0.0,0.458690969525116,0.05,0.0,0.015622194478223586,0.18118217405286022,0.052874344097296695,0.0391060651137021,0.02462348141270139,0.008095558935528054,0.9865309298038483,0.3144306316971779,0.12273016147047515,0.04958698097701741,0.03959154138515411,0.040496215032406066,False,,5.0,5.0,1.55,4.55,True
22,alternative_matched,confirmation-002,serial,0.05,0.458690969525116,0.049999999999999996,0.05,0.018613015627239472,0.1984236311419615,0.05589413083154464,0.04082007897724302,0.02770354564713114,0.009258021870520591,1.1210860311985016,0.37181586027145386,0.13154692934209994,0.05207347418279035,0.04113345831766441,0.042098461677467024,False,,5.0,5.0,1.55,4.55,True
22,alternative_matched,confirmation-002,serial,0.1,0.458690969525116,0.1,0.10000000000000002,0.025660217496348642,0.23051828666056334,0.06224342059211866,0.04503746877508181,0.034430260900985964,0.012115909254324379,1.198001317679882,0.35303734242916107,0.14777164001223086,0.06035886739662503,0.04416663568783819,0.046029074386273613,False,,5.0,5.0,1.55,4.55,True
22,alternative_matched,confirmation-002,serial,0.2,0.458690969525116,0.19999999999999998,0.2,0.042347490918638264,0.2853780186812186,0.07137834001799284,0.04926457977030317,0.05122750047443863,0.01567861911663332,1.529996618628502,0.4216422140598297,0.17354829041049297,0.07049400990087212,0.0459944337250822,0.05047420994806712,False,,5.0,5.0,1.55,4.55,False
22,alternative_matched,confirmation-002,fixed_cadence,0.0,0.458690969525116,0.05,0.0,0.015622194478223586,0.18118217405286022,0.052874344097296695,0.0391060651137021,0.02462348141270139,0.008095558935528054,0.9865309298038483,0.3144306316971779,0.12273016147047515,0.04958698097701741,0.03959154138515411,0.040496215032406066,False,,5.0,5.0,1.55,4.55,True
22,alternative_matched,confirmation-002,fixed_cadence,0.05,0.458690969525116,0.049999999999999996,0.05,0.018613015627239472,0.1984236311419615,0.05589413083154464,0.04082007897724302,0.02770354564713114,0.009258021870520591,1.1210860311985016,0.37181586027145386,0.13154692934209994,0.05207347418279035,0.04113345831766441,0.042098461677467024,False,,5.0,5.0,1.55,4.55,True
22,alternative_matched,confirmation-002,fixed_cadence,0.1,0.458690969525116,0.05,0.1,0.022286418510728757,0.21654433482339674,0.061222854453081295,0.04476117008121999,0.03095400543195702,0.011669542801854156,1.1584394425153732,0.35168953239917755,0.14333581775718504,0.05816139437212869,0.04529874236090115,0.04595215959897821,False,,5.0,5.0,1.55,4.55,True
22,alternative_matched,confirmation-002,fixed_cadence,0.2,0.458690969525116,0.049999999999999996,0.19999999999999998,0.029733644110391932,0.2560691945348464,0.06878322608855246,0.0485958648348398,0.04154050447963104,0.015035863577285568,1.5177640691399574,0.5369831249117851,0.16743965294729518,0.06297598152997007,0.050669927223785945,0.05017965788984823,False,,5.0,5.0,1.55,4.55,False
22,alternative_matched,confirmation-003,serial,0.0,0.30665192753936543,0.05,0.0,0.015647643021504166,0.18133821258763963,0.047807341058836085,0.0391060651137021,0.01579604060849914,0.008095558935528054,0.7604965567588806,0.3144306316971779,0.10081612495989144,0.04958698097701741,0.03958693874883078,0.040496215032406066,False,,5.0,5.0,1.25,4.25,True
22,alternative_matched,confirmation-003,serial,0.05,0.30665192753936543,0.049999999999999996,0.05,0.01864318386211152,0.19860421987859012,0.050290671793004046,0.04082007897724302,0.01754430957690338,0.009258021870520591,0.8592496067285538,0.37181586027145386,0.10713717399620924,0.05207347418279035,0.041129533798021464,0.042098461677467024,False,,5.0,5.0,1.25,4.25,True
22,alternative_matched,confirmation-003,serial,0.1,0.30665192753936543,0.1,0.10000000000000002,0.025670985090844065,0.23062999001911424,0.05584478128438826,0.04503746877508181,0.021836666287234074,0.012115909254324379,0.882197692990303,0.35303734242916107,0.11999707597617568,0.06035886739662503,0.04463830846802841,0.046029074386273613,False,,5.0,5.0,1.25,4.25,True
22,alternative_matched,confirmation-003,serial,0.2,0.30665192753936543,0.19999999999999998,0.2,0.0458119310584127,0.29620049340661825,0.0640836464083102,0.04926457977030317,0.03299689812459463,0.01567861911663332,1.1191319674253464,0.4216422140598297,0.14357833606847684,0.07049400990087212,0.048303733106739744,0.05047420994806712,False,,5.0,5.0,1.25,4.25,False
22,alternative_matched,confirmation-003,fixed_cadence,0.0,0.30665192753936543,0.05,0.0,0.015647643021504166,0.18133821258763963,0.047807341058836085,0.0391060651137021,0.01579604060849914,0.008095558935528054,0.7604965567588806,0.3144306316971779,0.10081612495989144,0.04958698097701741,0.03958693874883078,0.040496215032406066,False,,5.0,5.0,1.25,4.25,True
22,alternative_matched,confirmation-003,fixed_cadence,0.05,0.30665192753936543,0.049999999999999996,0.05,0.01864318386211152,0.19860421987859012,0.050290671793004046,0.04082007897724302,0.01754430957690338,0.009258021870520591,0.8592496067285538,0.37181586027145386,0.10713717399620924,0.05207347418279035,0.041129533798021464,0.042098461677467024,False,,5.0,5.0,1.25,4.25,True
22,alternative_matched,confirmation-003,fixed_cadence,0.1,0.30665192753936543,0.05,0.1,0.02230481068009401,0.21665317268846843,0.055137704482190096,0.04476117008121999,0.02019876070432256,0.011669542801854156,0.8709460124373436,0.35168953239917755,0.1170714370064913,0.05816139437212869,0.04493094366322008,0.04595215959897821,False,,5.0,5.0,1.25,4.25,True
22,alternative_matched,confirmation-003,fixed_cadence,0.2,0.30665192753936543,0.049999999999999996,0.19999999999999998,0.029682826463231764,0.2559592678654666,0.0613357824076648,0.0485958648348398,0.026883570823685043,0.015035863577285568,1.1778880655765533,0.5369831249117851,0.13539348106315224,0.06297598152997007,0.04958987182152624,0.05017965788984823,False,,5.0,5.0,1.25,4.25,False
22,alternative_matched,confirmation-004,serial,0.0,-0.38344029684153796,0.05,0.0,0.01579110398301477,0.18213533697498546,0.03897091059170367,0.0391060651137021,0.031000353266188514,0.008095558935528054,0.9027133136987686,0.3144306316971779,0.06267134620099708,0.04958698097701741,0.04131104443738941,0.040496215032406066,False,,5.0,5.0,1.55,4.55,True
22,alternative_matched,confirmation-004,serial,0.05,-0.38344029684153796,0.049999999999999996,0.05,0.018831566394341807,0.19948998059061704,0.0411389595661762,0.04082007897724302,0.0341842700013533,0.009258021870520591,1.026344820857048,0.37181586027145386,0.0663816478452072,0.05207347418279035,0.04296018795768319,0.042098461677467024,False,,5.0,5.0,1.55,4.55,True
22,alternative_matched,confirmation-004,serial,0.1,-0.38344029684153796,0.1,0.10000000000000002,0.025774189397725803,0.2310070589945635,0.04674872764303043,0.04503746877508181,0.042273092344061035,0.012115909254324379,1.1117929965257645,0.35303734242916107,0.07801657798160186,0.06035886739662503,0.04765997274793131,0.046029074386273613,False,,5.0,5.0,1.55,4.55,True
22,alternative_matched,confirmation-004,serial,0.2,-0.38344029684153796,0.19999999999999998,0.2,0.041998803193400124,0.2850408650753157,0.05443350948907409,0.04926457977030317,0.05990079356660016,0.01567861911663332,1.4565275982022285,0.4216422140598297,0.099771326122434,0.07049400990087212,0.054386463302803514,0.05047420994806712,False,,5.0,5.0,1.55,4.55,False
22,alternative_matched,confirmation-004,fixed_cadence,0.0,-0.38344029684153796,0.05,0.0,0.01579110398301477,0.18213533697498546,0.03897091059170367,0.0391060651137021,0.031000353266188514,0.008095558935528054,0.9027133136987686,0.3144306316971779,0.06267134620099708,0.04958698097701741,0.04131104443738941,0.040496215032406066,False,,5.0,5.0,1.55,4.55,True
22,alternative_matched,confirmation-004,fixed_cadence,0.05,-0.38344029684153796,0.049999999999999996,0.05,0.018831566394341807,0.19948998059061704,0.0411389595661762,0.04082007897724302,0.0341842700013533,0.009258021870520591,1.026344820857048,0.37181586027145386,0.0663816478452072,0.05207347418279035,0.04296018795768319,0.042098461677467024,False,,5.0,5.0,1.55,4.55,True
22,alternative_matched,confirmation-004,fixed_cadence,0.1,-0.38344029684153796,0.05,0.1,0.022464438749027513,0.21719567174602258,0.04504449848811717,0.04476117008121999,0.03806451738336422,0.011669542801854156,1.057390347123146,0.35168953239917755,0.07180518075877151,0.05816139437212869,0.04656684711965579,0.04595215959897821,False,,5.0,5.0,1.55,4.55,True
22,alternative_matched,confirmation-004,fixed_cadence,0.2,-0.38344029684153796,0.049999999999999996,0.19999999999999998,0.02956399319390186,0.2554083996668251,0.0483405460649457,0.0485958648348398,0.04565374724353151,0.015035863577285568,1.387655809521675,0.5369831249117851,0.07419781284226039,0.06297598152997007,0.049822910923402,0.05017965788984823,False,,5.0,5.0,1.55,4.55,False
22,alternative_matched,confirmation-005,serial,0.0,-0.5284560864389926,0.05,0.0,0.01585213737963139,0.1824388336773319,0.040797052353180006,0.0391060651137021,0.04496829007287199,0.008095558935528054,1.0863295570015907,0.3144306316971779,0.06933671302301016,0.04958698097701741,0.04209956096654623,0.040496215032406066,False,,5.0,5.0,1.25,4.25,True
22,alternative_matched,confirmation-005,serial,0.05,-0.5284560864389926,0.049999999999999996,0.05,0.0189299665750212,0.19989136519347844,0.043464698662517835,0.04082007897724302,0.04997631152459359,0.009258021870520591,1.2325256317853928,0.37181586027145386,0.07379567938849453,0.05207347418279035,0.04380754990123824,0.042098461677467024,False,,5.0,5.0,1.25,4.25,True
22,alternative_matched,confirmation-005,serial,0.1,-0.5284560864389926,0.1,0.10000000000000002,0.0258952318051962,0.23133926556240106,0.04980940098190219,0.04503746877508181,0.061782183417529175,0.012115909254324379,1.3573969528079033,0.35303734242916107,0.08742579680014519,0.06035886739662503,0.04851290172990831,0.046029074386273613,False,,5.0,5.0,1.25,4.25,True
22,alternative_matched,confirmation-005,serial,0.2,-0.5284560864389926,0.19999999999999998,0.2,0.04540072696904803,0.29556729137864624,0.06010823794789033,0.04926457977030317,0.09513282613505185,0.01567861911663332,1.7781157046556473,0.4216422140598297,0.11524037967891254,0.07049400990087212,0.054623053407994525,0.05047420994806712,False,,5.0,5.0,1.25,4.25,False
22,alternative_matched,confirmation-005,fixed_cadence,0.0,-0.5284560864389926,0.05,0.0,0.01585213737963139,0.1824388336773319,0.040797052353180006,0.0391060651137021,0.04496829007287199,0.008095558935528054,1.0863295570015907,0.3144306316971779,0.06933671302301016,0.04958698097701741,0.04209956096654623,0.040496215032406066,False,,5.0,5.0,1.25,4.25,True
22,alternative_matched,confirmation-005,fixed_cadence,0.05,-0.5284560864389926,0.049999999999999996,0.05,0.0189299665750212,0.19989136519347844,0.043464698662517835,0.04082007897724302,0.04997631152459359,0.009258021870520591,1.2325256317853928,0.37181586027145386,0.07379567938849453,0.05207347418279035,0.04380754990123824,0.042098461677467024,False,,5.0,5.0,1.25,4.25,True
22,alternative_matched,confirmation-005,fixed_cadence,0.1,-0.5284560864389926,0.05,0.1,0.022572737657191103,0.2175420349386626,0.04746764230270242,0.04476117008121999,0.05483434951533722,0.011669542801854156,1.2825075909495354,0.35168953239917755,0.07957187412604651,0.05816139437212869,0.04774057464965893,0.04595215959897821,False,,5.0,5.0,1.25,4.25,True
22,alternative_matched,confirmation-005,fixed_cadence,0.2,-0.5284560864389926,0.049999999999999996,0.19999999999999998,0.029587664939112295,0.2553766385706085,0.051172608416285244,0.0485958648348398,0.06660094141643348,0.015035863577285568,1.680077537894249,0.5369831249117851,0.08161593517398048,0.06297598152997007,0.05118482368000958,0.05017965788984823,False,,5.0,5.0,1.25,4.25,False
22,alternative_matched,confirmation-006,serial,0.0,0.34010668192597016,0.05,0.0,0.015645262842181814,0.18131997011036233,0.04903911628615433,0.0391060651137021,0.017931271416470263,0.008095558935528054,0.8134074509143829,0.3144306316971779,0.10685323570707221,0.04958698097701741,0.03948834388771323,0.040496215032406066,False,,5.0,5.0,1.25,4.25,True
22,alternative_matched,confirmation-006,serial,0.05,0.34010668192597016,0.049999999999999996,0.05,0.01864160371900566,0.19858705570522392,0.05164306270186175,0.04082007897724302,0.019875124107061066,0.009258021870520591,0.9178374707698822,0.37181586027145386,0.11375172126545978,0.05207347418279035,0.04102417276895468,0.042098461677467024,False,,5.0,5.0,1.25,4.25,True
22,alternative_matched,confirmation-006,serial,0.1,0.34010668192597016,0.1,0.10000000000000002,0.02567669229710028,0.23063311001567324,0.05742459985163807,0.04503746877508181,0.024626106397360494,0.012115909254324379,0.9492853283882141,0.35303734242916107,0.12766726344953808,0.06035886739662503,0.0444877151515541,0.046029074386273613,False,,5.0,5.0,1.25,4.25,True
22,alternative_matched,confirmation-006,serial,0.2,0.34010668192597016,0.19999999999999998,0.2,0.045845578636947555,0.29623832985880216,0.06630612774775108,0.04926457977030317,0.037722924368718276,0.01567861911663332,1.2089619785547256,0.4216422140598297,0.1534004524778657,0.07049400990087212,0.04807635117696562,0.05047420994806712,False,,5.0,5.0,1.25,4.25,False
22,alternative_matched,confirmation-006,fixed_cadence,0.0,0.34010668192597016,0.05,0.0,0.015645262842181814,0.18131997011036233,0.04903911628615433,0.0391060651137021,0.017931271416470263,0.008095558935528054,0.8134074509143829,0.3144306316971779,0.10685323570707221,0.04958698097701741,0.03948834388771323,0.040496215032406066,False,,5.0,5.0,1.25,4.25,True
22,alternative_matched,confirmation-006,fixed_cadence,0.05,0.34010668192597016,0.049999999999999996,0.05,0.01864160371900566,0.19858705570522392,0.05164306270186175,0.04082007897724302,0.019875124107061066,0.009258021870520591,0.9178374707698822,0.37181586027145386,0.11375172126545978,0.05207347418279035,0.04102417276895468,0.042098461677467024,False,,5.0,5.0,1.25,4.25,True
22,alternative_matched,confirmation-006,fixed_cadence,0.1,0.34010668192597016,0.05,0.1,0.022306360526337287,0.2166522907797045,0.05661711322163612,0.04476117008121999,0.022635392757213785,0.011669542801854156,0.933937169611454,0.35168953239917755,0.12427217258960496,0.05816139437212869,0.04481951666148072,0.04595215959897821,False,,5.0,5.0,1.25,4.25,True
22,alternative_matched,confirmation-006,fixed_cadence,0.2,0.34010668192597016,0.049999999999999996,0.19999999999999998,0.029696165922287937,0.25599413330198206,0.06312025664001385,0.0485958648348398,0.030036891940790234,0.015035863577285568,1.252424195408821,0.5369831249117851,0.14394095540257365,0.06297598152997007,0.04952464598282308,0.05017965788984823,False,,5.0,5.0,1.25,4.25,False
22,alternative_matched,confirmation-007,serial,0.0,-0.373065528290342,0.05,0.0,0.015796199676134857,0.18215930960891857,0.038397249423446286,0.0391060651137021,0.02897091708795131,0.008095558935528054,0.8691857755184174,0.3144306316971779,0.06136473732157758,0.04958698097701741,0.04163724214368943,0.040496215032406066,False,,5.0,5.0,1.4,4.4,True
22,alternative_matched,confirmation-007,serial,0.05,-0.373065528290342,0.049999999999999996,0.05,0.018839715318399616,0.19952618460024535,0.04053036152269661,0.04082007897724302,0.03222179197757899,0.009258021870520591,0.9923005104064941,0.37181586027145386,0.06505074977423898,0.05207347418279035,0.04331102411910204,0.042098461677467024,False,,5.0,5.0,1.4,4.4,True
22,alternative_matched,confirmation-007,serial,0.1,-0.373065528290342,0.1,0.10000000000000002,0.024892587277115064,0.2274299933845377,0.04584104254570935,0.04503746877508181,0.040065654049318424,0.012115909254324379,1.090681366622448,0.35303734242916107,0.07587076053142656,0.06035886739662503,0.04793561383324721,0.046029074386273613,False,,5.0,5.0,1.4,4.4,True
22,alternative_matched,confirmation-007,serial,0.2,-0.373065528290342,0.19999999999999998,0.2,0.041646818148259615,0.28658629646474026,0.053194960806790835,0.04926457977030317,0.06016556358838909,0.01567861911663332,1.4702387526631355,0.4216422140598297,0.09733897640247526,0.07049400990087212,0.054165451773232745,0.05047420994806712,False,,5.0,5.0,1.4,4.4,False
22,alternative_matched,confirmation-007,fixed_cadence,0.0,-0.373065528290342,0.05,0.0,0.015796199676134857,0.18215930960891857,0.038397249423446286,0.0391060651137021,0.02897091708795131,0.008095558935528054,0.8691857755184174,0.3144306316971779,0.06136473732157758,0.04958698097701741,0.04163724214368943,0.040496215032406066,False,,5.0,5.0,1.4,4.4,True
22,alternative_matched,confirmation-007,fixed_cadence,0.05,-0.373065528290342,0.049999999999999996,0.05,0.018839715318399616,0.19952618460024535,0.04053036152269661,0.04082007897724302,0.03222179197757899,0.009258021870520591,0.9923005104064941,0.37181586027145386,0.06505074977423898,0.05207347418279035,0.04331102411910204,0.042098461677467024,False,,5.0,5.0,1.4,4.4,True
22,alternative_matched,confirmation-007,fixed_cadence,0.1,-0.373065528290342,0.05,0.1,0.022473892655801624,0.21723585285186164,0.04436780818080196,0.04476117008121999,0.03608301100230061,0.011669542801854156,1.0235754027962685,0.35168953239917755,0.07035381788039016,0.05816139437212869,0.04708504628440025,0.04595215959897821,False,,5.0,5.0,1.4,4.4,True
22,alternative_matched,confirmation-007,fixed_cadence,0.2,-0.373065528290342,0.049999999999999996,0.19999999999999998,0.02956963652084354,0.25544185492845,0.047535720476584706,0.0485958648348398,0.04345663181344661,0.015035863577285568,1.3536123931407928,0.5369831249117851,0.07280496575788446,0.06297598152997007,0.05050915060667583,0.05017965788984823,False,,5.0,5.0,1.4,4.4,False
22,gain_matched,confirmation-000,serial,0.0,0.5244675785137001,0.05,0.0,0.0028755254697286348,0.10316745844580158,0.013415297848224319,0.0030624280558340365,0.06226514954364926,0.0011117035059426943,1.8514637686312199,0.49190013855695724,0.05273228286914941,0.009964054524255892,0.0013817897944720684,0.001394668411157854,False,,5.0,5.0,1.45,4.45,True
22,gain_matched,confirmation-000,serial,0.05,0.5244675785137001,0.049999999999999996,0.05,0.004569345084643553,0.12910067241012027,0.016770973149554762,0.0005662114538412671,0.07417227520039263,0.0005035275543872783,2.0684188958257437,0.4788019312545657,0.0676248648404738,0.0018760647863311393,0.0001910692012040536,0.00020260954732341106,False,,5.0,5.0,1.45,4.45,True
22,gain_matched,confirmation-000,serial,0.1,0.5244675785137001,0.1,0.10000000000000002,0.008389879059994774,0.17010942396974119,0.022845125702009573,0.00263705466936569,0.10685458807245912,0.0009624869883331495,2.1991635486483574,0.267427546903491,0.09061963056124454,0.008793640767106604,0.001182831518903235,0.0011603500934572008,False,,5.0,5.0,1.45,4.45,True
22,gain_matched,confirmation-000,serial,0.2,0.5244675785137001,0.19999999999999998,0.2,0.02328666659229082,0.26576063792606275,0.03720371790753548,0.0035081066388646964,0.3817498707986224,0.0036953950016359485,4.951872086152434,0.4800304966047406,0.1425500371570242,0.01327319457345166,0.0014017135498500149,0.0014229352000592554,False,,5.0,5.0,1.45,4.45,True
22,gain_matched,confirmation-000,fixed_cadence,0.0,0.5244675785137001,0.05,0.0,0.0028755254697286348,0.10316745844580158,0.013415297848224319,0.0030624280558340365,0.06226514954364926,0.0011117035059426943,1.8514637686312199,0.49190013855695724,0.05273228286914941,0.009964054524255892,0.0013817897944720684,0.001394668411157854,False,,5.0,5.0,1.45,4.45,True
22,gain_matched,confirmation-000,fixed_cadence,0.05,0.5244675785137001,0.049999999999999996,0.05,0.004569345084643553,0.12910067241012027,0.016770973149554762,0.0005662114538412671,0.07417227520039263,0.0005035275543872783,2.0684188958257437,0.4788019312545657,0.0676248648404738,0.0018760647863311393,0.0001910692012040536,0.00020260954732341106,False,,5.0,5.0,1.45,4.45,True
22,gain_matched,confirmation-000,fixed_cadence,0.1,0.5244675785137001,0.05,0.1,0.006540886825590348,0.15257657916873962,0.02031714390865313,0.001983898393452431,0.08289483866273566,0.0006677425779183996,1.985960839316249,0.31331847235560417,0.08119319075978994,0.006265796878679795,0.0011784495163898391,0.0011600860261252897,False,,5.0,5.0,1.45,4.45,True
22,gain_matched,confirmation-000,fixed_cadence,0.2,0.5244675785137001,0.049999999999999996,0.19999999999999998,0.032944770047464836,0.22893715072577392,0.05483039151728441,0.00950270026479958,22.43152740414167,0.6851703519721465,88.43078591860831,16.406875758431852,0.1331309746201906,0.03590480574639995,0.08629706628395617,0.01794315721490074,False,,5.0,5.0,1.45,4.45,False
22,gain_matched,confirmation-001,serial,0.0,-0.4661912627211833,0.05,0.0,0.0028827780891033327,0.10350612861008286,0.012694772404360588,0.0030624280558340365,0.04935494140400196,0.0011117035059426943,1.7111008614301682,0.49190013855695724,0.049629357039448645,0.009964054524255892,0.001407037367427364,0.001394668411157854,False,,5.0,5.0,1.45,4.45,True
22,gain_matched,confirmation-001,serial,0.05,-0.4661912627211833,0.049999999999999996,0.05,0.004657734300801627,0.13043255503511847,0.015085463870185278,0.0005662114538412671,0.05784528914481858,0.0005035275543872783,1.8659265106543899,0.4788019312545657,0.06089076973472453,0.0018760647863311393,0.00022164067421445464,0.00020260954732341106,False,,5.0,5.0,1.45,4.45,True
22,gain_matched,confirmation-001,serial,0.1,-0.4661912627211833,0.1,0.10000000000000002,0.008448502204000629,0.17080419412725248,0.019739614680904193,0.00263705466936569,0.08234964069149912,0.0009624869883331495,1.9179984647780657,0.267427546903491,0.07822467004878393,0.008793640767106604,0.0011470312576005233,0.0011603500934572008,False,,5.0,5.0,1.45,4.45,True
22,gain_matched,confirmation-001,serial,0.2,-0.4661912627211833,0.19999999999999998,0.2,0.022926225626936664,0.26521642332825607,0.031505185036924926,0.0035081066388646964,0.2720112060908989,0.0036953950016359485,4.324605809524655,0.4800304966047406,0.12047438036610975,0.01327319457345166,0.0016663628481738627,0.0014229352000592554,False,,5.0,5.0,1.45,4.45,True
22,gain_matched,confirmation-001,fixed_cadence,0.0,-0.4661912627211833,0.05,0.0,0.0028827780891033327,0.10350612861008286,0.012694772404360588,0.0030624280558340365,0.04935494140400196,0.0011117035059426943,1.7111008614301682,0.49190013855695724,0.049629357039448645,0.009964054524255892,0.001407037367427364,0.001394668411157854,False,,5.0,5.0,1.45,4.45,True
22,gain_matched,confirmation-001,fixed_cadence,0.05,-0.4661912627211833,0.049999999999999996,0.05,0.004657734300801627,0.13043255503511847,0.015085463870185278,0.0005662114538412671,0.05784528914481858,0.0005035275543872783,1.8659265106543899,0.4788019312545657,0.06089076973472453,0.0018760647863311393,0.00022164067421445464,0.00020260954732341106,False,,5.0,5.0,1.45,4.45,True
22,gain_matched,confirmation-001,fixed_cadence,0.1,-0.4661912627211833,0.05,0.1,0.006670773866277999,0.15348303317591427,0.01760403010229078,0.001983898393452431,0.06429552496969916,0.0006677425779183996,1.7392234737053514,0.31331847235560417,0.07038072729729952,0.006265796878679795,0.0011443703066882668,0.0011600860261252897,False,,5.0,5.0,1.45,4.45,True
22,gain_matched,confirmation-001,fixed_cadence,0.2,-0.4661912627211833,0.049999999999999996,0.19999999999999998,0.038841072032040146,0.28963934366926747,0.04880686318403747,0.00950270026479958,17.164428961833668,0.6851703519721465,78.74081797339022,16.406875758431852,0.1309871774084664,0.03590480574639995,0.08089327520631226,0.01794315721490074,False,,5.0,5.0,1.45,4.45,False
22,gain_matched,confirmation-002,serial,0.0,0.458690969525116,0.05,0.0,0.0028713133870499103,0.10313567048647392,0.011720799196451786,0.0030624280558340365,0.04755780025739308,0.0011117035059426943,1.6833726866170764,0.49190013855695724,0.045739595650770626,0.009964054524255892,0.0013758317541867715,0.001394668411157854,False,,5.0,5.0,1.55,4.55,True
22,gain_matched,confirmation-002,serial,0.05,0.458690969525116,0.049999999999999996,0.05,0.004566526970771437,0.12913813939158827,0.014646442523538698,0.0005662114538412671,0.05673769299539902,0.0005035275543872783,1.8681842125952244,0.4788019312545657,0.0590781418564009,0.0018760647863311393,0.00018392023025805835,0.00020260954732341106,False,,5.0,5.0,1.55,4.55,True
22,gain_matched,confirmation-002,serial,0.1,0.458690969525116,0.1,0.10000000000000002,0.008381692510800171,0.17012608952283298,0.02008909397430222,0.00263705466936569,0.08214386251171771,0.0009624869883331495,1.9565629353746772,0.267427546903491,0.0795338865495641,0.008793640767106604,0.0012069221432104637,0.0011603500934572008,False,,5.0,5.0,1.55,4.55,True
22,gain_matched,confirmation-002,serial,0.2,0.458690969525116,0.19999999999999998,0.2,0.019869610253327123,0.2328657218034071,0.030281385857887557,0.0035081066388646964,0.23173540098706621,0.0036953950016359485,3.5964948814362288,0.4800304966047406,0.10951945210071695,0.01327319457345166,0.001351604328635874,0.0014229352000592554,False,,5.0,5.0,1.55,4.55,True
22,gain_matched,confirmation-002,fixed_cadence,0.0,0.458690969525116,0.05,0.0,0.0028713133870499103,0.10313567048647392,0.011720799196451786,0.0030624280558340365,0.04755780025739308,0.0011117035059426943,1.6833726866170764,0.49190013855695724,0.045739595650770626,0.009964054524255892,0.0013758317541867715,0.001394668411157854,False,,5.0,5.0,1.55,4.55,True
22,gain_matched,confirmation-002,fixed_cadence,0.05,0.458690969525116,0.049999999999999996,0.05,0.004566526970771437,0.12913813939158827,0.014646442523538698,0.0005662114538412671,0.05673769299539902,0.0005035275543872783,1.8681842125952244,0.4788019312545657,0.0590781418564009,0.0018760647863311393,0.00018392023025805835,0.00020260954732341106,False,,5.0,5.0,1.55,4.55,True
22,gain_matched,confirmation-002,fixed_cadence,0.1,0.458690969525116,0.05,0.1,0.006538502440519906,0.15260435697213887,0.017852358278486895,0.001983898393452431,0.06364759240295842,0.0006677425779183996,1.7743408260867,0.31331847235560417,0.0712372370692333,0.006265796878679795,0.0011779487569587707,0.0011600860261252897,False,,5.0,5.0,1.55,4.55,True
22,gain_matched,confirmation-002,fixed_cadence,0.2,0.458690969525116,0.049999999999999996,0.19999999999999998,0.031778097270120195,0.2252145549420125,0.04218717928751042,0.00950270026479958,11.621778778619245,0.6851703519721465,65.99784217216074,16.406875758431852,0.127422957788232,0.03590480574639995,0.06948067543986627,0.01794315721490074,False,,5.0,5.0,1.55,4.55,False
22,gain_matched,confirmation-003,serial,0.0,0.30665192753936543,0.05,0.0,0.002868845991480292,0.10316431376423112,0.008215278651378494,0.0030624280558340365,0.023272117122797014,0.0011117035059426943,1.2784649515524507,0.49190013855695724,0.030898556845722038,0.009964054524255892,0.0013955944246917377,0.001394668411157854,False,,5.0,5.0,1.25,4.25,True
22,gain_matched,confirmation-003,serial,0.05,0.30665192753936543,0.049999999999999996,0.05,0.004564130448789315,0.12923554937280252,0.009811740594384642,0.0005662114538412671,0.026114148262980273,0.0005035275543872783,1.407909581437707,0.4788019312545657,0.039628696984526764,0.0018760647863311393,0.00020404151678245311,0.00020260954732341106,False,,5.0,5.0,1.25,4.25,True
22,gain_matched,confirmation-003,serial,0.1,0.30665192753936543,0.1,0.10000000000000002,0.008360238269054583,0.1701472162266679,0.013504886139484822,0.00263705466936569,0.036593530297324726,0.0009624869883331495,1.3810014324262738,0.267427546903491,0.05299850263741683,0.008793640767106604,0.001150338115986868,0.0011603500934572008,False,,5.0,5.0,1.25,4.25,True
22,gain_matched,confirmation-003,serial,0.2,0.30665192753936543,0.19999999999999998,0.2,0.023121342270901273,0.265666497902753,0.021783668474034543,0.0035081066388646964,0.13545202404624704,0.0036953950016359485,3.09575220849365,0.4800304966047406,0.0835046477454067,0.01327319457345166,0.001472139734715539,0.0014229352000592554,False,,5.0,5.0,1.25,4.25,True
22,gain_matched,confirmation-003,fixed_cadence,0.0,0.30665192753936543,0.05,0.0,0.002868845991480292,0.10316431376423112,0.008215278651378494,0.0030624280558340365,0.023272117122797014,0.0011117035059426943,1.2784649515524507,0.49190013855695724,0.030898556845722038,0.009964054524255892,0.0013955944246917377,0.001394668411157854,False,,5.0,5.0,1.25,4.25,True
22,gain_matched,confirmation-003,fixed_cadence,0.05,0.30665192753936543,0.049999999999999996,0.05,0.004564130448789315,0.12923554937280252,0.009811740594384642,0.0005662114538412671,0.026114148262980273,0.0005035275543872783,1.407909581437707,0.4788019312545657,0.039628696984526764,0.0018760647863311393,0.00020404151678245311,0.00020260954732341106,False,,5.0,5.0,1.25,4.25,True
22,gain_matched,confirmation-003,fixed_cadence,0.1,0.30665192753936543,0.05,0.1,0.006534742854308828,0.15266127229081386,0.012060850261864691,0.001983898393452431,0.028396244880624352,0.0006677425779183996,1.2830679146572948,0.31331847235560417,0.047735378767936404,0.006265796878679795,0.0011639150228950933,0.0011600860261252897,False,,5.0,5.0,1.25,4.25,True
22,gain_matched,confirmation-003,fixed_cadence,0.2,0.30665192753936543,0.049999999999999996,0.19999999999999998,0.03401388491937932,0.2502328407015816,0.04251754490646017,0.00950270026479958,13.110461134811404,0.6851703519721465,71.2385984454304,16.406875758431852,0.14300933095700105,0.03590480574639995,0.07554203551321138,0.01794315721490074,False,,5.0,5.0,1.25,4.25,False
22,gain_matched,confirmation-004,serial,0.0,-0.38344029684153796,0.05,0.0,0.0028771751874121653,0.1034219363988906,0.01068625658750626,0.0030624280558340365,0.03405309584823744,0.0011117035059426943,1.4984223498031497,0.49190013855695724,0.04122394303001026,0.009964054524255892,0.0014113586345966668,0.001394668411157854,False,,5.0,5.0,1.55,4.55,True
22,gain_matched,confirmation-004,serial,0.05,-0.38344029684153796,0.049999999999999996,0.05,0.00464081980850151,0.1302709980871184,0.012412666039035737,0.0005662114538412671,0.03949362216115203,0.0005035275543872783,1.624052681028843,0.4788019312545657,0.0501075066801644,0.0018760647863311393,0.00022623768441186243,0.00020260954732341106,False,,5.0,5.0,1.55,4.55,True
22,gain_matched,confirmation-004,serial,0.1,-0.38344029684153796,0.1,0.10000000000000002,0.008429097403132225,0.170711766563678,0.016189651088439797,0.00263705466936569,0.056097494500577647,0.0009624869883331495,1.6285454584285617,0.267427546903491,0.06395918484070087,0.008793640767106604,0.0011295346020875998,0.0011603500934572008,False,,5.0,5.0,1.55,4.55,True
22,gain_matched,confirmation-004,serial,0.2,-0.38344029684153796,0.19999999999999998,0.2,0.0195539595376002,0.23246410492445022,0.023974482942849804,0.0035081066388646964,0.15146643118110784,0.0036953950016359485,3.004678829573095,0.4800304966047406,0.08648676805417513,0.01327319457345166,0.001656116966282812,0.0014229352000592554,False,,5.0,5.0,1.55,4.55,True
22,gain_matched,confirmation-004,fixed_cadence,0.0,-0.38344029684153796,0.05,0.0,0.0028771751874121653,0.1034219363988906,0.01068625658750626,0.0030624280558340365,0.03405309584823744,0.0011117035059426943,1.4984223498031497,0.49190013855695724,0.04122394303001026,0.009964054524255892,0.0014113586345966668,0.001394668411157854,False,,5.0,5.0,1.55,4.55,True
22,gain_matched,confirmation-004,fixed_cadence,0.05,-0.38344029684153796,0.049999999999999996,0.05,0.00464081980850151,0.1302709980871184,0.012412666039035737,0.0005662114538412671,0.03949362216115203,0.0005035275543872783,1.624052681028843,0.4788019312545657,0.0501075066801644,0.0018760647863311393,0.00022623768441186243,0.00020260954732341106,False,,5.0,5.0,1.55,4.55,True
22,gain_matched,confirmation-004,fixed_cadence,0.1,-0.38344029684153796,0.05,0.1,0.006647111174099253,0.153371154092959,0.014419453257097191,0.001983898393452431,0.04381904576422016,0.0006677425779183996,1.492860971018672,0.31331847235560417,0.05756968423640744,0.006265796878679795,0.0011456787862826779,0.0011600860261252897,False,,5.0,5.0,1.55,4.55,True
22,gain_matched,confirmation-004,fixed_cadence,0.2,-0.38344029684153796,0.049999999999999996,0.19999999999999998,0.04199911286330196,0.3050579120021309,0.04663576047827453,0.00950270026479958,17.15576098033507,0.6851703519721465,79.84088846109807,16.406875758431852,0.13513256404052484,0.03590480574639995,0.07770635323298343,0.01794315721490074,False,,5.0,5.0,1.55,4.55,False
22,gain_matched,confirmation-005,serial,0.0,-0.5284560864389926,0.05,0.0,0.0028871846106305987,0.10356626531161033,0.014118477813604298,0.0030624280558340365,0.06109308188024614,0.0011117035059426943,1.8555924175307155,0.49190013855695724,0.05547497056474659,0.009964054524255892,0.0013930607776787697,0.001394668411157854,False,,5.0,5.0,1.25,4.25,True
22,gain_matched,confirmation-005,serial,0.05,-0.5284560864389926,0.049999999999999996,0.05,0.004669266678183499,0.13053254359832756,0.017102715837417026,0.0005662114538412671,0.0735850738222475,0.0005035275543872783,2.0420532561838627,0.4788019312545657,0.06898235048015132,0.0018760647863311393,0.00020215205515458,0.00020260954732341106,False,,5.0,5.0,1.25,4.25,True
22,gain_matched,confirmation-005,serial,0.1,-0.5284560864389926,0.1,0.10000000000000002,0.008466964707121409,0.17091139751635462,0.02255202584290795,0.00263705466936569,0.10688461577138567,0.0009624869883331495,2.1329764584079385,0.267427546903491,0.0894966374432598,0.008793640767106604,0.0011781210286371075,0.0011603500934572008,False,,5.0,5.0,1.25,4.25,True
22,gain_matched,confirmation-005,serial,0.2,-0.5284560864389926,0.19999999999999998,0.2,0.022985532733758553,0.2653047407214699,0.03620137302822237,0.0035081066388646964,0.34630046029241246,0.0036953950016359485,4.765760747715831,0.4800304966047406,0.1381788514828353,0.01327319457345166,0.0014092911216198908,0.0014229352000592554,False,,5.0,5.0,1.25,4.25,True
22,gain_matched,confirmation-005,fixed_cadence,0.0,-0.5284560864389926,0.05,0.0,0.0028871846106305987,0.10356626531161033,0.014118477813604298,0.0030624280558340365,0.06109308188024614,0.0011117035059426943,1.8555924175307155,0.49190013855695724,0.05547497056474659,0.009964054524255892,0.0013930607776787697,0.001394668411157854,False,,5.0,5.0,1.25,4.25,True
22,gain_matched,confirmation-005,fixed_cadence,0.05,-0.5284560864389926,0.049999999999999996,0.05,0.004669266678183499,0.13053254359832756,0.017102715837417026,0.0005662114538412671,0.0735850738222475,0.0005035275543872783,2.0420532561838627,0.4788019312545657,0.06898235048015132,0.0018760647863311393,0.00020215205515458,0.00020260954732341106,False,,5.0,5.0,1.25,4.25,True
22,gain_matched,confirmation-005,fixed_cadence,0.1,-0.5284560864389926,0.05,0.1,0.006689905474204589,0.15357767103019399,0.020059798172636083,0.001983898393452431,0.08286779840276928,0.0006677425779183996,1.9209862127900124,0.31331847235560417,0.08023754963768494,0.006265796878679795,0.0011536210874134583,0.0011600860261252897,False,,5.0,5.0,1.25,4.25,True
22,gain_matched,confirmation-005,fixed_cadence,0.2,-0.5284560864389926,0.049999999999999996,0.19999999999999998,0.03352511576642925,0.24828514692059653,0.0549698702447174,0.00950270026479958,22.91232281173842,0.6851703519721465,92.98577604070306,16.406875758431852,0.13733323852104734,0.03590480574639995,0.0877211377821538,0.01794315721490074,False,,5.0,5.0,1.25,4.25,False
22,gain_matched,confirmation-006,serial,0.0,0.34010668192597016,0.05,0.0,0.0028697590214642934,0.10316432209832992,0.009016729154326822,0.0030624280558340365,0.028209162873720925,0.0011117035059426943,1.3667849507182837,0.49190013855695724,0.0343466951425676,0.009964054524255892,0.001395754948411772,0.001394668411157854,False,,5.0,5.0,1.25,4.25,True
22,gain_matched,confirmation-006,serial,0.05,0.34010668192597016,0.049999999999999996,0.05,0.004563919631323479,0.1292067042563879,0.010880080392462545,0.0005662114538412671,0.03194309941352059,0.0005035275543872783,1.5098224133253098,0.4788019312545657,0.043942430129978255,0.0018760647863311393,0.0002042018293115719,0.00020260954732341106,False,,5.0,5.0,1.25,4.25,True
22,gain_matched,confirmation-006,serial,0.1,0.34010668192597016,0.1,0.10000000000000002,0.00836294029612663,0.1701374420449786,0.014905023124690664,0.00263705466936569,0.0448340584377199,0.0009624869883331495,1.5047308234497905,0.267427546903491,0.05868741170134164,0.008793640767106604,0.001149285621443429,0.0011603500934572008,False,,5.0,5.0,1.25,4.25,True
22,gain_matched,confirmation-006,serial,0.2,0.34010668192597016,0.19999999999999998,0.2,0.023140847076095466,0.2656886142971731,0.024074681739280283,0.0035081066388646964,0.1651565315444256,0.0036953950016359485,3.379141317680478,0.4800304966047406,0.09238832269239672,0.01327319457345166,0.001477819039388536,0.0014229352000592554,False,,5.0,5.0,1.25,4.25,True
22,gain_matched,confirmation-006,fixed_cadence,0.0,0.34010668192597016,0.05,0.0,0.0028697590214642934,0.10316432209832992,0.009016729154326822,0.0030624280558340365,0.028209162873720925,0.0011117035059426943,1.3667849507182837,0.49190013855695724,0.0343466951425676,0.009964054524255892,0.001395754948411772,0.001394668411157854,False,,5.0,5.0,1.25,4.25,True
22,gain_matched,confirmation-006,fixed_cadence,0.05,0.34010668192597016,0.049999999999999996,0.05,0.004563919631323479,0.1292067042563879,0.010880080392462545,0.0005662114538412671,0.03194309941352059,0.0005035275543872783,1.5098224133253098,0.4788019312545657,0.043942430129978255,0.0018760647863311393,0.0002042018293115719,0.00020260954732341106,False,,5.0,5.0,1.25,4.25,True
22,gain_matched,confirmation-006,fixed_cadence,0.1,0.34010668192597016,0.05,0.1,0.006534255142367858,0.15264318131343743,0.013312914912689386,0.001983898393452431,0.034829637972267756,0.0006677425779183996,1.3900256101042032,0.31331847235560417,0.05283647127448387,0.006265796878679795,0.0011643765073198911,0.0011600860261252897,False,,5.0,5.0,1.25,4.25,True
22,gain_matched,confirmation-006,fixed_cadence,0.2,0.34010668192597016,0.049999999999999996,0.19999999999999998,0.03477113406082174,0.25410216703546007,0.04498905399097119,0.00950270026479958,15.18170806803034,0.6851703519721465,76.37607928365469,16.406875758431852,0.13706165140564291,0.03590480574639995,0.07774231623430927,0.01794315721490074,False,,5.0,5.0,1.25,4.25,False
22,gain_matched,confirmation-007,serial,0.0,-0.373065528290342,0.05,0.0,0.0028781238749213843,0.10343862811999167,0.010352595101668303,0.0030624280558340365,0.03171993117937825,0.0011117035059426943,1.4642465747892857,0.49190013855695724,0.03982754939900714,0.009964054524255892,0.0014011177293272463,0.001394668411157854,False,,5.0,5.0,1.4,4.4,True
22,gain_matched,confirmation-007,serial,0.05,-0.373065528290342,0.049999999999999996,0.05,0.004638439103259713,0.1302449851643095,0.01205204900182059,0.0005662114538412671,0.037163765818530294,0.0005035275543872783,1.590494872070849,0.4788019312545657,0.0486393008070509,0.0018760647863311393,0.00021271936790508253,0.00020260954732341106,False,,5.0,5.0,1.4,4.4,True
22,gain_matched,confirmation-007,serial,0.1,-0.373065528290342,0.1,0.10000000000000002,0.007871013491187516,0.16680126746463309,0.015308679465883298,0.00263705466936569,0.05274283253106888,0.0009624869883331495,1.6668249405920506,0.267427546903491,0.0609245757505636,0.008793640767106604,0.0011587486476790526,0.0011603500934572008,False,,5.0,5.0,1.4,4.4,True
22,gain_matched,confirmation-007,serial,0.2,-0.373065528290342,0.19999999999999998,0.2,0.02029694198112732,0.24343086763918492,0.023769546542387398,0.0035081066388646964,0.17432013963150417,0.0036953950016359485,3.415866202674806,0.4800304966047406,0.08762662639060588,0.01327319457345166,0.0015373532371919427,0.0014229352000592554,False,,5.0,5.0,1.4,4.4,True
22,gain_matched,confirmation-007,fixed_cadence,0.0,-0.373065528290342,0.05,0.0,0.0028781238749213843,0.10343862811999167,0.010352595101668303,0.0030624280558340365,0.03171993117937825,0.0011117035059426943,1.4642465747892857,0.49190013855695724,0.03982754939900714,0.009964054524255892,0.0014011177293272463,0.001394668411157854,False,,5.0,5.0,1.4,4.4,True
22,gain_matched,confirmation-007,fixed_cadence,0.05,-0.373065528290342,0.049999999999999996,0.05,0.004638439103259713,0.1302449851643095,0.01205204900182059,0.0005662114538412671,0.037163765818530294,0.0005035275543872783,1.590494872070849,0.4788019312545657,0.0486393008070509,0.0018760647863311393,0.00021271936790508253,0.00020260954732341106,False,,5.0,5.0,1.4,4.4,True
22,gain_matched,confirmation-007,fixed_cadence,0.1,-0.373065528290342,0.05,0.1,0.006642484057777285,0.15334649969355116,0.014055216241082177,0.001983898393452431,0.04165914724705433,0.0006677425779183996,1.4580820687115192,0.31331847235560417,0.05608762633126695,0.006265796878679795,0.0011493192999875725,0.0011600860261252897,False,,5.0,5.0,1.4,4.4,True
22,gain_matched,confirmation-007,fixed_cadence,0.2,-0.373065528290342,0.049999999999999996,0.19999999999999998,0.034393656111921196,0.2678275621214615,0.037366889250544835,0.00950270026479958,9.364590973928808,0.6851703519721465,55.487060813233256,16.406875758431852,0.12255465678553443,0.03590480574639995,0.06487960016087234,0.01794315721490074,False,,5.0,5.0,1.4,4.4,False
33,native,confirmation-000,serial,0.0,0.5244675785137001,0.05,0.0,0.016545558387855343,0.18497348342120254,0.030816979440182562,0.0005024325644920096,0.02992263770376444,2.0076330106751777e-05,0.852173063904047,0.054116006940603256,0.09739537770530911,0.0015768893825751245,0.0019115137346471518,6.817580675663034e-05,False,,5.0,5.0,1.45,4.45,True
33,native,confirmation-000,serial,0.05,0.5244675785137001,0.049999999999999996,0.05,0.01963684103174957,0.20191750053848312,0.03338655926364317,0.0004207515081063573,0.03205957010614269,1.5241139310947368e-05,0.9248163364827633,0.04649577662348747,0.1058481699884101,0.0013216438671914824,0.001867803570758711,0.000184331211056652,False,,5.0,5.0,1.45,4.45,True
33,native,confirmation-000,serial,0.1,0.5244675785137001,0.1,0.10000000000000002,0.026532390968929058,0.23342185194103757,0.03876361463507771,0.0005766216925257025,0.03931351161147737,6.1365679395949954e-06,1.0431273840367794,0.022519025951623917,0.12261376580245027,0.0012811355773161123,0.0026496868955885435,0.0004662001592695332,False,,5.0,5.0,1.45,4.45,True
33,native,confirmation-000,serial,0.2,0.5244675785137001,0.19999999999999998,0.2,0.047094438864568426,0.2986496015497418,0.051272848263745334,0.0006994145802161771,0.06543010934047326,6.82287187807329e-05,1.4107657223939896,0.0609813816845417,0.1563111322991662,0.00205212374305281,0.007301347861454711,0.0004424672551984011,False,,5.0,5.0,1.45,4.45,True
33,native,confirmation-000,fixed_cadence,0.0,0.5244675785137001,0.05,0.0,0.016545558387855343,0.18497348342120254,0.030816979440182562,0.0005024325644920096,0.02992263770376444,2.0076330106751777e-05,0.852173063904047,0.054116006940603256,0.09739537770530911,0.0015768893825751245,0.0019115137346471518,6.817580675663034e-05,False,,5.0,5.0,1.45,4.45,True
33,native,confirmation-000,fixed_cadence,0.05,0.5244675785137001,0.049999999999999996,0.05,0.01963684103174957,0.20191750053848312,0.03338655926364317,0.0004207515081063573,0.03205957010614269,1.5241139310947368e-05,0.9248163364827633,0.04649577662348747,0.1058481699884101,0.0013216438671914824,0.001867803570758711,0.000184331211056652,False,,5.0,5.0,1.45,4.45,True
33,native,confirmation-000,fixed_cadence,0.1,0.5244675785137001,0.05,0.1,0.02346128285734799,0.22026119910566758,0.036543478266560854,0.0005190423263872955,0.03429270534688133,6.733375042151935e-06,0.9940111078321934,0.03942025825381279,0.11583010159860055,0.0009802124577126966,0.001935836035380456,0.00046279878884832525,False,,5.0,5.0,1.45,4.45,True
33,native,confirmation-000,fixed_cadence,0.2,0.5244675785137001,0.049999999999999996,0.19999999999999998,0.031473146734616965,0.25983325488867,0.0419899500223348,0.0005109504672471892,0.042150021079046036,4.250982414803067e-05,1.1921418830752373,0.06387589499354362,0.13595619912352283,0.001453395923408146,0.002390098064080119,0.00044158540518717015,False,,5.0,5.0,1.45,4.45,True
33,native,confirmation-001,serial,0.0,-0.4661912627211833,0.05,0.0,0.016447991092926096,0.18452360371201554,0.02708857553468001,0.0005024325644920096,0.02307279591261962,2.0076330106751777e-05,0.7597698830068111,0.054116006940603256,0.08564050905022078,0.0015768893825751245,0.0015893097816201036,6.817580675663034e-05,False,,5.0,5.0,1.45,4.45,True
33,native,confirmation-001,serial,0.05,-0.4661912627211833,0.049999999999999996,0.05,0.019569761234056238,0.20175064204588528,0.0296708260796468,0.0004207515081063573,0.025590224222723838,1.5241139310947368e-05,0.8296770788729191,0.04649577662348747,0.09410539914872759,0.0013216438671914824,0.0018731037409695703,0.000184331211056652,False,,5.0,5.0,1.45,4.45,True
33,native,confirmation-001,serial,0.1,-0.4661912627211833,0.1,0.10000000000000002,0.026519198256285445,0.233708358507288,0.03436546628203005,0.0005766216925257025,0.031570982040336475,6.1365679395949954e-06,0.9350560046732426,0.022519025951623917,0.1087612224182567,0.0012811355773161123,0.0030450101652663712,0.0004662001592695332,False,,5.0,5.0,1.45,4.45,True
33,native,confirmation-001,serial,0.2,-0.4661912627211833,0.19999999999999998,0.2,0.04711624375737075,0.29897836149550217,0.045672780757421684,0.0006994145802161771,0.05162055219113128,6.82287187807329e-05,1.2554226070642471,0.0609813816845417,0.13973199034363812,0.00205212374305281,0.0057598711237831605,0.0004424672551984011,False,,5.0,5.0,1.45,4.45,True
33,native,confirmation-001,fixed_cadence,0.0,-0.4661912627211833,0.05,0.0,0.016447991092926096,0.18452360371201554,0.02708857553468001,0.0005024325644920096,0.02307279591261962,2.0076330106751777e-05,0.7597698830068111,0.054116006940603256,0.08564050905022078,0.0015768893825751245,0.0015893097816201036,6.817580675663034e-05,False,,5.0,5.0,1.45,4.45,True
33,native,confirmation-001,fixed_cadence,0.05,-0.4661912627211833,0.049999999999999996,0.05,0.019569761234056238,0.20175064204588528,0.0296708260796468,0.0004207515081063573,0.025590224222723838,1.5241139310947368e-05,0.8296770788729191,0.04649577662348747,0.09410539914872759,0.0013216438671914824,0.0018731037409695703,0.000184331211056652,False,,5.0,5.0,1.45,4.45,True
33,native,confirmation-001,fixed_cadence,0.1,-0.4661912627211833,0.05,0.1,0.02344929869822927,0.22048650724663033,0.032309592636238,0.0005190423263872955,0.027399698126810722,6.733375042151935e-06,0.888452548533678,0.03942025825381279,0.1024786393631628,0.0009802124577126966,0.00221912411110247,0.00046279878884832525,False,,5.0,5.0,1.45,4.45,True
33,native,confirmation-001,fixed_cadence,0.2,-0.4661912627211833,0.049999999999999996,0.19999999999999998,0.03162763503040833,0.2602840209959964,0.03758358593260966,0.0005109504672471892,0.03294535052319113,4.250982414803067e-05,1.0640463791787624,0.06387589499354362,0.12166005529954149,0.001453395923408146,0.0020648943059438742,0.00044158540518717015,False,,5.0,5.0,1.45,4.45,True
33,native,confirmation-002,serial,0.0,0.458690969525116,0.05,0.0,0.016523724859113246,0.1848832800323587,0.026948924805806213,0.0005024325644920096,0.02290534220166609,2.0076330106751777e-05,0.7515249587595463,0.054116006940603256,0.08517305037387429,0.0015768893825751245,0.0019842618227960632,6.817580675663034e-05,False,,5.0,5.0,1.55,4.55,True
33,native,confirmation-002,serial,0.05,0.458690969525116,0.049999999999999996,0.05,0.019615035103241182,0.20185060378130248,0.029204580664947914,0.0004207515081063573,0.024580378187320145,1.5241139310947368e-05,0.8146814443171024,0.04649577662348747,0.09261117628608272,0.0013216438671914824,0.0020285418857374114,0.000184331211056652,False,,5.0,5.0,1.55,4.55,True
33,native,confirmation-002,serial,0.1,0.458690969525116,0.1,0.10000000000000002,0.026513155328477974,0.23340385692295784,0.033899718333287095,0.0005766216925257025,0.03010660793462023,6.1365679395949954e-06,0.9153069369494915,0.022519025951623917,0.10726850693311145,0.0012811355773161123,0.002638570038576056,0.0004662001592695332,False,,5.0,5.0,1.55,4.55,True
33,native,confirmation-002,serial,0.2,0.458690969525116,0.19999999999999998,0.2,0.04372347940191309,0.28914094227142595,0.04313968520796944,0.0006994145802161771,0.046359822235057455,6.82287187807329e-05,1.2707836739718914,0.0609813816845417,0.13200685700392167,0.00205212374305281,0.006302189791348569,0.0004424672551984011,False,,5.0,5.0,1.55,4.55,True
33,native,confirmation-002,fixed_cadence,0.0,0.458690969525116,0.05,0.0,0.016523724859113246,0.1848832800323587,0.026948924805806213,0.0005024325644920096,0.02290534220166609,2.0076330106751777e-05,0.7515249587595463,0.054116006940603256,0.08517305037387429,0.0015768893825751245,0.0019842618227960632,6.817580675663034e-05,False,,5.0,5.0,1.55,4.55,True
33,native,confirmation-002,fixed_cadence,0.05,0.458690969525116,0.049999999999999996,0.05,0.019615035103241182,0.20185060378130248,0.029204580664947914,0.0004207515081063573,0.024580378187320145,1.5241139310947368e-05,0.8146814443171024,0.04649577662348747,0.09261117628608272,0.0013216438671914824,0.0020285418857374114,0.000184331211056652,False,,5.0,5.0,1.55,4.55,True
33,native,confirmation-002,fixed_cadence,0.1,0.458690969525116,0.05,0.1,0.023444356595576667,0.22023433917393584,0.03196456837102095,0.0005190423263872955,0.026255284357974265,6.733375042151935e-06,0.873879324644804,0.03942025825381279,0.10134348558600455,0.0009802124577126966,0.002257562240034638,0.00046279878884832525,False,,5.0,5.0,1.55,4.55,True
33,native,confirmation-002,fixed_cadence,0.2,0.458690969525116,0.049999999999999996,0.19999999999999998,0.03146605291405817,0.2598448925089781,0.0366843373003959,0.0005109504672471892,0.03224861649634576,4.250982414803067e-05,1.0504273511469364,0.06387589499354362,0.11879872463349615,0.001453395923408146,0.002597065655194181,0.00044158540518717015,False,,5.0,5.0,1.55,4.55,True
33,native,confirmation-003,serial,0.0,0.30665192753936543,0.05,0.0,0.016482473997049187,0.18471189782431355,0.01798239510376771,0.0005024325644920096,0.01031622334763343,2.0076330106751777e-05,0.5209517292678356,0.054116006940603256,0.056863405306274366,0.0015768893825751245,0.0010635553175908027,6.817580675663034e-05,False,,5.0,5.0,1.25,4.25,True
33,native,confirmation-003,serial,0.05,0.30665192753936543,0.049999999999999996,0.05,0.019574067783528208,0.2017248386940827,0.019453525885511646,0.0004207515081063573,0.010900116213841316,1.5241139310947368e-05,0.5592052452266216,0.04649577662348747,0.06170358264639924,0.0013216438671914824,0.0009195405766918917,0.000184331211056652,False,,5.0,5.0,1.25,4.25,True
33,native,confirmation-003,serial,0.1,0.30665192753936543,0.1,0.10000000000000002,0.026479003613623292,0.23338312721877033,0.02269696054028593,0.0005766216925257025,0.013416129142922067,6.1365679395949954e-06,0.6187051720917225,0.022519025951623917,0.0718468934451046,0.0012811355773161123,0.0013961076491582573,0.0004662001592695332,False,,5.0,5.0,1.25,4.25,True
33,native,confirmation-003,serial,0.2,0.30665192753936543,0.19999999999999998,0.2,0.04700000451302989,0.2986649622824041,0.03013823918324026,0.0006994145802161771,0.022745548512151593,6.82287187807329e-05,0.8499427698552608,0.0609813816845417,0.09190925159614283,0.00205212374305281,0.004242921315357732,0.0004424672551984011,False,,5.0,5.0,1.25,4.25,True
33,native,confirmation-003,fixed_cadence,0.0,0.30665192753936543,0.05,0.0,0.016482473997049187,0.18471189782431355,0.01798239510376771,0.0005024325644920096,0.01031622334763343,2.0076330106751777e-05,0.5209517292678356,0.054116006940603256,0.056863405306274366,0.0015768893825751245,0.0010635553175908027,6.817580675663034e-05,False,,5.0,5.0,1.25,4.25,True
33,native,confirmation-003,fixed_cadence,0.05,0.30665192753936543,0.049999999999999996,0.05,0.019574067783528208,0.2017248386940827,0.019453525885511646,0.0004207515081063573,0.010900116213841316,1.5241139310947368e-05,0.5592052452266216,0.04649577662348747,0.06170358264639924,0.0013216438671914824,0.0009195405766918917,0.000184331211056652,False,,5.0,5.0,1.25,4.25,True
33,native,confirmation-003,fixed_cadence,0.1,0.30665192753936543,0.05,0.1,0.023414819730501323,0.22019606291233626,0.02139809023085277,0.0005190423263872955,0.011705825440575402,6.733375042151935e-06,0.5978387780487537,0.03942025825381279,0.0678630920619434,0.0009802124577126966,0.0007769872442132496,0.00046279878884832525,False,,5.0,5.0,1.25,4.25,True
33,native,confirmation-003,fixed_cadence,0.2,0.30665192753936543,0.049999999999999996,0.19999999999999998,0.031459912958259104,0.259877787332812,0.024562710389409274,0.0005109504672471892,0.014529479927810675,4.250982414803067e-05,0.7240815088152885,0.06387589499354362,0.07953464995786177,0.001453395923408146,0.0012759571251383236,0.00044158540518717015,False,,5.0,5.0,1.25,4.25,True
33,native,confirmation-004,serial,0.0,-0.38344029684153796,0.05,0.0,0.01643912040538778,0.18449315463333807,0.022256473841700826,0.0005024325644920096,0.01561157620251183,2.0076330106751777e-05,0.6338843144476414,0.054116006940603256,0.07037335057099077,0.0015768893825751245,0.001593324949744418,6.817580675663034e-05,False,,5.0,5.0,1.55,4.55,True
33,native,confirmation-004,serial,0.05,-0.38344029684153796,0.049999999999999996,0.05,0.0195568690329792,0.20170350492495454,0.024378062122761935,0.0004207515081063573,0.017305095321108098,1.5241139310947368e-05,0.6897068582475185,0.04649577662348747,0.07731712466399615,0.0013216438671914824,0.0017942598589609528,0.000184331211056652,False,,5.0,5.0,1.55,4.55,True
33,native,confirmation-004,serial,0.1,-0.38344029684153796,0.1,0.10000000000000002,0.026500387306826405,0.23364281037269852,0.02824656184151657,0.0005766216925257025,0.021382832993490256,6.1365679395949954e-06,0.772318784147501,0.022519025951623917,0.08937980305398023,0.0012811355773161123,0.002698887310962779,0.0004662001592695332,False,,5.0,5.0,1.55,4.55,True
33,native,confirmation-004,serial,0.2,-0.38344029684153796,0.19999999999999998,0.2,0.043737632372852796,0.2894521209419859,0.03630994852507223,0.0006994145802161771,0.03269513159549556,6.82287187807329e-05,1.075015440583229,0.0609813816845417,0.11160708931137212,0.00205212374305281,0.004644482734909931,0.0004424672551984011,False,,5.0,5.0,1.55,4.55,True
33,native,confirmation-004,fixed_cadence,0.0,-0.38344029684153796,0.05,0.0,0.01643912040538778,0.18449315463333807,0.022256473841700826,0.0005024325644920096,0.01561157620251183,2.0076330106751777e-05,0.6338843144476414,0.054116006940603256,0.07037335057099077,0.0015768893825751245,0.001593324949744418,6.817580675663034e-05,False,,5.0,5.0,1.55,4.55,True
33,native,confirmation-004,fixed_cadence,0.05,-0.38344029684153796,0.049999999999999996,0.05,0.0195568690329792,0.20170350492495454,0.024378062122761935,0.0004207515081063573,0.017305095321108098,1.5241139310947368e-05,0.6897068582475185,0.04649577662348747,0.07731712466399615,0.0013216438671914824,0.0017942598589609528,0.000184331211056652,False,,5.0,5.0,1.55,4.55,True
33,native,confirmation-004,fixed_cadence,0.1,-0.38344029684153796,0.05,0.1,0.023433650246045854,0.22042184854534982,0.02654780687972668,0.0005190423263872955,0.018556700296896624,6.733375042151935e-06,0.7372904755175114,0.03942025825381279,0.08419463600900078,0.0009802124577126966,0.0020986316963445737,0.00046279878884832525,False,,5.0,5.0,1.55,4.55,True
33,native,confirmation-004,fixed_cadence,0.2,-0.38344029684153796,0.049999999999999996,0.19999999999999998,0.03159882481634054,0.26022635921696763,0.03093957918580376,0.0005109504672471892,0.02235012320275993,4.250982414803067e-05,0.8865915611386299,0.06387589499354362,0.1001710534617433,0.001453395923408146,0.0023443787296683963,0.00044158540518717015,False,,5.0,5.0,1.55,4.55,True
33,native,confirmation-005,serial,0.0,-0.5284560864389926,0.05,0.0,0.016456396514117896,0.18455405991636165,0.030786594632346995,0.0005024325644920096,0.029704577495559065,2.0076330106751777e-05,0.8537433855235577,0.054116006940603256,0.09730757044083353,0.0015768893825751245,0.0016604899974227393,6.817580675663034e-05,False,,5.0,5.0,1.25,4.25,True
33,native,confirmation-005,serial,0.05,-0.5284560864389926,0.049999999999999996,0.05,0.0195812132003958,0.20179186460877346,0.033670100918940495,0.0004207515081063573,0.03294938803834271,1.5241139310947368e-05,0.935762207955122,0.04649577662348747,0.10679386701808825,0.0013216438671914824,0.002001867027766833,0.000184331211056652,False,,5.0,5.0,1.25,4.25,True
33,native,confirmation-005,serial,0.1,-0.5284560864389926,0.1,0.10000000000000002,0.026535028638849115,0.2337612233620689,0.03894043066037384,0.0005766216925257025,0.04051672941542655,6.1365679395949954e-06,1.057040262967348,0.022519025951623917,0.12326096495637197,0.0012811355773161123,0.003334661393540978,0.0004662001592695332,False,,5.0,5.0,1.25,4.25,True
33,native,confirmation-005,serial,0.2,-0.5284560864389926,0.19999999999999998,0.2,0.047152610488520354,0.29901569697420444,0.05158968451235531,0.0006994145802161771,0.0657046912800942,6.82287187807329e-05,1.4124687016010284,0.0609813816845417,0.15772552469290138,0.00205212374305281,0.006498713751283079,0.0004424672551984011,False,,5.0,5.0,1.25,4.25,True
33,native,confirmation-005,fixed_cadence,0.0,-0.5284560864389926,0.05,0.0,0.016456396514117896,0.18455405991636165,0.030786594632346995,0.0005024325644920096,0.029704577495559065,2.0076330106751777e-05,0.8537433855235577,0.054116006940603256,0.09730757044083353,0.0015768893825751245,0.0016604899974227393,6.817580675663034e-05,False,,5.0,5.0,1.25,4.25,True
33,native,confirmation-005,fixed_cadence,0.05,-0.5284560864389926,0.049999999999999996,0.05,0.0195812132003958,0.20179186460877346,0.033670100918940495,0.0004207515081063573,0.03294938803834271,1.5241139310947368e-05,0.935762207955122,0.04649577662348747,0.10679386701808825,0.0013216438671914824,0.002001867027766833,0.000184331211056652,False,,5.0,5.0,1.25,4.25,True
33,native,confirmation-005,fixed_cadence,0.1,-0.5284560864389926,0.05,0.1,0.023462551638550228,0.22053960878063542,0.036634364823467096,0.0005190423263872955,0.03518093757059474,6.733375042151935e-06,1.0022310726344585,0.03942025825381279,0.11620595362770497,0.0009802124577126966,0.0023649774602904922,0.00046279878884832525,False,,5.0,5.0,1.25,4.25,True
33,native,confirmation-005,fixed_cadence,0.2,-0.5284560864389926,0.049999999999999996,0.19999999999999998,0.03164796643739139,0.2603216178346891,0.04255431838001477,0.0005109504672471892,0.042153555691773,4.250982414803067e-05,1.1963136494159698,0.06387589499354362,0.13772591782879717,0.001453395923408146,0.0012776170337524216,0.00044158540518717015,False,,5.0,5.0,1.25,4.25,True
33,native,confirmation-006,serial,0.0,0.34010668192597016,0.05,0.0,0.01649063363556477,0.18474628858147027,0.019940723985831313,0.0005024325644920096,0.01266283706218915,2.0076330106751777e-05,0.571869108825922,0.054116006940603256,0.0630545930065759,0.0015768893825751245,0.001173712282779416,6.817580675663034e-05,False,,5.0,5.0,1.25,4.25,True
33,native,confirmation-006,serial,0.05,0.34010668192597016,0.049999999999999996,0.05,0.01958170272735993,0.20174803955234175,0.021584802449887093,0.0004207515081063573,0.013418396689114846,1.5241139310947368e-05,0.6154159270226955,0.04649577662348747,0.06846012834550756,0.0013216438671914824,0.0010366591797880006,0.000184331211056652,False,,5.0,5.0,1.25,4.25,True
33,native,confirmation-006,serial,0.1,0.34010668192597016,0.1,0.10000000000000002,0.02648514239484067,0.2333850306883748,0.02516624379027957,0.0005766216925257025,0.016515524139680167,6.1365679395949954e-06,0.684013869613409,0.022519025951623917,0.07965477735622307,0.0012811355773161123,0.0015811241235450656,0.0004662001592695332,False,,5.0,5.0,1.25,4.25,True
33,native,confirmation-006,serial,0.2,0.34010668192597016,0.19999999999999998,0.2,0.04701154367814026,0.29866010366789897,0.03341173880806257,0.0006994145802161771,0.027933653085622238,6.82287187807329e-05,0.9368780441582203,0.0609813816845417,0.10189936210592714,0.00205212374305281,0.004674633873472042,0.0004424672551984011,False,,5.0,5.0,1.25,4.25,True
33,native,confirmation-006,fixed_cadence,0.0,0.34010668192597016,0.05,0.0,0.01649063363556477,0.18474628858147027,0.019940723985831313,0.0005024325644920096,0.01266283706218915,2.0076330106751777e-05,0.571869108825922,0.054116006940603256,0.0630545930065759,0.0015768893825751245,0.001173712282779416,6.817580675663034e-05,False,,5.0,5.0,1.25,4.25,True
33,native,confirmation-006,fixed_cadence,0.05,0.34010668192597016,0.049999999999999996,0.05,0.01958170272735993,0.20174803955234175,0.021584802449887093,0.0004207515081063573,0.013418396689114846,1.5241139310947368e-05,0.6154159270226955,0.04649577662348747,0.06846012834550756,0.0013216438671914824,0.0010366591797880006,0.000184331211056652,False,,5.0,5.0,1.25,4.25,True
33,native,confirmation-006,fixed_cadence,0.1,0.34010668192597016,0.05,0.1,0.02342014090891094,0.2202016659737879,0.023723070236911684,0.0005190423263872955,0.01440690365837997,6.733375042151935e-06,0.6588859297335148,0.03942025825381279,0.07523160290221191,0.0009802124577126966,0.000896972250566038,0.00046279878884832525,False,,5.0,5.0,1.25,4.25,True
33,native,confirmation-006,fixed_cadence,0.2,0.34010668192597016,0.049999999999999996,0.19999999999999998,0.031459654576437276,0.2598678264419207,0.02724553973198759,0.0005109504672471892,0.017851850108473975,4.250982414803067e-05,0.7962899096310139,0.06387589499354362,0.08822540973806522,0.001453395923408146,0.0013735887939783928,0.00044158540518717015,False,,5.0,5.0,1.25,4.25,True
33,native,confirmation-007,serial,0.0,-0.373065528290342,0.05,0.0,0.016438092157798293,0.18449031877580974,0.021655204831842394,0.0005024325644920096,0.014742149510120539,2.0076330106751777e-05,0.6174256093800068,0.054116006940603256,0.06845872362118986,0.0015768893825751245,0.001192846387012389,6.817580675663034e-05,False,,5.0,5.0,1.4,4.4,True
33,native,confirmation-007,serial,0.05,-0.373065528290342,0.049999999999999996,0.05,0.01955573550696885,0.20169922590195216,0.023751829674415314,0.0004207515081063573,0.016445020438943025,1.5241139310947368e-05,0.6738734059035778,0.04649577662348747,0.0753322295030244,0.0013216438671914824,0.001480355068929567,0.000184331211056652,False,,5.0,5.0,1.4,4.4,True
33,native,confirmation-007,serial,0.1,-0.373065528290342,0.1,0.10000000000000002,0.025609236477582908,0.23013721852045,0.027021557083665115,0.0005766216925257025,0.020108250094073434,6.1365679395949954e-06,0.7668737135827541,0.022519025951623917,0.08565826860830321,0.0012811355773161123,0.0024775333686200326,0.0004662001592695332,False,,5.0,5.0,1.4,4.4,True
33,native,confirmation-007,serial,0.2,-0.373065528290342,0.19999999999999998,0.2,0.04341472990491767,0.2905849706517891,0.03505706479876448,0.0006994145802161771,0.03288867380218156,6.82287187807329e-05,1.078388262540102,0.0609813816845417,0.10857395220159535,0.00205212374305281,0.004438224330045768,0.0004424672551984011,False,,5.0,5.0,1.4,4.4,True
33,native,confirmation-007,fixed_cadence,0.0,-0.373065528290342,0.05,0.0,0.016438092157798293,0.18449031877580974,0.021655204831842394,0.0005024325644920096,0.014742149510120539,2.0076330106751777e-05,0.6174256093800068,0.054116006940603256,0.06845872362118986,0.0015768893825751245,0.001192846387012389,6.817580675663034e-05,False,,5.0,5.0,1.4,4.4,True
33,native,confirmation-007,fixed_cadence,0.05,-0.373065528290342,0.049999999999999996,0.05,0.01955573550696885,0.20169922590195216,0.023751829674415314,0.0004207515081063573,0.016445020438943025,1.5241139310947368e-05,0.6738734059035778,0.04649577662348747,0.0753322295030244,0.0013216438671914824,0.001480355068929567,0.000184331211056652,False,,5.0,5.0,1.4,4.4,True
33,native,confirmation-007,fixed_cadence,0.1,-0.373065528290342,0.05,0.1,0.023431924163308557,0.22041450058567025,0.025830225484336954,0.0005190423263872955,0.017591852707711728,6.733375042151935e-06,0.7198489643633366,0.03942025825381279,0.08191947583163474,0.0009802124577126966,0.0018051909309988064,0.00046279878884832525,False,,5.0,5.0,1.4,4.4,True
33,native,confirmation-007,fixed_cadence,0.2,-0.373065528290342,0.049999999999999996,0.19999999999999998,0.03159539419239028,0.26021883915348337,0.030067709672467156,0.0005109504672471892,0.021132072935314564,4.250982414803067e-05,0.8652239665389061,0.06387589499354362,0.0973576219689999,0.001453395923408146,0.0013945929755905721,0.00044158540518717015,False,,5.0,5.0,1.4,4.4,True
33,candidate_half,confirmation-000,serial,0.0,0.5244675785137001,0.05,0.0,0.015021200594275499,0.1793944798801366,0.0313593680012002,0.018833290004022094,0.04196822606147471,0.0031807002009059788,1.1794100143015385,0.32052652910351753,0.0799519473126197,0.030236927383005475,0.019521529366482673,0.017946395268142037,False,,5.0,5.0,1.45,4.45,True
33,candidate_half,confirmation-000,serial,0.05,0.5244675785137001,0.049999999999999996,0.05,0.01822288954715712,0.19734746319067833,0.03430400225089363,0.02101158176746584,0.04581279707576457,0.003576323870108004,1.2505904771387577,0.29757188633084297,0.0865682500237224,0.031761839672759994,0.022354396776854045,0.02054501011957336,False,,5.0,5.0,1.45,4.45,True
33,candidate_half,confirmation-000,serial,0.1,0.5244675785137001,0.1,0.10000000000000002,0.025430795167599697,0.22998309389752425,0.04057840651224871,0.02339548745225226,0.05777415141651281,0.004822766037137459,1.4791099540889263,0.35658879205584526,0.10294507475298302,0.03666098004121812,0.02602420347977037,0.022884240743926854,False,,5.0,5.0,1.45,4.45,True
33,candidate_half,confirmation-000,serial,0.2,0.5244675785137001,0.19999999999999998,0.2,0.047831605013998704,0.29667211498131596,0.055419311219018844,0.0283891134661485,0.09839168975113562,0.007840468422524102,1.99579406529665,0.44130751863121986,0.13607875026364,0.04580775926482145,0.03629390949973139,0.028234122444675984,False,,5.0,5.0,1.45,4.45,True
33,candidate_half,confirmation-000,fixed_cadence,0.0,0.5244675785137001,0.05,0.0,0.015021200594275499,0.1793944798801366,0.0313593680012002,0.018833290004022094,0.04196822606147471,0.0031807002009059788,1.1794100143015385,0.32052652910351753,0.0799519473126197,0.030236927383005475,0.019521529366482673,0.017946395268142037,False,,5.0,5.0,1.45,4.45,True
33,candidate_half,confirmation-000,fixed_cadence,0.05,0.5244675785137001,0.049999999999999996,0.05,0.01822288954715712,0.19734746319067833,0.03430400225089363,0.02101158176746584,0.04581279707576457,0.003576323870108004,1.2505904771387577,0.29757188633084297,0.0865682500237224,0.031761839672759994,0.022354396776854045,0.02054501011957336,False,,5.0,5.0,1.45,4.45,True
33,candidate_half,confirmation-000,fixed_cadence,0.1,0.5244675785137001,0.05,0.1,0.022132734525935248,0.2164631714176684,0.03758219090329548,0.02312052474148956,0.04963360239060942,0.00429132778896741,1.3657406158745289,0.3290875814855099,0.09436984925521621,0.034472702984206786,0.02484975349267629,0.02281759080758558,False,,5.0,5.0,1.45,4.45,True
33,candidate_half,confirmation-000,fixed_cadence,0.2,0.5244675785137001,0.049999999999999996,0.19999999999999998,0.030087863436281184,0.2572938721999538,0.04261927489429737,0.02750577243158334,0.059795720092232,0.006226522863138405,1.6004647687077522,0.37321800366044044,0.1089077220673223,0.03770437466621516,0.029239129841686765,0.027853615616193744,False,,5.0,5.0,1.45,4.45,True
33,candidate_half,confirmation-001,serial,0.0,-0.4661912627211833,0.05,0.0,0.014912802526403025,0.17885287926444132,0.03508734669876851,0.018833290004022094,0.02370771741005989,0.0031807002009059788,1.0324555821716785,0.32052652910351753,0.09751429077444947,0.030236927383005475,0.016606780405902855,0.017946395268142037,False,,5.0,5.0,1.45,4.45,True
33,candidate_half,confirmation-001,serial,0.05,-0.4661912627211833,0.049999999999999996,0.05,0.018151564876952294,0.19712568066236416,0.039075611081246464,0.02101158176746584,0.026329887480161674,0.003576323870108004,1.0922564379870892,0.29757188633084297,0.10883236610447453,0.031761839672759994,0.01900018947154379,0.02054501011957336,False,,5.0,5.0,1.45,4.45,True
33,candidate_half,confirmation-001,serial,0.1,-0.4661912627211833,0.1,0.10000000000000002,0.025451336725449244,0.2303145160435865,0.04456104479240434,0.02339548745225226,0.03343313578049528,0.004822766037137459,1.2842302583158016,0.35658879205584526,0.12504421665991824,0.03666098004121812,0.02030798549966973,0.022884240743926854,False,,5.0,5.0,1.45,4.45,True
33,candidate_half,confirmation-001,serial,0.2,-0.4661912627211833,0.19999999999999998,0.2,0.04793894362238754,0.29710414824221176,0.05734342796616959,0.0283891134661485,0.058102536902133725,0.007840468422524102,1.668386347591877,0.44130751863121986,0.1580235135218871,0.04580775926482145,0.022809445957782046,0.028234122444675984,False,,5.0,5.0,1.45,4.45,True
33,candidate_half,confirmation-001,fixed_cadence,0.0,-0.4661912627211833,0.05,0.0,0.014912802526403025,0.17885287926444132,0.03508734669876851,0.018833290004022094,0.02370771741005989,0.0031807002009059788,1.0324555821716785,0.32052652910351753,0.09751429077444947,0.030236927383005475,0.016606780405902855,0.017946395268142037,False,,5.0,5.0,1.45,4.45,True
33,candidate_half,confirmation-001,fixed_cadence,0.05,-0.4661912627211833,0.049999999999999996,0.05,0.018151564876952294,0.19712568066236416,0.039075611081246464,0.02101158176746584,0.026329887480161674,0.003576323870108004,1.0922564379870892,0.29757188633084297,0.10883236610447453,0.031761839672759994,0.01900018947154379,0.02054501011957336,False,,5.0,5.0,1.45,4.45,True
33,candidate_half,confirmation-001,fixed_cadence,0.1,-0.4661912627211833,0.05,0.1,0.022137220442772443,0.2167389380127086,0.04316137809858905,0.02312052474148956,0.028889244710217258,0.00429132778896741,1.1940746568143368,0.3290875814855099,0.12019986528859719,0.034472702984206786,0.02108148744735157,0.02281759080758558,False,,5.0,5.0,1.45,4.45,True
33,candidate_half,confirmation-001,fixed_cadence,0.2,-0.4661912627211833,0.049999999999999996,0.19999999999999998,0.030307564355207955,0.2578440810660882,0.05167863730766231,0.02750577243158334,0.03791086766582938,0.006226522863138405,1.4201056584715843,0.37321800366044044,0.1462392297891837,0.03770437466621516,0.026700297256379096,0.027853615616193744,False,,5.0,5.0,1.45,4.45,True
33,candidate_half,confirmation-002,serial,0.0,0.458690969525116,0.05,0.0,0.014997515022203636,0.17928463315600096,0.02834307242599148,0.018833290004022094,0.03301622179596598,0.0031807002009059788,1.0671226866543293,0.32052652910351753,0.06766033496336298,0.030236927383005475,0.01920765344275259,0.017946395268142037,False,,5.0,5.0,1.55,4.55,True
33,candidate_half,confirmation-002,serial,0.05,0.458690969525116,0.049999999999999996,0.05,0.01819929326915903,0.19726661054154324,0.03112364266873618,0.02101158176746584,0.03622596990287064,0.003576323870108004,1.1285853944718838,0.29757188633084297,0.07340717474074482,0.031761839672759994,0.022007314912701945,0.02054501011957336,False,,5.0,5.0,1.55,4.55,True
33,candidate_half,confirmation-002,serial,0.1,0.458690969525116,0.1,0.10000000000000002,0.025411212450099863,0.2299661609340576,0.03670466003835088,0.02339548745225226,0.04555651199097253,0.004822766037137459,1.3313529454171658,0.35658879205584526,0.0875239696047423,0.03666098004121812,0.02567530631453956,0.022884240743926854,False,,5.0,5.0,1.55,4.55,True
33,candidate_half,confirmation-002,serial,0.2,0.458690969525116,0.19999999999999998,0.2,0.04436721862375334,0.286887959385044,0.04860616150052698,0.0283891134661485,0.07278283923988424,0.007840468422524102,1.7949744686484337,0.44130751863121986,0.11138802664325403,0.04580775926482145,0.0355173175510509,0.028234122444675984,False,,5.0,5.0,1.55,4.55,True
33,candidate_half,confirmation-002,fixed_cadence,0.0,0.458690969525116,0.05,0.0,0.014997515022203636,0.17928463315600096,0.02834307242599148,0.018833290004022094,0.03301622179596598,0.0031807002009059788,1.0671226866543293,0.32052652910351753,0.06766033496336298,0.030236927383005475,0.01920765344275259,0.017946395268142037,False,,5.0,5.0,1.55,4.55,True
33,candidate_half,confirmation-002,fixed_cadence,0.05,0.458690969525116,0.049999999999999996,0.05,0.01819929326915903,0.19726661054154324,0.03112364266873618,0.02101158176746584,0.03622596990287064,0.003576323870108004,1.1285853944718838,0.29757188633084297,0.07340717474074482,0.031761839672759994,0.022007314912701945,0.02054501011957336,False,,5.0,5.0,1.55,4.55,True
33,candidate_half,confirmation-002,fixed_cadence,0.1,0.458690969525116,0.05,0.1,0.022115859677126135,0.21643808243498697,0.034171416726407784,0.02312052474148956,0.03943408483922919,0.00429132778896741,1.2342174164950848,0.3290875814855099,0.08022506526533556,0.034472702984206786,0.024408834389646902,0.02281759080758558,False,,5.0,5.0,1.55,4.55,True
33,candidate_half,confirmation-002,fixed_cadence,0.2,0.458690969525116,0.049999999999999996,0.19999999999999998,0.03007809172319259,0.2573069495514405,0.03891055202130973,0.02750577243158334,0.04787517177169605,0.006226522863138405,1.446384247392416,0.37321800366044044,0.09267488142148171,0.03770437466621516,0.02863603130965416,0.027853615616193744,False,,5.0,5.0,1.55,4.55,True
33,candidate_half,confirmation-003,serial,0.0,0.30665192753936543,0.05,0.0,0.01496366778027938,0.17913560810130333,0.022464273319695385,0.018833290004022094,0.018034750341863175,0.0031807002009059788,0.8189602009952068,0.32052652910351753,0.04028001634011887,0.030236927383005475,0.018679351892373925,0.017946395268142037,False,,5.0,5.0,1.25,4.25,True
33,candidate_half,confirmation-003,serial,0.05,0.30665192753936543,0.049999999999999996,0.05,0.018166085392472584,0.19715667685652774,0.024498312705910782,0.02101158176746584,0.019456974383538963,0.003576323870108004,0.8469621650874615,0.29757188633084297,0.04225628446879515,0.031761839672759994,0.02137445358062342,0.02054501011957336,False,,5.0,5.0,1.25,4.25,True
33,candidate_half,confirmation-003,serial,0.1,0.30665192753936543,0.1,0.10000000000000002,0.025383807310230468,0.22994222477957385,0.02847327333298837,0.02339548745225226,0.024842302477273114,0.004822766037137459,1.0112284310162067,0.35658879205584526,0.05124933278443036,0.03666098004121812,0.02405528993266594,0.022884240743926854,False,,5.0,5.0,1.25,4.25,True
33,candidate_half,confirmation-003,serial,0.2,0.30665192753936543,0.19999999999999998,0.2,0.04770090448864182,0.2966845367565863,0.037496778799553744,0.0283891134661485,0.04204441888310595,0.007840468422524102,1.332717388868332,0.44130751863121986,0.07340357039642814,0.04580775926482145,0.030628042718935027,0.028234122444675984,False,,5.0,5.0,1.25,4.25,True
33,candidate_half,confirmation-003,fixed_cadence,0.0,0.30665192753936543,0.05,0.0,0.01496366778027938,0.17913560810130333,0.022464273319695385,0.018833290004022094,0.018034750341863175,0.0031807002009059788,0.8189602009952068,0.32052652910351753,0.04028001634011887,0.030236927383005475,0.018679351892373925,0.017946395268142037,False,,5.0,5.0,1.25,4.25,True
33,candidate_half,confirmation-003,fixed_cadence,0.05,0.30665192753936543,0.049999999999999996,0.05,0.018166085392472584,0.19715667685652774,0.024498312705910782,0.02101158176746584,0.019456974383538963,0.003576323870108004,0.8469621650874615,0.29757188633084297,0.04225628446879515,0.031761839672759994,0.02137445358062342,0.02054501011957336,False,,5.0,5.0,1.25,4.25,True
33,candidate_half,confirmation-003,fixed_cadence,0.1,0.30665192753936543,0.05,0.1,0.022090593442131285,0.21639782392945242,0.026699587212064675,0.02312052474148956,0.021149327677361416,0.00429132778896741,0.9247188083827496,0.3290875814855099,0.045283190468281394,0.034472702984206786,0.023803720092604775,0.02281759080758558,False,,5.0,5.0,1.25,4.25,True
33,candidate_half,confirmation-003,fixed_cadence,0.2,0.30665192753936543,0.049999999999999996,0.19999999999999998,0.030076857660774187,0.2573458713864822,0.030325877247694602,0.02750577243158334,0.02553396033893972,0.006226522863138405,1.0784464702010155,0.37321800366044044,0.050208453123528764,0.03770437466621516,0.028798281170568263,0.027853615616193744,False,,5.0,5.0,1.25,4.25,True
33,candidate_half,confirmation-004,serial,0.0,-0.38344029684153796,0.05,0.0,0.014906745051658359,0.17882988611457024,0.0313411697978767,0.018833290004022094,0.016713296743315773,0.0031807002009059788,0.9067313931882381,0.32052652910351753,0.08317884343699093,0.030236927383005475,0.016954997254130588,0.017946395268142037,False,,5.0,5.0,1.55,4.55,True
33,candidate_half,confirmation-004,serial,0.05,-0.38344029684153796,0.049999999999999996,0.05,0.018140318274975743,0.19708318177985892,0.034865009814840114,0.02101158176746584,0.018467629133742447,0.003576323870108004,0.9510212950408459,0.29757188633084297,0.09264687182763301,0.031761839672759994,0.019388359585246658,0.02054501011957336,False,,5.0,5.0,1.55,4.55,True
33,candidate_half,confirmation-004,serial,0.1,-0.38344029684153796,0.1,0.10000000000000002,0.02543090780542508,0.23025308922083645,0.039575583202901166,0.02339548745225226,0.02372795057703873,0.004822766037137459,1.1215459369122982,0.35658879205584526,0.10628762817653956,0.03666098004121812,0.02068584572073951,0.022884240743926854,False,,5.0,5.0,1.55,4.55,True
33,candidate_half,confirmation-004,serial,0.2,-0.38344029684153796,0.19999999999999998,0.2,0.044456920265818684,0.2872303650651197,0.04922068981270797,0.0283891134661485,0.03852419572199547,0.007840468422524102,1.4687108062207699,0.44130751863121986,0.13041772362891024,0.04580775926482145,0.023003697337487177,0.028234122444675984,False,,5.0,5.0,1.55,4.55,True
33,candidate_half,confirmation-004,fixed_cadence,0.0,-0.38344029684153796,0.05,0.0,0.014906745051658359,0.17882988611457024,0.0313411697978767,0.018833290004022094,0.016713296743315773,0.0031807002009059788,0.9067313931882381,0.32052652910351753,0.08317884343699093,0.030236927383005475,0.016954997254130588,0.017946395268142037,False,,5.0,5.0,1.55,4.55,True
33,candidate_half,confirmation-004,fixed_cadence,0.05,-0.38344029684153796,0.049999999999999996,0.05,0.018140318274975743,0.19708318177985892,0.034865009814840114,0.02101158176746584,0.018467629133742447,0.003576323870108004,0.9510212950408459,0.29757188633084297,0.09264687182763301,0.031761839672759994,0.019388359585246658,0.02054501011957336,False,,5.0,5.0,1.55,4.55,True
33,candidate_half,confirmation-004,fixed_cadence,0.1,-0.38344029684153796,0.05,0.1,0.022120872037998618,0.21667418634627578,0.03845236108205684,0.02312052474148956,0.02032545194776015,0.00429132778896741,1.0394171811640263,0.3290875814855099,0.10213474293944028,0.034472702984206786,0.021573437030170218,0.02281759080758558,False,,5.0,5.0,1.55,4.55,True
33,candidate_half,confirmation-004,fixed_cadence,0.2,-0.38344029684153796,0.049999999999999996,0.19999999999999998,0.030266605819446152,0.2577741045929744,0.046029618930022435,0.02750577243158334,0.02693647381600398,0.006226522863138405,1.2320270203053951,0.37321800366044044,0.12419047191701041,0.03770437466621516,0.02732700983552603,0.027853615616193744,False,,5.0,5.0,1.55,4.55,True
33,candidate_half,confirmation-005,serial,0.0,-0.5284560864389926,0.05,0.0,0.014919311509298781,0.17888273178854838,0.03827716034519464,0.018833290004022094,0.03017719161357792,0.0031807002009059788,1.114682387560606,0.32052652910351753,0.10927297214893089,0.030236927383005475,0.016768486598629073,0.017946395268142037,False,,5.0,5.0,1.25,4.25,True
33,candidate_half,confirmation-005,serial,0.05,-0.5284560864389926,0.049999999999999996,0.05,0.01816443073475412,0.19717455800641542,0.04275798114886318,0.02101158176746584,0.03390170272356049,0.003576323870108004,1.18953512981534,0.29757188633084297,0.12254635876339436,0.031761839672759994,0.019211496471778236,0.02054501011957336,False,,5.0,5.0,1.25,4.25,True
33,candidate_half,confirmation-005,serial,0.1,-0.5284560864389926,0.1,0.10000000000000002,0.025470037802087016,0.23036581729056937,0.04901311142482328,0.02339548745225226,0.04275393080129655,0.004822766037137459,1.3948515243828297,0.35658879205584526,0.14123362817084917,0.03666098004121812,0.02119816915419439,0.022884240743926854,False,,5.0,5.0,1.25,4.25,True
33,candidate_half,confirmation-005,serial,0.2,-0.5284560864389926,0.19999999999999998,0.2,0.04799253958118257,0.29715901191030436,0.06379919330794456,0.0283891134661485,0.07378873815347167,0.007840468422524102,1.8422846868634224,0.44130751863121986,0.17921944637716405,0.04580775926482145,0.026358266868696884,0.028234122444675984,False,,5.0,5.0,1.25,4.25,True
33,candidate_half,confirmation-005,fixed_cadence,0.0,-0.5284560864389926,0.05,0.0,0.014919311509298781,0.17888273178854838,0.03827716034519464,0.018833290004022094,0.03017719161357792,0.0031807002009059788,1.114682387560606,0.32052652910351753,0.10927297214893089,0.030236927383005475,0.016768486598629073,0.017946395268142037,False,,5.0,5.0,1.25,4.25,True
33,candidate_half,confirmation-005,fixed_cadence,0.05,-0.5284560864389926,0.049999999999999996,0.05,0.01816443073475412,0.19717455800641542,0.04275798114886318,0.02101158176746584,0.03390170272356049,0.003576323870108004,1.18953512981534,0.29757188633084297,0.12254635876339436,0.031761839672759994,0.019211496471778236,0.02054501011957336,False,,5.0,5.0,1.25,4.25,True
33,candidate_half,confirmation-005,fixed_cadence,0.1,-0.5284560864389926,0.05,0.1,0.022153338753355283,0.21679614555877844,0.0473552712473143,0.02312052474148956,0.03733459483441298,0.00429132778896741,1.3030713610351086,0.3290875814855099,0.1358755272788495,0.034472702984206786,0.021219239133738008,0.02281759080758558,False,,5.0,5.0,1.25,4.25,True
33,candidate_half,confirmation-005,fixed_cadence,0.2,-0.5284560864389926,0.049999999999999996,0.19999999999999998,0.030340225175939376,0.2578979046428387,0.05665247539763967,0.02750577243158334,0.0485798700192233,0.006226522863138405,1.5528662130236626,0.37321800366044044,0.16515225399676728,0.03770437466621516,0.02624240517206674,0.027853615616193744,False,,5.0,5.0,1.25,4.25,True
33,candidate_half,confirmation-006,serial,0.0,0.34010668192597016,0.05,0.0,0.014971785873963186,0.17917319088286404,0.023590584416948224,0.018833290004022094,0.021009448275785804,0.0031807002009059788,0.8736061491072178,0.32052652910351753,0.04627993751098932,0.030236927383005475,0.018761618081248176,0.017946395268142037,False,,5.0,5.0,1.25,4.25,True
33,candidate_half,confirmation-006,serial,0.05,0.34010668192597016,0.049999999999999996,0.05,0.018173561750142026,0.19718176834778178,0.025698510749881994,0.02101158176746584,0.02267121689553763,0.003576323870108004,0.9077397547662258,0.29757188633084297,0.048851582377236344,0.031761839672759994,0.021467608223637052,0.02054501011957336,False,,5.0,5.0,1.25,4.25,True
33,candidate_half,confirmation-006,serial,0.1,0.34010668192597016,0.1,0.10000000000000002,0.025389058500115837,0.22994281756886634,0.029982359102039516,0.02339548745225226,0.02888364076867735,0.004822766037137459,1.0830598883330822,0.35658879205584526,0.0589339738491918,0.03666098004121812,0.024191287523631824,0.022884240743926854,False,,5.0,5.0,1.25,4.25,True
33,candidate_half,confirmation-006,serial,0.2,0.34010668192597016,0.19999999999999998,0.2,0.04771419023232486,0.29667866752653077,0.03977733439634229,0.0283891134661485,0.04900196684839494,0.007840468422524102,1.432486567646265,0.44130751863121986,0.07906073033923972,0.04580775926482145,0.030941945187421147,0.028234122444675984,False,,5.0,5.0,1.25,4.25,True
33,candidate_half,confirmation-006,fixed_cadence,0.0,0.34010668192597016,0.05,0.0,0.014971785873963186,0.17917319088286404,0.023590584416948224,0.018833290004022094,0.021009448275785804,0.0031807002009059788,0.8736061491072178,0.32052652910351753,0.04627993751098932,0.030236927383005475,0.018761618081248176,0.017946395268142037,False,,5.0,5.0,1.25,4.25,True
33,candidate_half,confirmation-006,fixed_cadence,0.05,0.34010668192597016,0.049999999999999996,0.05,0.018173561750142026,0.19718176834778178,0.025698510749881994,0.02101158176746584,0.02267121689553763,0.003576323870108004,0.9077397547662258,0.29757188633084297,0.048851582377236344,0.031761839672759994,0.021467608223637052,0.02054501011957336,False,,5.0,5.0,1.25,4.25,True
33,candidate_half,confirmation-006,fixed_cadence,0.1,0.34010668192597016,0.05,0.1,0.02209528179854957,0.2164017202554934,0.028004475653614875,0.02312052474148956,0.024582759521505793,0.00429132778896741,0.990754459053278,0.3290875814855099,0.052503975456732,0.034472702984206786,0.023914008716103552,0.02281759080758558,False,,5.0,5.0,1.25,4.25,True
33,candidate_half,confirmation-006,fixed_cadence,0.2,0.34010668192597016,0.049999999999999996,0.19999999999999998,0.030076067576324958,0.2573335235247929,0.031741721916041105,0.02750577243158334,0.029601727417308474,0.006226522863138405,1.1569341272115707,0.37321800366044044,0.05880723117882563,0.03770437466621516,0.02890229100551768,0.027853615616193744,False,,5.0,5.0,1.25,4.25,True
33,candidate_half,confirmation-007,serial,0.0,-0.373065528290342,0.05,0.0,0.014906117230006654,0.17883176638893444,0.03078813976749105,0.018833290004022094,0.015336965220223864,0.0031807002009059788,0.8736242912709713,0.32052652910351753,0.0807738683905901,0.030236927383005475,0.016881527796188553,0.017946395268142037,False,,5.0,5.0,1.4,4.4,True
33,candidate_half,confirmation-007,serial,0.05,-0.373065528290342,0.049999999999999996,0.05,0.01813939125629554,0.19708077231354962,0.034371677871355096,0.02101158176746584,0.017173238020381558,0.003576323870108004,0.9181053750216961,0.29757188633084297,0.09057441814536653,0.031761839672759994,0.01932297901492597,0.02054501011957336,False,,5.0,5.0,1.4,4.4,True
33,candidate_half,confirmation-007,serial,0.1,-0.373065528290342,0.1,0.10000000000000002,0.024555498291569538,0.2266512116049768,0.03859645483054723,0.02339548745225226,0.021592561253609387,0.004822766037137459,1.0820459015667439,0.35658879205584526,0.10237209696524122,0.03666098004121812,0.02098733716037841,0.022884240743926854,False,,5.0,5.0,1.4,4.4,True
33,candidate_half,confirmation-007,serial,0.2,-0.373065528290342,0.19999999999999998,0.2,0.04419385545994457,0.2885942004821475,0.04837155348553954,0.0283891134661485,0.03726878000592466,0.007840468422524102,1.4188574627041817,0.44130751863121986,0.1273487445830454,0.04580775926482145,0.02462361704475955,0.028234122444675984,False,,5.0,5.0,1.4,4.4,True
33,candidate_half,confirmation-007,fixed_cadence,0.0,-0.373065528290342,0.05,0.0,0.014906117230006654,0.17883176638893444,0.03078813976749105,0.018833290004022094,0.015336965220223864,0.0031807002009059788,0.8736242912709713,0.32052652910351753,0.0807738683905901,0.030236927383005475,0.016881527796188553,0.017946395268142037,False,,5.0,5.0,1.4,4.4,True
33,candidate_half,confirmation-007,fixed_cadence,0.05,-0.373065528290342,0.049999999999999996,0.05,0.01813939125629554,0.19708077231354962,0.034371677871355096,0.02101158176746584,0.017173238020381558,0.003576323870108004,0.9181053750216961,0.29757188633084297,0.09057441814536653,0.031761839672759994,0.01932297901492597,0.02054501011957336,False,,5.0,5.0,1.4,4.4,True
33,candidate_half,confirmation-007,fixed_cadence,0.1,-0.373065528290342,0.05,0.1,0.02211793654930327,0.21665836082167284,0.037991354136266434,0.02312052474148956,0.01905791419753592,0.00429132778896741,1.0064091347157955,0.3290875814855099,0.10028247870379442,0.034472702984206786,0.021421165063187166,0.02281759080758558,False,,5.0,5.0,1.4,4.4,True
33,candidate_half,confirmation-007,fixed_cadence,0.2,-0.373065528290342,0.049999999999999996,0.19999999999999998,0.030261986988068385,0.25776498776938456,0.045626385686548004,0.02750577243158334,0.02574718061453044,0.006226522863138405,1.2027128040790558,0.37321800366044044,0.12274157574352895,0.03770437466621516,0.026802524969023543,0.027853615616193744,False,,5.0,5.0,1.4,4.4,True
33,candidate_stronger,confirmation-000,serial,0.0,0.5244675785137001,0.05,0.0,0.018276417597263696,0.1907317655276222,0.042193218387329576,0.02032172167210234,0.024814963810723324,0.0031871532661601454,0.9760151617228985,0.2696843631565571,0.1171565077874922,0.029434009848105652,0.01951074229514821,0.019763945968406076,False,,5.0,5.0,1.45,4.45,True
33,candidate_stronger,confirmation-000,serial,0.05,0.5244675785137001,0.049999999999999996,0.05,0.021272072253712703,0.2067047671438217,0.046760731117394434,0.02375411585845037,0.027283623716466476,0.004374028295565432,1.0915237106382847,0.32007789239287376,0.12831708968628355,0.03559102966337893,0.022775197798452617,0.023007035337388834,False,,5.0,5.0,1.45,4.45,True
33,candidate_stronger,confirmation-000,serial,0.1,0.5244675785137001,0.1,0.10000000000000002,0.027919499046474876,0.23710989641617164,0.05290475738585194,0.026857045382009875,0.033398037499142504,0.00560852137526182,1.216921377927065,0.34378303214907646,0.14643186145736656,0.041341658492543426,0.025026724755343486,0.02608096988897231,False,,5.0,5.0,1.45,4.45,True
33,candidate_stronger,confirmation-000,serial,0.2,0.5244675785137001,0.19999999999999998,0.2,0.04711647217924748,0.30087319836931764,0.06494468934910638,0.03008714213975495,0.053336668915772975,0.006758437543766537,1.4554041624069214,0.34431518986821175,0.18245094113957216,0.047331118424045325,0.026613827543003177,0.02967087266755207,False,,5.0,5.0,1.45,4.45,True
33,candidate_stronger,confirmation-000,fixed_cadence,0.0,0.5244675785137001,0.05,0.0,0.018276417597263696,0.1907317655276222,0.042193218387329576,0.02032172167210234,0.024814963810723324,0.0031871532661601454,0.9760151617228985,0.2696843631565571,0.1171565077874922,0.029434009848105652,0.01951074229514821,0.019763945968406076,False,,5.0,5.0,1.45,4.45,True
33,candidate_stronger,confirmation-000,fixed_cadence,0.05,0.5244675785137001,0.049999999999999996,0.05,0.021272072253712703,0.2067047671438217,0.046760731117394434,0.02375411585845037,0.027283623716466476,0.004374028295565432,1.0915237106382847,0.32007789239287376,0.12831708968628355,0.03559102966337893,0.022775197798452617,0.023007035337388834,False,,5.0,5.0,1.45,4.45,True
33,candidate_stronger,confirmation-000,fixed_cadence,0.1,0.5244675785137001,0.05,0.1,0.025041967947537467,0.22431392888773544,0.05158366765687203,0.026507815216127033,0.02976300177720596,0.005137893743102417,1.1598501354455948,0.3204808197915554,0.1413323550541542,0.03866991780270185,0.026027565774485513,0.026031648290705176,False,,5.0,5.0,1.45,4.45,True
33,candidate_stronger,confirmation-000,fixed_cadence,0.2,0.5244675785137001,0.049999999999999996,0.19999999999999998,0.03317641763740473,0.26261535923508494,0.05960066021424021,0.029268781305996708,0.037877921381111485,0.005717390110928649,1.3198718056082726,0.3085440583527088,0.167992730437591,0.040117384875941714,0.03088084360884074,0.02955964987796438,False,,5.0,5.0,1.45,4.45,True
33,candidate_stronger,confirmation-001,serial,0.0,-0.4661912627211833,0.05,0.0,0.018191155073215715,0.1903515905448725,0.03056544496852351,0.02032172167210234,0.02854329589084053,0.0031871532661601454,0.9312336333096027,0.2696843631565571,0.07161636778152239,0.029434009848105652,0.020195936538186954,0.019763945968406076,False,,5.0,5.0,1.45,4.45,True
33,candidate_stronger,confirmation-001,serial,0.05,-0.4661912627211833,0.049999999999999996,0.05,0.02121062194450435,0.20656537071832798,0.033794009139145965,0.02375411585845037,0.03227319957827629,0.004374028295565432,1.0453560017049313,0.32007789239287376,0.07642242048464333,0.03559102966337893,0.02339638117569594,0.023007035337388834,False,,5.0,5.0,1.45,4.45,True
33,candidate_stronger,confirmation-001,serial,0.1,-0.4661912627211833,0.1,0.10000000000000002,0.02787867599650654,0.237334621120322,0.03888342632288335,0.026857045382009875,0.0391906631448504,0.00560852137526182,1.1718486808240414,0.34378303214907646,0.08864895654203693,0.041341658492543426,0.0272098107562945,0.02608096988897231,False,,5.0,5.0,1.45,4.45,True
33,candidate_stronger,confirmation-001,serial,0.2,-0.4661912627211833,0.19999999999999998,0.2,0.047005253424544195,0.30111262750211154,0.04862654057319111,0.03008714213975495,0.057461407513929155,0.006758437543766537,1.3940062560141087,0.34431518986821175,0.11582525539590433,0.047331118424045325,0.03265181013946932,0.02967087266755207,False,,5.0,5.0,1.45,4.45,True
33,candidate_stronger,confirmation-001,fixed_cadence,0.0,-0.4661912627211833,0.05,0.0,0.018191155073215715,0.1903515905448725,0.03056544496852351,0.02032172167210234,0.02854329589084053,0.0031871532661601454,0.9312336333096027,0.2696843631565571,0.07161636778152239,0.029434009848105652,0.020195936538186954,0.019763945968406076,False,,5.0,5.0,1.45,4.45,True
33,candidate_stronger,confirmation-001,fixed_cadence,0.05,-0.4661912627211833,0.049999999999999996,0.05,0.02121062194450435,0.20656537071832798,0.033794009139145965,0.02375411585845037,0.03227319957827629,0.004374028295565432,1.0453560017049313,0.32007789239287376,0.07642242048464333,0.03559102966337893,0.02339638117569594,0.023007035337388834,False,,5.0,5.0,1.45,4.45,True
33,candidate_stronger,confirmation-001,fixed_cadence,0.1,-0.4661912627211833,0.05,0.1,0.02502086233371091,0.22447677377876235,0.036507500912014185,0.026507815216127033,0.03463223307516689,0.005137893743102417,1.1016362719237804,0.3204808197915554,0.08102932367510812,0.03866991780270185,0.026227541953517456,0.026031648290705176,False,,5.0,5.0,1.45,4.45,True
33,candidate_stronger,confirmation-001,fixed_cadence,0.2,-0.4661912627211833,0.049999999999999996,0.19999999999999998,0.03329568275278734,0.2629316737414092,0.0398086967077226,0.029268781305996708,0.039151588415390286,0.005717390110928649,1.2253317423164845,0.3085440583527088,0.09245734468040531,0.040117384875941714,0.02858638520923545,0.02955964987796438,False,,5.0,5.0,1.45,4.45,True
33,candidate_stronger,confirmation-002,serial,0.0,0.458690969525116,0.05,0.0,0.01825429453036544,0.19065072255038762,0.03862972948382746,0.02032172167210234,0.019305760240593058,0.0031871532661601454,0.8873421140015125,0.2696843631565571,0.10445371386866063,0.029434009848105652,0.02027043745163341,0.019763945968406076,False,,5.0,5.0,1.55,4.55,True
33,candidate_stronger,confirmation-002,serial,0.05,0.458690969525116,0.049999999999999996,0.05,0.021250387095410966,0.20664530764586803,0.04293282305875429,0.02375411585845037,0.021388971368563523,0.004374028295565432,0.9947152994573116,0.32007789239287376,0.11433765077272406,0.03559102966337893,0.0235407657579816,0.023007035337388834,False,,5.0,5.0,1.55,4.55,True
33,candidate_stronger,confirmation-002,serial,0.1,0.458690969525116,0.1,0.10000000000000002,0.027899531178259263,0.23709485381966816,0.048504534186343984,0.026857045382009875,0.02631955046345172,0.00560852137526182,1.108603235334158,0.34378303214907646,0.13029441681272125,0.041341658492543426,0.02600367220590115,0.02608096988897231,False,,5.0,5.0,1.55,4.55,True
33,candidate_stronger,confirmation-002,serial,0.2,0.458690969525116,0.19999999999999998,0.2,0.04378547260749348,0.2915928584862703,0.05757733972789591,0.03008714213975495,0.038618819787142246,0.006758437543766537,1.3462105765938759,0.34431518986821175,0.1574332090626475,0.047331118424045325,0.02801306317337133,0.02967087266755207,False,,5.0,5.0,1.55,4.55,True
33,candidate_stronger,confirmation-002,fixed_cadence,0.0,0.458690969525116,0.05,0.0,0.01825429453036544,0.19065072255038762,0.03862972948382746,0.02032172167210234,0.019305760240593058,0.0031871532661601454,0.8873421140015125,0.2696843631565571,0.10445371386866063,0.029434009848105652,0.02027043745163341,0.019763945968406076,False,,5.0,5.0,1.55,4.55,True
33,candidate_stronger,confirmation-002,fixed_cadence,0.05,0.458690969525116,0.049999999999999996,0.05,0.021250387095410966,0.20664530764586803,0.04293282305875429,0.02375411585845037,0.021388971368563523,0.004374028295565432,0.9947152994573116,0.32007789239287376,0.11433765077272406,0.03559102966337893,0.0235407657579816,0.023007035337388834,False,,5.0,5.0,1.55,4.55,True
33,candidate_stronger,confirmation-002,fixed_cadence,0.1,0.458690969525116,0.05,0.1,0.025024631669118846,0.2242862365494543,0.0473730600011564,0.026507815216127033,0.023335484157231332,0.005137893743102417,1.0537970811128616,0.3204808197915554,0.12580605327701588,0.03866991780270185,0.026821811466504242,0.026031648290705176,False,,5.0,5.0,1.55,4.55,True
33,candidate_stronger,confirmation-002,fixed_cadence,0.2,0.458690969525116,0.049999999999999996,0.19999999999999998,0.033174935490078876,0.26263259719757504,0.054578559466420005,0.029268781305996708,0.029553240328153207,0.005717390110928649,1.1917365342378616,0.3085440583527088,0.1494188850094816,0.040117384875941714,0.0315152171975566,0.02955964987796438,False,,5.0,5.0,1.55,4.55,True
33,candidate_stronger,confirmation-003,serial,0.0,0.30665192753936543,0.05,0.0,0.01821090140606755,0.19047713359568166,0.031247459892346653,0.02032172167210234,0.009587544352157498,0.0031871532661601454,0.6617075391113758,0.2696843631565571,0.07701912065416486,0.029434009848105652,0.019013777603833274,0.019763945968406076,False,,5.0,5.0,1.25,4.25,True
33,candidate_stronger,confirmation-003,serial,0.05,0.30665192753936543,0.049999999999999996,0.05,0.021204885282865567,0.20650844553244954,0.03533610351506353,0.02375411585845037,0.011122311784820312,0.004374028295565432,0.7446804828941822,0.32007789239287376,0.08567197321625582,0.03559102966337893,0.022264166671560094,0.023007035337388834,False,,5.0,5.0,1.25,4.25,True
33,candidate_stronger,confirmation-003,serial,0.1,0.30665192753936543,0.1,0.10000000000000002,0.02785842895715761,0.23706889908511167,0.04001862538041186,0.026857045382009875,0.013878437847234455,0.00560852137526182,0.8170505985617638,0.34378303214907646,0.09817193195028924,0.041341658492543426,0.024917285788470134,0.02608096988897231,False,,5.0,5.0,1.25,4.25,True
33,candidate_stronger,confirmation-003,serial,0.2,0.30665192753936543,0.19999999999999998,0.2,0.04701897118056831,0.30086918992250106,0.048021220038060745,0.03008714213975495,0.02138174031978913,0.006758437543766537,0.9516716562211514,0.34431518986821175,0.12215309396728953,0.047331118424045325,0.02757126293212986,0.02967087266755207,False,,5.0,5.0,1.25,4.25,True
33,candidate_stronger,confirmation-003,fixed_cadence,0.0,0.30665192753936543,0.05,0.0,0.01821090140606755,0.19047713359568166,0.031247459892346653,0.02032172167210234,0.009587544352157498,0.0031871532661601454,0.6617075391113758,0.2696843631565571,0.07701912065416486,0.029434009848105652,0.019013777603833274,0.019763945968406076,False,,5.0,5.0,1.25,4.25,True
33,candidate_stronger,confirmation-003,fixed_cadence,0.05,0.30665192753936543,0.049999999999999996,0.05,0.021204885282865567,0.20650844553244954,0.03533610351506353,0.02375411585845037,0.011122311784820312,0.004374028295565432,0.7446804828941822,0.32007789239287376,0.08567197321625582,0.03559102966337893,0.022264166671560094,0.023007035337388834,False,,5.0,5.0,1.25,4.25,True
33,candidate_stronger,confirmation-003,fixed_cadence,0.1,0.30665192753936543,0.05,0.1,0.024991057524617093,0.22423737174649075,0.03932421757613291,0.026507815216127033,0.012619515320282274,0.005137893743102417,0.7872646488249302,0.3204808197915554,0.09570460269477463,0.03866991780270185,0.02533351027069805,0.026031648290705176,False,,5.0,5.0,1.25,4.25,True
33,candidate_stronger,confirmation-003,fixed_cadence,0.2,0.30665192753936543,0.049999999999999996,0.19999999999999998,0.03315978685688486,0.26264168922115555,0.04514110827319971,0.029268781305996708,0.0162014673954298,0.005717390110928649,0.8867599628865719,0.3085440583527088,0.11441998571553313,0.040117384875941714,0.029436271306127942,0.02955964987796438,False,,5.0,5.0,1.25,4.25,True
33,candidate_stronger,confirmation-004,serial,0.0,-0.38344029684153796,0.05,0.0,0.01817836111801036,0.19031431429426787,0.02690430856459309,0.02032172167210234,0.020908351304514874,0.0031871532661601454,0.8132627792656422,0.2696843631565571,0.055970228064828396,0.029434009848105652,0.01958861584250419,0.019763945968406076,False,,5.0,5.0,1.55,4.55,True
33,candidate_stronger,confirmation-004,serial,0.05,-0.38344029684153796,0.049999999999999996,0.05,0.021196792359501813,0.206521966593442,0.03010203649505626,0.02375411585845037,0.023925933018001853,0.004374028295565432,0.9163731522858143,0.32007789239287376,0.059637529914062605,0.03559102966337893,0.022781660591351255,0.023007035337388834,False,,5.0,5.0,1.55,4.55,True
33,candidate_stronger,confirmation-004,serial,0.1,-0.38344029684153796,0.1,0.10000000000000002,0.02786426728366829,0.23728454767508417,0.03464562702094561,0.026857045382009875,0.029085477152341745,0.00560852137526182,1.022444237023592,0.34378303214907646,0.06945843801290982,0.041341658492543426,0.026417342803027304,0.02608096988897231,False,,5.0,5.0,1.55,4.55,True
33,candidate_stronger,confirmation-004,serial,0.2,-0.38344029684153796,0.19999999999999998,0.2,0.043699195322465315,0.2918520511265979,0.04189903121593048,0.03008714213975495,0.040074776886589794,0.006758437543766537,1.232872847467661,0.34431518986821175,0.08824009306403756,0.047331118424045325,0.03146330181235252,0.02967087266755207,False,,5.0,5.0,1.55,4.55,True
33,candidate_stronger,confirmation-004,fixed_cadence,0.0,-0.38344029684153796,0.05,0.0,0.01817836111801036,0.19031431429426787,0.02690430856459309,0.02032172167210234,0.020908351304514874,0.0031871532661601454,0.8132627792656422,0.2696843631565571,0.055970228064828396,0.029434009848105652,0.01958861584250419,0.019763945968406076,False,,5.0,5.0,1.55,4.55,True
33,candidate_stronger,confirmation-004,fixed_cadence,0.05,-0.38344029684153796,0.049999999999999996,0.05,0.021196792359501813,0.206521966593442,0.03010203649505626,0.02375411585845037,0.023925933018001853,0.004374028295565432,0.9163731522858143,0.32007789239287376,0.059637529914062605,0.03559102966337893,0.022781660591351255,0.023007035337388834,False,,5.0,5.0,1.55,4.55,True
33,candidate_stronger,confirmation-004,fixed_cadence,0.1,-0.38344029684153796,0.05,0.1,0.025007816544763785,0.22442572600040264,0.03271814799723393,0.026507815216127033,0.025881427403265447,0.005137893743102417,0.9639689885079861,0.3204808197915554,0.06313469011891598,0.03866991780270185,0.02559414965268974,0.026031648290705176,False,,5.0,5.0,1.55,4.55,True
33,candidate_stronger,confirmation-004,fixed_cadence,0.2,-0.38344029684153796,0.049999999999999996,0.19999999999999998,0.03328203834478897,0.2629052319425318,0.035582992474724864,0.029268781305996708,0.029183245475108456,0.005717390110928649,1.0645069181919098,0.3085440583527088,0.07196058666895327,0.040117384875941714,0.028111141081259047,0.02955964987796438,False,,5.0,5.0,1.55,4.55,True
33,candidate_stronger,confirmation-005,serial,0.0,-0.5284560864389926,0.05,0.0,0.01820083227379833,0.19037491741375911,0.03313920876123994,0.02032172167210234,0.03473283314464323,0.0031871532661601454,1.0120094753801823,0.2696843631565571,0.0821519265242826,0.029434009848105652,0.021083446511829373,0.019763945968406076,False,,5.0,5.0,1.25,4.25,True
33,candidate_stronger,confirmation-005,serial,0.05,-0.5284560864389926,0.049999999999999996,0.05,0.021216059946363042,0.2065764058716752,0.036215811839185826,0.02375411585845037,0.03887024117093529,0.004374028295565432,1.1317258514463902,0.32007789239287376,0.08712626891993248,0.03559102966337893,0.0243088224282549,0.023007035337388834,False,,5.0,5.0,1.25,4.25,True
33,candidate_stronger,confirmation-005,serial,0.1,-0.5284560864389926,0.1,0.10000000000000002,0.027880905102026256,0.23734736670254358,0.04149289534325441,0.026857045382009875,0.047084159443067965,0.00560852137526182,1.2732176296412945,0.34378303214907646,0.10046865143923121,0.041341658492543426,0.028102658798744913,0.02608096988897231,False,,5.0,5.0,1.25,4.25,True
33,candidate_stronger,confirmation-005,serial,0.2,-0.5284560864389926,0.19999999999999998,0.2,0.04700404906242615,0.30109253740398895,0.051912119153023295,0.03008714213975495,0.06952312960099519,0.006758437543766537,1.5084654092788696,0.34431518986821175,0.12999707866442303,0.047331118424045325,0.033408860188029466,0.02967087266755207,False,,5.0,5.0,1.25,4.25,True
33,candidate_stronger,confirmation-005,fixed_cadence,0.0,-0.5284560864389926,0.05,0.0,0.01820083227379833,0.19037491741375911,0.03313920876123994,0.02032172167210234,0.03473283314464323,0.0031871532661601454,1.0120094753801823,0.2696843631565571,0.0821519265242826,0.029434009848105652,0.021083446511829373,0.019763945968406076,False,,5.0,5.0,1.25,4.25,True
33,candidate_stronger,confirmation-005,fixed_cadence,0.05,-0.5284560864389926,0.049999999999999996,0.05,0.021216059946363042,0.2065764058716752,0.036215811839185826,0.02375411585845037,0.03887024117093529,0.004374028295565432,1.1317258514463902,0.32007789239287376,0.08712626891993248,0.03559102966337893,0.0243088224282549,0.023007035337388834,False,,5.0,5.0,1.25,4.25,True
33,candidate_stronger,confirmation-005,fixed_cadence,0.1,-0.5284560864389926,0.05,0.1,0.025023208363360767,0.22449205748424247,0.03888107706968312,0.026507815216127033,0.0413576172753386,0.005137893743102417,1.1930178478360176,0.3204808197915554,0.09210236852907382,0.03866991780270185,0.027256039598026367,0.026031648290705176,False,,5.0,5.0,1.25,4.25,True
33,candidate_stronger,confirmation-005,fixed_cadence,0.2,-0.5284560864389926,0.049999999999999996,0.19999999999999998,0.033292927249021984,0.26292619595684125,0.04251738380707835,0.029268781305996708,0.04682514526642302,0.005717390110928649,1.3357266411185265,0.3085440583527088,0.10534664975526378,0.040117384875941714,0.029829725533909914,0.02955964987796438,False,,5.0,5.0,1.25,4.25,True
33,candidate_stronger,confirmation-006,serial,0.0,0.34010668192597016,0.05,0.0,0.018219269672347195,0.19050969445120997,0.03287602475134462,0.02032172167210234,0.011385581211758231,0.0031871532661601454,0.709125492721796,0.2696843631565571,0.08339181777570283,0.029434009848105652,0.01893273900217378,0.019763945968406076,False,,5.0,5.0,1.25,4.25,True
33,candidate_stronger,confirmation-006,serial,0.05,0.34010668192597016,0.049999999999999996,0.05,0.021212869426265674,0.20653116165054738,0.03705687986721652,0.02375411585845037,0.013048342087403407,0.004374028295565432,0.7968215458095074,0.32007789239287376,0.09256757338554894,0.03559102966337893,0.02218378436708984,0.023007035337388834,False,,5.0,5.0,1.25,4.25,True
33,candidate_stronger,confirmation-006,serial,0.1,0.34010668192597016,0.1,0.10000000000000002,0.027865609817943376,0.23707171710667382,0.04198350725387282,0.026857045382009875,0.016218182011743413,0.00560852137526182,0.8765240013599396,0.34378303214907646,0.10607574109387592,0.041341658492543426,0.02479090939241125,0.02608096988897231,False,,5.0,5.0,1.25,4.25,True
33,candidate_stronger,confirmation-006,serial,0.2,0.34010668192597016,0.19999999999999998,0.2,0.047031204802269626,0.30086524155381483,0.05067114534168106,0.03008714213975495,0.02526595674219063,0.006758437543766537,1.0278423503041267,0.34431518986821175,0.13215897375543517,0.047331118424045325,0.027345047265142114,0.02967087266755207,False,,5.0,5.0,1.25,4.25,True
33,candidate_stronger,confirmation-006,fixed_cadence,0.0,0.34010668192597016,0.05,0.0,0.018219269672347195,0.19050969445120997,0.03287602475134462,0.02032172167210234,0.011385581211758231,0.0031871532661601454,0.709125492721796,0.2696843631565571,0.08339181777570283,0.029434009848105652,0.01893273900217378,0.019763945968406076,False,,5.0,5.0,1.25,4.25,True
33,candidate_stronger,confirmation-006,fixed_cadence,0.05,0.34010668192597016,0.049999999999999996,0.05,0.021212869426265674,0.20653116165054738,0.03705687986721652,0.02375411585845037,0.013048342087403407,0.004374028295565432,0.7968215458095074,0.32007789239287376,0.09256757338554894,0.03559102966337893,0.02218378436708984,0.023007035337388834,False,,5.0,5.0,1.25,4.25,True
33,candidate_stronger,confirmation-006,fixed_cadence,0.1,0.34010668192597016,0.05,0.1,0.024996916300222966,0.22424489139617604,0.041194002160865384,0.026507815216127033,0.014703416542534063,0.005137893743102417,0.8436584658920765,0.3204808197915554,0.10317292625464189,0.03866991780270185,0.025258098952405432,0.026031648290705176,False,,5.0,5.0,1.25,4.25,True
33,candidate_stronger,confirmation-006,fixed_cadence,0.2,0.34010668192597016,0.049999999999999996,0.19999999999999998,0.03315931757967879,0.2626339826411076,0.04736426655244099,0.029268781305996708,0.018884383448123793,0.005717390110928649,0.9531945362687111,0.3085440583527088,0.12319268197689953,0.040117384875941714,0.029424136314633736,0.02955964987796438,False,,5.0,5.0,1.25,4.25,True
33,candidate_stronger,confirmation-007,serial,0.0,-0.373065528290342,0.05,0.0,0.01817808545431037,0.19030983939694082,0.026395992491730504,0.02032172167210234,0.020141051497519265,0.0031871532661601454,0.7984163425862789,0.2696843631565571,0.053699802142740304,0.029434009848105652,0.020297752400229265,0.019763945968406076,False,,5.0,5.0,1.4,4.4,True
33,candidate_stronger,confirmation-007,serial,0.05,-0.373065528290342,0.049999999999999996,0.05,0.021194178196993253,0.20650877066709536,0.029476189030846898,0.02375411585845037,0.02307170323244184,0.004374028295565432,0.8995972014963627,0.32007789239287376,0.0568295912951236,0.03559102966337893,0.023515135644964266,0.023007035337388834,False,,5.0,5.0,1.4,4.4,True
33,candidate_stronger,confirmation-007,serial,0.1,-0.373065528290342,0.1,0.10000000000000002,0.026945334116091863,0.23381073268312044,0.0335639395969095,0.026857045382009875,0.028021258660082538,0.00560852137526182,1.0195674560964108,0.34378303214907646,0.06471151834613868,0.041341658492543426,0.027174030725185337,0.02608096988897231,False,,5.0,5.0,1.4,4.4,True
33,candidate_stronger,confirmation-007,serial,0.2,-0.373065528290342,0.19999999999999998,0.2,0.04329199817509505,0.2926873953034484,0.040521859659954355,0.03008714213975495,0.040671924120920314,0.006758437543766537,1.2453156150877476,0.34431518986821175,0.08373843397261065,0.047331118424045325,0.03220117305423094,0.02967087266755207,False,,5.0,5.0,1.4,4.4,True
33,candidate_stronger,confirmation-007,fixed_cadence,0.0,-0.373065528290342,0.05,0.0,0.01817808545431037,0.19030983939694082,0.026395992491730504,0.02032172167210234,0.020141051497519265,0.0031871532661601454,0.7984163425862789,0.2696843631565571,0.053699802142740304,0.029434009848105652,0.020297752400229265,0.019763945968406076,False,,5.0,5.0,1.4,4.4,True
33,candidate_stronger,confirmation-007,fixed_cadence,0.05,-0.373065528290342,0.049999999999999996,0.05,0.021194178196993253,0.20650877066709536,0.029476189030846898,0.02375411585845037,0.02307170323244184,0.004374028295565432,0.8995972014963627,0.32007789239287376,0.0568295912951236,0.03559102966337893,0.023515135644964266,0.023007035337388834,False,,5.0,5.0,1.4,4.4,True
33,candidate_stronger,confirmation-007,fixed_cadence,0.1,-0.373065528290342,0.05,0.1,0.025003687032149398,0.22441094156271027,0.03191742206579481,0.026507815216127033,0.02483045928721528,0.005137893743102417,0.9438919648528099,0.3204808197915554,0.059587418355832596,0.03866991780270185,0.026410211038296615,0.026031648290705176,False,,5.0,5.0,1.4,4.4,True
33,candidate_stronger,confirmation-007,fixed_cadence,0.2,-0.373065528290342,0.049999999999999996,0.19999999999999998,0.03327211519364972,0.26288586382415957,0.03446504750811195,0.029268781305996708,0.027724098188742302,0.005717390110928649,1.0389765538275242,0.3085440583527088,0.06719820477241821,0.040117384875941714,0.02904561050133687,0.02955964987796438,False,,5.0,5.0,1.4,4.4,True
33,alternative_half,confirmation-000,serial,0.0,0.5244675785137001,0.05,0.0,0.015594523891927352,0.18159825120153356,0.030525358512208094,0.005141773483549313,0.0297395684864682,0.000850613339129034,1.020571943372488,0.22768070921301842,0.09639433025142066,0.013119932202707043,0.0024382606419222986,0.0034182130913848036,False,,5.0,5.0,1.45,4.45,True
33,alternative_half,confirmation-000,serial,0.05,0.5244675785137001,0.049999999999999996,0.05,0.01855886647685956,0.19864372738579175,0.03241239145922885,0.004925081664792719,0.03273538394429757,0.001060201916315319,1.15247106179595,0.2767074666917324,0.10290504910139654,0.014647411467374137,0.0012268534278935014,0.0019080911876905966,False,,5.0,5.0,1.45,4.45,True
33,alternative_half,confirmation-000,serial,0.1,0.5244675785137001,0.1,0.10000000000000002,0.025223972747304077,0.23025101882759505,0.03691976414530475,0.005046289483251615,0.04088151656547549,0.0012891908381926567,1.3075917027890682,0.28653567656874657,0.11715314841790318,0.015730320576791555,0.0023568110316662884,0.0006873496356412341,False,,5.0,5.0,1.45,4.45,True
33,alternative_half,confirmation-000,serial,0.2,0.5244675785137001,0.19999999999999998,0.2,0.045554705338982336,0.2960972600516412,0.0477708297753212,0.006145539408963032,0.0708234233326714,0.0015055488086301166,1.651980448514223,0.26732606813311577,0.14524054083150634,0.01328628102380394,0.010567157232419345,0.0040306854194395525,False,,5.0,5.0,1.45,4.45,True
33,alternative_half,confirmation-000,fixed_cadence,0.0,0.5244675785137001,0.05,0.0,0.015594523891927352,0.18159825120153356,0.030525358512208094,0.005141773483549313,0.0297395684864682,0.000850613339129034,1.020571943372488,0.22768070921301842,0.09639433025142066,0.013119932202707043,0.0024382606419222986,0.0034182130913848036,False,,5.0,5.0,1.45,4.45,True
33,alternative_half,confirmation-000,fixed_cadence,0.05,0.5244675785137001,0.049999999999999996,0.05,0.01855886647685956,0.19864372738579175,0.03241239145922885,0.004925081664792719,0.03273538394429757,0.001060201916315319,1.15247106179595,0.2767074666917324,0.10290504910139654,0.014647411467374137,0.0012268534278935014,0.0019080911876905966,False,,5.0,5.0,1.45,4.45,True
33,alternative_half,confirmation-000,fixed_cadence,0.1,0.5244675785137001,0.05,0.1,0.02218720388546907,0.21686002157570436,0.03485396926109227,0.004324673149888929,0.03551656071245392,0.0010027292397183155,1.2210690788924694,0.26081373915076256,0.11098934355668576,0.013486926071867567,0.0014809038701724892,0.000650221980492898,False,,5.0,5.0,1.45,4.45,True
33,alternative_half,confirmation-000,fixed_cadence,0.2,0.5244675785137001,0.049999999999999996,0.19999999999999998,0.02970392709793656,0.25648813336952303,0.03890269985779425,0.004759729926713067,0.04578496240474586,0.0008519077771533196,1.4326604455709457,0.25538116693496704,0.12730985008989462,0.00863881780232344,0.0050434131413233845,0.004155935914799684,False,,5.0,5.0,1.45,4.45,True
33,alternative_half,confirmation-001,serial,0.0,-0.4661912627211833,0.05,0.0,0.015491610656642405,0.18111547266941225,0.026653094813040755,0.005141773483549313,0.026923412616164877,0.000850613339129034,0.95372149720788,0.22768070921301842,0.08330884519544367,0.013119932202707043,0.004608502127606156,0.0034182130913848036,False,,5.0,5.0,1.45,4.45,True
33,alternative_half,confirmation-001,serial,0.05,-0.4661912627211833,0.049999999999999996,0.05,0.01850204790470974,0.1985002268332513,0.029718481568205217,0.004925081664792719,0.029891062429293496,0.001060201916315319,1.081096325069666,0.2767074666917324,0.09387342023485433,0.014647411467374137,0.0032846747172951473,0.0019080911876905966,False,,5.0,5.0,1.45,4.45,True
33,alternative_half,confirmation-001,serial,0.1,-0.4661912627211833,0.1,0.10000000000000002,0.02525072692189697,0.23066666879355147,0.03511071563833297,0.005046289483251615,0.037265193234795733,0.0012891908381926567,1.2220420129597187,0.28653567656874657,0.11117545434081404,0.015730320576791555,0.003198832623460214,0.0006873496356412341,False,,5.0,5.0,1.45,4.45,True
33,alternative_half,confirmation-001,serial,0.2,-0.4661912627211833,0.19999999999999998,0.2,0.04547740633370256,0.2966622946013376,0.04813803039866024,0.006145539408963032,0.061730103217678946,0.0015055488086301166,1.5360065177083015,0.26732606813311577,0.14842710029081607,0.01328628102380394,0.004710661478998647,0.0040306854194395525,False,,5.0,5.0,1.45,4.45,True
33,alternative_half,confirmation-001,fixed_cadence,0.0,-0.4661912627211833,0.05,0.0,0.015491610656642405,0.18111547266941225,0.026653094813040755,0.005141773483549313,0.026923412616164877,0.000850613339129034,0.95372149720788,0.22768070921301842,0.08330884519544367,0.013119932202707043,0.004608502127606156,0.0034182130913848036,False,,5.0,5.0,1.45,4.45,True
33,alternative_half,confirmation-001,fixed_cadence,0.05,-0.4661912627211833,0.049999999999999996,0.05,0.01850204790470974,0.1985002268332513,0.029718481568205217,0.004925081664792719,0.029891062429293496,0.001060201916315319,1.081096325069666,0.2767074666917324,0.09387342023485433,0.014647411467374137,0.0032846747172951473,0.0019080911876905966,False,,5.0,5.0,1.45,4.45,True
33,alternative_half,confirmation-001,fixed_cadence,0.1,-0.4661912627211833,0.05,0.1,0.022211339347041018,0.21720202566429367,0.03270280933293722,0.004324673149888929,0.03181211102214236,0.0010027292397183155,1.1365428753197193,0.26081373915076256,0.10400439344558858,0.013486926071867567,0.0022354038206753545,0.000650221980492898,False,,5.0,5.0,1.45,4.45,True
33,alternative_half,confirmation-001,fixed_cadence,0.2,-0.4661912627211833,0.049999999999999996,0.19999999999999998,0.029942743632294433,0.2571125907432177,0.03896988644461083,0.004759729926713067,0.03745344757673926,0.0008519077771533196,1.3018246553838253,0.25538116693496704,0.12707350347601354,0.00863881780232344,0.003945041608165143,0.004155935914799684,False,,5.0,5.0,1.45,4.45,True
33,alternative_half,confirmation-002,serial,0.0,0.458690969525116,0.05,0.0,0.015575956891160935,0.18152066041489748,0.027002759881354397,0.005141773483549313,0.02318283867953777,0.000850613339129034,0.9231286682188511,0.22768070921301842,0.08500996153080595,0.013119932202707043,0.003019243978562997,0.0034182130913848036,False,,5.0,5.0,1.55,4.55,True
33,alternative_half,confirmation-002,serial,0.05,0.458690969525116,0.049999999999999996,0.05,0.018541740135856476,0.19859175333731027,0.02858616218714713,0.004925081664792719,0.02565562275703485,0.001060201916315319,1.0452873818576336,0.2767074666917324,0.09053479588022614,0.014647411467374137,0.0017970062903545395,0.0019080911876905966,False,,5.0,5.0,1.55,4.55,True
33,alternative_half,confirmation-002,serial,0.1,0.458690969525116,0.1,0.10000000000000002,0.025211464465386507,0.23024833884942825,0.03251816075278099,0.005046289483251615,0.03220386907740211,0.0012891908381926567,1.1852222494781017,0.28653567656874657,0.10302706068808501,0.015730320576791555,0.002174688065625556,0.0006873496356412341,False,,5.0,5.0,1.55,4.55,True
33,alternative_half,confirmation-002,serial,0.2,0.458690969525116,0.19999999999999998,0.2,0.04221766402485738,0.2862460757976823,0.040333888041446164,0.006145539408963032,0.05154425843206446,0.0015055488086301166,1.5148957073688507,0.26732606813311577,0.12299801331005066,0.01328628102380394,0.009644880013642726,0.0040306854194395525,False,,5.0,5.0,1.55,4.55,True
33,alternative_half,confirmation-002,fixed_cadence,0.0,0.458690969525116,0.05,0.0,0.015575956891160935,0.18152066041489748,0.027002759881354397,0.005141773483549313,0.02318283867953777,0.000850613339129034,0.9231286682188511,0.22768070921301842,0.08500996153080595,0.013119932202707043,0.003019243978562997,0.0034182130913848036,False,,5.0,5.0,1.55,4.55,True
33,alternative_half,confirmation-002,fixed_cadence,0.05,0.458690969525116,0.049999999999999996,0.05,0.018541740135856476,0.19859175333731027,0.02858616218714713,0.004925081664792719,0.02565562275703485,0.001060201916315319,1.0452873818576336,0.2767074666917324,0.09053479588022614,0.014647411467374137,0.0017970062903545395,0.0019080911876905966,False,,5.0,5.0,1.55,4.55,True
33,alternative_half,confirmation-002,fixed_cadence,0.1,0.458690969525116,0.05,0.1,0.022176137246229407,0.21684864694241457,0.030622767429574763,0.004324673149888929,0.027782439976384753,0.0010027292397183155,1.1029326356947422,0.26081373915076256,0.09738188210139394,0.013486926071867567,0.0017129036462229122,0.000650221980492898,False,,5.0,5.0,1.55,4.55,True
33,alternative_half,confirmation-002,fixed_cadence,0.2,0.458690969525116,0.049999999999999996,0.19999999999999998,0.029705299873258994,0.25651367914745365,0.03392397303746043,0.004759729926713067,0.03558882639066899,0.0008519077771533196,1.286436952650547,0.25538116693496704,0.11088105993217172,0.00863881780232344,0.004628959958156507,0.004155935914799684,False,,5.0,5.0,1.55,4.55,True
33,alternative_half,confirmation-003,serial,0.0,0.30665192753936543,0.05,0.0,0.015531507816041798,0.1813252346733423,0.01825336866540317,0.005141773483549313,0.009828010730794593,0.000850613339129034,0.6677979417145252,0.22768070921301842,0.05615112489872691,0.013119932202707043,0.0027118487475338996,0.0034182130913848036,False,,5.0,5.0,1.25,4.25,True
33,alternative_half,confirmation-003,serial,0.05,0.30665192753936543,0.049999999999999996,0.05,0.018501467020100023,0.1984620309140813,0.019043331235174064,0.004925081664792719,0.010794018072285312,0.001060201916315319,0.757946353405714,0.2767074666917324,0.059076111445690575,0.014647411467374137,0.0012487423720656384,0.0019080911876905966,False,,5.0,5.0,1.25,4.25,True
33,alternative_half,confirmation-003,serial,0.1,0.30665192753936543,0.1,0.10000000000000002,0.025186194740993203,0.2302667948376519,0.02132952749152951,0.005046289483251615,0.013294005292633948,0.0012891908381926567,0.8413484133780003,0.28653567656874657,0.06636464695699526,0.015730320576791555,0.0012317286340191682,0.0006873496356412341,False,,5.0,5.0,1.25,4.25,True
33,alternative_half,confirmation-003,serial,0.2,0.30665192753936543,0.19999999999999998,0.2,0.04543923671934972,0.2961900036153293,0.02682985488446822,0.006145539408963032,0.022410672018894563,0.0015055488086301166,1.0111093893647194,0.26732606813311577,0.07963318828854585,0.01328628102380394,0.006561641001335296,0.0040306854194395525,False,,5.0,5.0,1.25,4.25,True
33,alternative_half,confirmation-003,fixed_cadence,0.0,0.30665192753936543,0.05,0.0,0.015531507816041798,0.1813252346733423,0.01825336866540317,0.005141773483549313,0.009828010730794593,0.000850613339129034,0.6677979417145252,0.22768070921301842,0.05615112489872691,0.013119932202707043,0.0027118487475338996,0.0034182130913848036,False,,5.0,5.0,1.25,4.25,True
33,alternative_half,confirmation-003,fixed_cadence,0.05,0.30665192753936543,0.049999999999999996,0.05,0.018501467020100023,0.1984620309140813,0.019043331235174064,0.004925081664792719,0.010794018072285312,0.001060201916315319,0.757946353405714,0.2767074666917324,0.059076111445690575,0.014647411467374137,0.0012487423720656384,0.0019080911876905966,False,,5.0,5.0,1.25,4.25,True
33,alternative_half,confirmation-003,fixed_cadence,0.1,0.30665192753936543,0.05,0.1,0.022155432477763318,0.21684299626886874,0.02027699019508384,0.004324673149888929,0.0117521253909603,0.0010027292397183155,0.7929489575326443,0.26081373915076256,0.06354896376407859,0.013486926071867567,0.0006512318882103726,0.000650221980492898,False,,5.0,5.0,1.25,4.25,True
33,alternative_half,confirmation-003,fixed_cadence,0.2,0.30665192753936543,0.049999999999999996,0.19999999999999998,0.029719893196645926,0.2565961475541861,0.0222105793568396,0.004759729926713067,0.015413846185963427,0.0008519077771533196,0.9227907843887806,0.25538116693496704,0.0716137591440325,0.00863881780232344,0.0048539238047324955,0.004155935914799684,False,,5.0,5.0,1.25,4.25,True
33,alternative_half,confirmation-004,serial,0.0,-0.38344029684153796,0.05,0.0,0.015484332467908292,0.1810915970880172,0.021889294061794493,0.005141773483549313,0.018385051132401107,0.000850613339129034,0.8183600939810276,0.22768070921301842,0.06772793714177702,0.013119932202707043,0.00423871522185144,0.0034182130913848036,False,,5.0,5.0,1.55,4.55,True
33,alternative_half,confirmation-004,serial,0.05,-0.38344029684153796,0.049999999999999996,0.05,0.018489589193297858,0.1984542972205006,0.024472692300170865,0.004925081664792719,0.02036920471362004,0.001060201916315319,0.9303908981382847,0.2767074666917324,0.07672737048106879,0.014647411467374137,0.0029436211606756425,0.0019080911876905966,False,,5.0,5.0,1.55,4.55,True
33,alternative_half,confirmation-004,serial,0.1,-0.38344029684153796,0.1,0.10000000000000002,0.02522867895496477,0.23058718366701364,0.028932439251916055,0.005046289483251615,0.025243865698064166,0.0012891908381926567,1.0447286628186703,0.28653567656874657,0.09109637386447421,0.015730320576791555,0.002736677422399775,0.0006873496356412341,False,,5.0,5.0,1.55,4.55,True
33,alternative_half,confirmation-004,serial,0.2,-0.38344029684153796,0.19999999999999998,0.2,0.042135355021947395,0.2866647800752734,0.03849318818247988,0.006145539408963032,0.038625279854151005,0.0015055488086301166,1.3012732192873955,0.26732606813311577,0.11838199556089277,0.01328628102380394,0.003296421842491858,0.0040306854194395525,False,,5.0,5.0,1.55,4.55,True
33,alternative_half,confirmation-004,fixed_cadence,0.0,-0.38344029684153796,0.05,0.0,0.015484332467908292,0.1810915970880172,0.021889294061794493,0.005141773483549313,0.018385051132401107,0.000850613339129034,0.8183600939810276,0.22768070921301842,0.06772793714177702,0.013119932202707043,0.00423871522185144,0.0034182130913848036,False,,5.0,5.0,1.55,4.55,True
33,alternative_half,confirmation-004,fixed_cadence,0.05,-0.38344029684153796,0.049999999999999996,0.05,0.018489589193297858,0.1984542972205006,0.024472692300170865,0.004925081664792719,0.02036920471362004,0.001060201916315319,0.9303908981382847,0.2767074666917324,0.07672737048106879,0.014647411467374137,0.0029436211606756425,0.0019080911876905966,False,,5.0,5.0,1.55,4.55,True
33,alternative_half,confirmation-004,fixed_cadence,0.1,-0.38344029684153796,0.05,0.1,0.02219380099338013,0.21712769754720482,0.026972469340082537,0.004324673149888929,0.021637239573969912,0.0010027292397183155,0.9739351086318493,0.26081373915076256,0.08536909815088593,0.013486926071867567,0.002000517812068563,0.000650221980492898,False,,5.0,5.0,1.55,4.55,True
33,alternative_half,confirmation-004,fixed_cadence,0.2,-0.38344029684153796,0.049999999999999996,0.19999999999999998,0.029908889724692037,0.2570401048400935,0.03241494535979891,0.004759729926713067,0.025395609218245338,0.0008519077771533196,1.1122036166489124,0.25538116693496704,0.10533898235249381,0.00863881780232344,0.004514132469240629,0.004155935914799684,False,,5.0,5.0,1.55,4.55,True
33,alternative_half,confirmation-005,serial,0.0,-0.5284560864389926,0.05,0.0,0.015499304713411315,0.18113993229068245,0.030285670628154984,0.005141773483549313,0.034844365107140673,0.000850613339129034,1.0579724051058292,0.22768070921301842,0.09517710754153944,0.013119932202707043,0.004808180417215983,0.0034182130913848036,False,,5.0,5.0,1.25,4.25,True
33,alternative_half,confirmation-005,serial,0.05,-0.5284560864389926,0.049999999999999996,0.05,0.018513237547488938,0.19853986456873593,0.03363921396524198,0.004925081664792719,0.0387810517533212,0.001060201916315319,1.1973936669528484,0.2767074666917324,0.10671695234083912,0.014647411467374137,0.0034632128383266917,0.0019080911876905966,False,,5.0,5.0,1.25,4.25,True
33,alternative_half,confirmation-005,serial,0.1,-0.5284560864389926,0.1,0.10000000000000002,0.025271436655708263,0.23074084153445956,0.039695740658165335,0.005046289483251615,0.048644423710432025,0.0012891908381926567,1.3625468872487545,0.28653567656874657,0.12619248443193465,0.015730320576791555,0.0033811129058450933,0.0006873496356412341,False,,5.0,5.0,1.25,4.25,True
33,alternative_half,confirmation-005,serial,0.2,-0.5284560864389926,0.19999999999999998,0.2,0.045529708085436923,0.2967412521887773,0.054289387380563894,0.006145539408963032,0.08149368103827619,0.0015055488086301166,1.7361516691744328,0.26732606813311577,0.16802673477450747,0.01328628102380394,0.006429675774030326,0.0040306854194395525,False,,5.0,5.0,1.25,4.25,True
33,alternative_half,confirmation-005,fixed_cadence,0.0,-0.5284560864389926,0.05,0.0,0.015499304713411315,0.18113993229068245,0.030285670628154984,0.005141773483549313,0.034844365107140673,0.000850613339129034,1.0579724051058292,0.22768070921301842,0.09517710754153944,0.013119932202707043,0.004808180417215983,0.0034182130913848036,False,,5.0,5.0,1.25,4.25,True
33,alternative_half,confirmation-005,fixed_cadence,0.05,-0.5284560864389926,0.049999999999999996,0.05,0.018513237547488938,0.19853986456873593,0.03363921396524198,0.004925081664792719,0.0387810517533212,0.001060201916315319,1.1973936669528484,0.2767074666917324,0.10671695234083912,0.014647411467374137,0.0034632128383266917,0.0019080911876905966,False,,5.0,5.0,1.25,4.25,True
33,alternative_half,confirmation-005,fixed_cadence,0.1,-0.5284560864389926,0.05,0.1,0.022227183731856753,0.21726986074484425,0.03691591933897821,0.004324673149888929,0.041246385130414995,0.0010027292397183155,1.2617664225399494,0.26081373915076256,0.11776393932554673,0.013486926071867567,0.0024296834848219232,0.000650221980492898,False,,5.0,5.0,1.25,4.25,True
33,alternative_half,confirmation-005,fixed_cadence,0.2,-0.5284560864389926,0.049999999999999996,0.19999999999999998,0.0299697951569844,0.25717129962146523,0.04373994915164302,0.004759729926713067,0.048522088538769374,0.0008519077771533196,1.4492252469062805,0.25538116693496704,0.1429777351796101,0.00863881780232344,0.003091912926088942,0.004155935914799684,False,,5.0,5.0,1.25,4.25,True
33,alternative_half,confirmation-006,serial,0.0,0.34010668192597016,0.05,0.0,0.015539163758872428,0.18135856038606013,0.020086617105715594,0.005141773483549313,0.01208203030749375,0.000850613339129034,0.7201085425913334,0.22768070921301842,0.06222865038639232,0.013119932202707043,0.0026427599499069835,0.0034182130913848036,False,,5.0,5.0,1.25,4.25,True
33,alternative_half,confirmation-006,serial,0.05,0.34010668192597016,0.049999999999999996,0.05,0.018507823403741887,0.19848170050893474,0.021054118208600644,0.004925081664792719,0.013258732265591414,0.001060201916315319,0.8161348663270473,0.2767074666917324,0.06572229970562836,0.014647411467374137,0.0012064239821599845,0.0019080911876905966,False,,5.0,5.0,1.25,4.25,True
33,alternative_half,confirmation-006,serial,0.1,0.34010668192597016,0.1,0.10000000000000002,0.025189797333722525,0.2302614774471893,0.023681356149221035,0.005046289483251615,0.01635768116952683,0.0012891908381926567,0.9094343520700932,0.28653567656874657,0.07406315371098487,0.015730320576791555,0.0014011558437554805,0.0006873496356412341,False,,5.0,5.0,1.25,4.25,True
33,alternative_half,confirmation-006,serial,0.2,0.34010668192597016,0.19999999999999998,0.2,0.04545309044871231,0.29617538896705015,0.029995579106640965,0.006145539408963032,0.027726613808137863,0.0015055488086301166,1.105603165924549,0.26732606813311577,0.08953490065352868,0.01328628102380394,0.00692041579939253,0.0040306854194395525,False,,5.0,5.0,1.25,4.25,True
33,alternative_half,confirmation-006,fixed_cadence,0.0,0.34010668192597016,0.05,0.0,0.015539163758872428,0.18135856038606013,0.020086617105715594,0.005141773483549313,0.01208203030749375,0.000850613339129034,0.7201085425913334,0.22768070921301842,0.06222865038639232,0.013119932202707043,0.0026427599499069835,0.0034182130913848036,False,,5.0,5.0,1.25,4.25,True
33,alternative_half,confirmation-006,fixed_cadence,0.05,0.34010668192597016,0.049999999999999996,0.05,0.018507823403741887,0.19848170050893474,0.021054118208600644,0.004925081664792719,0.013258732265591414,0.001060201916315319,0.8161348663270473,0.2767074666917324,0.06572229970562836,0.014647411467374137,0.0012064239821599845,0.0019080911876905966,False,,5.0,5.0,1.25,4.25,True
33,alternative_half,confirmation-006,fixed_cadence,0.1,0.34010668192597016,0.05,0.1,0.022158468294456016,0.21684187982328118,0.022494937478878745,0.004324673149888929,0.014440523012423972,0.0010027292397183155,0.8565346710383892,0.26081373915076256,0.0708030132341047,0.013486926071867567,0.0007533221330757011,0.000650221980492898,False,,5.0,5.0,1.25,4.25,True
33,alternative_half,confirmation-006,fixed_cadence,0.2,0.34010668192597016,0.049999999999999996,0.19999999999999998,0.029715427662729284,0.2565781980577195,0.024775934167625475,0.004759729926713067,0.01891068467000084,0.0008519077771533196,0.9996600262820721,0.25538116693496704,0.08018996295873435,0.00863881780232344,0.0049329038464987545,0.004155935914799684,False,,5.0,5.0,1.25,4.25,True
33,alternative_half,confirmation-007,serial,0.0,-0.373065528290342,0.05,0.0,0.015484504356718621,0.18109158711597667,0.021562464930896776,0.005141773483549313,0.017996268392587826,0.000850613339129034,0.8100329525768757,0.22768070921301842,0.06667266393460018,0.013119932202707043,0.0043997960915838075,0.0034182130913848036,False,,5.0,5.0,1.4,4.4,True
33,alternative_half,confirmation-007,serial,0.05,-0.373065528290342,0.049999999999999996,0.05,0.018490398063087714,0.19845651521538107,0.024118155047170332,0.004925081664792719,0.020074506381625237,0.001060201916315319,0.9223259799182415,0.2767074666917324,0.07563112474039038,0.014647411467374137,0.0030205332296816467,0.0019080911876905966,False,,5.0,5.0,1.4,4.4,True
33,alternative_half,confirmation-007,serial,0.1,-0.373065528290342,0.1,0.10000000000000002,0.02437286309992468,0.2270532520682075,0.028122372602720838,0.005046289483251615,0.024908064651963692,0.0012891908381926567,1.05665797367692,0.28653567656874657,0.08871896790730645,0.015730320576791555,0.0026585197086234527,0.0006873496356412341,False,,5.0,5.0,1.4,4.4,True
33,alternative_half,confirmation-007,serial,0.2,-0.373065528290342,0.19999999999999998,0.2,0.04186208227100561,0.28815356470276765,0.03797540547010349,0.006145539408963032,0.04130158101058039,0.0015055488086301166,1.3402983918786049,0.26732606813311577,0.11825681836199364,0.01328628102380394,0.0041562294601464695,0.0040306854194395525,False,,5.0,5.0,1.4,4.4,True
33,alternative_half,confirmation-007,fixed_cadence,0.0,-0.373065528290342,0.05,0.0,0.015484504356718621,0.18109158711597667,0.021562464930896776,0.005141773483549313,0.017996268392587826,0.000850613339129034,0.8100329525768757,0.22768070921301842,0.06667266393460018,0.013119932202707043,0.0043997960915838075,0.0034182130913848036,False,,5.0,5.0,1.4,4.4,True
33,alternative_half,confirmation-007,fixed_cadence,0.05,-0.373065528290342,0.049999999999999996,0.05,0.018490398063087714,0.19845651521538107,0.024118155047170332,0.004925081664792719,0.020074506381625237,0.001060201916315319,0.9223259799182415,0.2767074666917324,0.07563112474039038,0.014647411467374137,0.0030205332296816467,0.0019080911876905966,False,,5.0,5.0,1.4,4.4,True
33,alternative_half,confirmation-007,fixed_cadence,0.1,-0.373065528290342,0.05,0.1,0.02219489290805403,0.21713193321097735,0.026511604954074158,0.004324673149888929,0.021268262134418913,0.0010027292397183155,0.9637578390538692,0.26081373915076256,0.08396263490604466,0.013486926071867567,0.0019059301162144505,0.000650221980492898,False,,5.0,5.0,1.4,4.4,True
33,alternative_half,confirmation-007,fixed_cadence,0.2,-0.373065528290342,0.049999999999999996,0.19999999999999998,0.0299088304476304,0.25704258212106557,0.03173409017606435,0.004759729926713067,0.02469199062189707,0.0008519077771533196,1.0954208485782146,0.25538116693496704,0.10321685361421946,0.00863881780232344,0.003725536999631834,0.004155935914799684,False,,5.0,5.0,1.4,4.4,True
33,alternative_matched,confirmation-000,serial,0.0,0.5244675785137001,0.05,0.0,0.014728861370266138,0.17839622220623585,0.031700640417029725,0.010980848542390169,0.031280955032449945,0.0034828326541444694,1.244763508439064,0.46105310320854187,0.09655165287799693,0.027435147842444822,0.006400614108900058,0.007553314580718988,False,,5.0,5.0,1.45,4.45,True
33,alternative_matched,confirmation-000,serial,0.05,0.5244675785137001,0.049999999999999996,0.05,0.01756895173401478,0.19554909158379546,0.03256214975115271,0.00965825866874426,0.035220643553040214,0.003961055407321126,1.4050273410975933,0.5310951732099056,0.10121279493283844,0.028214269979919777,0.003117345079805448,0.004358556852744115,False,,5.0,5.0,1.45,4.45,True
33,alternative_matched,confirmation-000,serial,0.1,0.5244675785137001,0.1,0.10000000000000002,0.02401073677387155,0.22714731433866944,0.03614574199621057,0.009697450786461479,0.045230580399313276,0.005203877204635332,1.6067530773580074,0.57960269972682,0.11313377691554669,0.03045580985326907,0.0018372505797930186,0.0015970553415530328,False,,5.0,5.0,1.45,4.45,True
33,alternative_matched,confirmation-000,serial,0.2,0.5244675785137001,0.19999999999999998,0.2,0.044193673231868305,0.2936533142131447,0.04559660550854572,0.011887889662310908,0.08209632111038678,0.0071349077638870745,2.005119528621435,0.5831319279968739,0.13627655902020722,0.02769470721764898,0.013339247320981261,0.007350768662017297,False,,5.0,5.0,1.45,4.45,True
33,alternative_matched,confirmation-000,fixed_cadence,0.0,0.5244675785137001,0.05,0.0,0.014728861370266138,0.17839622220623585,0.031700640417029725,0.010980848542390169,0.031280955032449945,0.0034828326541444694,1.244763508439064,0.46105310320854187,0.09655165287799693,0.027435147842444822,0.006400614108900058,0.007553314580718988,False,,5.0,5.0,1.45,4.45,True
33,alternative_matched,confirmation-000,fixed_cadence,0.05,0.5244675785137001,0.049999999999999996,0.05,0.01756895173401478,0.19554909158379546,0.03256214975115271,0.00965825866874426,0.035220643553040214,0.003961055407321126,1.4050273410975933,0.5310951732099056,0.10121279493283844,0.028214269979919777,0.003117345079805448,0.004358556852744115,False,,5.0,5.0,1.45,4.45,True
33,alternative_matched,confirmation-000,fixed_cadence,0.1,0.5244675785137001,0.05,0.1,0.021008219513356997,0.2135226880007679,0.034072513408932234,0.008345017725149692,0.03874864519964764,0.003981470472622529,1.4952646382153034,0.527507346123457,0.10743466410553572,0.026168656258159378,0.0009858307625868908,0.001556949672291556,False,,5.0,5.0,1.45,4.45,True
33,alternative_matched,confirmation-000,fixed_cadence,0.2,0.5244675785137001,0.049999999999999996,0.19999999999999998,0.028062717730087422,0.2532481300293578,0.03666108959527671,0.008909408416820301,0.05253524546524695,0.004161259788714438,1.7845365591347218,0.5517331324517727,0.11980438519353195,0.018227094213308023,0.008335075563025434,0.00740310232089435,False,,5.0,5.0,1.45,4.45,True
33,alternative_matched,confirmation-001,serial,0.0,-0.4661912627211833,0.05,0.0,0.014616320065129218,0.1778541046025239,0.02724931697060426,0.010980848542390169,0.03259726980632968,0.0034828326541444694,1.19868079200387,0.46105310320854187,0.08002055032736745,0.027435147842444822,0.008658577309230043,0.007553314580718988,False,,5.0,5.0,1.45,4.45,True
33,alternative_matched,confirmation-001,serial,0.05,-0.4661912627211833,0.049999999999999996,0.05,0.01751245969108116,0.19538528821352127,0.030219146545415156,0.00965825866874426,0.03611126629686961,0.003961055407321126,1.3522389717400074,0.5310951732099056,0.09254477526273103,0.028214269979919777,0.005640681182864771,0.004358556852744115,False,,5.0,5.0,1.45,4.45,True
33,alternative_matched,confirmation-001,serial,0.1,-0.4661912627211833,0.1,0.10000000000000002,0.0240570189046204,0.22764448488755648,0.03606648415903135,0.009697450786461479,0.04567310993591388,0.005203877204635332,1.535917092114687,0.57960269972682,0.11233111034158615,0.03045580985326907,0.004003575446127703,0.0015970553415530328,False,,5.0,5.0,1.45,4.45,True
33,alternative_matched,confirmation-001,serial,0.2,-0.4661912627211833,0.19999999999999998,0.2,0.04397931687331914,0.2943550698544815,0.050620003984443905,0.011887889662310908,0.07618456575712292,0.0071349077638870745,1.8999441154301167,0.5831319279968739,0.15541806063548638,0.02769470721764898,0.006913134141720072,0.007350768662017297,False,,5.0,5.0,1.45,4.45,True
33,alternative_matched,confirmation-001,fixed_cadence,0.0,-0.4661912627211833,0.05,0.0,0.014616320065129218,0.1778541046025239,0.02724931697060426,0.010980848542390169,0.03259726980632968,0.0034828326541444694,1.19868079200387,0.46105310320854187,0.08002055032736745,0.027435147842444822,0.008658577309230043,0.007553314580718988,False,,5.0,5.0,1.45,4.45,True
33,alternative_matched,confirmation-001,fixed_cadence,0.05,-0.4661912627211833,0.049999999999999996,0.05,0.01751245969108116,0.19538528821352127,0.030219146545415156,0.00965825866874426,0.03611126629686961,0.003961055407321126,1.3522389717400074,0.5310951732099056,0.09254477526273103,0.028214269979919777,0.005640681182864771,0.004358556852744115,False,,5.0,5.0,1.45,4.45,True
33,alternative_matched,confirmation-001,fixed_cadence,0.1,-0.4661912627211833,0.05,0.1,0.02104996216852477,0.21393382103031292,0.03324203607380862,0.008345017725149692,0.0383021510647005,0.003981470472622529,1.4256958104670048,0.527507346123457,0.10439237446326873,0.026168656258159378,0.003017941632447787,0.001556949672291556,False,,5.0,5.0,1.45,4.45,True
33,alternative_matched,confirmation-001,fixed_cadence,0.2,-0.4661912627211833,0.049999999999999996,0.19999999999999998,0.028352500587184273,0.2539880742709149,0.040365111493473216,0.008909408416820301,0.04458899555930683,0.004161259788714438,1.642861496657133,0.5517331324517727,0.1314244805425276,0.018227094213308023,0.0067738920831265535,0.00740310232089435,False,,5.0,5.0,1.45,4.45,True
33,alternative_matched,confirmation-002,serial,0.0,0.458690969525116,0.05,0.0,0.014713228847218431,0.17832721881081207,0.02861864105346683,0.010980848542390169,0.0252418391490207,0.0034828326541444694,1.1514447443187237,0.46105310320854187,0.08601917173247879,0.027435147842444822,0.006788652250000824,0.007553314580718988,False,,5.0,5.0,1.55,4.55,True
33,alternative_matched,confirmation-002,serial,0.05,0.458690969525116,0.049999999999999996,0.05,0.01755552476687676,0.19550511437140983,0.029175178701990986,0.00965825866874426,0.028629191698262196,0.003961055407321126,1.3020811416208744,0.5310951732099056,0.08977760225709774,0.028214269979919777,0.0035005101573961192,0.004358556852744115,False,,5.0,5.0,1.55,4.55,True
33,alternative_matched,confirmation-002,serial,0.1,0.458690969525116,0.1,0.10000000000000002,0.024002821285453457,0.22715301740118993,0.03232171957891404,0.009697450786461479,0.037246715136910746,0.005203877204635332,1.4907281287014484,0.57960269972682,0.10039838021226556,0.03045580985326907,0.0015525164721667576,0.0015970553415530328,False,,5.0,5.0,1.55,4.55,True
33,alternative_matched,confirmation-002,serial,0.2,0.458690969525116,0.19999999999999998,0.2,0.040880265149313255,0.28331273330436824,0.039123127633111605,0.011887889662310908,0.0627268081441866,0.0071349077638870745,1.8858370371162891,0.5831319279968739,0.11642110074076348,0.02769470721764898,0.012858594894994484,0.007350768662017297,False,,5.0,5.0,1.55,4.55,True
33,alternative_matched,confirmation-002,fixed_cadence,0.0,0.458690969525116,0.05,0.0,0.014713228847218431,0.17832721881081207,0.02861864105346683,0.010980848542390169,0.0252418391490207,0.0034828326541444694,1.1514447443187237,0.46105310320854187,0.08601917173247879,0.027435147842444822,0.006788652250000824,0.007553314580718988,False,,5.0,5.0,1.55,4.55,True
33,alternative_matched,confirmation-002,fixed_cadence,0.05,0.458690969525116,0.049999999999999996,0.05,0.01755552476687676,0.19550511437140983,0.029175178701990986,0.00965825866874426,0.028629191698262196,0.003961055407321126,1.3020811416208744,0.5310951732099056,0.08977760225709774,0.028214269979919777,0.0035005101573961192,0.004358556852744115,False,,5.0,5.0,1.55,4.55,True
33,alternative_matched,confirmation-002,fixed_cadence,0.1,0.458690969525116,0.05,0.1,0.021001146486076035,0.2135208981021687,0.030275389596693267,0.008345017725149692,0.0314225954977759,0.003981470472622529,1.3807080499827862,0.527507346123457,0.0947891046669716,0.026168656258159378,0.001323775152324756,0.001556949672291556,False,,5.0,5.0,1.55,4.55,True
33,alternative_matched,confirmation-002,fixed_cadence,0.2,0.458690969525116,0.049999999999999996,0.19999999999999998,0.028069686338679588,0.25328185739993586,0.03211189630664064,0.008909408416820301,0.04198251158460662,0.004161259788714438,1.6348904557526112,0.5517331324517727,0.10422947274766413,0.018227094213308023,0.007939308372965553,0.00740310232089435,False,,5.0,5.0,1.55,4.55,True
33,alternative_matched,confirmation-003,serial,0.0,0.30665192753936543,0.05,0.0,0.014664635366874275,0.17809973495028125,0.02054617402966154,0.010980848542390169,0.011018823765411162,0.0034828326541444694,0.8668185025453568,0.46105310320854187,0.05640302841410225,0.027435147842444822,0.0069240174732954395,0.007553314580718988,False,,5.0,5.0,1.25,4.25,True
33,alternative_matched,confirmation-003,serial,0.05,0.30665192753936543,0.049999999999999996,0.05,0.017515542657208984,0.1953657387261799,0.020123125254271717,0.00965825866874426,0.012370803542917572,0.003961055407321126,0.9795430861413479,0.5310951732099056,0.05739377168831895,0.028214269979919777,0.003733040331394557,0.004358556852744115,False,,5.0,5.0,1.25,4.25,True
33,alternative_matched,confirmation-003,serial,0.1,0.30665192753936543,0.1,0.10000000000000002,0.023987738819933067,0.22722639678497217,0.021302871364659894,0.009697450786461479,0.015536191816186982,0.005203877204635332,1.0940922982990742,0.57960269972682,0.06173990624667101,0.03045580985326907,0.0013835346775091806,0.0015970553415530328,False,,5.0,5.0,1.25,4.25,True
33,alternative_matched,confirmation-003,serial,0.2,0.30665192753936543,0.19999999999999998,0.2,0.04404956996767685,0.29384857995318164,0.02488295245319183,0.011887889662310908,0.02599170369066921,0.0071349077638870745,1.2656071968376637,0.5831319279968739,0.06817973850703742,0.02769470721764898,0.008733896397166738,0.007350768662017297,False,,5.0,5.0,1.25,4.25,True
33,alternative_matched,confirmation-003,fixed_cadence,0.0,0.30665192753936543,0.05,0.0,0.014664635366874275,0.17809973495028125,0.02054617402966154,0.010980848542390169,0.011018823765411162,0.0034828326541444694,0.8668185025453568,0.46105310320854187,0.05640302841410225,0.027435147842444822,0.0069240174732954395,0.007553314580718988,False,,5.0,5.0,1.25,4.25,True
33,alternative_matched,confirmation-003,fixed_cadence,0.05,0.30665192753936543,0.049999999999999996,0.05,0.017515542657208984,0.1953657387261799,0.020123125254271717,0.00965825866874426,0.012370803542917572,0.003961055407321126,0.9795430861413479,0.5310951732099056,0.05739377168831895,0.028214269979919777,0.003733040331394557,0.004358556852744115,False,,5.0,5.0,1.25,4.25,True
33,alternative_matched,confirmation-003,fixed_cadence,0.1,0.30665192753936543,0.05,0.1,0.020989401286432955,0.21355699745399404,0.020284312797951082,0.008345017725149692,0.013590984438329888,0.003981470472622529,1.0322760604321957,0.527507346123457,0.06009934361331143,0.026168656258159378,0.001043495324743907,0.001556949672291556,False,,5.0,5.0,1.25,4.25,True
33,alternative_matched,confirmation-003,fixed_cadence,0.2,0.30665192753936543,0.049999999999999996,0.19999999999999998,0.02810484458096644,0.2534274319854734,0.02087871084357641,0.008909408416820301,0.01888291820183711,0.004161259788714438,1.2281215377151966,0.5517331324517727,0.06442049914580966,0.018227094213308023,0.008040057670169912,0.00740310232089435,False,,5.0,5.0,1.25,4.25,True
33,alternative_matched,confirmation-004,serial,0.0,-0.38344029684153796,0.05,0.0,0.014611603789991223,0.17783827236013017,0.022818331088844537,0.010980848542390169,0.022941472563624013,0.0034828326541444694,1.0545264184474945,0.46105310320854187,0.06414060503120057,0.027435147842444822,0.008323411267317185,0.007553314580718988,False,,5.0,5.0,1.55,4.55,True
33,alternative_matched,confirmation-004,serial,0.05,-0.38344029684153796,0.049999999999999996,0.05,0.017501645697328143,0.19534153288853529,0.0251649009616369,0.00965825866874426,0.025266321617902775,0.003961055407321126,1.1911601386964321,0.5310951732099056,0.07500515540144229,0.028214269979919777,0.005311812782582859,0.004358556852744115,False,,5.0,5.0,1.55,4.55,True
33,alternative_matched,confirmation-004,serial,0.1,-0.38344029684153796,0.1,0.10000000000000002,0.024033521166334927,0.2275536594433973,0.029925452573995717,0.009697450786461479,0.03162252110429291,0.005203877204635332,1.3418899290263653,0.57960269972682,0.09141436562448123,0.03045580985326907,0.0035435900810950973,0.0015970553415530328,False,,5.0,5.0,1.55,4.55,True
33,alternative_matched,confirmation-004,serial,0.2,-0.38344029684153796,0.19999999999999998,0.2,0.0406730290276786,0.283853413958217,0.040775085514071,0.011887889662310908,0.048306792394394095,0.0071349077638870745,1.625817846506834,0.5831319279968739,0.12317710800087438,0.02769470721764898,0.005505796900463702,0.007350768662017297,False,,5.0,5.0,1.55,4.55,True
33,alternative_matched,confirmation-004,fixed_cadence,0.0,-0.38344029684153796,0.05,0.0,0.014611603789991223,0.17783827236013017,0.022818331088844537,0.010980848542390169,0.022941472563624013,0.0034828326541444694,1.0545264184474945,0.46105310320854187,0.06414060503120057,0.027435147842444822,0.008323411267317185,0.007553314580718988,False,,5.0,5.0,1.55,4.55,True
33,alternative_matched,confirmation-004,fixed_cadence,0.05,-0.38344029684153796,0.049999999999999996,0.05,0.017501645697328143,0.19534153288853529,0.0251649009616369,0.00965825866874426,0.025266321617902775,0.003961055407321126,1.1911601386964321,0.5310951732099056,0.07500515540144229,0.028214269979919777,0.005311812782582859,0.004358556852744115,False,,5.0,5.0,1.55,4.55,True
33,alternative_matched,confirmation-004,fixed_cadence,0.1,-0.38344029684153796,0.05,0.1,0.02103217995924057,0.21385291816346358,0.027621154863418353,0.008345017725149692,0.02667183884577037,0.003981470472622529,1.251338366419077,0.527507346123457,0.08534878242370784,0.026168656258159378,0.002693250727076043,0.001556949672291556,False,,5.0,5.0,1.55,4.55,True
33,alternative_matched,confirmation-004,fixed_cadence,0.2,-0.38344029684153796,0.049999999999999996,0.19999999999999998,0.028316553233979632,0.25390494333377184,0.03394254176256333,0.008909408416820301,0.03095511905166529,0.004161259788714438,1.443388368934393,0.5517331324517727,0.10935542996309223,0.018227094213308023,0.0072326087063936196,0.00740310232089435,False,,5.0,5.0,1.55,4.55,True
33,alternative_matched,confirmation-005,serial,0.0,-0.5284560864389926,0.05,0.0,0.01462249029457541,0.17787384557546745,0.03070511636170446,0.010980848542390169,0.04196323591634108,0.0034828326541444694,1.3126548565924168,0.46105310320854187,0.09221011491531683,0.027435147842444822,0.00872360761679372,0.007553314580718988,False,,5.0,5.0,1.25,4.25,True
33,alternative_matched,confirmation-005,serial,0.05,-0.5284560864389926,0.049999999999999996,0.05,0.017523127858337456,0.19542813251119423,0.03404566756541786,0.00965825866874426,0.04680289362967806,0.003961055407321126,1.4824375696480274,0.5310951732099056,0.10579736552624683,0.028214269979919777,0.005648114756668707,0.004358556852744115,False,,5.0,5.0,1.25,4.25,True
33,alternative_matched,confirmation-005,serial,0.1,-0.5284560864389926,0.1,0.10000000000000002,0.024084615911641037,0.22775292016424614,0.040731445895013665,0.009697450786461479,0.06008849030638245,0.005203877204635332,1.7045960761606693,0.57960269972682,0.12829692318031521,0.03045580985326907,0.003863110066550661,0.0015970553415530328,False,,5.0,5.0,1.25,4.25,True
33,alternative_matched,confirmation-005,serial,0.2,-0.5284560864389926,0.19999999999999998,0.2,0.04405577626035139,0.29450546130688815,0.05724847415179964,0.011887889662310908,0.1033903964696024,0.0071349077638870745,2.1637804619967937,0.5831319279968739,0.17756269845745934,0.02769470721764898,0.009064046435451981,0.007350768662017297,False,,5.0,5.0,1.25,4.25,True
33,alternative_matched,confirmation-005,fixed_cadence,0.0,-0.5284560864389926,0.05,0.0,0.01462249029457541,0.17787384557546745,0.03070511636170446,0.010980848542390169,0.04196323591634108,0.0034828326541444694,1.3126548565924168,0.46105310320854187,0.09221011491531683,0.027435147842444822,0.00872360761679372,0.007553314580718988,False,,5.0,5.0,1.25,4.25,True
33,alternative_matched,confirmation-005,fixed_cadence,0.05,-0.5284560864389926,0.049999999999999996,0.05,0.017523127858337456,0.19542813251119423,0.03404566756541786,0.00965825866874426,0.04680289362967806,0.003961055407321126,1.4824375696480274,0.5310951732099056,0.10579736552624683,0.028214269979919777,0.005648114756668707,0.004358556852744115,False,,5.0,5.0,1.25,4.25,True
33,alternative_matched,confirmation-005,fixed_cadence,0.1,-0.5284560864389926,0.05,0.1,0.021069191588133147,0.21402513298227366,0.03739360911674022,0.008345017725149692,0.04975032504350995,0.003981470472622529,1.567476075142622,0.527507346123457,0.11854128125644448,0.026168656258159378,0.003105943215812153,0.001556949672291556,False,,5.0,5.0,1.25,4.25,True
33,alternative_matched,confirmation-005,fixed_cadence,0.2,-0.5284560864389926,0.049999999999999996,0.19999999999999998,0.028388754721123306,0.2540836751300563,0.04503984755434948,0.008909408416820301,0.057863713125641286,0.004161259788714438,1.8021405674517155,0.5517331324517727,0.14760072269847563,0.018227094213308023,0.006376101444746872,0.00740310232089435,False,,5.0,5.0,1.25,4.25,True
33,alternative_matched,confirmation-006,serial,0.0,0.34010668192597016,0.05,0.0,0.014672049752728117,0.17813392263963213,0.022133231659361926,0.010980848542390169,0.013165543112474337,0.0034828326541444694,0.9204616025090218,0.46105310320854187,0.06237293876477116,0.027435147842444822,0.006857960427483762,0.007553314580718988,False,,5.0,5.0,1.25,4.25,True
33,alternative_matched,confirmation-006,serial,0.05,0.34010668192597016,0.049999999999999996,0.05,0.017521071999824892,0.19538438622828153,0.02191755057935101,0.00965825866874426,0.014763234019478587,0.003961055407321126,1.0396996699273586,0.5310951732099056,0.06393272471306125,0.028214269979919777,0.0036728469225397273,0.004358556852744115,False,,5.0,5.0,1.25,4.25,True
33,alternative_matched,confirmation-006,serial,0.1,0.34010668192597016,0.1,0.10000000000000002,0.02398965180642513,0.22721562359235786,0.02343686786771092,0.009697450786461479,0.018539215169026953,0.005203877204635332,1.1655453406274319,0.57960269972682,0.06933804550647163,0.03045580985326907,0.0014618365846683166,0.0015970553415530328,False,,5.0,5.0,1.25,4.25,True
33,alternative_matched,confirmation-006,serial,0.2,0.34010668192597016,0.19999999999999998,0.2,0.04406738926744599,0.2938274542896883,0.027816107823736887,0.011887889662310908,0.031439830958813135,0.0071349077638870745,1.3679307140409946,0.5831319279968739,0.07800318559690948,0.02769470721764898,0.0089725926460015,0.007350768662017297,False,,5.0,5.0,1.25,4.25,True
33,alternative_matched,confirmation-006,fixed_cadence,0.0,0.34010668192597016,0.05,0.0,0.014672049752728117,0.17813392263963213,0.022133231659361926,0.010980848542390169,0.013165543112474337,0.0034828326541444694,0.9204616025090218,0.46105310320854187,0.06237293876477116,0.027435147842444822,0.006857960427483762,0.007553314580718988,False,,5.0,5.0,1.25,4.25,True
33,alternative_matched,confirmation-006,fixed_cadence,0.05,0.34010668192597016,0.049999999999999996,0.05,0.017521071999824892,0.19538438622828153,0.02191755057935101,0.00965825866874426,0.014763234019478587,0.003961055407321126,1.0396996699273586,0.5310951732099056,0.06393272471306125,0.028214269979919777,0.0036728469225397273,0.004358556852744115,False,,5.0,5.0,1.25,4.25,True
33,alternative_matched,confirmation-006,fixed_cadence,0.1,0.34010668192597016,0.05,0.1,0.020990901836598935,0.21355086631482123,0.02231808203772979,0.008345017725149692,0.016248043353255543,0.003981470472622529,1.0984749905765057,0.527507346123457,0.06724175526927507,0.026168656258159378,0.0010349652070633197,0.001556949672291556,False,,5.0,5.0,1.25,4.25,True
33,alternative_matched,confirmation-006,fixed_cadence,0.2,0.34010668192597016,0.049999999999999996,0.19999999999999998,0.028097576763584885,0.2534038582954427,0.02324537882986139,0.008909408416820301,0.022579516784490116,0.004161259788714438,1.3095076195895672,0.5517331324517727,0.07289083406821455,0.018227094213308023,0.008111500536700754,0.00740310232089435,False,,5.0,5.0,1.25,4.25,True
33,alternative_matched,confirmation-007,serial,0.0,-0.373065528290342,0.05,0.0,0.014611886412818475,0.1778383279547243,0.022767998169893194,0.010980848542390169,0.023096210797365617,0.0034828326541444694,1.0538432002067566,0.46105310320854187,0.0639304959872093,0.027435147842444822,0.008455016188051606,0.007553314580718988,False,,5.0,5.0,1.4,4.4,True
33,alternative_matched,confirmation-007,serial,0.05,-0.373065528290342,0.049999999999999996,0.05,0.01750363299645856,0.19534965118300934,0.02509625167128188,0.00965825866874426,0.025649496998221225,0.003961055407321126,1.191274467855692,0.5310951732099056,0.07486814995267123,0.028214269979919777,0.0053823581320898845,0.004358556852744115,False,,5.0,5.0,1.4,4.4,True
33,alternative_matched,confirmation-007,serial,0.1,-0.373065528290342,0.1,0.10000000000000002,0.023212009846065935,0.2240188725187953,0.02957276053614199,0.009697450786461479,0.032486847098214054,0.005203877204635332,1.3699319772422314,0.57960269972682,0.09060785386304443,0.03045580985326907,0.003430804929631609,0.0015970553415530328,False,,5.0,5.0,1.4,4.4,True
33,alternative_matched,confirmation-007,serial,0.2,-0.373065528290342,0.19999999999999998,0.2,0.04044998791489803,0.28577636429288966,0.04106191025776643,0.011887889662310908,0.054242942396161974,0.0071349077638870745,1.7062837816774845,0.5831319279968739,0.12642541117778344,0.02769470721764898,0.00702847576136135,0.007350768662017297,False,,5.0,5.0,1.4,4.4,True
33,alternative_matched,confirmation-007,fixed_cadence,0.0,-0.373065528290342,0.05,0.0,0.014611886412818475,0.1778383279547243,0.022767998169893194,0.010980848542390169,0.023096210797365617,0.0034828326541444694,1.0538432002067566,0.46105310320854187,0.0639304959872093,0.027435147842444822,0.008455016188051606,0.007553314580718988,False,,5.0,5.0,1.4,4.4,True
33,alternative_matched,confirmation-007,fixed_cadence,0.05,-0.373065528290342,0.049999999999999996,0.05,0.01750363299645856,0.19534965118300934,0.02509625167128188,0.00965825866874426,0.025649496998221225,0.003961055407321126,1.191274467855692,0.5310951732099056,0.07486814995267123,0.028214269979919777,0.0053823581320898845,0.004358556852744115,False,,5.0,5.0,1.4,4.4,True
33,alternative_matched,confirmation-007,fixed_cadence,0.1,-0.373065528290342,0.05,0.1,0.021035876117175112,0.2138708201117754,0.027448392395132994,0.008345017725149692,0.027047218401100914,0.003981470472622529,1.2496460415422916,0.527507346123457,0.08493113895333416,0.026168656258159378,0.002723157906147022,0.001556949672291556,False,,5.0,5.0,1.4,4.4,True
33,alternative_matched,confirmation-007,fixed_cadence,0.2,-0.373065528290342,0.049999999999999996,0.19999999999999998,0.028318890299572456,0.25391890327289235,0.033485733866975974,0.008909408416820301,0.030836358444135348,0.004161259788714438,1.426935475319624,0.5517331324517727,0.10808173468466102,0.018227094213308023,0.006774550537092075,0.00740310232089435,False,,5.0,5.0,1.4,4.4,True
33,gain_matched,confirmation-000,serial,0.0,0.5244675785137001,0.05,0.0,0.005637707703968476,0.12878291208206305,0.018396866523920495,0.0005963833093900743,0.04774121042483119,7.305100231217431e-05,1.2419972061179578,0.11463011195883155,0.06774650167605006,0.0021511648721833777,0.00015084273372200548,7.535019943038849e-05,False,,5.0,5.0,1.45,4.45,True
33,gain_matched,confirmation-000,serial,0.05,0.5244675785137001,0.049999999999999996,0.05,0.007814594655266316,0.15167754252909,0.02156482000278324,0.0005167998139238066,0.05423512577941761,5.833290444076248e-05,1.3586730198003352,0.09448490338400006,0.07975873410414566,0.0018533587310182926,0.00024320028221447605,0.00021613263050119505,False,,5.0,5.0,1.45,4.45,True
33,gain_matched,confirmation-000,serial,0.1,0.5244675785137001,0.1,0.10000000000000002,0.01229411665536813,0.18989510063506798,0.02686094691419572,0.0006845743057677334,0.07422070727341858,2.0326257801404378e-05,1.519838955719024,0.04701251303777099,0.10003810281975677,0.0016230154295201946,0.0006433333272805983,0.0005560537718490568,False,,5.0,5.0,1.45,4.45,True
33,gain_matched,confirmation-000,serial,0.2,0.5244675785137001,0.19999999999999998,0.2,0.027890672490588332,0.27463459852668576,0.039358095423769286,0.001002216503064887,0.18220976569408526,0.00043970196793887355,2.750810584053397,0.1605991916731,0.1427972511785797,0.0030635995081496037,0.0005623987318566713,0.0005288359367928845,False,,5.0,5.0,1.45,4.45,True
33,gain_matched,confirmation-000,fixed_cadence,0.0,0.5244675785137001,0.05,0.0,0.005637707703968476,0.12878291208206305,0.018396866523920495,0.0005963833093900743,0.04774121042483119,7.305100231217431e-05,1.2419972061179578,0.11463011195883155,0.06774650167605006,0.0021511648721833777,0.00015084273372200548,7.535019943038849e-05,False,,5.0,5.0,1.45,4.45,True
33,gain_matched,confirmation-000,fixed_cadence,0.05,0.5244675785137001,0.049999999999999996,0.05,0.007814594655266316,0.15167754252909,0.02156482000278324,0.0005167998139238066,0.05423512577941761,5.833290444076248e-05,1.3586730198003352,0.09448490338400006,0.07975873410414566,0.0018533587310182926,0.00024320028221447605,0.00021613263050119505,False,,5.0,5.0,1.45,4.45,True
33,gain_matched,confirmation-000,fixed_cadence,0.1,0.5244675785137001,0.05,0.1,0.010395165817801968,0.17387530527670972,0.024825105741418472,0.00062249587094008,0.060033645034560566,2.544736820878999e-05,1.4398182439617813,0.0829089148901403,0.0916915354541215,0.0012464936825300342,0.0005292322803047932,0.0005562218458604282,False,,5.0,5.0,1.45,4.45,True
33,gain_matched,confirmation-000,fixed_cadence,0.2,0.5244675785137001,0.049999999999999996,0.19999999999999998,0.016341989557615438,0.22486343773220657,0.03045097865636534,0.0006928570738019555,0.15954039022328984,0.0007080682999998516,5.8713620458729565,0.4904417307116091,0.11716761921051944,0.0022878114070585868,0.0011503251781750726,0.0005323160337470123,False,,5.0,5.0,1.45,4.45,True
33,gain_matched,confirmation-001,serial,0.0,-0.4661912627211833,0.05,0.0,0.005594614095462073,0.12826226387334486,0.016192378742432637,0.0005963833093900743,0.03694537062947634,7.305100231217431e-05,1.1170714856125414,0.11463011195883155,0.05959070713216453,0.0021511648721833777,0.00012257762692660665,7.535019943038849e-05,False,,5.0,5.0,1.45,4.45,True
33,gain_matched,confirmation-001,serial,0.05,-0.4661912627211833,0.049999999999999996,0.05,0.007777098545905551,0.1512289638684494,0.0190169613295039,0.0005167998139238066,0.04265036399043705,5.833290444076248e-05,1.2216809368692338,0.09448490338400006,0.07029284096684354,0.0018533587310182926,0.0002562254443646525,0.00021613263050119505,False,,5.0,5.0,1.45,4.45,True
33,gain_matched,confirmation-001,serial,0.1,-0.4661912627211833,0.1,0.10000000000000002,0.012272174862516735,0.19000312102955907,0.023620069835242872,0.0006845743057677334,0.0590007526043193,2.0326257801404378e-05,1.362350198905915,0.04701251303777099,0.08813351569566868,0.0016230154295201946,0.0005144497086901919,0.0005560537718490568,False,,5.0,5.0,1.45,4.45,True
33,gain_matched,confirmation-001,serial,0.2,-0.4661912627211833,0.19999999999999998,0.2,0.0278712969548344,0.2749194313483916,0.03556723562971488,0.001002216503064887,0.14840324527778895,0.00043970196793887355,2.487291873432696,0.1605991916731,0.1294047285336897,0.0030635995081496037,0.0007410590918244605,0.0005288359367928845,False,,5.0,5.0,1.45,4.45,True
33,gain_matched,confirmation-001,fixed_cadence,0.0,-0.4661912627211833,0.05,0.0,0.005594614095462073,0.12826226387334486,0.016192378742432637,0.0005963833093900743,0.03694537062947634,7.305100231217431e-05,1.1170714856125414,0.11463011195883155,0.05959070713216453,0.0021511648721833777,0.00012257762692660665,7.535019943038849e-05,False,,5.0,5.0,1.45,4.45,True
33,gain_matched,confirmation-001,fixed_cadence,0.05,-0.4661912627211833,0.049999999999999996,0.05,0.007777098545905551,0.1512289638684494,0.0190169613295039,0.0005167998139238066,0.04265036399043705,5.833290444076248e-05,1.2216809368692338,0.09448490338400006,0.07029284096684354,0.0018533587310182926,0.0002562254443646525,0.00021613263050119505,False,,5.0,5.0,1.45,4.45,True
33,gain_matched,confirmation-001,fixed_cadence,0.1,-0.4661912627211833,0.05,0.1,0.010397393759277711,0.17390207040823163,0.021781469792584454,0.00062249587094008,0.04765477348583753,2.544736820878999e-05,1.3032705509103835,0.0829089148901403,0.08057205066112645,0.0012464936825300342,0.000611946876649978,0.0005562218458604282,False,,5.0,5.0,1.45,4.45,True
33,gain_matched,confirmation-001,fixed_cadence,0.2,-0.4661912627211833,0.049999999999999996,0.19999999999999998,0.016510889573619333,0.22519913846379971,0.027544345771833772,0.0006928570738019555,0.1349305965900819,0.0007080682999998516,5.505310634151101,0.4904417307116091,0.1057518341973185,0.0022878114070585868,0.0011265196784980421,0.0005323160337470123,False,,5.0,5.0,1.45,4.45,True
33,gain_matched,confirmation-002,serial,0.0,0.458690969525116,0.05,0.0,0.005627424921420642,0.12868822622972,0.016061871376284762,0.0005963833093900743,0.03641653593001297,7.305100231217431e-05,1.099805908743292,0.11463011195883155,0.05913809635025002,0.0021511648721833777,0.0001919621492057761,7.535019943038849e-05,False,,5.0,5.0,1.55,4.55,True
33,gain_matched,confirmation-002,serial,0.05,0.458690969525116,0.049999999999999996,0.05,0.0078030614474369825,0.1515972248963081,0.018870086881320677,0.0005167998139238066,0.04156128645514569,5.833290444076248e-05,1.20167699130252,0.09448490338400006,0.06979121421261178,0.0018533587310182926,0.00023107872908403694,0.00021613263050119505,False,,5.0,5.0,1.55,4.55,True
33,gain_matched,confirmation-002,serial,0.1,0.458690969525116,0.1,0.10000000000000002,0.012283558613945382,0.18988887047645833,0.023516521470419823,0.0006845743057677334,0.05690510621577513,2.0326257801404378e-05,1.336225297767669,0.04701251303777099,0.08760576988480834,0.0016230154295201946,0.0006089234560046814,0.0005560537718490568,False,,5.0,5.0,1.55,4.55,True
33,gain_matched,confirmation-002,serial,0.2,0.458690969525116,0.19999999999999998,0.2,0.024742545462654926,0.25352270210442096,0.03245182196985496,0.001002216503064887,0.121830064324329,0.00043970196793887355,2.35256525920704,0.1605991916731,0.11533698526401907,0.0030635995081496037,0.0005110564587201807,0.0005288359367928845,False,,5.0,5.0,1.55,4.55,True
33,gain_matched,confirmation-002,fixed_cadence,0.0,0.458690969525116,0.05,0.0,0.005627424921420642,0.12868822622972,0.016061871376284762,0.0005963833093900743,0.03641653593001297,7.305100231217431e-05,1.099805908743292,0.11463011195883155,0.05913809635025002,0.0021511648721833777,0.0001919621492057761,7.535019943038849e-05,False,,5.0,5.0,1.55,4.55,True
33,gain_matched,confirmation-002,fixed_cadence,0.05,0.458690969525116,0.049999999999999996,0.05,0.0078030614474369825,0.1515972248963081,0.018870086881320677,0.0005167998139238066,0.04156128645514569,5.833290444076248e-05,1.20167699130252,0.09448490338400006,0.06979121421261178,0.0018533587310182926,0.00023107872908403694,0.00021613263050119505,False,,5.0,5.0,1.55,4.55,True
33,gain_matched,confirmation-002,fixed_cadence,0.1,0.458690969525116,0.05,0.1,0.010387959878829811,0.17385576659393223,0.021733214994814468,0.00062249587094008,0.04598209380384467,2.544736820878999e-05,1.2717675757594407,0.0829089148901403,0.08027339137022381,0.0012464936825300342,0.0004996424378115239,0.0005562218458604282,False,,5.0,5.0,1.55,4.55,True
33,gain_matched,confirmation-002,fixed_cadence,0.2,0.458690969525116,0.049999999999999996,0.19999999999999998,0.016342093976815648,0.2248574315964467,0.026619624062319953,0.0006928570738019555,0.13008045365732315,0.0007080682999998516,5.398323844186962,0.4904417307116091,0.1028507097485459,0.0022878114070585868,0.0011607720073052148,0.0005323160337470123,False,,5.0,5.0,1.55,4.55,True
33,gain_matched,confirmation-003,serial,0.0,0.30665192753936543,0.05,0.0,0.005608137734903381,0.1285078765359316,0.010775101755812413,0.0005963833093900743,0.016680215990324744,7.305100231217431e-05,0.7769904318265617,0.11463011195883155,0.03968438215824034,0.0021511648721833777,6.296835566776503e-05,7.535019943038849e-05,False,,5.0,5.0,1.25,4.25,True
33,gain_matched,confirmation-003,serial,0.05,0.30665192753936543,0.049999999999999996,0.05,0.007782166422876559,0.15144166185089877,0.012572358937724893,0.0005167998139238066,0.018488604333025554,5.833290444076248e-05,0.8338306196965277,0.09448490338400006,0.04649029303312121,0.0018533587310182926,0.00023897666200109268,0.00021613263050119505,False,,5.0,5.0,1.25,4.25,True
33,gain_matched,confirmation-003,serial,0.1,0.30665192753936543,0.1,0.10000000000000002,0.012264618797818188,0.18988116741514574,0.015729323882118743,0.0006845743057677334,0.02522778769037935,2.0326257801404378e-05,0.905749015044421,0.04701251303777099,0.058574182034434555,0.0016230154295201946,0.0006099475443534359,0.0005560537718490568,False,,5.0,5.0,1.25,4.25,True
33,gain_matched,confirmation-003,serial,0.2,0.30665192753936543,0.19999999999999998,0.2,0.027776543005302034,0.274651108383611,0.02296989410885662,0.001002216503064887,0.061396664153042166,0.00043970196793887355,1.6335194050334394,0.1605991916731,0.08310928841514365,0.0030635995081496037,0.0005509866761061251,0.0005288359367928845,False,,5.0,5.0,1.25,4.25,True
33,gain_matched,confirmation-003,fixed_cadence,0.0,0.30665192753936543,0.05,0.0,0.005608137734903381,0.1285078765359316,0.010775101755812413,0.0005963833093900743,0.016680215990324744,7.305100231217431e-05,0.7769904318265617,0.11463011195883155,0.03968438215824034,0.0021511648721833777,6.296835566776503e-05,7.535019943038849e-05,False,,5.0,5.0,1.25,4.25,True
33,gain_matched,confirmation-003,fixed_cadence,0.05,0.30665192753936543,0.049999999999999996,0.05,0.007782166422876559,0.15144166185089877,0.012572358937724893,0.0005167998139238066,0.018488604333025554,5.833290444076248e-05,0.8338306196965277,0.09448490338400006,0.04649029303312121,0.0018533587310182926,0.00023897666200109268,0.00021613263050119505,False,,5.0,5.0,1.25,4.25,True
33,gain_matched,confirmation-003,fixed_cadence,0.1,0.30665192753936543,0.05,0.1,0.010376167907116568,0.17382214831714274,0.01456314631102556,0.00062249587094008,0.02047577330257103,2.544736820878999e-05,0.8788729184307158,0.0829089148901403,0.05375306284511394,0.0012464936825300342,0.0005665229132197643,0.0005562218458604282,False,,5.0,5.0,1.25,4.25,True
33,gain_matched,confirmation-003,fixed_cadence,0.2,0.30665192753936543,0.049999999999999996,0.19999999999999998,0.01637635763052371,0.22484524727170316,0.017817726128657722,0.0006928570738019555,0.055809411014040536,0.0007080682999998516,3.548496929462999,0.4904417307116091,0.06855672209263167,0.0022878114070585868,0.0007814334726128071,0.0005323160337470123,False,,5.0,5.0,1.25,4.25,True
33,gain_matched,confirmation-004,serial,0.0,-0.38344029684153796,0.05,0.0,0.005590128494333508,0.1282394395227744,0.013331481276695553,0.0005963833093900743,0.025129164424941057,7.305100231217431e-05,0.9404096598736942,0.11463011195883155,0.04906219966293278,0.0021511648721833777,0.0001243127115881208,7.535019943038849e-05,False,,5.0,5.0,1.55,4.55,True
33,gain_matched,confirmation-004,serial,0.05,-0.38344029684153796,0.049999999999999996,0.05,0.0077709893137891195,0.1512112553749617,0.015614120253898372,0.0005167998139238066,0.02886477341257683,5.833290444076248e-05,1.0220120758749545,0.09448490338400006,0.057725552499149756,0.0018533587310182926,0.000292200370052769,0.00021613263050119505,False,,5.0,5.0,1.55,4.55,True
33,gain_matched,confirmation-004,serial,0.1,-0.38344029684153796,0.1,0.10000000000000002,0.012263720292688244,0.18997501511222722,0.019386432053120004,0.0006845743057677334,0.039896206011032304,2.0326257801404378e-05,1.1279629371128976,0.04701251303777099,0.07233861640317558,0.0016230154295201946,0.0005761939296600192,0.0005560537718490568,False,,5.0,5.0,1.55,4.55,True
33,gain_matched,confirmation-004,serial,0.2,-0.38344029684153796,0.19999999999999998,0.2,0.02476383537590352,0.2538973005925719,0.027663686166340365,0.001002216503064887,0.08604948817081318,0.00043970196793887355,1.994334336835891,0.1605991916731,0.0983060450673659,0.0030635995081496037,0.0007401272088284194,0.0005288359367928845,False,,5.0,5.0,1.55,4.55,True
33,gain_matched,confirmation-004,fixed_cadence,0.0,-0.38344029684153796,0.05,0.0,0.005590128494333508,0.1282394395227744,0.013331481276695553,0.0005963833093900743,0.025129164424941057,7.305100231217431e-05,0.9404096598736942,0.11463011195883155,0.04906219966293278,0.0021511648721833777,0.0001243127115881208,7.535019943038849e-05,False,,5.0,5.0,1.55,4.55,True
33,gain_matched,confirmation-004,fixed_cadence,0.05,-0.38344029684153796,0.049999999999999996,0.05,0.0077709893137891195,0.1512112553749617,0.015614120253898372,0.0005167998139238066,0.02886477341257683,5.833290444076248e-05,1.0220120758749545,0.09448490338400006,0.057725552499149756,0.0018533587310182926,0.000292200370052769,0.00021613263050119505,False,,5.0,5.0,1.55,4.55,True
33,gain_matched,confirmation-004,fixed_cadence,0.1,-0.38344029684153796,0.05,0.1,0.010389875977637958,0.17387421245384155,0.017877595731289143,0.00062249587094008,0.03225714702436788,2.544736820878999e-05,1.086357596796006,0.0829089148901403,0.06614305840266888,0.0012464936825300342,0.0006384556937649071,0.0005562218458604282,False,,5.0,5.0,1.55,4.55,True
33,gain_matched,confirmation-004,fixed_cadence,0.2,-0.38344029684153796,0.049999999999999996,0.19999999999999998,0.016496589998658898,0.2251515287514776,0.022672100423610866,0.0006928570738019555,0.08641108082769679,0.0007080682999998516,4.398018374573439,0.4904417307116091,0.08662153257414831,0.0022878114070585868,0.0009638718584496717,0.0005323160337470123,False,,5.0,5.0,1.55,4.55,True
33,gain_matched,confirmation-005,serial,0.0,-0.5284560864389926,0.05,0.0,0.00559828265325466,0.1282827520577599,0.018353793639258553,0.0005963833093900743,0.04712634561665548,7.305100231217431e-05,1.2457378064282238,0.11463011195883155,0.06751460699556129,0.0021511648721833777,0.00011551134901192681,7.535019943038849e-05,False,,5.0,5.0,1.25,4.25,True
33,gain_matched,confirmation-005,serial,0.05,-0.5284560864389926,0.049999999999999996,0.05,0.007782955317012174,0.1512501593162648,0.021614010862276285,0.0005167998139238066,0.05497991751142569,5.833290444076248e-05,1.371539946179837,0.09448490338400006,0.0798786517487691,0.0018533587310182926,0.00018728943127781488,0.00021613263050119505,False,,5.0,5.0,1.25,4.25,True
33,gain_matched,confirmation-005,serial,0.1,-0.5284560864389926,0.1,0.10000000000000002,0.012279949844183348,0.19002825081181868,0.026817754518051747,0.0006845743057677334,0.07602904489062899,2.0326257801404378e-05,1.5405737166292965,0.04701251303777099,0.10007482969370583,0.0016230154295201946,0.0004833885110600835,0.0005560537718490568,False,,5.0,5.0,1.25,4.25,True
33,gain_matched,confirmation-005,serial,0.2,-0.5284560864389926,0.19999999999999998,0.2,0.027924221607950456,0.274954293688886,0.0401898295318629,0.001002216503064887,0.19280642182983618,0.00043970196793887355,2.810999183449894,0.1605991916731,0.14643504739626143,0.0030635995081496037,0.0005509658742403641,0.0005288359367928845,False,,5.0,5.0,1.25,4.25,True
33,gain_matched,confirmation-005,fixed_cadence,0.0,-0.5284560864389926,0.05,0.0,0.00559828265325466,0.1282827520577599,0.018353793639258553,0.0005963833093900743,0.04712634561665548,7.305100231217431e-05,1.2457378064282238,0.11463011195883155,0.06751460699556129,0.0021511648721833777,0.00011551134901192681,7.535019943038849e-05,False,,5.0,5.0,1.25,4.25,True
33,gain_matched,confirmation-005,fixed_cadence,0.05,-0.5284560864389926,0.049999999999999996,0.05,0.007782955317012174,0.1512501593162648,0.021614010862276285,0.0005167998139238066,0.05497991751142569,5.833290444076248e-05,1.371539946179837,0.09448490338400006,0.0798786517487691,0.0018533587310182926,0.00018728943127781488,0.00021613263050119505,False,,5.0,5.0,1.25,4.25,True
33,gain_matched,confirmation-005,fixed_cadence,0.1,-0.5284560864389926,0.05,0.1,0.010403977008739145,0.17392704534131817,0.024727999836880905,0.00062249587094008,0.06129596750817062,2.544736820878999e-05,1.466797565575689,0.0829089148901403,0.09146263969234156,0.0012464936825300342,0.0005445022829732291,0.0005562218458604282,False,,5.0,5.0,1.25,4.25,True
33,gain_matched,confirmation-005,fixed_cadence,0.2,-0.5284560864389926,0.049999999999999996,0.19999999999999998,0.016504025314328274,0.22514781511610707,0.031129347105972226,0.0006928570738019555,0.1728702890083913,0.0007080682999998516,6.290624105837196,0.4904417307116091,0.11939404956823703,0.0022878114070585868,0.0010312487035688764,0.0005323160337470123,False,,5.0,5.0,1.25,4.25,True
33,gain_matched,confirmation-006,serial,0.0,0.34010668192597016,0.05,0.0,0.005611966448004698,0.12854479687792372,0.011943799942239288,0.0005963833093900743,0.020447957381550152,7.305100231217431e-05,0.8490839344449341,0.11463011195883155,0.04399613845950457,0.0021511648721833777,6.250191476165009e-05,7.535019943038849e-05,False,,5.0,5.0,1.25,4.25,True
33,gain_matched,confirmation-006,serial,0.05,0.34010668192597016,0.049999999999999996,0.05,0.007786143846727703,0.15147249842156724,0.013943428486154532,0.0005167998139238066,0.022737970080395648,5.833290444076248e-05,0.9144149119965732,0.09448490338400006,0.051567224357974305,0.0018533587310182926,0.00024169204721026923,0.00021613263050119505,False,,5.0,5.0,1.25,4.25,True
33,gain_matched,confirmation-006,serial,0.1,0.34010668192597016,0.1,0.10000000000000002,0.0122681245504266,0.1898818750199395,0.01743312093731173,0.0006845743057677334,0.03105395998905987,2.0326257801404378e-05,0.9997888295911252,0.04701251303777099,0.06492685051406856,0.0016230154295201946,0.0006162920573584323,0.0005560537718490568,False,,5.0,5.0,1.25,4.25,True
33,gain_matched,confirmation-006,serial,0.2,0.34010668192597016,0.19999999999999998,0.2,0.027791564241938918,0.2746464060812736,0.025499402808334314,0.001002216503064887,0.07562217894903803,0.00043970196793887355,1.8007075227797031,0.1605991916731,0.09229417412356639,0.0030635995081496037,0.0005547918530671101,0.0005288359367928845,False,,5.0,5.0,1.25,4.25,True
33,gain_matched,confirmation-006,fixed_cadence,0.0,0.34010668192597016,0.05,0.0,0.005611966448004698,0.12854479687792372,0.011943799942239288,0.0005963833093900743,0.020447957381550152,7.305100231217431e-05,0.8490839344449341,0.11463011195883155,0.04399613845950457,0.0021511648721833777,6.250191476165009e-05,7.535019943038849e-05,False,,5.0,5.0,1.25,4.25,True
33,gain_matched,confirmation-006,fixed_cadence,0.05,0.34010668192597016,0.049999999999999996,0.05,0.007786143846727703,0.15147249842156724,0.013943428486154532,0.0005167998139238066,0.022737970080395648,5.833290444076248e-05,0.9144149119965732,0.09448490338400006,0.051567224357974305,0.0018533587310182926,0.00024169204721026923,0.00021613263050119505,False,,5.0,5.0,1.25,4.25,True
33,gain_matched,confirmation-006,fixed_cadence,0.1,0.34010668192597016,0.05,0.1,0.01037823196449262,0.17382804713926348,0.016135354374216558,0.00062249587094008,0.025194228599775888,2.544736820878999e-05,0.9653107230551541,0.0829089148901403,0.059570246352834685,0.0012464936825300342,0.0005678050518110746,0.0005562218458604282,False,,5.0,5.0,1.25,4.25,True
33,gain_matched,confirmation-006,fixed_cadence,0.2,0.34010668192597016,0.049999999999999996,0.19999999999999998,0.01636852615323022,0.22483329831258972,0.019767346651110698,0.0006928570738019555,0.06839964348842242,0.0007080682999998516,3.904994657728821,0.4904417307116091,0.07607480069426537,0.0022878114070585868,0.0008234664214866634,0.0005323160337470123,False,,5.0,5.0,1.25,4.25,True
33,gain_matched,confirmation-007,serial,0.0,-0.373065528290342,0.05,0.0,0.005589265828798088,0.12823454528353948,0.012936934076662186,0.0005963833093900743,0.023579965150949785,7.305100231217431e-05,0.915165298152715,0.11463011195883155,0.04759686157112744,0.0021511648721833777,0.00010278097188900619,7.535019943038849e-05,False,,5.0,5.0,1.4,4.4,True
33,gain_matched,confirmation-007,serial,0.05,-0.373065528290342,0.049999999999999996,0.05,0.007770512282720321,0.15121086343489845,0.015212873038651858,0.0005167998139238066,0.027379114641694853,5.833290444076248e-05,0.9957002955488861,0.09448490338400006,0.05623514243933671,0.0018533587310182926,0.0002258157050395161,0.00021613263050119505,False,,5.0,5.0,1.4,4.4,True
33,gain_matched,confirmation-007,serial,0.1,-0.373065528290342,0.1,0.10000000000000002,0.011600102149815309,0.18609103138116975,0.01837479554277399,0.0006845743057677334,0.03746972834998853,2.0326257801404378e-05,1.1756525193341076,0.04701251303777099,0.06901113916440807,0.0016230154295201946,0.0005051329786486988,0.0005560537718490568,False,,5.0,5.0,1.4,4.4,True
33,gain_matched,confirmation-007,serial,0.2,-0.373065528290342,0.19999999999999998,0.2,0.02490577676321105,0.26107790964812067,0.027019922036517135,0.001002216503064887,0.09618958082487951,0.00043970196793887355,2.2013175315223634,0.1605991916731,0.09870304435348305,0.0030635995081496037,0.0006249486272353438,0.0005288359367928845,False,,5.0,5.0,1.4,4.4,True
33,gain_matched,confirmation-007,fixed_cadence,0.0,-0.373065528290342,0.05,0.0,0.005589265828798088,0.12823454528353948,0.012936934076662186,0.0005963833093900743,0.023579965150949785,7.305100231217431e-05,0.915165298152715,0.11463011195883155,0.04759686157112744,0.0021511648721833777,0.00010278097188900619,7.535019943038849e-05,False,,5.0,5.0,1.4,4.4,True
33,gain_matched,confirmation-007,fixed_cadence,0.05,-0.373065528290342,0.049999999999999996,0.05,0.007770512282720321,0.15121086343489845,0.015212873038651858,0.0005167998139238066,0.027379114641694853,5.833290444076248e-05,0.9957002955488861,0.09448490338400006,0.05623514243933671,0.0018533587310182926,0.0002258157050395161,0.00021613263050119505,False,,5.0,5.0,1.4,4.4,True
33,gain_matched,confirmation-007,fixed_cadence,0.1,-0.373065528290342,0.05,0.1,0.010389189686532373,0.17387162831408967,0.017400797886814763,0.00062249587094008,0.03058839895168186,2.544736820878999e-05,1.0590209239162505,0.0829089148901403,0.06438041390510096,0.0012464936825300342,0.000582299489077529,0.0005562218458604282,False,,5.0,5.0,1.4,4.4,True
33,gain_matched,confirmation-007,fixed_cadence,0.2,-0.373065528290342,0.049999999999999996,0.19999999999999998,0.01650498445200699,0.2251544324140531,0.02207520878129703,0.0006928570738019555,0.09065435142234364,0.0007080682999998516,4.6262534484267235,0.4904417307116091,0.08493071925481205,0.0022878114070585868,0.000984706463122126,0.0005323160337470123,False,,5.0,5.0,1.4,4.4,True
